time,fsr1,fsr2,fsr3,fsr4,label
0.002,2539,0,0,2902,hard
0.002,2539,0,0,2895,hard
0.002,2543,0,0,2904,hard
0.002,2541,0,0,2898,hard
0.002,2539,0,0,2898,hard
0.002,2543,0,0,2900,hard
0.002,2550,0,0,2902,hard
0.002,2546,0,0,2900,hard
0.002,2536,0,0,2895,hard
0.002,2539,0,0,2897,hard
0.002,2543,0,0,2901,hard
0.002,2542,0,0,2904,hard
0.002,2541,0,0,2901,hard
0.002,2542,0,0,2906,hard
0.002,2538,0,0,2901,hard
0.002,2543,0,0,2899,hard
0.002,2542,0,0,2899,hard
0.002,2542,0,0,2906,hard
0.008,2538,0,0,2897,hard
0.008,2538,0,0,2900,hard
0.008,2543,0,0,2899,hard
0.008,2543,0,0,2898,hard
0.009,2543,0,0,2905,hard
0.009,2541,0,0,2901,hard
0.009,2540,0,0,2910,hard
0.009,2536,0,0,2905,hard
0.009,2540,0,0,2910,hard
0.009,2546,0,0,2906,hard
0.009,2543,0,0,2902,hard
0.009,2541,0,0,2907,hard
0.009,2544,0,0,2915,hard
0.009,2545,0,0,2915,hard
0.009,2545,0,0,2920,hard
0.009,2538,0,0,2921,hard
0.009,2537,0,0,2924,hard
0.009,2538,0,0,2922,hard
0.009,2543,0,0,2924,hard
0.009,2543,0,0,2922,hard
0.009,2544,0,0,2920,hard
0.009,2543,0,0,2919,hard
0.009,2538,0,0,2921,hard
0.009,2542,0,0,2926,hard
0.009,2542,0,0,2922,hard
0.009,2544,0,0,2936,hard
0.013,2540,0,0,2932,hard
0.013,2541,0,0,2926,hard
0.013,2541,0,0,2925,hard
0.013,2542,0,0,2930,hard
0.014,2540,0,0,2927,hard
0.014,2541,0,0,2920,hard
0.014,2540,0,0,2926,hard
0.014,2544,0,0,2930,hard
0.014,2543,0,0,2928,hard
0.014,2538,0,0,2939,hard
0.014,2540,0,0,2930,hard
0.014,2534,0,0,2928,hard
0.014,2544,0,0,2932,hard
0.014,2549,0,0,2938,hard
0.014,2544,0,0,2927,hard
0.014,2539,0,0,2935,hard
0.014,2539,0,0,2932,hard
0.014,2545,0,0,2929,hard
0.014,2549,0,0,2927,hard
0.014,2544,0,0,2938,hard
0.014,2548,0,0,2926,hard
0.014,2542,0,0,2936,hard
0.014,2543,0,0,2927,hard
0.014,2543,0,0,2937,hard
0.014,2548,0,0,2928,hard
0.014,2547,0,0,2933,hard
0.014,2544,0,0,2930,hard
0.017,2544,0,0,2927,hard
0.017,2547,0,0,2928,hard
0.018,2541,0,0,2928,hard
0.018,2546,0,0,2930,hard
0.018,2541,0,0,2925,hard
0.018,2548,0,0,2927,hard
0.018,2545,0,0,2928,hard
0.018,2552,0,0,2924,hard
0.018,2543,0,0,2929,hard
0.018,2537,0,0,2933,hard
0.018,2553,0,0,2922,hard
0.018,2538,0,0,2931,hard
0.018,2544,0,0,2931,hard
0.018,2543,0,0,2926,hard
0.018,2547,0,0,2925,hard
0.018,2549,0,0,2930,hard
0.018,2544,0,0,2926,hard
0.018,2545,0,0,2930,hard
0.018,2548,0,0,2941,hard
0.018,2548,0,0,2930,hard
0.018,2550,0,0,2938,hard
0.018,2550,0,0,2923,hard
0.018,2540,0,0,2935,hard
0.018,2543,0,0,2933,hard
0.023,2543,0,0,2939,hard
0.023,2547,0,0,2936,hard
0.023,2549,0,0,2932,hard
0.023,2548,0,0,2938,hard
0.023,2545,0,0,2939,hard
0.023,2548,0,0,2934,hard
0.023,2542,0,0,2940,hard
0.023,2548,0,0,2945,hard
0.023,2545,0,0,2935,hard
0.023,2545,0,0,2947,hard
0.023,2547,0,0,2937,hard
0.023,2543,0,0,2945,hard
0.023,2547,0,0,2932,hard
0.023,2541,0,0,2951,hard
0.023,2545,0,0,2955,hard
0.025,2544,0,0,2936,hard
0.025,2545,0,0,2935,hard
0.026,2546,0,0,2951,hard
0.026,2549,0,0,2936,hard
0.026,2546,0,0,2936,hard
0.026,2546,0,0,2954,hard
0.026,2547,0,0,2948,hard
0.026,2546,0,0,2943,hard
0.026,2547,0,0,2941,hard
0.026,2547,0,0,2937,hard
0.026,2545,0,0,2935,hard
0.028,2548,0,0,2950,hard
0.028,2549,0,0,2951,hard
0.028,2550,0,0,2942,hard
0.028,2549,0,0,2943,hard
0.028,2549,0,0,2947,hard
0.028,2551,0,0,2945,hard
0.028,2551,0,0,2947,hard
0.028,2546,0,0,2960,hard
0.028,2550,0,0,2954,hard
0.028,2547,0,0,2946,hard
0.028,2546,0,0,2955,hard
0.028,2544,0,0,2968,hard
0.028,2542,0,0,2944,hard
0.028,2549,0,0,2960,hard
0.028,2545,0,0,2954,hard
0.028,2549,0,0,2959,hard
0.028,2544,0,0,2956,hard
0.028,2547,0,0,2953,hard
0.028,2550,0,0,2959,hard
0.028,2545,0,0,2962,hard
0.028,2547,0,0,2970,hard
0.028,2547,0,0,2966,hard
0.028,2550,0,0,2945,hard
0.028,2549,0,0,2955,hard
0.028,2546,0,0,2961,hard
0.028,2549,0,0,2944,hard
0.028,2548,0,0,2957,hard
0.032,2548,0,0,2962,hard
0.032,2547,0,0,2954,hard
0.034,2548,0,0,2965,hard
0.034,2547,0,0,2961,hard
0.034,2548,0,0,2955,hard
0.034,2554,0,0,2950,hard
0.034,2550,0,0,2955,hard
0.034,2549,0,0,2960,hard
0.034,2550,0,0,2953,hard
0.034,2550,0,0,2956,hard
0.036,2550,0,0,2959,hard
0.036,2550,0,0,2949,hard
0.036,2546,0,0,2957,hard
0.036,2547,0,0,2963,hard
0.036,2550,0,0,2946,hard
0.036,2551,0,0,2944,hard
0.036,2550,0,0,2953,hard
0.036,2543,0,0,2946,hard
0.036,2546,0,0,2951,hard
0.036,2552,0,0,2956,hard
0.036,2548,0,0,2945,hard
0.036,2548,0,0,2953,hard
0.036,2547,0,0,2952,hard
0.036,2543,0,0,2954,hard
0.036,2550,0,0,2946,hard
0.039,2549,0,0,2942,hard
0.039,2545,0,0,2950,hard
0.039,2546,0,0,2950,hard
0.039,2552,0,0,2951,hard
0.039,2552,0,0,2952,hard
0.039,2552,0,0,2950,hard
0.041,2547,0,0,2956,hard
0.041,2550,0,0,2947,hard
0.041,2549,0,0,2947,hard
0.041,2551,0,0,2953,hard
0.041,2551,0,0,2946,hard
0.041,2552,0,0,2950,hard
0.041,2547,0,0,2949,hard
0.041,2554,0,0,2941,hard
0.041,2549,0,0,2956,hard
0.041,2547,0,0,2946,hard
0.041,2553,0,0,2946,hard
0.041,2552,0,0,2949,hard
0.041,2549,0,0,2951,hard
0.041,2551,0,0,2945,hard
0.041,2555,0,0,2952,hard
0.041,2556,0,0,2952,hard
0.041,2552,0,0,2955,hard
0.041,2553,0,0,2946,hard
0.041,2550,0,0,2950,hard
0.041,2551,0,0,2951,hard
0.044,2546,0,0,2949,hard
0.044,2548,0,0,2953,hard
0.044,2549,0,0,2948,hard
0.044,2555,0,0,2944,hard
0.044,2547,0,0,2955,hard
0.044,2554,0,0,2954,hard
0.044,2552,0,0,2957,hard
0.044,2550,0,0,2973,hard
0.044,2552,0,0,2959,hard
0.044,2551,0,0,2948,hard
0.044,2551,0,0,2950,hard
0.044,2551,0,0,2965,hard
0.044,2552,0,0,2951,hard
0.044,2552,0,0,2949,hard
0.046,2553,0,0,2957,hard
0.046,2546,0,0,2960,hard
0.046,2555,0,0,2953,hard
0.046,2552,0,0,2959,hard
0.046,2551,0,0,2957,hard
0.048,2552,0,0,2956,hard
0.048,2552,0,0,2959,hard
0.048,2544,0,0,2960,hard
0.048,2553,0,0,2961,hard
0.048,2556,0,0,2958,hard
0.048,2551,0,0,2961,hard
0.048,2560,0,0,2960,hard
0.048,2556,0,0,2951,hard
0.048,2556,0,0,2956,hard
0.049,2551,0,0,2958,hard
0.049,2548,0,0,2951,hard
0.049,2550,0,0,2956,hard
0.049,2553,0,0,2957,hard
0.049,2551,0,0,2951,hard
0.049,2555,0,0,2962,hard
0.049,2555,0,0,2953,hard
0.049,2549,0,0,2959,hard
0.049,2557,0,0,2954,hard
0.049,2555,0,0,2954,hard
0.049,2553,0,0,2960,hard
0.049,2551,0,0,2953,hard
0.049,2549,0,0,2952,hard
0.049,2556,0,0,2957,hard
0.049,2554,0,0,2955,hard
0.049,2550,0,0,2956,hard
0.049,2555,0,0,2964,hard
0.049,2551,0,0,2958,hard
0.049,2552,0,0,2958,hard
0.049,2557,0,0,2959,hard
0.049,2555,0,0,2958,hard
0.049,2553,0,0,2955,hard
0.049,2553,0,0,2963,hard
0.049,2552,0,0,2958,hard
0.049,2554,0,0,2953,hard
0.049,2551,0,0,2954,hard
0.053,2553,0,0,2961,hard
0.053,2554,0,0,2953,hard
0.054,2557,0,0,2946,hard
0.054,2552,0,0,2964,hard
0.055,2554,0,0,2965,hard
0.055,2554,0,0,2960,hard
0.055,2554,0,0,2968,hard
0.055,2555,0,0,2958,hard
0.055,2554,0,0,2962,hard
0.055,2550,0,0,2965,hard
0.055,2551,0,0,2956,hard
0.055,2548,0,0,2961,hard
0.055,2552,0,0,2958,hard
0.055,2552,0,0,2981,hard
0.055,2553,0,0,2961,hard
0.055,2547,0,0,2956,hard
0.055,2551,0,0,2975,hard
0.055,2552,0,0,2966,hard
0.055,2557,0,0,2985,hard
0.055,2555,0,0,2981,hard
0.055,2552,0,0,2963,hard
0.055,2555,0,0,2961,hard
0.055,2550,0,0,2977,hard
0.055,2552,0,0,2966,hard
0.058,2554,0,0,2960,hard
0.058,2547,0,0,2972,hard
0.058,2546,0,0,2982,hard
0.058,2555,0,0,2959,hard
0.058,2553,0,0,2961,hard
0.058,2554,0,0,2975,hard
0.059,2554,0,0,2962,hard
0.059,2550,0,0,2982,hard
0.059,2556,0,0,2985,hard
0.059,2550,0,0,2960,hard
0.059,2549,0,0,2956,hard
0.059,2549,0,0,2979,hard
0.059,2551,0,0,2983,hard
0.059,2552,0,0,2979,hard
0.06,2557,0,0,2988,hard
0.06,2556,0,0,2980,hard
0.06,2551,0,0,2954,hard
0.06,2553,0,0,2975,hard
0.06,2551,0,0,2981,hard
0.06,2548,0,0,2980,hard
0.06,2552,0,0,2983,hard
0.06,2554,0,0,2986,hard
0.06,2552,0,0,2957,hard
0.06,2560,0,0,2955,hard
0.06,2556,0,0,2974,hard
0.06,2551,0,0,2959,hard
0.06,2550,0,0,2986,hard
0.06,2555,0,0,2977,hard
0.06,2551,0,0,2985,hard
0.06,2554,0,0,2985,hard
0.06,2556,0,0,2984,hard
0.06,2550,0,0,2980,hard
0.06,2553,0,0,2964,hard
0.064,2545,0,0,2967,hard
0.064,2555,0,0,2990,hard
0.064,2554,0,0,2981,hard
0.064,2557,0,0,2981,hard
0.064,2552,0,0,2985,hard
0.064,2552,0,0,2991,hard
0.064,2559,0,0,2960,hard
0.064,2549,0,0,2983,hard
0.064,2556,0,0,3004,hard
0.064,2556,0,0,2988,hard
0.064,2554,0,0,2986,hard
0.064,2552,0,0,2993,hard
0.064,2556,0,0,2992,hard
0.064,2552,0,0,2993,hard
0.064,2554,0,0,2995,hard
0.064,2551,0,0,2986,hard
0.064,2551,0,0,2987,hard
0.064,2549,0,0,2992,hard
0.064,2553,0,0,2992,hard
0.067,2551,0,0,2985,hard
0.067,2555,0,0,2988,hard
0.068,2553,0,0,2993,hard
0.068,2559,0,0,2989,hard
0.068,2554,0,0,2996,hard
0.068,2548,0,0,2990,hard
0.069,2552,0,0,2982,hard
0.069,2553,0,0,2982,hard
0.069,2550,0,0,2991,hard
0.069,2551,0,0,2990,hard
0.069,2546,0,0,2994,hard
0.069,2552,0,0,2997,hard
0.069,2555,0,0,2995,hard
0.069,2550,0,0,2973,hard
0.069,2553,0,0,2991,hard
0.069,2550,0,0,3004,hard
0.069,2550,0,0,3011,hard
0.069,2555,0,0,3008,hard
0.069,2552,0,0,2995,hard
0.069,2551,0,0,2986,hard
0.069,2552,0,0,2991,hard
0.069,2550,0,0,2990,hard
0.069,2556,0,0,2997,hard
0.069,2551,0,0,2996,hard
0.069,2553,0,0,3000,hard
0.069,2552,0,0,2991,hard
0.069,2555,0,0,2982,hard
0.069,2555,0,0,2992,hard
0.069,2553,0,0,2993,hard
0.069,2553,0,0,2991,hard
0.069,2560,0,0,3001,hard
0.069,2553,0,0,2997,hard
0.069,2552,0,0,2981,hard
0.069,2555,0,0,2989,hard
0.069,2554,0,0,3000,hard
0.069,2555,0,0,2989,hard
0.069,2562,0,0,2988,hard
0.069,2553,0,0,2992,hard
0.069,2627,0,0,2992,hard
0.074,2623,0,0,2963,hard
0.074,2551,0,0,2989,hard
0.074,2553,0,0,2986,hard
0.075,2621,0,0,2970,hard
0.075,2663,0,0,2987,hard
0.075,2628,0,0,3000,hard
0.075,2638,0,0,2993,hard
0.075,2632,0,0,2991,hard
0.075,2634,0,0,2994,hard
0.075,2614,0,0,2978,hard
0.075,2613,0,0,2989,hard
0.075,2638,0,0,2990,hard
0.075,2634,0,0,2988,hard
0.075,2654,0,0,2966,hard
0.075,2762,0,0,2986,hard
0.075,2554,0,0,2989,hard
0.075,2573,0,0,2971,hard
0.075,2575,0,0,2988,hard
0.075,2654,0,0,2992,hard
0.075,2770,0,0,2961,hard
0.075,2743,0,0,2983,hard
0.075,2749,0,0,2992,hard
0.075,2751,0,0,2990,hard
0.075,2760,0,0,2992,hard
0.075,2748,0,0,2992,hard
0.075,2765,0,0,2983,hard
0.079,2736,0,0,2989,hard
0.079,2751,0,0,2989,hard
0.079,2563,0,0,2990,hard
0.079,2573,0,0,2965,hard
0.079,2552,0,0,2956,hard
0.079,2556,0,0,2990,hard
0.079,2555,0,0,2957,hard
0.079,2557,0,0,2973,hard
0.079,2551,0,0,2990,hard
0.079,2550,0,0,2977,hard
0.079,2557,0,0,2972,hard
0.081,2566,0,0,2981,hard
0.081,2550,0,0,2988,hard
0.081,2555,0,0,2983,hard
0.081,2551,0,0,2991,hard
0.081,2553,0,0,2995,hard
0.081,2556,0,0,2985,hard
0.081,2554,0,0,2980,hard
0.081,2556,0,0,2987,hard
0.081,2553,0,0,2986,hard
0.081,2556,0,0,2990,hard
0.081,2551,0,0,2998,hard
0.081,2557,0,0,2999,hard
0.088,2553,0,0,2985,hard
0.089,2554,0,0,2993,hard
0.095,2557,0,0,2989,hard
0.102,2549,0,0,2992,hard
0.108,2550,0,0,2994,hard
0.109,2548,0,0,2967,hard
0.116,2555,0,0,2993,hard
0.123,2556,0,0,2991,hard
0.124,2554,0,0,2989,hard
0.13,2549,0,0,2991,hard
0.137,2548,0,0,2970,hard
0.142,2551,0,0,2931,hard
0.148,2554,0,0,2967,hard
0.151,2554,0,0,2991,hard
0.158,2550,0,0,2991,hard
0.158,2553,0,0,3004,hard
0.166,2553,0,0,3001,hard
0.171,2554,0,0,2959,hard
0.178,2550,0,0,2965,hard
0.178,2550,0,0,2997,hard
0.186,2549,0,0,2982,hard
0.192,2556,0,0,2980,hard
0.198,2553,0,0,2998,hard
0.199,2552,0,0,3002,hard
0.208,2550,0,0,2997,hard
0.213,2552,0,0,2997,hard
0.214,2550,0,0,2986,hard
0.22,2549,0,0,2983,hard
0.228,2549,0,0,2998,hard
0.228,2554,0,0,3002,hard
0.238,2554,0,0,2996,hard
0.242,2550,0,0,2998,hard
0.248,2553,0,0,2999,hard
0.249,2555,0,0,2996,hard
0.258,2552,0,0,2969,hard
0.262,2553,0,0,2985,hard
0.268,2545,0,0,2999,hard
0.269,2553,0,0,3001,hard
0.276,2553,0,0,2996,hard
0.282,2553,0,0,2994,hard
0.284,2556,0,0,2991,hard
0.289,2554,0,0,3000,hard
0.297,2555,0,0,3002,hard
0.303,2557,0,0,2990,hard
0.304,2556,0,0,2997,hard
0.31,2555,0,0,2992,hard
0.318,2554,0,0,2998,hard
0.318,2554,0,0,2986,hard
0.326,2556,0,0,2998,hard
0.331,2552,0,0,2996,hard
0.338,2552,0,0,2998,hard
0.338,2554,0,0,2995,hard
0.345,2554,0,0,2995,hard
0.353,2552,0,0,2990,hard
0.358,2547,0,0,3002,hard
0.363,2553,0,0,2996,hard
0.366,2553,0,0,2991,hard
0.373,2555,0,0,3000,hard
0.373,2555,0,0,2995,hard
0.382,2556,0,0,2999,hard
0.387,2559,0,0,3004,hard
0.393,2553,0,0,2997,hard
0.394,2557,0,0,2996,hard
0.403,2556,0,0,2997,hard
0.407,2556,0,0,3001,hard
0.409,2553,0,0,2997,hard
0.414,2553,0,0,2999,hard
0.422,2558,0,0,3002,hard
0.428,2555,0,0,3000,hard
0.429,2558,0,0,3005,hard
0.435,2556,0,0,3005,hard
0.443,2553,0,0,3012,hard
0.443,2551,0,0,2995,hard
0.45,2555,0,0,3002,hard
0.458,2553,0,0,3008,hard
0.463,2555,0,0,3011,hard
0.463,2555,0,0,3007,hard
0.472,2556,0,0,3007,hard
0.477,2560,0,0,3016,hard
0.479,2557,0,0,3001,hard
0.484,2554,0,0,3009,hard
0.491,2555,0,0,3012,hard
0.498,2555,0,0,3008,hard
0.498,2554,0,0,2991,hard
0.505,2561,0,0,2993,hard
0.512,2557,0,0,2996,hard
0.515,2554,0,0,2986,hard
0.519,2555,0,0,2997,hard
0.526,2553,0,0,2998,hard
0.532,2553,0,0,2997,hard
0.534,2553,0,0,2999,hard
0.539,2552,0,0,3000,hard
0.547,2554,0,0,2998,hard
0.553,2551,0,0,2996,hard
0.558,2557,0,0,2996,hard
0.56,2556,0,0,2995,hard
0.568,2552,0,0,2999,hard
0.572,2555,0,0,2995,hard
0.574,2558,0,0,3002,hard
0.582,2556,0,0,2994,hard
0.588,2554,0,0,3000,hard
0.589,2554,0,0,2997,hard
0.595,2557,0,0,2990,hard
0.603,2555,0,0,2993,hard
0.607,2554,0,0,2996,hard
0.609,2556,0,0,2986,hard
0.617,2554,0,0,2999,hard
0.623,2559,0,0,3003,hard
0.624,2554,0,0,3000,hard
0.631,2556,0,0,2996,hard
0.637,2555,0,0,3002,hard
0.642,2556,0,0,2994,hard
0.644,2555,0,0,2992,hard
0.65,2554,0,0,2994,hard
0.658,2554,0,0,2997,hard
0.658,2560,0,0,2995,hard
0.666,2557,0,0,2995,hard
0.671,2555,0,0,3002,hard
0.677,2556,0,0,2995,hard
0.679,2555,0,0,2998,hard
0.686,2554,0,0,3003,hard
0.693,2555,0,0,3000,hard
0.693,2556,0,0,2988,hard
0.7,2554,0,0,2993,hard
0.707,2555,0,0,3000,hard
0.708,2557,0,0,2998,hard
0.713,2554,0,0,2996,hard
0.722,2571,0,0,2996,hard
0.727,2554,0,0,2994,hard
0.728,2550,0,0,2989,hard
0.734,2560,0,0,2993,hard
0.741,2560,0,0,3001,hard
0.747,2552,0,0,2993,hard
0.747,2553,0,0,2990,hard
0.755,2555,0,0,2998,hard
0.762,2556,0,0,2994,hard
0.767,2549,0,0,2992,hard
0.769,2554,0,0,2995,hard
0.775,2554,0,0,2988,hard
0.782,2556,0,0,2992,hard
0.783,2554,0,0,3006,hard
0.791,2555,0,0,3000,hard
0.796,2557,0,0,3000,hard
0.802,2561,0,0,2995,hard
0.803,2560,0,0,2994,hard
0.812,2555,0,0,2988,hard
0.817,2553,0,0,2996,hard
0.818,2553,0,0,2995,hard
0.824,2555,0,0,2993,hard
0.831,2554,0,0,2997,hard
0.837,2556,0,0,2993,hard
0.838,2556,0,0,2988,hard
0.846,2559,0,0,2990,hard
0.852,2556,0,0,2996,hard
0.852,2556,0,0,2992,hard
0.859,2559,0,0,2988,hard
0.866,2559,0,0,2993,hard
0.873,2553,0,0,3003,hard
0.877,2555,0,0,2984,hard
0.88,2557,0,0,2986,hard
0.887,2559,0,0,2999,hard
0.887,2555,0,0,2994,hard
0.897,2555,0,0,3001,hard
0.9,2553,0,0,3003,hard
0.907,2559,0,0,2996,hard
0.912,2557,0,0,3000,hard
0.914,2553,0,0,2998,hard
0.922,2553,0,0,2997,hard
0.922,2552,0,0,2998,hard
0.929,2559,0,0,2994,hard
0.935,2554,0,0,2993,hard
0.943,2555,0,0,2992,hard
0.944,2552,0,0,2999,hard
0.95,2555,0,0,2996,hard
0.956,2557,0,0,2995,hard
0.958,2555,0,0,2987,hard
0.966,2559,0,0,2994,hard
0.97,2555,0,0,3000,hard
0.978,2556,0,0,3005,hard
0.978,2557,0,0,3000,hard
0.985,2554,0,0,2999,hard
0.991,2553,0,0,2995,hard
0.997,2555,0,0,2997,hard
0.998,2555,0,0,3002,hard
1.006,2562,0,0,3000,hard
1.012,2554,0,0,3004,hard
1.013,2555,0,0,3002,hard
1.019,2556,0,0,3001,hard
1.027,2558,0,0,2998,hard
1.032,2556,0,0,3001,hard
1.033,2556,0,0,3008,hard
1.041,2555,0,0,2999,hard
1.047,2555,0,0,3003,hard
1.047,2561,0,0,2994,hard
1.056,2555,0,0,2997,hard
1.06,2554,0,0,3005,hard
1.067,2553,0,0,2991,hard
1.069,2558,0,0,2996,hard
1.074,2650,0,0,3002,hard
1.081,2558,0,0,2999,hard
1.083,2557,0,0,3005,hard
1.088,2554,0,0,2999,hard
1.095,2561,0,0,2999,hard
1.102,2558,0,0,2992,hard
1.102,2559,0,0,2994,hard
1.11,2556,0,0,3003,hard
1.116,2563,0,0,3001,hard
1.118,2685,0,0,3008,hard
1.123,2648,0,0,3006,hard
1.13,2641,0,0,3000,hard
1.136,2556,0,0,2993,hard
1.138,2555,0,0,3000,hard
1.143,2554,0,0,2996,hard
1.151,2550,0,0,2996,hard
1.157,2557,0,0,3013,hard
1.159,2557,0,0,3018,hard
1.167,2557,0,0,3019,hard
1.171,2556,0,0,3022,hard
1.176,2556,0,0,3002,hard
1.178,2580,0,0,2984,hard
1.186,2535,0,0,2994,hard
1.192,2430,0,0,3139,hard
1.193,1923,0,0,3482,hard
1.2,0,0,0,3455,hard
1.206,0,0,0,3040,hard
1.206,0,0,0,3017,hard
1.213,0,0,0,3528,hard
1.22,0,0,0,3785,hard
1.227,0,0,0,3907,hard
1.227,2116,0,0,3949,hard
1.235,2034,0,0,3956,hard
1.241,2286,0,0,3967,hard
1.243,1002,0,0,3972,hard
1.248,0,0,0,3958,hard
1.255,0,0,0,3984,hard
1.262,0,0,0,4019,hard
1.263,0,0,0,4027,hard
1.269,0,0,0,4029,hard
1.276,0,0,0,4026,hard
1.282,0,0,0,4014,hard
1.283,0,0,0,4002,hard
1.29,0,0,0,3972,hard
1.297,0,0,0,3969,hard
1.297,0,0,0,3967,hard
1.305,0,0,0,3997,hard
1.31,0,0,0,4003,hard
1.317,0,1804,0,4031,hard
1.317,0,2772,0,4026,hard
1.325,0,2725,0,4023,hard
1.331,0,2358,0,4007,hard
1.336,0,2314,0,3985,hard
1.341,0,1976,0,3999,hard
1.345,0,1677,0,4019,hard
1.352,0,2113,0,4018,hard
1.354,0,2122,0,4010,hard
1.359,0,2259,0,3986,hard
1.366,0,2365,0,3979,hard
1.366,0,2567,0,3988,hard
1.374,0,2868,0,3998,hard
1.38,0,3072,0,3993,hard
1.387,0,3064,0,3999,hard
1.391,0,3001,0,4001,hard
1.394,0,2727,0,3994,hard
1.401,0,2154,0,3975,hard
1.407,0,1278,0,3971,hard
1.408,0,0,0,3970,hard
1.414,0,0,0,3981,hard
1.422,0,0,0,3980,hard
1.426,0,2036,0,3998,hard
1.429,0,2566,0,3992,hard
1.437,0,2482,0,3990,hard
1.442,0,1725,0,4000,hard
1.446,0,1922,0,4000,hard
1.451,0,2481,0,3997,hard
1.456,0,2593,0,3998,hard
1.46,0,2458,0,3994,hard
1.463,0,2120,0,3991,hard
1.47,0,0,0,3988,hard
1.477,0,152,0,3971,hard
1.478,0,2825,0,3976,hard
1.484,0,3338,0,3990,hard
1.491,0,3421,0,4007,hard
1.495,0,3274,0,4016,hard
1.498,0,2983,0,4005,hard
1.504,0,0,0,3988,hard
1.511,0,0,0,3940,hard
1.512,0,0,0,3878,hard
1.521,0,0,0,3886,hard
1.525,0,0,0,3930,hard
1.53,0,0,0,3963,hard
1.536,0,2550,0,3979,hard
1.542,0,3184,0,3997,hard
1.546,0,3409,0,4006,hard
1.551,0,3412,0,4002,hard
1.554,0,3218,0,3997,hard
1.561,0,2972,0,3989,hard
1.563,0,1899,0,3972,hard
1.571,0,1525,0,3968,hard
1.571,0,656,0,3932,hard
1.579,0,692,0,3886,hard
1.579,0,632,0,3910,hard
1.589,0,760,0,3958,hard
1.596,0,1523,0,3980,hard
1.596,0,3108,0,3994,hard
1.604,0,3338,0,3995,hard
1.609,0,3288,0,3995,hard
1.617,0,2354,0,3987,hard
1.621,0,0,0,3980,hard
1.623,0,0,0,3948,hard
1.63,0,0,0,3897,hard
1.632,0,0,0,3830,hard
1.638,0,0,0,3836,hard
1.645,0,753,0,3898,hard
1.651,0,2964,0,3930,hard
1.653,0,3253,0,3940,hard
1.66,0,3131,0,3896,hard
1.665,0,2374,0,3900,hard
1.672,0,0,0,3923,hard
1.672,0,1162,0,3966,hard
1.679,0,1659,0,3973,hard
1.686,0,2590,0,3979,hard
1.692,0,2426,0,3947,hard
1.693,0,1992,0,3902,hard
1.7,0,0,0,3830,hard
1.706,0,0,0,3841,hard
1.707,0,0,0,3858,hard
1.713,0,1530,0,3951,hard
1.721,0,2376,0,3964,hard
1.727,0,3297,0,3959,hard
1.728,0,3409,0,3914,hard
1.734,0,3244,0,3870,hard
1.741,0,1916,0,3822,hard
1.741,0,0,0,3836,hard
1.75,0,0,0,3908,hard
1.755,0,0,0,3946,hard
1.761,0,209,0,3931,hard
1.763,0,2783,0,3862,hard
1.769,0,3169,0,3772,hard
1.776,0,3283,0,3705,hard
1.777,0,3147,0,3702,hard
1.786,0,2529,0,3674,hard
1.79,0,2325,0,3570,hard
1.794,0,2215,0,3275,hard
1.797,0,828,0,3230,hard
1.804,0,0,0,2986,hard
1.81,0,0,0,3014,hard
1.812,0,0,0,2809,hard
1.821,0,1026,0,3091,hard
1.825,0,1682,0,3576,hard
1.829,0,2980,0,3729,hard
1.832,0,3252,0,3786,hard
1.839,0,3325,0,3871,hard
1.845,0,3341,0,3903,hard
1.847,0,3298,0,3887,hard
1.856,0,3243,0,3888,hard
1.86,0,3003,0,3901,hard
1.867,0,2665,0,3913,hard
1.867,0,1991,0,3906,hard
1.873,0,1904,0,3910,hard
1.88,0,1899,0,3905,hard
1.882,0,1963,0,3908,hard
1.887,0,2207,0,3924,hard
1.894,0,2824,0,3932,hard
1.901,0,3087,0,3948,hard
1.901,0,3156,0,3951,hard
1.91,0,3175,0,3956,hard
1.915,0,3184,0,3960,hard
1.922,0,3144,0,3960,hard
1.922,0,3100,0,3950,hard
1.929,0,2762,0,3950,hard
1.936,0,1921,0,3930,hard
1.942,0,1125,0,3912,hard
1.943,0,693,0,3911,hard
1.95,0,1046,0,3889,hard
1.956,0,1757,0,3892,hard
1.96,0,2550,0,3908,hard
1.963,0,3085,0,3920,hard
1.97,0,3248,0,3936,hard
1.972,0,3249,0,3941,hard
1.977,0,3252,0,3930,hard
1.984,0,3218,0,3914,hard
1.991,0,3047,0,3902,hard
1.991,0,2821,0,3882,hard
1.998,0,2716,0,3852,hard
2.005,0,2815,0,3846,hard
2.007,0,3002,0,3862,hard
2.015,0,3079,0,3884,hard
2.019,0,3200,0,3900,hard
2.026,0,3189,0,3910,hard
2.026,0,3174,0,3909,hard
2.033,0,3128,0,3915,hard
2.04,0,2996,0,3927,hard
2.042,0,2964,0,3930,hard
2.047,0,3025,0,3929,hard
2.054,0,3128,0,3932,hard
2.061,0,3164,0,3944,hard
2.061,0,3209,0,3948,hard
2.068,0,3230,0,3936,hard
2.075,0,3206,0,3953,hard
2.077,0,3116,0,3952,hard
2.082,0,2770,0,3954,hard
2.089,0,1453,0,3936,hard
2.096,0,752,0,3932,hard
2.096,0,776,0,3916,hard
2.104,0,1224,0,3914,hard
2.109,0,1850,0,3922,hard
2.117,0,2948,0,3931,hard
2.117,0,3172,0,3929,hard
2.125,0,3344,0,3931,hard
2.13,0,3464,0,3936,hard
2.136,0,3503,0,3939,hard
2.139,0,3479,0,3936,hard
2.144,0,3363,0,3922,hard
2.151,0,3141,0,3895,hard
2.156,0,2686,0,3840,hard
2.161,0,1990,0,3799,hard
2.165,0,1831,0,3772,hard
2.17,0,2078,0,3791,hard
2.172,0,2857,0,3820,hard
2.179,0,3151,0,3877,hard
2.186,0,3221,0,3909,hard
2.187,0,3234,0,3929,hard
2.193,0,3102,0,3948,hard
2.2,0,2955,0,3948,hard
2.206,0,1898,0,3939,hard
2.207,0,1448,0,3942,hard
2.214,0,1851,0,3932,hard
2.22,0,2614,0,3930,hard
2.222,0,3121,0,3949,hard
2.227,0,3312,0,3958,hard
2.235,0,3443,0,3969,hard
2.241,0,3501,0,3973,hard
2.242,0,3496,0,3965,hard
2.248,0,3374,0,3958,hard
2.255,0,3089,0,3942,hard
2.261,0,1928,0,3921,hard
2.265,0,1124,0,3903,hard
2.269,0,155,0,3892,hard
2.276,0,1170,0,3893,hard
2.276,0,2035,0,3904,hard
2.283,0,2944,0,3915,hard
2.29,0,3162,0,3933,hard
2.292,0,3277,0,3944,hard
2.297,0,3283,0,3943,hard
2.304,0,3147,0,3943,hard
2.311,0,3010,0,3944,hard
2.311,0,2722,0,3935,hard
2.318,0,2207,0,3920,hard
2.325,0,2744,0,3924,hard
2.327,0,3032,0,3913,hard
2.332,0,3246,0,3932,hard
2.338,0,3397,0,3943,hard
2.345,0,3474,0,3951,hard
2.347,0,3483,0,3956,hard
2.352,0,3463,0,3947,hard
2.361,0,3314,0,3946,hard
2.365,0,3099,0,3941,hard
2.367,0,2589,0,3936,hard
2.373,0,1928,0,3925,hard
2.38,0,1856,0,3912,hard
2.382,0,1972,0,3911,hard
2.387,0,2327,0,3911,hard
2.394,0,3014,0,3932,hard
2.401,0,3087,0,3947,hard
2.402,0,3160,0,3949,hard
2.408,0,3158,0,3953,hard
2.415,0,3102,0,3964,hard
2.421,0,3033,0,3961,hard
2.422,0,2675,0,3955,hard
2.429,0,2107,0,3951,hard
2.436,0,2175,0,3934,hard
2.436,0,2598,0,3915,hard
2.445,0,3008,0,3929,hard
2.449,0,3275,0,3950,hard
2.453,0,3446,0,3958,hard
2.461,0,3490,0,3961,hard
2.464,0,3492,0,3960,hard
2.47,0,3427,0,3947,hard
2.472,0,3201,0,3933,hard
2.477,0,2740,0,3926,hard
2.484,0,1866,0,3909,hard
2.491,0,1731,0,3903,hard
2.492,0,1867,0,3901,hard
2.498,0,2374,0,3899,hard
2.505,0,3065,0,3911,hard
2.506,0,3130,0,3932,hard
2.515,0,3161,0,3950,hard
2.519,0,3185,0,3953,hard
2.526,0,3178,0,3964,hard
2.531,0,3178,0,3964,hard
2.533,0,3177,0,3963,hard
2.54,0,3152,0,3962,hard
2.54,0,3090,0,3962,hard
2.547,0,3057,0,3961,hard
2.554,0,2926,0,3965,hard
2.561,0,2445,0,3961,hard
2.565,0,1877,0,3956,hard
2.568,0,1822,0,3950,hard
2.574,0,1661,0,3946,hard
2.581,0,1744,0,3948,hard
2.581,0,1917,0,3943,hard
2.59,0,2649,0,3953,hard
2.595,0,3122,0,3962,hard
2.598,0,3241,0,3973,hard
2.602,0,3328,0,3971,hard
2.609,0,3353,0,3964,hard
2.616,0,3351,0,3953,hard
2.617,0,3276,0,3959,hard
2.623,0,3170,0,3932,hard
2.63,0,3068,0,3906,hard
2.631,0,2461,0,3879,hard
2.639,0,1956,0,3848,hard
2.644,0,2358,0,3844,hard
2.651,0,3068,0,3866,hard
2.656,0,3236,0,3918,hard
2.658,0,3409,0,3933,hard
2.664,0,3452,0,3952,hard
2.666,0,3376,0,3962,hard
2.672,0,3188,0,3953,hard
2.679,0,1939,0,3930,hard
2.685,0,0,0,3869,hard
2.686,0,0,0,3779,hard
2.692,0,0,0,3822,hard
2.7,0,1054,0,3898,hard
2.706,0,2819,0,3955,hard
2.707,0,3381,0,3967,hard
2.713,0,3574,0,3984,hard
2.721,0,3593,0,3984,hard
2.721,0,3551,0,3979,hard
2.73,0,3338,0,3983,hard
2.734,0,3090,0,3982,hard
2.74,0,2765,0,3971,hard
2.741,0,2803,0,3963,hard
2.748,0,2774,0,3949,hard
2.755,0,2738,0,3949,hard
2.756,0,2777,0,3947,hard
2.762,0,2949,0,3947,hard
2.769,0,2996,0,3941,hard
2.776,0,3065,0,3932,hard
2.778,0,3153,0,3917,hard
2.785,0,2910,0,3922,hard
2.791,0,2127,0,3932,hard
2.796,0,1689,0,3902,hard
2.801,0,0,0,3837,hard
2.803,0,1873,0,3860,hard
2.809,0,2989,0,3859,hard
2.811,0,3144,0,3908,hard
2.82,0,3262,0,3947,hard
2.825,0,3369,0,3952,hard
2.828,0,3399,0,3938,hard
2.832,0,3077,0,3915,hard
2.839,0,1806,0,3865,hard
2.845,0,0,0,3875,hard
2.846,0,1721,0,3910,hard
2.852,0,3284,0,3947,hard
2.859,0,3637,0,3972,hard
2.865,0,3732,0,3991,hard
2.866,0,3740,0,3994,hard
2.873,0,3678,0,3993,hard
2.88,0,3540,0,3987,hard
2.881,0,3317,0,3969,hard
2.887,0,3079,0,3941,hard
2.894,0,2942,0,3946,hard
2.901,0,3068,0,3961,hard
2.901,0,3208,0,3955,hard
2.908,0,3245,0,3954,hard
2.915,0,3251,0,3950,hard
2.915,0,3263,0,3917,hard
2.924,0,3164,0,3900,hard
2.929,0,3112,0,3902,hard
2.936,0,3126,0,3924,hard
2.94,0,3176,0,3949,hard
2.943,0,3203,0,3918,hard
2.949,0,2240,0,3908,hard
2.951,0,1950,0,3929,hard
2.96,0,2902,0,3931,hard
2.964,0,3288,0,3942,hard
2.97,0,3551,0,3962,hard
2.974,0,3608,0,3952,hard
2.977,0,3517,0,3966,hard
2.984,0,3260,0,3954,hard
2.99,0,2811,0,3937,hard
2.991,0,2114,0,3927,hard
2.998,0,2281,0,3917,hard
3.005,0,2603,0,3928,hard
3.006,0,2981,0,3960,hard
3.012,0,3344,0,3973,hard
3.019,0,3409,0,3983,hard
3.019,0,3419,0,3986,hard
3.027,0,3405,0,3997,hard
3.033,0,3347,0,3994,hard
3.04,0,3383,0,3986,hard
3.045,0,3445,0,3987,hard
3.047,0,3477,0,3990,hard
3.054,0,3495,0,3986,hard
3.056,0,3468,0,3980,hard
3.061,0,3466,0,3972,hard
3.069,0,3459,0,3949,hard
3.075,0,3440,0,3931,hard
3.078,0,3384,0,3927,hard
3.082,0,3368,0,3919,hard
3.089,0,3355,0,3909,hard
3.095,0,2823,0,3902,hard
3.096,0,0,0,3877,hard
3.102,0,0,0,3831,hard
3.111,0,0,0,3844,hard
3.111,0,0,0,3867,hard
3.119,0,1367,0,3903,hard
3.123,0,2300,0,3893,hard
3.13,0,823,0,3900,hard
3.135,0,0,0,3889,hard
3.137,0,0,0,3862,hard
3.144,0,0,0,3839,hard
3.146,0,0,0,3844,hard
3.151,0,0,0,3859,hard
3.158,0,0,0,3887,hard
3.165,0,0,0,3904,hard
3.165,0,0,0,3900,hard
3.174,0,0,0,3871,hard
3.179,0,0,0,3852,hard
3.181,0,0,0,3841,hard
3.189,0,0,0,3807,hard
3.193,0,0,0,3729,hard
3.2,0,0,0,3693,hard
3.206,0,0,0,3707,hard
3.207,0,0,0,3716,hard
3.213,0,0,0,3756,hard
3.216,0,0,0,3783,hard
3.221,0,0,0,3789,hard
3.227,0,0,0,3792,hard
3.234,0,0,0,3755,hard
3.234,0,0,0,3610,hard
3.243,0,0,0,3433,hard
3.248,0,0,0,2680,hard
3.255,0,0,0,0,hard
3.259,0,0,0,1595,hard
3.262,0,0,0,1282,hard
3.269,0,0,0,1746,hard
3.271,0,0,0,0,hard
3.277,0,0,0,0,hard
3.284,0,0,0,1922,hard
3.289,0,0,0,0,hard
3.289,0,0,0,0,hard
3.297,0,0,0,0,hard
3.304,0,0,0,0,hard
3.31,0,0,0,0,hard
3.31,0,0,0,0,hard
3.317,0,0,0,0,hard
3.324,0,0,0,0,hard
3.326,0,0,0,0,hard
3.334,0,0,0,0,hard
3.338,0,0,0,0,hard
3.344,0,0,0,0,hard
3.345,0,0,0,0,hard
3.352,0,0,0,0,hard
3.359,0,0,0,0,hard
3.361,0,0,0,0,hard
3.366,0,0,0,0,hard
3.373,0,0,0,0,hard
3.38,0,0,0,0,hard
3.381,0,0,0,0,hard
3.389,0,0,0,0,hard
3.394,0,0,0,0,hard
3.4,0,0,0,0,hard
3.401,0,0,0,0,hard
3.408,0,0,0,0,hard
3.415,0,0,0,0,hard
3.415,0,0,0,0,hard
3.423,0,0,0,0,hard
3.428,0,0,0,0,hard
3.432,0,0,0,3048,hard
3.435,0,0,0,3743,hard
3.443,0,0,0,3847,hard
3.449,0,0,0,3903,hard
3.451,0,0,0,3936,hard
3.456,0,0,0,3869,hard
3.464,0,0,0,3888,hard
3.47,0,0,0,3887,hard
3.471,0,0,0,3902,hard
3.477,0,0,0,3945,hard
3.484,0,0,0,3950,hard
3.484,0,0,0,3942,hard
3.493,0,0,0,3935,hard
3.498,0,0,0,3943,hard
3.505,0,0,0,3949,hard
3.509,0,0,0,3939,hard
3.512,0,0,0,3927,hard
3.518,0,0,0,3914,hard
3.521,0,0,0,3933,hard
3.526,0,0,0,3935,hard
3.533,0,0,0,3926,hard
3.54,0,0,0,3923,hard
3.541,0,0,0,3923,hard
3.547,0,0,0,3918,hard
3.554,0,0,0,3885,hard
3.56,0,0,0,3883,hard
3.561,0,0,0,3898,hard
3.567,0,0,0,3918,hard
3.574,0,0,0,3925,hard
3.574,0,0,0,3936,hard
3.583,0,0,0,3941,hard
3.588,0,0,0,3954,hard
3.591,0,0,0,3949,hard
3.599,0,0,0,3932,hard
3.602,0,0,0,3913,hard
3.609,0,1361,0,3905,hard
3.611,0,1377,0,3935,hard
3.616,0,1922,0,4004,hard
3.623,0,3025,0,4021,hard
3.63,0,3222,0,4017,hard
3.632,0,3207,0,4020,hard
3.637,0,3181,0,4003,hard
3.644,0,3141,0,4006,hard
3.65,0,2923,0,3995,hard
3.65,0,2622,0,3995,hard
3.658,0,2649,0,3992,hard
3.665,0,2696,0,3996,hard
3.665,0,2965,0,3987,hard
3.673,0,3198,0,3990,hard
3.678,0,3341,0,3978,hard
3.681,0,3346,0,3996,hard
3.686,0,3262,0,4005,hard
3.692,0,3244,0,4019,hard
3.699,0,3266,0,4021,hard
3.7,0,3357,0,4019,hard
3.706,0,3403,0,4017,hard
3.713,0,3448,0,4014,hard
3.719,0,3339,0,4018,hard
3.72,0,3173,0,4030,hard
3.727,0,3020,0,4037,hard
3.734,0,3074,0,4024,hard
3.735,0,3258,0,4031,hard
3.741,0,3228,0,4030,hard
3.748,0,3317,0,4028,hard
3.754,0,3187,0,4028,hard
3.756,0,3131,0,4034,hard
3.762,0,3148,0,4034,hard
3.769,0,3118,0,4026,hard
3.775,0,3059,0,4026,hard
3.776,0,3031,0,4019,hard
3.783,0,2995,0,4023,hard
3.789,0,2972,0,4028,hard
3.79,0,3122,0,4032,hard
3.796,0,3438,0,4035,hard
3.803,0,3490,0,4039,hard
3.81,0,3465,0,4041,hard
3.81,0,3365,0,4034,hard
3.817,0,3239,0,4039,hard
3.825,0,3115,0,4035,hard
3.825,0,3124,0,4028,hard
3.833,0,3219,0,4031,hard
3.838,0,3233,0,4032,hard
3.841,0,3300,0,4034,hard
3.845,0,3348,0,4033,hard
3.852,0,3236,0,4038,hard
3.859,0,3303,0,4042,hard
3.861,0,3356,0,4043,hard
3.868,0,3410,0,4045,hard
3.873,0,3503,0,4039,hard
3.88,0,3510,0,4041,hard
3.885,0,3446,0,4038,hard
3.887,0,3382,0,4036,hard
3.894,0,3129,0,4037,hard
3.895,0,3022,0,4032,hard
3.901,0,3046,0,4028,hard
3.908,0,3182,0,4033,hard
3.915,0,3314,0,4033,hard
3.915,0,3409,0,4042,hard
3.921,0,3422,0,4047,hard
3.928,0,3450,0,4046,hard
3.93,0,3463,0,4041,hard
3.939,0,3428,0,4041,hard
3.942,0,3361,0,4042,hard
3.949,0,3363,0,4039,hard
3.949,0,3303,0,4040,hard
3.956,0,3104,0,4039,hard
3.963,0,2954,0,4036,hard
3.965,0,2409,0,4039,hard
3.974,0,2577,0,4036,hard
3.977,0,3038,0,4038,hard
3.984,0,3136,0,4043,hard
3.984,0,2865,0,4033,hard
3.991,0,1710,0,4019,hard
3.998,0,0,0,4026,hard
4.0,0,0,0,4009,hard
4.008,0,0,0,3999,hard
4.012,0,0,0,3983,hard
4.018,0,0,0,3969,hard
4.025,0,0,0,3951,hard
4.026,0,0,0,3940,hard
4.033,0,0,0,3991,hard
4.039,0,0,0,4010,hard
4.041,0,0,0,4026,hard
4.046,0,2796,0,4033,hard
4.053,0,3341,0,4037,hard
4.058,0,3463,0,4046,hard
4.062,0,3343,0,4050,hard
4.067,0,0,0,4040,hard
4.074,0,0,0,4031,hard
4.075,0,0,0,4007,hard
4.081,0,0,0,3963,hard
4.088,0,0,0,3936,hard
4.094,0,0,0,3964,hard
4.095,0,0,0,3989,hard
4.102,0,0,0,4012,hard
4.109,0,0,0,4018,hard
4.109,0,2908,0,4027,hard
4.118,0,2636,0,4037,hard
4.123,0,0,0,4044,hard
4.126,0,0,0,4043,hard
4.13,0,0,0,4033,hard
4.137,0,0,0,4032,hard
4.143,0,0,0,4022,hard
4.145,0,0,0,4019,hard
4.151,0,0,0,4015,hard
4.158,0,0,0,4018,hard
4.164,0,0,0,4017,hard
4.165,0,0,0,4018,hard
4.172,0,0,0,4013,hard
4.178,0,0,0,4014,hard
4.18,0,0,0,4013,hard
4.185,0,0,0,4019,hard
4.192,0,0,0,4027,hard
4.199,0,0,0,4025,hard
4.2,0,0,0,4032,hard
4.206,0,0,0,4029,hard
4.213,0,0,0,4007,hard
4.219,0,0,0,4008,hard
4.22,0,0,0,4012,hard
4.227,0,0,0,4022,hard
4.234,0,0,0,4021,hard
4.235,0,0,0,4022,hard
4.241,0,0,0,4023,hard
4.248,0,0,0,4018,hard
4.255,0,0,0,4024,hard
4.255,0,0,0,4030,hard
4.262,0,0,0,4031,hard
4.269,0,0,0,4019,hard
4.269,0,0,0,4020,hard
4.277,0,0,0,4014,hard
4.283,0,0,0,4016,hard
4.286,0,0,0,4014,hard
4.294,0,0,0,4014,hard
4.297,0,0,0,4011,hard
4.303,0,0,0,4008,hard
4.305,0,0,0,4007,hard
4.31,0,0,0,4008,hard
4.317,0,0,0,4016,hard
4.324,0,0,0,4014,hard
4.324,0,0,0,4020,hard
4.331,0,0,0,4017,hard
4.338,0,0,0,4021,hard
4.344,0,0,0,4018,hard
4.345,0,0,0,4014,hard
4.352,0,0,0,4007,hard
4.359,0,0,0,4004,hard
4.362,0,0,0,4008,hard
4.366,0,0,0,4003,hard
4.373,0,0,0,4012,hard
4.373,0,0,0,4015,hard
4.381,0,2048,0,4020,hard
4.387,0,2405,0,4026,hard
4.394,0,2418,0,4026,hard
4.398,0,2077,0,4024,hard
4.401,0,0,0,4012,hard
4.407,0,0,0,4002,hard
4.414,0,0,0,3982,hard
4.415,0,0,0,3968,hard
4.423,0,0,0,3969,hard
4.428,0,0,0,3974,hard
4.431,0,0,0,3987,hard
4.435,0,0,0,3994,hard
4.442,0,0,0,4009,hard
4.449,0,0,0,4010,hard
4.45,0,0,0,4000,hard
4.456,0,0,0,3985,hard
4.463,0,0,0,3952,hard
4.465,0,0,0,3909,hard
4.473,0,0,0,3846,hard
4.477,0,0,0,3848,hard
4.483,0,0,0,3836,hard
4.487,0,0,0,3885,hard
4.493,0,0,0,3918,hard
4.498,0,0,0,3911,hard
4.504,0,0,0,3843,hard
4.508,0,0,0,3409,hard
4.512,0,0,0,2120,hard
4.515,0,0,0,0,hard
4.523,0,0,0,0,hard
4.526,0,0,0,0,hard
4.533,0,0,0,0,hard
4.533,0,0,0,0,hard
4.54,0,0,0,0,hard
4.547,0,0,0,0,hard
4.554,0,0,0,0,hard
4.558,0,0,0,0,hard
4.563,0,0,0,0,hard
4.568,0,0,0,0,hard
4.57,0,0,0,0,hard
4.575,0,0,0,0,hard
4.582,0,0,0,0,hard
4.588,0,0,0,0,hard
4.591,0,0,176,0,hard
4.595,0,0,2168,0,hard
4.602,0,0,2360,0,hard
4.608,0,0,1877,0,hard
4.61,0,0,867,0,hard
4.616,0,0,0,0,hard
4.623,0,0,0,0,hard
4.629,0,0,0,0,hard
4.63,0,0,0,0,hard
4.637,0,0,0,0,hard
4.644,0,0,0,0,hard
4.644,0,0,0,0,hard
4.652,0,0,0,0,hard
4.658,0,0,0,0,hard
4.664,0,0,1728,0,hard
4.664,0,0,2626,0,hard
4.671,0,0,2781,0,hard
4.678,3630,0,2766,0,hard
4.68,3730,0,2633,0,hard
4.685,3648,0,2271,0,hard
4.692,3410,0,1719,0,hard
4.699,0,0,0,0,hard
4.7,0,0,0,0,hard
4.706,0,0,0,0,hard
4.713,0,0,0,0,hard
4.714,0,0,0,0,hard
4.722,0,0,0,0,hard
4.727,3572,0,0,0,hard
4.734,3768,0,0,0,hard
4.734,3460,0,0,0,hard
4.741,0,0,0,0,hard
4.747,0,0,0,0,hard
4.749,0,0,0,0,hard
4.758,0,0,0,0,hard
4.763,0,0,0,0,hard
4.769,0,0,0,0,hard
4.769,0,0,0,0,hard
4.776,0,0,0,0,hard
4.782,0,0,0,0,hard
4.784,0,0,0,0,hard
4.789,2634,0,0,0,hard
4.796,1898,0,0,0,hard
4.803,0,0,0,0,hard
4.803,0,0,0,0,hard
4.81,0,0,0,0,hard
4.817,0,0,0,0,hard
4.819,0,0,0,0,hard
4.828,2119,0,1294,0,hard
4.831,2377,0,1126,0,hard
4.839,3179,0,1171,0,hard
4.839,3751,0,2058,0,hard
4.845,3798,0,2736,0,hard
4.852,3836,0,2849,0,hard
4.855,3776,0,2824,0,hard
4.863,3467,0,2111,0,hard
4.866,2539,0,0,0,hard
4.873,3081,0,0,0,hard
4.879,2205,0,0,0,hard
4.88,0,0,0,0,hard
4.887,0,0,0,0,hard
4.894,0,0,2303,0,hard
4.898,3041,0,3018,0,hard
4.901,3685,0,2823,0,hard
4.908,3489,0,2267,0,hard
4.908,488,0,1889,0,hard
4.915,0,0,0,0,hard
4.921,0,0,0,0,hard
4.929,0,0,0,0,hard
4.933,0,0,0,0,hard
4.935,0,0,0,0,hard
4.942,0,0,0,0,hard
4.944,0,0,1812,0,hard
4.949,0,0,2217,0,hard
4.957,0,0,2457,0,hard
4.964,0,0,2521,0,hard
4.966,0,0,2467,0,hard
4.97,0,0,2464,0,hard
4.977,0,0,2363,0,hard
4.984,0,0,2205,0,hard
4.984,0,0,2019,0,hard
4.991,0,0,2054,0,hard
4.998,0,0,1981,0,hard
4.999,0,0,1854,0,hard
5.007,0,0,1864,0,hard
5.012,0,0,1950,0,hard
5.019,1672,0,2043,0,hard
5.024,2869,0,2075,0,hard
5.026,3012,0,2141,0,hard
5.032,3073,0,2206,0,hard
5.034,3086,0,2233,0,hard
5.039,3079,0,2338,0,hard
5.047,3105,0,2428,0,hard
5.053,3143,0,2314,0,hard
5.053,3105,0,2257,0,hard
5.06,3011,0,2160,0,hard
5.067,2869,0,2131,0,hard
5.069,2785,0,2140,0,hard
5.074,2926,0,2142,0,hard
5.081,3064,0,2132,0,hard
5.088,3159,0,2230,0,hard
5.089,3161,0,2358,0,hard
5.097,3226,0,2456,0,hard
5.102,3421,0,2533,0,hard
5.106,3537,0,2522,0,hard
5.109,3602,0,2504,0,hard
5.116,3598,0,2361,0,hard
5.122,3558,0,2334,0,hard
5.124,3475,0,2292,0,hard
5.13,3361,0,2166,0,hard
5.137,3024,0,2124,0,hard
5.143,2831,0,2184,0,hard
5.145,2783,0,2274,0,hard
5.151,2493,0,2332,0,hard
5.158,2645,0,2329,0,hard
5.164,2754,0,2327,0,hard
5.167,2770,0,2340,0,hard
5.172,2912,0,2355,0,hard
5.174,2968,0,2372,0,hard
5.18,2994,0,2371,0,hard
5.186,3066,0,2348,0,hard
5.192,3098,0,2330,0,hard
5.194,3081,0,2318,0,hard
5.2,3076,0,2309,0,hard
5.207,3311,0,2289,0,hard
5.213,3342,0,2303,0,hard
5.214,3436,0,2220,0,hard
5.22,3610,0,2104,0,hard
5.227,3636,0,2144,0,hard
5.233,3671,0,2293,0,hard
5.234,3751,0,2338,0,hard
5.241,3745,0,2325,0,hard
5.248,3606,0,2381,0,hard
5.249,3514,0,2384,0,hard
5.255,3186,0,2469,0,hard
5.262,2817,0,2516,0,hard
5.268,2813,0,2510,0,hard
5.269,2852,0,2421,0,hard
5.276,2863,0,2388,0,hard
5.283,2915,0,2297,0,hard
5.283,3015,0,2283,0,hard
5.292,3018,0,2431,0,hard
5.296,3445,0,2471,0,hard
5.299,3632,0,2506,0,hard
5.304,3744,0,2519,0,hard
5.311,3785,0,2521,0,hard
5.318,3784,0,2522,0,hard
5.318,3754,0,2524,0,hard
5.326,3712,0,2379,0,hard
5.331,3550,0,2322,0,hard
5.338,3494,0,2245,0,hard
5.342,3459,0,2227,0,hard
5.345,3328,0,2261,0,hard
5.352,3202,0,2391,0,hard
5.358,3397,0,2526,0,hard
5.359,3408,0,2553,0,hard
5.366,3540,0,2573,0,hard
5.373,3556,0,2688,0,hard
5.375,3502,0,2699,0,hard
5.38,3485,0,2701,0,hard
5.387,3559,0,2562,0,hard
5.389,3581,0,2560,0,hard
5.394,3580,0,2434,0,hard
5.401,3576,0,2302,0,hard
5.408,3538,0,2301,0,hard
5.408,3505,0,2293,0,hard
5.416,3542,0,2311,0,hard
5.422,3624,0,2434,0,hard
5.424,3746,0,2491,0,hard
5.432,3784,0,2538,0,hard
5.435,3799,0,2561,0,hard
5.442,3794,0,2554,0,hard
5.444,3788,0,2563,0,hard
5.449,3778,0,2561,0,hard
5.456,3776,0,2523,0,hard
5.463,3739,0,2484,0,hard
5.464,3692,0,2397,0,hard
5.47,3718,0,2349,0,hard
5.477,3713,0,2383,0,hard
5.477,3723,0,2388,0,hard
5.485,3752,0,2412,0,hard
5.491,3755,0,2463,0,hard
5.498,3801,0,2550,0,hard
5.502,3814,0,2586,0,hard
5.505,3807,0,2656,0,hard
5.511,3779,0,2697,0,hard
5.518,3643,0,2635,0,hard
5.519,3387,0,2506,0,hard
5.526,2744,0,2502,0,hard
5.532,1800,0,2506,0,hard
5.536,1779,0,2510,0,hard
5.54,2802,0,2545,0,hard
5.547,3258,0,2548,0,hard
5.553,3357,0,2684,0,hard
5.554,3443,0,2756,0,hard
5.56,3571,0,2815,0,hard
5.568,3639,0,2669,0,hard
5.568,3672,0,2561,0,hard
5.576,3734,0,2451,0,hard
5.581,3823,0,2343,0,hard
5.585,3837,0,2266,0,hard
5.593,3851,0,2198,0,hard
5.595,3863,0,2098,0,hard
5.602,3867,0,2242,0,hard
5.604,3866,0,2321,0,hard
5.609,3871,0,2216,0,hard
5.616,3861,0,2286,0,hard
5.622,3844,0,2419,0,hard
5.624,3825,0,2453,0,hard
5.63,3793,0,2500,0,hard
5.637,3669,0,2532,0,hard
5.643,3574,0,2534,0,hard
5.644,3563,0,2681,0,hard
5.651,3562,0,2781,0,hard
5.658,3575,0,2853,0,hard
5.658,3558,0,2973,0,hard
5.666,3549,0,3025,0,hard
5.672,3585,0,3031,0,hard
5.674,3623,0,2892,0,hard
5.682,3630,0,2848,0,hard
5.685,3614,0,2756,0,hard
5.692,3596,0,2712,0,hard
5.694,3650,0,2544,0,hard
5.699,3706,0,2498,0,hard
5.706,3750,0,2443,0,hard
5.713,3786,0,2404,0,hard
5.713,3805,0,2347,0,hard
5.72,3808,0,2320,0,hard
5.727,3820,0,2350,0,hard
5.729,3828,0,2390,0,hard
5.734,3837,0,2428,0,hard
5.741,3845,0,2466,0,hard
5.747,3849,0,2375,0,hard
5.749,3835,0,2358,0,hard
5.755,3821,0,2334,0,hard
5.762,3831,0,2324,0,hard
5.768,3860,0,2306,0,hard
5.769,3885,0,2351,0,hard
5.775,3886,0,2447,0,hard
5.783,3891,0,2481,0,hard
5.783,3889,0,2520,0,hard
5.791,3884,0,2503,0,hard
5.796,3865,0,2501,0,hard
5.803,3830,0,2495,0,hard
5.803,3806,0,2522,0,hard
5.81,3761,0,2533,0,hard
5.817,3656,0,2584,0,hard
5.818,3611,0,2683,0,hard
5.827,3654,0,2833,0,hard
5.831,3597,0,2779,0,hard
5.835,3489,0,2578,0,hard
5.838,3349,0,2514,0,hard
5.845,3379,0,2494,0,hard
5.852,3521,0,2485,0,hard
5.858,3605,0,2562,0,hard
5.859,3682,0,2592,0,hard
5.866,3557,0,2515,0,hard
5.873,3450,0,2089,0,hard
5.877,3522,0,0,0,hard
5.88,3513,0,0,0,hard
5.886,3493,0,0,0,hard
5.893,3622,0,0,0,hard
5.894,3793,0,2308,0,hard
5.901,3853,0,3269,0,hard
5.907,3905,0,3483,0,hard
5.908,3936,0,3552,0,hard
5.914,3949,0,3518,0,hard
5.921,3949,0,3370,0,hard
5.927,3931,0,3005,0,hard
5.929,3890,0,2568,0,hard
5.935,3821,0,2359,0,hard
5.942,3784,0,2191,0,hard
5.942,3768,0,2123,0,hard
5.951,3776,0,2297,0,hard
5.956,3795,0,2561,0,hard
5.958,3809,0,2968,0,hard
5.967,3819,0,3325,0,hard
5.97,3841,0,3431,0,hard
5.977,3854,0,3446,0,hard
5.978,3855,0,3090,0,hard
5.986,3821,0,2325,0,hard
5.991,3766,0,0,0,hard
5.995,3719,0,0,0,hard
5.998,3664,0,0,0,hard
6.005,3747,0,958,0,hard
6.011,3783,0,2623,0,hard
6.013,3781,0,2951,0,hard
6.018,3779,0,3269,0,hard
6.026,3753,0,3291,0,hard
6.032,3612,0,2854,0,hard
6.033,3503,0,2593,0,hard
6.039,3513,0,2399,0,hard
6.046,3592,0,2548,0,hard
6.052,3691,0,2946,0,hard
6.053,3803,0,3292,0,hard
6.06,3857,0,3507,0,hard
6.067,3904,0,3542,0,hard
6.068,3932,0,3555,0,hard
6.074,3914,0,3556,0,hard
6.081,3871,0,3542,0,hard
6.088,3871,0,3453,0,hard
6.088,3865,0,2613,0,hard
6.095,3867,0,2134,0,hard
6.102,3840,0,1873,0,hard
6.102,3787,0,2106,0,hard
6.111,3705,0,2496,0,hard
6.116,3721,0,2600,0,hard
6.118,3829,0,2620,0,hard
6.126,3841,0,2986,0,hard
6.13,3848,0,2584,0,hard
6.137,3815,0,2053,0,hard
6.137,3709,0,0,0,hard
6.144,3659,0,0,0,hard
6.151,3711,0,0,0,hard
6.157,3773,0,1179,0,hard
6.158,3832,0,2850,0,hard
6.168,3890,0,3451,0,hard
6.172,3925,0,3619,0,hard
6.177,3941,0,3634,0,hard
6.178,3940,0,3529,0,hard
6.187,3927,0,2971,0,hard
6.193,3873,0,921,0,hard
6.194,3826,0,0,0,hard
6.201,3834,0,0,0,hard
6.206,3884,0,1971,0,hard
6.21,3913,0,2758,0,hard
6.213,3927,0,3196,0,hard
6.22,3925,0,3407,0,hard
6.227,3907,0,3476,0,hard
6.228,3902,0,3506,0,hard
6.234,3912,0,3493,0,hard
6.241,3915,0,3424,0,hard
6.247,3909,0,3346,0,hard
6.248,3879,0,3072,0,hard
6.255,3839,0,2840,0,hard
6.261,3788,0,2412,0,hard
6.266,3700,0,2785,0,hard
6.272,3669,0,3079,0,hard
6.276,3763,0,3225,0,hard
6.282,3816,0,3392,0,hard
6.283,3834,0,3437,0,hard
6.29,3819,0,3405,0,hard
6.296,3816,0,3010,0,hard
6.298,3772,0,1842,0,hard
6.307,3714,0,0,0,hard
6.31,3673,0,0,0,hard
6.317,3737,0,1928,0,hard
6.317,3786,0,2894,0,hard
6.324,3840,0,3145,0,hard
6.331,3875,0,2939,0,hard
6.333,3866,0,2134,0,hard
6.338,3817,0,1702,0,hard
6.345,3766,0,1439,0,hard
6.352,3778,0,2770,0,hard
6.352,3845,0,3195,0,hard
6.361,3916,0,3450,0,hard
6.366,3947,0,3664,0,hard
6.369,3954,0,3703,0,hard
6.373,3967,0,3722,0,hard
6.38,3966,0,3717,0,hard
6.387,3959,0,3674,0,hard
6.387,3940,0,3454,0,hard
6.394,3887,0,3080,0,hard
6.4,3820,0,2277,0,hard
6.407,3804,0,1794,0,hard
6.408,3767,0,1765,0,hard
6.414,3639,0,1812,0,hard
6.421,3687,0,2160,0,hard
6.423,3748,0,2292,0,hard
6.428,3793,0,2279,0,hard
6.435,3751,0,2157,0,hard
6.442,3615,0,1090,0,hard
6.443,2655,0,0,0,hard
6.451,1300,0,0,0,hard
6.457,0,0,0,0,hard
6.462,0,0,0,0,hard
6.466,0,0,0,0,hard
6.47,0,0,0,0,hard
6.477,0,0,0,0,hard
6.477,0,0,0,0,hard
6.485,0,0,0,0,hard
6.491,0,0,0,0,hard
6.493,0,0,0,0,hard
6.498,0,0,0,0,hard
6.505,0,0,0,0,hard
6.511,0,0,0,0,hard
6.513,0,0,0,0,hard
6.518,0,0,0,0,hard
6.526,0,0,0,0,hard
6.532,0,0,0,0,hard
6.533,0,0,0,0,hard
6.539,0,0,0,0,hard
6.547,0,0,0,0,hard
6.552,0,0,0,0,hard
6.553,0,0,0,0,hard
6.561,0,0,0,0,hard
6.567,0,0,0,0,hard
6.568,0,0,0,0,hard
6.574,0,0,0,0,hard
6.581,0,0,0,0,hard
6.587,0,0,0,0,hard
6.588,0,0,0,0,hard
6.595,0,0,0,0,hard
6.602,0,0,0,0,hard
6.603,0,0,0,0,hard
6.609,0,0,0,0,hard
6.616,0,0,0,0,hard
6.622,0,0,0,0,hard
6.623,0,0,0,0,hard
6.63,0,0,0,0,hard
6.636,0,0,0,0,hard
6.637,0,0,0,0,hard
6.646,2050,0,0,0,hard
6.646,2901,0,0,0,hard
6.656,3226,0,0,0,hard
6.662,3263,0,0,0,hard
6.666,3305,0,0,0,hard
6.67,3085,0,0,0,hard
6.67,3108,0,0,0,hard
6.678,3352,0,1688,0,hard
6.687,3623,0,2194,0,hard
6.688,3727,0,2447,0,hard
6.697,3720,0,2351,0,hard
6.701,3648,0,2508,0,hard
6.706,3593,0,2802,0,hard
6.711,3679,0,2948,0,hard
6.713,3765,0,3258,0,hard
6.72,3828,0,3316,0,hard
6.727,3870,0,3575,0,hard
6.728,3883,0,3675,0,hard
6.734,3892,0,3749,0,hard
6.741,3889,0,3806,0,hard
6.747,3898,0,3826,0,hard
6.748,3894,0,3818,0,hard
6.755,3895,0,3781,0,hard
6.762,3885,0,3701,0,hard
6.766,3852,0,3651,0,hard
6.77,3784,0,3560,0,hard
6.775,3762,0,3614,0,hard
6.779,3762,0,3731,0,hard
6.783,3811,0,3775,0,hard
6.79,3851,0,3797,0,hard
6.796,3898,0,3797,0,hard
6.798,3925,0,3800,0,hard
6.803,3942,0,3802,0,hard
6.811,3962,0,3807,0,hard
6.817,3965,0,3831,0,hard
6.818,3964,0,3838,0,hard
6.824,3954,0,3797,0,hard
6.831,3952,0,3769,0,hard
6.837,3960,0,3793,0,hard
6.838,3968,0,3784,0,hard
6.845,3976,0,3807,0,hard
6.848,3983,0,3810,0,hard
6.852,3986,0,3828,0,hard
6.86,4002,0,3826,0,hard
6.866,4004,0,3823,0,hard
6.869,4000,0,3838,0,hard
6.873,4002,0,3816,0,hard
6.88,3996,0,3779,0,hard
6.886,3983,0,3690,0,hard
6.888,3971,0,3629,0,hard
6.894,3969,0,3719,0,hard
6.901,3988,0,3761,0,hard
6.906,3996,0,3808,0,hard
6.908,4006,0,3825,0,hard
6.914,4012,0,3829,0,hard
6.922,4012,0,3842,0,hard
6.922,4022,0,3842,0,hard
6.93,4018,0,3844,0,hard
6.936,4017,0,3848,0,hard
6.938,4013,0,3793,0,hard
6.946,4004,0,3804,0,hard
6.949,4001,0,3822,0,hard
6.956,4009,0,3800,0,hard
6.957,4013,0,3852,0,hard
6.966,4011,0,3867,0,hard
6.97,4014,0,3863,0,hard
6.977,4012,0,3863,0,hard
6.977,4019,0,3843,0,hard
6.984,4017,0,3840,0,hard
6.991,4013,0,3850,0,hard
6.991,4011,0,3841,0,hard
7.0,4011,0,3815,0,hard
7.005,4009,0,3778,0,hard
7.012,4003,0,3767,0,hard
7.016,3994,0,3778,0,hard
7.019,4006,0,3801,0,hard
7.025,4009,0,3806,0,hard
7.027,4011,0,3823,0,hard
7.032,4006,0,3829,0,hard
7.041,4006,0,3819,0,hard
7.046,4005,0,3814,0,hard
7.049,4006,0,3803,0,hard
7.053,4003,0,3829,0,hard
7.061,3997,0,3836,0,hard
7.067,4002,0,3832,0,hard
7.067,4011,0,3836,0,hard
7.074,4009,0,3845,0,hard
7.081,4004,0,3844,0,hard
7.083,3999,0,3836,0,hard
7.091,3995,0,3826,0,hard
7.095,4003,0,3828,0,hard
7.099,4013,0,3831,0,hard
7.102,4019,0,3857,0,hard
7.109,4017,0,3873,0,hard
7.115,4016,0,3870,0,hard
7.117,4019,0,3854,0,hard
7.123,4022,0,3858,0,hard
7.13,4021,0,3841,0,hard
7.137,4018,0,3821,0,hard
7.137,4014,0,3811,0,hard
7.145,4014,0,3805,0,hard
7.15,4017,0,3780,0,hard
7.152,4015,0,3710,0,hard
7.157,4011,0,3692,0,hard
7.167,4010,0,3579,0,hard
7.172,4012,0,3489,0,hard
7.172,4014,0,3502,0,hard
7.182,4014,0,3420,0,hard
7.185,4017,0,3432,0,hard
7.189,4018,0,1326,0,hard
7.192,4000,0,2032,0,hard
7.2,4011,0,1723,3703,hard
7.206,3991,0,2330,3525,hard
7.207,3980,0,2356,2807,hard
7.213,3983,0,0,0,hard
7.22,3986,0,0,0,hard
7.226,3983,0,0,0,hard
7.227,3988,0,1185,0,hard
7.234,3984,0,3238,0,hard
7.241,4002,0,3141,0,hard
7.242,4022,0,2639,0,hard
7.25,4032,0,2579,0,hard
7.255,4032,0,2845,0,hard
7.258,4031,0,3323,2765,hard
7.262,4025,0,3015,0,hard
7.269,4014,0,1548,0,hard
7.275,4011,0,0,0,hard
7.277,4011,0,0,0,hard
7.284,4003,0,0,0,hard
7.291,3991,0,286,0,hard
7.296,3988,0,1778,0,hard
7.3,3994,0,379,0,hard
7.303,4010,0,0,0,hard
7.31,4020,0,1857,0,hard
7.316,4018,0,2471,0,hard
7.317,4020,0,2370,0,hard
7.324,4025,0,2576,0,hard
7.331,4029,0,3163,0,hard
7.332,4026,0,3145,0,hard
7.338,4022,0,1475,0,hard
7.345,4007,0,0,0,hard
7.345,3997,0,0,0,hard
7.353,3992,0,0,0,hard
7.359,4001,0,0,3289,hard
7.366,4005,0,0,3324,hard
7.367,4008,0,0,3221,hard
7.373,4013,0,0,3511,hard
7.38,4017,0,0,3564,hard
7.386,4010,0,0,2703,hard
7.387,3996,0,0,0,hard
7.394,3995,0,0,0,hard
7.4,4001,0,0,2232,hard
7.402,4007,0,0,2874,hard
7.407,4013,0,0,2559,hard
7.415,4006,0,0,0,hard
7.421,4001,0,0,2772,hard
7.422,4007,0,0,2854,hard
7.428,4013,0,0,0,hard
7.435,4016,0,0,0,hard
7.441,4018,0,0,0,hard
7.442,4017,0,2248,0,hard
7.45,4022,0,2910,0,hard
7.456,4031,0,3205,0,hard
7.457,4030,0,3264,0,hard
7.463,4030,0,3312,0,hard
7.47,4019,0,3411,0,hard
7.476,4019,0,3457,0,hard
7.477,4013,0,3385,0,hard
7.484,4016,0,2976,0,hard
7.487,4012,0,0,0,hard
7.492,4011,0,0,0,hard
7.498,4005,0,0,0,hard
7.505,3999,0,1917,0,hard
7.505,4006,0,3009,0,hard
7.513,4016,0,3271,0,hard
7.519,4029,0,3333,0,hard
7.526,4032,0,3341,0,hard
7.531,4030,0,3245,0,hard
7.532,4026,0,3138,0,hard
7.539,4022,0,2889,0,hard
7.542,4016,0,2211,0,hard
7.547,4010,0,1778,0,hard
7.555,4013,0,1496,0,hard
7.56,4013,0,1503,0,hard
7.566,4020,0,1592,0,hard
7.568,4027,0,2191,0,hard
7.574,4031,0,2321,0,hard
7.581,4033,0,2406,0,hard
7.582,4032,0,2507,0,hard
7.588,4030,0,2759,0,hard
7.595,4030,0,3009,0,hard
7.601,4032,0,2395,0,hard
7.602,4033,0,2267,0,hard
7.609,4030,0,1475,0,hard
7.616,4036,0,0,0,hard
7.616,4024,0,2198,0,hard
7.625,4020,0,2272,0,hard
7.629,4018,0,2233,0,hard
7.633,4015,0,0,0,hard
7.641,4013,0,0,0,hard
7.645,3996,0,0,0,hard
7.651,3984,0,0,0,hard
7.651,3976,0,0,0,hard
7.657,3966,0,1964,0,hard
7.664,3971,0,2229,0,hard
7.667,3984,0,875,0,hard
7.675,3974,0,0,0,hard
7.678,3966,0,0,0,hard
7.685,3941,0,0,0,hard
7.691,3885,0,0,0,hard
7.692,3807,0,0,0,hard
7.699,3745,0,0,0,hard
7.699,3696,0,0,0,hard
7.707,3686,0,0,0,hard
7.716,3643,0,0,0,hard
7.72,3560,0,0,0,hard
7.724,3177,0,0,2525,hard
7.727,0,0,0,3431,hard
7.734,0,0,0,3739,hard
7.741,0,0,0,3863,hard
7.742,0,0,0,3871,hard
7.747,0,0,0,3778,hard
7.755,0,0,0,3439,hard
7.761,0,0,0,0,hard
7.762,0,0,0,0,hard
7.768,0,0,0,3705,hard
7.776,0,0,0,3822,hard
7.776,0,0,0,3868,hard
7.784,0,0,0,3894,hard
7.789,0,0,0,3918,hard
7.792,0,0,0,3886,hard
7.797,0,0,0,3844,hard
7.803,0,0,0,3712,hard
7.81,0,0,0,3510,hard
7.81,0,0,0,3611,hard
7.82,0,0,0,3720,hard
7.825,0,0,0,3781,hard
7.83,0,0,0,3811,hard
7.831,0,1758,0,3824,hard
7.837,0,2182,0,3785,hard
7.845,0,2845,0,3822,hard
7.845,0,3078,0,3844,hard
7.851,0,3139,0,3844,hard
7.859,0,3045,0,3821,hard
7.866,0,2926,0,3811,hard
7.867,0,2722,0,3745,hard
7.873,0,2329,0,3654,hard
7.88,0,1850,0,3647,hard
7.885,0,2446,0,3733,hard
7.887,0,2810,0,3818,hard
7.894,0,3217,0,3894,hard
7.897,0,3279,0,3921,hard
7.901,0,3132,0,3925,hard
7.91,0,2693,0,3890,hard
7.915,0,0,0,3883,hard
7.918,0,2032,0,3868,hard
7.922,0,2939,0,3913,hard
7.928,0,3186,0,3931,hard
7.935,0,3253,0,3915,hard
7.935,0,2774,0,3888,hard
7.942,0,0,0,3741,hard
7.949,0,0,0,3423,hard
7.952,0,0,0,3296,hard
7.96,0,0,0,3648,hard
7.963,0,0,0,3770,hard
7.97,0,2214,0,3885,hard
7.971,0,3105,0,3922,hard
7.977,0,3179,0,3930,hard
7.984,0,3164,0,3916,hard
7.99,0,2978,0,3859,hard
7.993,0,1758,0,3775,hard
8.001,0,1548,0,3723,hard
8.005,0,1711,0,3765,hard
8.009,0,2255,0,3860,hard
8.012,0,2526,0,3914,hard
8.019,0,2584,0,3929,hard
8.025,0,2424,0,3924,hard
8.026,0,2248,0,3906,hard
8.032,0,2632,0,3910,hard
8.04,0,2950,0,3907,hard
8.045,0,3031,0,3895,hard
8.046,0,2778,0,3892,hard
8.053,0,2469,0,3854,hard
8.06,0,0,0,3861,hard
8.06,0,0,0,3930,hard
8.069,0,1253,0,3956,hard
8.074,0,2734,0,3971,hard
8.076,0,3044,0,3988,hard
8.084,0,2949,0,3941,hard
8.088,0,0,0,3868,hard
8.095,0,0,0,3541,hard
8.101,0,0,0,0,hard
8.102,0,0,0,0,hard
8.109,0,0,0,0,hard
8.116,0,0,0,3378,hard
8.116,0,0,0,3808,hard
8.123,0,1380,0,3901,hard
8.13,0,2795,0,3956,hard
8.135,0,3235,0,3965,hard
8.137,0,3340,0,3965,hard
8.144,0,3263,0,3967,hard
8.146,0,3022,0,3940,hard
8.151,0,2180,0,3880,hard
8.159,0,0,0,3829,hard
8.164,0,0,0,3779,hard
8.17,0,0,0,3665,hard
8.171,0,0,0,3660,hard
8.178,0,0,0,3756,hard
8.185,0,1967,0,3837,hard
8.189,0,2769,0,3890,hard
8.192,0,3153,0,3915,hard
8.199,0,3164,0,3934,hard
8.199,0,3103,0,3927,hard
8.206,0,3033,0,3908,hard
8.213,0,3013,0,3900,hard
8.22,0,3140,0,3879,hard
8.224,0,3166,0,3875,hard
8.227,0,3202,0,3876,hard
8.234,0,3169,0,3883,hard
8.241,0,2987,0,3879,hard
8.241,0,2237,0,3883,hard
8.249,0,1514,0,3877,hard
8.255,0,1339,0,3878,hard
8.257,0,1500,0,3898,hard
8.265,0,2030,0,3929,hard
8.269,0,2405,0,3943,hard
8.273,0,2867,0,3946,hard
8.276,0,2854,0,3953,hard
8.283,0,2417,0,3945,hard
8.289,0,2190,0,3930,hard
8.291,0,1991,0,3929,hard
8.299,0,2100,0,3933,hard
8.303,0,2712,0,3940,hard
8.31,0,3143,0,3945,hard
8.31,0,3227,0,3953,hard
8.317,0,3279,0,3944,hard
8.324,0,3257,0,3940,hard
8.326,0,3089,0,3939,hard
8.335,0,2588,0,3912,hard
8.338,0,2176,0,3887,hard
8.345,0,1941,0,3884,hard
8.345,0,1985,0,3892,hard
8.352,0,2389,0,3909,hard
8.359,0,3007,0,3920,hard
8.361,0,3178,0,3930,hard
8.368,0,3237,0,3936,hard
8.373,0,3266,0,3946,hard
8.38,0,3251,0,3948,hard
8.38,0,3229,0,3953,hard
8.388,0,3178,0,3949,hard
8.393,0,3095,0,3942,hard
8.4,0,2984,0,3929,hard
8.404,0,2774,0,3929,hard
8.407,0,2372,0,3928,hard
8.415,0,2393,0,3912,hard
8.415,0,2383,0,3914,hard
8.421,0,2169,0,3927,hard
8.428,0,2123,0,3928,hard
8.435,0,2225,0,3933,hard
8.436,0,2658,0,3946,hard
8.442,0,3139,0,3951,hard
8.449,0,3276,0,3961,hard
8.455,0,3331,0,3966,hard
8.456,0,3326,0,3960,hard
8.463,0,3243,0,3954,hard
8.469,0,3061,0,3943,hard
8.471,0,2372,0,3920,hard
8.479,0,1989,0,3898,hard
8.484,0,2003,0,3902,hard
8.49,0,2216,0,3912,hard
8.491,0,2832,0,3930,hard
8.497,0,3064,0,3945,hard
8.504,0,3119,0,3952,hard
8.506,0,3114,0,3955,hard
8.511,0,3077,0,3963,hard
8.518,0,2985,0,3964,hard
8.525,0,2941,0,3960,hard
8.525,0,2981,0,3960,hard
8.532,0,3113,0,3962,hard
8.539,0,3212,0,3960,hard
8.541,0,3243,0,3959,hard
8.546,0,3280,0,3952,hard
8.553,0,3286,0,3942,hard
8.56,0,3217,0,3936,hard
8.56,0,3137,0,3921,hard
8.569,0,3002,0,3911,hard
8.573,0,2893,0,3908,hard
8.576,0,2854,0,3917,hard
8.581,0,2977,0,3921,hard
8.588,0,3075,0,3938,hard
8.594,0,3147,0,3952,hard
8.596,0,3211,0,3954,hard
8.601,0,3229,0,3968,hard
8.609,0,3248,0,3962,hard
8.615,0,3205,0,3968,hard
8.616,0,3086,0,3971,hard
8.622,0,2817,0,3970,hard
8.629,0,2193,0,3969,hard
8.63,0,2070,0,3956,hard
8.639,0,2120,0,3955,hard
8.643,0,2176,0,3959,hard
8.647,0,2322,0,3957,hard
8.65,0,2764,0,3947,hard
8.658,0,2996,0,3954,hard
8.664,0,3187,0,3953,hard
8.669,0,3324,0,3965,hard
8.671,0,3459,0,3968,hard
8.678,0,3497,0,3963,hard
8.685,0,3476,0,3965,hard
8.686,0,3249,0,3957,hard
8.692,0,2896,0,3951,hard
8.699,0,2244,0,3936,hard
8.705,0,1895,0,3906,hard
8.705,0,1668,0,3914,hard
8.712,0,1955,0,3926,hard
8.72,0,2839,0,3937,hard
8.72,0,3170,0,3948,hard
8.728,0,3266,0,3963,hard
8.733,0,3325,0,3976,hard
8.737,0,3332,0,3978,hard
8.74,0,3290,0,3980,hard
8.747,0,3239,0,3979,hard
8.755,0,3166,0,3974,hard
8.755,0,3107,0,3966,hard
8.762,0,3062,0,3966,hard
8.769,0,2989,0,3957,hard
8.771,0,2912,0,3954,hard
8.779,0,2778,0,3948,hard
8.782,0,2333,0,3953,hard
8.789,0,2309,0,3957,hard
8.79,0,2531,0,3957,hard
8.796,0,2785,0,3962,hard
8.803,0,2950,0,3972,hard
8.81,0,3082,0,3971,hard
8.81,0,3173,0,3977,hard
8.817,0,3294,0,3980,hard
8.823,0,3345,0,3978,hard
8.825,0,3424,0,3978,hard
8.834,0,3371,0,3973,hard
8.838,0,3256,0,3958,hard
8.845,0,3072,0,3956,hard
8.845,0,2339,0,3938,hard
8.852,0,1905,0,3931,hard
8.858,0,1819,0,3926,hard
8.86,0,2052,0,3941,hard
8.869,0,2697,0,3948,hard
8.872,0,3054,0,3960,hard
8.879,0,3162,0,3971,hard
8.88,0,3212,0,3973,hard
8.886,0,3260,0,3977,hard
8.893,0,3323,0,3985,hard
8.899,0,3340,0,3982,hard
8.901,0,3332,0,3979,hard
8.907,0,3282,0,3979,hard
8.914,0,3166,0,3967,hard
8.915,0,3042,0,3964,hard
8.921,0,2814,0,3954,hard
8.928,0,2496,0,3946,hard
8.935,0,2152,0,3941,hard
8.935,0,2295,0,3949,hard
8.942,0,2922,0,3964,hard
8.949,0,3122,0,3977,hard
8.955,0,3187,0,3980,hard
8.956,0,3183,0,3983,hard
8.963,0,3103,0,3981,hard
8.969,0,2811,0,3984,hard
8.97,0,2143,0,3978,hard
8.977,0,2073,0,3977,hard
8.984,0,2185,0,3976,hard
8.989,0,2720,0,3969,hard
8.99,0,3054,0,3980,hard
8.998,0,3150,0,3974,hard
9.004,0,3182,0,3969,hard
9.006,0,3195,0,3967,hard
9.011,0,3179,0,3965,hard
9.018,0,3132,0,3956,hard
9.02,0,3094,0,3941,hard
9.025,0,2703,0,3922,hard
9.032,0,2537,0,3919,hard
9.039,0,3033,0,3931,hard
9.039,0,3195,0,3957,hard
9.046,0,3356,0,3962,hard
9.053,0,3481,0,3960,hard
9.053,0,3339,0,3962,hard
9.061,0,3111,0,3957,hard
9.07,0,2178,0,3945,hard
9.073,0,0,0,3946,hard
9.075,0,1549,0,3947,hard
9.081,0,2416,0,3957,hard
9.088,0,3199,0,3970,hard
9.094,0,3350,0,3985,hard
9.095,0,3417,0,3989,hard
9.102,0,3257,0,3986,hard
9.108,0,3097,0,3988,hard
9.11,0,2583,0,3977,hard
9.115,0,2196,0,3970,hard
9.122,0,2685,0,3973,hard
9.129,0,3074,0,3974,hard
9.129,0,3173,0,3977,hard
9.137,0,3180,0,3978,hard
9.143,0,3169,0,3979,hard
9.145,0,3136,0,3968,hard
9.15,0,3118,0,3965,hard
9.157,0,3147,0,3952,hard
9.164,0,3167,0,3960,hard
9.164,0,3177,0,3966,hard
9.171,0,3173,0,3976,hard
9.179,0,3063,0,3969,hard
9.179,0,2992,0,3966,hard
9.187,0,2820,0,3959,hard
9.192,0,2871,0,3927,hard
9.198,0,2986,0,3930,hard
9.2,0,2892,0,3904,hard
9.206,0,2036,0,3813,hard
9.213,0,0,0,3789,hard
9.218,0,0,0,3765,hard
9.22,0,0,0,3793,hard
9.227,0,0,0,3839,hard
9.234,0,1787,0,3897,hard
9.239,0,2757,0,3942,hard
9.24,0,3234,0,3972,hard
9.247,0,3596,0,3989,hard
9.25,0,3710,0,4001,hard
9.255,0,3725,0,4008,hard
9.261,0,3719,0,4010,hard
9.268,0,3661,0,4007,hard
9.27,0,3422,0,3997,hard
9.277,0,3186,0,3988,hard
9.282,0,2632,0,3978,hard
9.289,0,1844,0,3973,hard
9.293,0,1617,0,3976,hard
9.296,0,2445,0,3971,hard
9.302,0,2803,0,3964,hard
9.309,0,2877,0,3948,hard
9.31,0,3010,0,3943,hard
9.317,0,2878,0,3939,hard
9.324,0,2017,0,3940,hard
9.328,0,1392,0,3953,hard
9.331,0,2361,0,3960,hard
9.339,0,3001,0,3964,hard
9.344,0,3219,0,3962,hard
9.345,0,3351,0,3967,hard
9.353,0,3467,0,3969,hard
9.358,0,3475,0,3978,hard
9.358,0,3481,0,3969,hard
9.366,0,3292,0,3963,hard
9.373,0,2227,0,3939,hard
9.379,0,0,0,3909,hard
9.38,0,0,0,3894,hard
9.386,0,0,0,3896,hard
9.394,0,2341,0,3909,hard
9.394,0,3280,0,3947,hard
9.402,0,3515,0,3969,hard
9.407,0,3624,0,3983,hard
9.414,0,3627,0,3975,hard
9.419,0,3611,0,3971,hard
9.422,0,3598,0,3969,hard
9.428,0,3516,0,3972,hard
9.434,0,3453,0,3971,hard
9.435,0,3379,0,3973,hard
9.443,0,3370,0,3965,hard
9.443,0,3356,0,3965,hard
9.45,0,3290,0,3960,hard
9.456,0,3155,0,3954,hard
9.463,0,2963,0,3945,hard
9.463,0,2867,0,3944,hard
9.47,0,2857,0,3944,hard
9.477,0,2887,0,3954,hard
9.484,0,2465,0,3956,hard
9.489,0,0,0,3945,hard
9.493,0,0,0,3948,hard
9.498,0,0,0,3945,hard
9.498,0,2715,0,3946,hard
9.505,0,3224,0,3954,hard
9.511,0,3479,0,3963,hard
9.518,0,3289,0,3953,hard
9.524,0,2843,0,3931,hard
9.525,0,0,0,3854,hard
9.532,0,0,0,3804,hard
9.535,0,187,0,3853,hard
9.539,0,3100,0,3917,hard
9.546,0,3436,0,3946,hard
9.553,0,3582,0,3964,hard
9.559,0,3582,0,3971,hard
9.56,0,3554,0,3962,hard
9.567,0,3495,0,3949,hard
9.571,0,3131,0,3934,hard
9.578,0,2501,0,3902,hard
9.581,0,2176,0,3907,hard
9.588,0,1528,0,3901,hard
9.594,0,0,0,3876,hard
9.595,0,0,0,3845,hard
9.603,0,0,0,3765,hard
9.609,0,0,0,3641,hard
9.61,0,0,0,3504,hard
9.618,0,0,0,3605,hard
9.623,0,0,0,3774,hard
9.627,0,0,0,3823,hard
9.63,0,0,0,3765,hard
9.636,0,0,0,3501,hard
9.643,0,0,0,3231,hard
9.643,0,0,0,3139,hard
9.651,0,0,0,2984,hard
9.657,0,0,0,3068,hard
9.66,0,0,0,2122,hard
9.668,0,0,0,0,hard
9.671,0,0,0,0,hard
9.678,0,0,0,0,hard
9.68,0,0,0,0,hard
9.685,0,0,0,0,hard
9.694,0,0,0,0,hard
9.699,0,0,96,0,hard
9.702,0,0,0,0,hard
9.706,0,0,0,0,hard
9.712,0,0,0,0,hard
9.718,0,0,0,0,hard
9.718,0,0,0,0,hard
9.727,0,0,0,0,hard
9.733,0,0,1775,0,hard
9.735,0,0,2045,0,hard
9.74,0,0,2184,0,hard
9.748,0,0,2042,0,hard
9.754,0,0,818,0,hard
9.754,0,0,0,0,hard
9.761,0,0,0,0,hard
9.768,0,0,0,0,hard
9.771,0,0,541,0,hard
9.777,0,0,602,0,hard
9.782,0,0,0,0,hard
9.786,0,0,0,0,hard
9.794,0,0,0,0,hard
9.796,0,0,0,0,hard
9.803,0,0,0,0,hard
9.804,0,0,0,0,hard
9.81,0,0,0,0,hard
9.817,0,0,0,2854,hard
9.824,0,0,0,3105,hard
9.824,0,0,0,3654,hard
9.831,0,0,0,3865,hard
9.839,0,0,0,3907,hard
9.839,0,0,0,3923,hard
9.847,0,0,0,3925,hard
9.852,0,0,0,3926,hard
9.858,0,0,0,3922,hard
9.864,0,0,0,3879,hard
9.865,0,0,0,3834,hard
9.872,0,0,0,3817,hard
9.874,0,0,0,3803,hard
9.879,0,0,0,3833,hard
9.888,0,0,0,3878,hard
9.893,0,0,0,3929,hard
9.896,0,0,0,3900,hard
9.904,0,0,0,3870,hard
9.907,0,0,0,3835,hard
9.912,0,0,0,3836,hard
9.914,0,1566,0,3913,hard
9.921,0,2040,0,3956,hard
9.928,0,2691,0,3949,hard
9.929,0,2569,0,3974,hard
9.935,0,2353,0,3966,hard
9.942,0,1637,0,3965,hard
9.948,0,753,0,3940,hard
9.949,0,0,0,3919,hard
9.955,0,0,0,3911,hard
9.963,0,0,0,3883,hard
9.968,0,0,0,3845,hard
9.972,0,0,0,3841,hard
9.977,0,1303,0,3887,hard
9.983,0,1777,0,3932,hard
9.984,0,3002,0,3956,hard
9.993,0,3355,0,3955,hard
9.998,0,3401,0,3967,hard
10.003,0,3342,0,3986,hard
10.004,0,3184,0,3983,hard
10.011,0,3081,0,3996,hard
10.019,0,3045,0,4017,hard
10.023,0,3195,0,3979,hard
10.025,0,3459,0,3951,hard
10.032,0,3522,0,3950,hard
10.032,0,3391,0,3988,hard
10.039,0,3229,0,4008,hard
10.046,0,3393,0,4012,hard
10.053,0,3533,0,3998,hard
10.054,0,3594,0,3982,hard
10.06,0,3612,0,3981,hard
10.067,0,3514,0,3999,hard
10.073,0,3301,0,4015,hard
10.074,0,3134,0,4015,hard
10.081,0,3195,0,4011,hard
10.087,0,3384,0,4009,hard
10.089,0,3444,0,4002,hard
10.094,0,3282,0,4015,hard
10.101,0,3154,0,4024,hard
10.104,0,3112,0,4026,hard
10.109,0,3296,0,4027,hard
10.117,0,3384,0,4027,hard
10.123,0,3395,0,4027,hard
10.128,0,3364,0,4030,hard
10.129,0,3366,0,4025,hard
10.136,0,3506,0,4040,hard
10.139,0,3574,0,4039,hard
10.147,0,3622,0,4039,hard
10.153,0,3638,0,4036,hard
10.157,0,3616,0,4034,hard
10.157,0,3553,0,4034,hard
10.164,0,3398,0,4032,hard
10.172,0,3192,0,4030,hard
10.178,0,3112,0,4028,hard
10.183,0,3247,0,4025,hard
10.185,0,3368,0,4022,hard
10.192,0,3415,0,4025,hard
10.198,0,3382,0,4031,hard
10.199,0,3308,0,4037,hard
10.206,0,3402,0,4037,hard
10.213,0,3516,0,4034,hard
10.219,0,3579,0,4033,hard
10.221,0,3584,0,4030,hard
10.227,0,3526,0,4037,hard
10.229,0,3384,0,4040,hard
10.234,0,3289,0,4039,hard
10.242,0,3392,0,4040,hard
10.248,0,3495,0,4034,hard
10.25,0,3639,0,4036,hard
10.254,0,3611,0,4037,hard
10.261,0,3425,0,4038,hard
10.268,0,3294,0,4042,hard
10.272,0,3366,0,4025,hard
10.275,0,3432,0,4043,hard
10.282,0,3449,0,4043,hard
10.288,0,3441,0,4041,hard
10.289,0,3435,0,4040,hard
10.296,0,3405,0,4041,hard
10.303,0,3475,0,4036,hard
10.304,0,3497,0,4044,hard
10.31,0,3446,0,4035,hard
10.317,0,3332,0,4035,hard
10.323,0,3212,0,4033,hard
10.324,0,3151,0,4032,hard
10.331,0,3206,0,4028,hard
10.337,0,3323,0,4027,hard
10.339,0,3213,0,4033,hard
10.344,0,3075,0,4039,hard
10.352,0,3119,0,4042,hard
10.358,0,3324,0,4051,hard
10.359,0,3574,0,4038,hard
10.365,0,3632,0,4040,hard
10.373,0,3627,0,4044,hard
10.378,0,3465,0,4040,hard
10.379,0,3191,0,4046,hard
10.386,0,2592,0,4030,hard
10.393,0,2064,0,4032,hard
10.394,0,2562,0,4032,hard
10.4,0,2184,0,4027,hard
10.407,0,1188,0,4011,hard
10.409,0,0,0,4016,hard
10.414,0,0,0,4018,hard
10.421,0,0,0,3992,hard
10.428,0,0,0,3980,hard
10.428,0,0,0,3977,hard
10.435,0,0,0,3965,hard
10.442,0,0,0,3943,hard
10.448,0,0,0,3930,hard
10.449,0,0,0,3958,hard
10.455,0,0,0,4003,hard
10.462,0,2809,0,4014,hard
10.464,0,3586,0,4029,hard
10.472,0,3642,0,4040,hard
10.477,0,3635,0,4042,hard
10.483,0,3618,0,4039,hard
10.484,0,3472,0,4034,hard
10.49,0,2781,0,4022,hard
10.498,0,0,0,4002,hard
10.503,0,0,0,3980,hard
10.508,0,0,0,3922,hard
10.511,0,0,0,3877,hard
10.517,0,0,0,3826,hard
10.519,0,0,0,3918,hard
10.525,0,0,0,3994,hard
10.533,0,0,0,4014,hard
10.538,0,0,0,4019,hard
10.539,0,0,0,4029,hard
10.546,0,0,0,4034,hard
10.553,0,0,0,4033,hard
10.554,0,0,0,4031,hard
10.563,0,0,0,4022,hard
10.566,0,0,0,4022,hard
10.572,0,0,0,4014,hard
10.574,0,0,0,4001,hard
10.581,0,0,0,4005,hard
10.587,0,0,0,4006,hard
10.587,0,0,0,4007,hard
10.596,0,0,0,4013,hard
10.602,0,0,0,4020,hard
10.604,0,0,0,4024,hard
10.612,0,0,0,4032,hard
10.616,0,0,0,4026,hard
10.622,0,0,0,4028,hard
10.624,0,0,0,4024,hard
10.629,0,0,0,4018,hard
10.638,0,0,0,4020,hard
10.644,0,0,0,4012,hard
10.648,0,0,0,4022,hard
10.65,0,0,0,4014,hard
10.657,0,0,0,4019,hard
10.663,0,2227,0,4014,hard
10.664,0,2236,0,4011,hard
10.673,0,0,0,4012,hard
10.678,0,0,0,4010,hard
10.678,0,0,0,4000,hard
10.687,0,0,0,3998,hard
10.692,0,0,0,3988,hard
10.695,0,0,0,3989,hard
10.699,0,0,0,3999,hard
10.706,0,0,0,4007,hard
10.712,0,0,0,4014,hard
10.712,0,1633,0,4017,hard
10.72,0,1869,0,4012,hard
10.727,0,1854,0,4011,hard
10.728,0,1037,0,4013,hard
10.737,0,0,0,4008,hard
10.74,0,0,0,3997,hard
10.748,0,0,0,4002,hard
10.748,0,0,0,3998,hard
10.754,0,0,0,4000,hard
10.761,0,0,0,4008,hard
10.764,0,1036,0,4008,hard
10.773,0,2272,0,4004,hard
10.775,0,2998,0,4018,hard
10.782,0,3119,0,4017,hard
10.784,0,2807,0,4014,hard
10.789,0,910,0,4008,hard
10.796,0,0,0,3992,hard
10.803,0,0,0,3975,hard
10.807,0,0,0,3966,hard
10.81,0,0,0,3967,hard
10.817,0,0,0,3969,hard
10.822,0,0,0,3978,hard
10.824,0,0,0,3983,hard
10.831,0,0,0,3992,hard
10.837,0,0,0,3985,hard
10.838,0,0,0,3965,hard
10.844,0,0,0,3960,hard
10.851,0,0,0,3915,hard
10.857,0,0,0,3894,hard
10.858,0,0,0,3896,hard
10.865,0,0,0,3911,hard
10.872,0,0,0,3891,hard
10.873,0,0,0,3896,hard
10.881,0,0,0,3874,hard
10.886,0,0,0,3764,hard
10.889,0,0,0,3633,hard
10.897,0,0,0,3510,hard
10.9,0,0,0,3184,hard
10.907,0,0,0,995,hard
10.908,0,0,0,0,hard
10.914,0,0,0,0,hard
10.921,0,0,0,0,hard
10.926,0,0,0,0,hard
10.928,0,0,0,0,hard
10.935,0,0,0,0,hard
10.943,0,0,0,0,hard
10.943,0,0,0,0,hard
10.951,0,0,0,0,hard
10.956,0,0,0,0,hard
10.963,264,0,0,0,hard
10.967,0,0,0,0,hard
10.97,0,0,0,0,hard
10.976,0,0,692,0,hard
10.978,0,0,1500,0,hard
10.983,0,0,0,0,hard
10.991,0,0,0,0,hard
10.997,0,0,0,0,hard
11.0,0,0,0,0,hard
11.004,0,0,0,0,hard
11.011,0,0,0,0,hard
11.017,0,0,0,0,hard
11.018,0,0,0,0,hard
11.025,0,0,0,0,hard
11.032,0,0,0,0,hard
11.032,0,0,1000,0,hard
11.04,0,0,2066,0,hard
11.046,0,0,2283,0,hard
11.048,0,0,2284,0,hard
11.057,2794,0,2117,0,hard
11.062,3241,0,1983,0,hard
11.067,3254,0,1822,0,hard
11.073,3147,0,353,0,hard
11.075,2972,0,1816,0,hard
11.082,0,0,2078,0,hard
11.086,0,0,2160,0,hard
11.09,0,0,1912,0,hard
11.095,3696,0,594,0,hard
11.102,3815,0,0,0,hard
11.107,3683,0,0,0,hard
11.109,0,0,0,0,hard
11.115,0,0,0,0,hard
11.122,0,0,0,0,hard
11.124,3308,0,0,0,hard
11.132,3684,0,1747,0,hard
11.136,3834,0,1742,0,hard
11.14,3710,0,0,0,hard
11.143,3536,0,0,0,hard
11.15,2198,0,0,0,hard
11.157,0,0,0,0,hard
11.158,2218,0,0,0,hard
11.164,2840,0,0,0,hard
11.171,3016,0,0,0,hard
11.177,2465,0,0,0,hard
11.178,0,0,0,0,hard
11.185,0,0,0,0,hard
11.191,0,0,0,0,hard
11.193,0,0,0,0,hard
11.198,2879,0,0,0,hard
11.205,3630,0,0,0,hard
11.212,3772,0,0,0,hard
11.213,3783,0,0,0,hard
11.219,3600,0,0,0,hard
11.227,2965,0,0,0,hard
11.231,3709,0,0,0,hard
11.234,3820,0,1334,0,hard
11.241,3846,0,2488,0,hard
11.247,3808,0,2871,0,hard
11.248,3760,0,2526,0,hard
11.254,3558,0,0,0,hard
11.261,3288,0,0,0,hard
11.267,3311,0,0,0,hard
11.268,3067,0,0,0,hard
11.275,2897,0,2365,0,hard
11.282,3063,0,2993,0,hard
11.283,3240,0,3109,0,hard
11.292,3618,0,2589,0,hard
11.296,3641,0,2262,0,hard
11.3,3479,0,0,0,hard
11.303,2435,0,0,0,hard
11.31,0,0,0,0,hard
11.316,0,0,0,0,hard
11.318,0,0,0,0,hard
11.323,0,0,0,0,hard
11.331,0,0,0,0,hard
11.337,0,0,2112,0,hard
11.338,0,0,2515,0,hard
11.344,2998,0,2605,0,hard
11.351,3596,0,2579,0,hard
11.353,3568,0,2575,0,hard
11.361,3205,0,2543,0,hard
11.365,2525,0,2544,0,hard
11.369,2459,0,2491,0,hard
11.374,2529,0,2152,0,hard
11.379,2972,0,1896,0,hard
11.386,3210,0,1633,0,hard
11.392,3301,0,1848,0,hard
11.394,3536,0,1999,0,hard
11.4,3580,0,2131,0,hard
11.406,3571,0,1878,0,hard
11.408,3519,0,2058,0,hard
11.414,3446,0,2317,0,hard
11.421,3230,0,2444,0,hard
11.426,3417,0,2461,0,hard
11.428,3519,0,2423,0,hard
11.435,3595,0,2444,0,hard
11.441,3595,0,2498,0,hard
11.443,3599,0,2506,0,hard
11.448,3603,0,2488,0,hard
11.456,3635,0,2467,0,hard
11.462,3702,0,2461,0,hard
11.463,3782,0,2399,0,hard
11.469,3757,0,2392,0,hard
11.476,3712,0,2489,0,hard
11.477,3664,0,2502,0,hard
11.486,3557,0,2578,0,hard
11.49,3475,0,2603,0,hard
11.497,3514,0,2578,0,hard
11.497,3559,0,2565,0,hard
11.504,3582,0,2560,0,hard
11.511,3595,0,2582,0,hard
11.513,3634,0,2584,0,hard
11.521,3666,0,2601,0,hard
11.525,3693,0,2595,0,hard
11.529,3755,0,2592,0,hard
11.532,3800,0,2725,0,hard
11.539,3818,0,2590,0,hard
11.545,3822,0,2532,0,hard
11.548,3798,0,2512,0,hard
11.553,3788,0,2456,0,hard
11.56,3774,0,2429,0,hard
11.566,3778,0,2423,0,hard
11.566,3745,0,2409,0,hard
11.576,3684,0,2422,0,hard
11.581,3605,0,2538,0,hard
11.583,3541,0,2588,0,hard
11.588,3515,0,2653,0,hard
11.595,3554,0,2773,0,hard
11.601,3591,0,2786,0,hard
11.603,3608,0,2797,0,hard
11.608,3596,0,2790,0,hard
11.615,3568,0,2792,0,hard
11.622,3590,0,2773,0,hard
11.623,3705,0,2604,0,hard
11.629,3724,0,2574,0,hard
11.636,3736,0,2563,0,hard
11.642,3742,0,2577,0,hard
11.643,3743,0,2565,0,hard
11.65,3768,0,2555,0,hard
11.657,3788,0,2556,0,hard
11.657,3806,0,2574,0,hard
11.666,3819,0,2719,0,hard
11.671,3823,0,2709,0,hard
11.677,3834,0,2723,0,hard
11.678,3824,0,2761,0,hard
11.685,3826,0,2778,0,hard
11.692,3839,0,2761,0,hard
11.694,3847,0,2758,0,hard
11.702,3834,0,2759,0,hard
11.705,3828,0,2709,0,hard
11.71,3815,0,2704,0,hard
11.713,3805,0,2562,0,hard
11.719,3803,0,2522,0,hard
11.719,3802,0,2568,0,hard
11.727,3777,0,2700,0,hard
11.735,3790,0,2754,0,hard
11.74,3814,0,2758,0,hard
11.744,3821,0,2760,0,hard
11.752,3792,0,2750,0,hard
11.754,3716,0,2723,0,hard
11.761,3667,0,2599,0,hard
11.763,3498,0,2729,0,hard
11.768,3512,0,2743,0,hard
11.775,3530,0,2738,0,hard
11.782,3569,0,2742,0,hard
11.783,3628,0,2590,0,hard
11.789,3657,0,2702,0,hard
11.796,3686,0,2724,0,hard
11.802,3726,0,2722,0,hard
11.803,3806,0,2739,0,hard
11.81,3846,0,2723,0,hard
11.812,3881,0,2732,0,hard
11.817,3902,0,2704,0,hard
11.825,3902,0,2634,0,hard
11.83,3902,0,2441,0,hard
11.836,3892,0,2415,0,hard
11.837,3886,0,2400,0,hard
11.845,3892,0,2436,0,hard
11.852,3893,0,2430,0,hard
11.852,3886,0,2445,0,hard
11.858,3876,0,2539,0,hard
11.866,3861,0,2646,0,hard
11.872,3819,0,2750,0,hard
11.875,3779,0,2846,0,hard
11.879,3718,0,2917,0,hard
11.886,3689,0,2929,0,hard
11.887,3666,0,2950,0,hard
11.896,3606,0,2918,0,hard
11.9,3547,0,2894,0,hard
11.904,3477,0,2874,0,hard
11.912,3494,0,2825,0,hard
11.914,3566,0,2630,0,hard
11.921,3632,0,2620,0,hard
11.923,3716,0,2588,0,hard
11.928,3772,0,2577,0,hard
11.935,3800,0,2553,0,hard
11.942,3825,0,2537,0,hard
11.942,3839,0,2504,0,hard
11.949,3867,0,2500,0,hard
11.955,3888,0,2501,0,hard
11.957,3893,0,2490,0,hard
11.966,3889,0,2497,0,hard
11.969,3886,0,2462,0,hard
11.976,3882,0,2473,0,hard
11.976,3886,0,2515,0,hard
11.983,3876,0,2524,0,hard
11.99,3872,0,2623,0,hard
11.992,3873,0,2699,0,hard
11.997,3878,0,2773,0,hard
12.004,3877,0,2812,0,hard
12.011,3876,0,2845,0,hard
12.012,3865,0,2886,0,hard
12.018,3858,0,2880,0,hard
12.025,3841,0,2887,0,hard
12.031,3821,0,2848,0,hard
12.032,3816,0,2820,0,hard
12.038,3761,0,2721,0,hard
12.046,3734,0,2608,0,hard
12.047,3760,0,2601,0,hard
12.055,3777,0,2600,0,hard
12.059,3813,0,2658,0,hard
12.067,3835,0,2691,0,hard
12.067,3840,0,2813,0,hard
12.075,3884,0,2873,0,hard
12.08,3893,0,2908,0,hard
12.082,3904,0,2862,0,hard
12.092,3879,0,2680,0,hard
12.094,3854,0,2524,0,hard
12.102,3824,0,2358,0,hard
12.102,3803,0,2281,0,hard
12.108,3740,0,2288,0,hard
12.115,3722,0,2399,0,hard
12.117,3780,0,2420,0,hard
12.122,3817,0,2642,0,hard
12.129,3867,0,2731,0,hard
12.136,3893,0,2801,0,hard
12.136,3909,0,2889,0,hard
12.144,3923,0,2912,0,hard
12.15,3944,0,2935,0,hard
12.152,3951,0,2914,0,hard
12.157,3952,0,2867,0,hard
12.164,3938,0,2738,0,hard
12.171,3908,0,2383,0,hard
12.177,3893,0,2289,0,hard
12.179,3880,0,2239,0,hard
12.184,3855,0,2247,0,hard
12.191,3818,0,2310,0,hard
12.192,3822,0,2434,0,hard
12.198,3856,0,2736,0,hard
12.205,3860,0,3035,0,hard
12.205,3842,0,2997,0,hard
12.213,3764,0,3018,0,hard
12.219,3724,0,3000,0,hard
12.222,3706,0,2999,0,hard
12.23,3695,0,3014,0,hard
12.234,3740,0,3022,0,hard
12.24,3746,0,3062,0,hard
12.242,3741,0,3049,0,hard
12.247,3793,0,2952,0,hard
12.254,3823,0,2828,0,hard
12.26,3830,0,1903,0,hard
12.262,3819,0,0,0,hard
12.268,3800,0,0,0,hard
12.275,3791,0,0,0,hard
12.277,3833,0,1666,0,hard
12.282,3895,0,2804,0,hard
12.288,3945,0,3013,0,hard
12.296,3971,0,3344,0,hard
12.302,3973,0,3474,0,hard
12.303,3974,0,3462,0,hard
12.31,3965,0,3337,0,hard
12.316,3948,0,3066,0,hard
12.318,3926,0,2934,0,hard
12.323,3878,0,2776,0,hard
12.33,3826,0,2220,0,hard
12.332,3711,0,2025,0,hard
12.337,3685,0,2342,0,hard
12.344,3713,0,2821,0,hard
12.351,3772,0,3007,0,hard
12.351,3798,0,3249,0,hard
12.358,3847,0,3410,0,hard
12.365,3863,0,3420,0,hard
12.371,3880,0,3308,0,hard
12.375,3890,0,2961,0,hard
12.379,3886,0,1695,0,hard
12.385,3810,0,0,0,hard
12.385,3634,0,0,0,hard
12.393,3310,0,0,0,hard
12.4,3677,0,2043,0,hard
12.402,3773,0,2833,0,hard
12.407,3863,0,2735,0,hard
12.414,3868,0,2728,0,hard
12.421,3860,0,2707,0,hard
12.421,3861,0,2755,0,hard
12.427,3871,0,2821,0,hard
12.434,3900,0,2926,0,hard
12.437,3919,0,3242,0,hard
12.445,3941,0,3467,0,hard
12.448,3952,0,3544,0,hard
12.456,3966,0,3567,0,hard
12.456,3966,0,3571,0,hard
12.462,3972,0,3564,0,hard
12.469,3957,0,3506,0,hard
12.476,3934,0,3255,0,hard
12.48,3889,0,2718,0,hard
12.483,3860,0,1998,0,hard
12.49,3811,0,1484,0,hard
12.492,3775,0,1714,0,hard
12.497,3825,0,2471,0,hard
12.505,3879,0,2850,0,hard
12.511,3938,0,3126,0,hard
12.513,3946,0,3385,0,hard
12.518,3941,0,3372,0,hard
12.525,3907,0,2975,0,hard
12.53,3858,0,957,0,hard
12.532,3782,0,0,0,hard
12.539,3697,0,0,0,hard
12.545,3683,0,0,0,hard
12.547,3597,0,1392,0,hard
12.552,3658,0,2554,0,hard
12.559,3733,0,2841,0,hard
12.566,3853,0,3056,0,hard
12.567,3944,0,3222,0,hard
12.575,3970,0,3374,0,hard
12.581,3991,0,3531,0,hard
12.581,3999,0,3573,0,hard
12.589,4000,0,3573,0,hard
12.594,3985,0,3514,0,hard
12.598,3967,0,3230,0,hard
12.602,3891,0,2978,0,hard
12.608,3879,0,2214,0,hard
12.614,3878,0,1677,0,hard
12.617,3870,0,2350,0,hard
12.622,3875,0,2902,0,hard
12.629,3886,0,3050,0,hard
12.636,3921,0,3168,0,hard
12.636,3961,0,3198,0,hard
12.643,3975,0,3336,0,hard
12.651,3971,0,3409,0,hard
12.652,3963,0,3464,0,hard
12.657,3953,0,3465,0,hard
12.664,3929,0,3330,0,hard
12.671,3933,0,3041,0,hard
12.675,3909,0,2004,0,hard
12.677,3841,0,0,0,hard
12.686,3678,0,0,0,hard
12.686,3523,0,0,0,hard
12.693,3601,0,2722,0,hard
12.701,3699,0,3130,0,hard
12.706,3821,0,3115,0,hard
12.706,3871,0,2910,0,hard
12.716,3862,0,2264,0,hard
12.72,3804,0,2274,0,hard
12.72,3774,0,2332,0,hard
12.728,3912,0,2770,0,hard
12.736,3959,0,3212,0,hard
12.74,3982,0,3542,0,hard
12.744,3997,0,3682,0,hard
12.747,3997,0,3717,0,hard
12.754,3989,0,3714,0,hard
12.761,3970,0,3678,0,hard
12.762,3942,0,3542,0,hard
12.768,3829,0,3032,0,hard
12.775,3700,0,1025,0,hard
12.776,2452,0,0,0,hard
12.785,2052,0,0,0,hard
12.789,3419,0,0,0,hard
12.793,3734,0,835,0,hard
12.796,3867,0,2731,0,hard
12.803,3935,0,2949,0,hard
12.809,3923,0,2941,0,hard
12.812,3859,0,2441,0,hard
12.817,3550,0,0,0,hard
12.824,1114,0,0,0,hard
12.83,0,0,0,0,hard
12.831,0,0,0,0,hard
12.837,0,0,0,0,hard
12.844,0,0,0,0,hard
12.85,0,0,0,0,hard
12.852,0,0,0,0,hard
12.858,0,0,0,0,hard
12.865,0,0,0,0,hard
12.871,0,0,0,0,hard
12.875,0,0,0,0,hard
12.879,0,0,0,0,hard
12.881,0,0,0,0,hard
12.886,0,0,0,0,hard
12.895,0,0,0,0,hard
12.9,0,0,0,0,hard
12.906,0,0,0,0,hard
12.907,0,0,0,0,hard
12.914,0,0,0,0,hard
12.92,0,0,0,0,hard
12.921,0,0,0,0,hard
12.927,0,0,0,0,hard
12.935,0,0,0,0,hard
12.94,0,0,0,0,hard
12.942,0,0,0,0,hard
12.949,0,0,0,0,hard
12.955,0,0,0,0,hard
12.956,0,0,0,0,hard
12.962,0,0,0,0,hard
12.969,0,0,0,0,hard
12.976,0,0,0,0,hard
12.976,0,0,0,0,hard
12.983,0,0,0,0,hard
12.99,0,0,0,0,hard
12.99,0,0,0,0,hard
12.998,0,0,0,0,hard
13.004,0,0,0,0,hard
13.006,0,0,0,0,hard
13.011,0,0,0,0,hard
13.018,0,0,0,0,hard
13.024,0,0,0,0,hard
13.026,2937,0,0,0,hard
13.031,3248,0,0,0,hard
13.039,3602,0,0,0,hard
13.046,3710,0,0,0,hard
13.046,3678,0,0,0,hard
13.053,3697,0,0,0,hard
13.059,3645,0,1607,0,hard
13.061,3567,0,1904,0,hard
13.066,3557,0,2200,0,hard
13.076,3602,0,2003,0,hard
13.08,3582,0,1001,0,hard
13.08,3510,0,2088,0,hard
13.088,3520,0,2561,0,hard
13.094,3689,0,3047,0,hard
13.096,3778,0,3200,0,hard
13.101,3817,0,3475,0,hard
13.108,3861,0,3521,0,hard
13.115,3866,0,3655,0,hard
13.116,3863,0,3703,0,hard
13.122,3833,0,3787,0,hard
13.129,3832,0,3816,0,hard
13.136,3850,0,3823,0,hard
13.136,3880,0,3774,0,hard
13.143,3895,0,3768,0,hard
13.15,3878,0,3741,0,hard
13.151,3859,0,3736,0,hard
13.159,3826,0,3757,0,hard
13.164,3808,0,3759,0,hard
13.171,3821,0,3760,0,hard
13.171,3858,0,3775,0,hard
13.178,3893,0,3788,0,hard
13.184,3911,0,3796,0,hard
13.186,3914,0,3822,0,hard
13.191,3927,0,3829,0,hard
13.198,3962,0,3824,0,hard
13.205,3977,0,3821,0,hard
13.205,3970,0,3837,0,hard
13.213,3961,0,3825,0,hard
13.219,3958,0,3809,0,hard
13.221,3970,0,3784,0,hard
13.229,3978,0,3763,0,hard
13.233,3989,0,3781,0,hard
13.24,3988,0,3817,0,hard
13.241,3996,0,3838,0,hard
13.247,3991,0,3842,0,hard
13.254,4002,0,3835,0,hard
13.259,3997,0,3834,0,hard
13.261,3994,0,3782,0,hard
13.268,3990,0,3774,0,hard
13.275,3988,0,3776,0,hard
13.276,3982,0,3786,0,hard
13.281,3988,0,3774,0,hard
13.288,3994,0,3788,0,hard
13.295,4003,0,3835,0,hard
13.296,4008,0,3847,0,hard
13.302,4009,0,3863,0,hard
13.31,4011,0,3870,0,hard
13.315,4014,0,3863,0,hard
13.316,4018,0,3854,0,hard
13.323,4020,0,3856,0,hard
13.33,4014,0,3857,0,hard
13.331,4008,0,3836,0,hard
13.337,4010,0,3805,0,hard
13.344,4014,0,3800,0,hard
13.35,4022,0,3826,0,hard
13.351,4019,0,3848,0,hard
13.358,4019,0,3851,0,hard
13.365,4016,0,3849,0,hard
13.365,4013,0,3855,0,hard
13.373,4011,0,3854,0,hard
13.378,4010,0,3830,0,hard
13.381,4010,0,3800,0,hard
13.389,4008,0,3781,0,hard
13.392,4001,0,3772,0,hard
13.4,3998,0,3762,0,hard
13.4,4001,0,3783,0,hard
13.406,4013,0,3805,0,hard
13.413,4019,0,3827,0,hard
13.416,4017,0,3863,0,hard
13.424,4016,0,3860,0,hard
13.428,4014,0,3849,0,hard
13.434,4016,0,3828,0,hard
13.436,4012,0,3819,0,hard
13.441,4010,0,3809,0,hard
13.448,4010,0,3785,0,hard
13.455,4003,0,3754,0,hard
13.456,4004,0,3728,0,hard
13.462,4000,0,3727,0,hard
13.469,4006,0,3746,0,hard
13.475,4007,0,3775,0,hard
13.476,4006,0,3810,0,hard
13.483,4017,0,3841,0,hard
13.49,4020,0,3864,0,hard
13.491,4025,0,3887,0,hard
13.499,4024,0,3882,0,hard
13.504,4023,0,3879,0,hard
13.507,4023,0,3878,0,hard
13.511,4023,0,3870,0,hard
13.518,4022,0,3864,0,hard
13.525,4024,0,3854,0,hard
13.527,4024,0,3817,0,hard
13.532,4023,0,3780,0,hard
13.539,4021,0,3753,0,hard
13.545,4015,0,3689,0,hard
13.546,4015,0,3580,0,hard
13.552,4019,0,3497,0,hard
13.56,4022,0,3530,0,hard
13.56,4013,0,3172,0,hard
13.568,4006,0,3222,0,hard
13.573,4014,0,1967,3756,hard
13.576,3999,0,1385,2575,hard
13.585,3992,0,0,0,hard
13.587,3982,0,0,0,hard
13.594,3973,0,0,0,hard
13.594,3950,0,0,0,hard
13.601,3946,0,0,0,hard
13.609,3935,0,2657,0,hard
13.615,3979,0,2623,0,hard
13.618,4015,0,2610,0,hard
13.622,4027,0,2947,0,hard
13.629,4029,0,3369,0,hard
13.635,4032,0,3436,0,hard
13.637,4032,0,3201,0,hard
13.643,4032,0,3203,0,hard
13.65,4029,0,3011,0,hard
13.654,4010,0,2422,0,hard
13.656,4001,0,0,0,hard
13.664,3998,0,0,0,hard
13.666,4001,0,0,0,hard
13.671,4012,0,1358,0,hard
13.677,4019,0,2402,0,hard
13.685,4016,0,2385,0,hard
13.69,4016,0,2222,0,hard
13.692,4017,0,2043,0,hard
13.699,4019,0,1309,0,hard
13.705,4017,0,560,0,hard
13.706,4004,0,0,0,hard
13.712,4004,0,0,0,hard
13.719,4012,0,0,0,hard
13.721,4018,0,0,0,hard
13.728,4012,0,0,0,hard
13.728,4010,0,0,0,hard
13.737,4007,0,0,0,hard
13.745,3998,0,0,1786,hard
13.747,3990,0,0,0,hard
13.754,3994,0,0,0,hard
13.754,4007,0,0,3379,hard
13.762,4010,0,0,3482,hard
13.767,4021,0,0,3028,hard
13.775,4012,0,0,0,hard
13.779,4006,0,0,1883,hard
13.782,4006,0,0,1860,hard
13.788,3994,0,0,0,hard
13.795,3987,0,0,0,hard
13.796,3986,0,0,0,hard
13.803,3990,0,0,0,hard
13.809,3992,0,0,0,hard
13.812,3996,0,0,0,hard
13.816,4008,0,224,0,hard
13.823,4008,0,1993,0,hard
13.83,4014,0,2641,0,hard
13.83,4021,0,2883,0,hard
13.837,4022,0,3060,0,hard
13.843,4012,0,3249,0,hard
13.845,4014,0,3433,0,hard
13.854,4008,0,3443,0,hard
13.858,4006,0,3396,0,hard
13.865,4006,0,2990,0,hard
13.865,4007,0,2135,0,hard
13.871,4003,0,1485,0,hard
13.878,4006,0,1817,0,hard
13.88,4004,0,2642,0,hard
13.886,4005,0,3123,0,hard
13.893,4006,0,3188,0,hard
13.9,4015,0,3268,0,hard
13.9,4017,0,3246,0,hard
13.906,4025,0,3104,0,hard
13.913,4019,0,3023,0,hard
13.915,4016,0,2564,0,hard
13.92,4015,0,2289,0,hard
13.927,4007,0,2096,0,hard
13.934,4004,0,1880,0,hard
13.935,4003,0,1822,0,hard
13.941,4011,0,1822,0,hard
13.948,4011,0,1819,0,hard
13.954,4025,0,1896,0,hard
13.956,4024,0,2142,0,hard
13.962,4028,0,2725,0,hard
13.968,4032,0,3238,0,hard
13.97,4032,0,3309,0,hard
13.979,4032,0,3121,0,hard
13.983,4027,0,2671,0,hard
13.99,4023,0,0,0,hard
13.99,4017,0,0,0,hard
13.997,4017,0,1684,0,hard
14.003,4012,0,2356,0,hard
14.005,4011,0,2581,0,hard
14.01,4010,0,1981,0,hard
14.018,4011,0,0,0,hard
14.024,4001,0,0,0,hard
14.025,3989,0,0,0,hard
14.031,3970,0,1735,0,hard
14.039,3957,0,1959,0,hard
14.044,3955,0,1727,0,hard
14.045,3949,0,0,0,hard
14.053,3943,0,0,0,hard
14.059,3907,0,0,0,hard
14.06,3847,0,0,0,hard
14.066,3755,0,0,0,hard
14.073,3621,0,0,0,hard
14.077,3434,0,0,0,hard
14.08,3388,0,0,0,hard
14.088,3291,0,0,0,hard
14.094,3147,0,0,0,hard
14.1,2685,0,0,1457,hard
14.101,0,0,0,2783,hard
14.108,0,0,0,3393,hard
14.114,0,0,0,3486,hard
14.115,0,0,0,3701,hard
14.122,0,0,0,3624,hard
14.129,0,0,0,3315,hard
14.135,0,0,0,3386,hard
14.136,0,0,0,3449,hard
14.142,0,0,0,3735,hard
14.149,0,0,0,3855,hard
14.15,0,0,0,3855,hard
14.156,0,0,0,3876,hard
14.163,0,0,0,3904,hard
14.165,0,0,0,3907,hard
14.17,0,0,0,3885,hard
14.177,0,0,0,3794,hard
14.184,0,0,0,3673,hard
14.184,0,0,0,3412,hard
14.193,0,0,0,3440,hard
14.198,0,0,0,3553,hard
14.2,0,1866,0,3776,hard
14.208,0,2373,0,3845,hard
14.212,0,2579,0,3877,hard
14.219,0,2804,0,3876,hard
14.219,0,2808,0,3835,hard
14.226,0,2781,0,3780,hard
14.233,0,2859,0,3689,hard
14.235,0,2881,0,3663,hard
14.24,0,2900,0,3704,hard
14.247,0,2898,0,3758,hard
14.254,0,2780,0,3802,hard
14.254,0,2773,0,3855,hard
14.265,0,2940,0,3908,hard
14.267,0,3164,0,3924,hard
14.27,0,3297,0,3942,hard
14.278,0,3303,0,3928,hard
14.281,0,3173,0,3897,hard
14.288,0,2413,0,3879,hard
14.29,0,0,0,3804,hard
14.295,0,0,0,3610,hard
14.303,0,0,0,3103,hard
14.309,0,0,0,3749,hard
14.312,0,1653,0,3873,hard
14.316,0,3121,0,3955,hard
14.323,0,3251,0,3981,hard
14.325,0,3123,0,3975,hard
14.33,0,2701,0,3919,hard
14.339,0,1478,0,3824,hard
14.344,0,0,0,3703,hard
14.349,0,0,0,3628,hard
14.352,0,1478,0,3727,hard
14.359,0,1711,0,3842,hard
14.363,0,2277,0,3854,hard
14.368,0,2802,0,3865,hard
14.373,0,2967,0,3873,hard
14.379,0,3087,0,3871,hard
14.384,0,3125,0,3878,hard
14.386,0,3127,0,3891,hard
14.393,0,3045,0,3881,hard
14.393,0,2495,0,3876,hard
14.401,0,1745,0,3882,hard
14.407,0,0,0,3873,hard
14.414,0,0,0,3866,hard
14.419,0,0,0,3820,hard
14.42,0,0,0,3784,hard
14.428,0,2445,0,3832,hard
14.43,0,2907,0,3922,hard
14.437,0,3207,0,3927,hard
14.443,0,3074,0,3935,hard
14.448,0,2792,0,3923,hard
14.451,0,1931,0,3929,hard
14.459,0,1772,0,3956,hard
14.462,0,2912,0,3969,hard
14.469,0,3115,0,3965,hard
14.469,0,3036,0,3960,hard
14.478,0,1286,0,3895,hard
14.483,0,0,0,3556,hard
14.485,0,0,0,0,hard
14.493,0,0,0,0,hard
14.497,0,0,0,0,hard
14.504,0,0,0,3434,hard
14.509,0,0,0,3845,hard
14.511,0,1900,0,3935,hard
14.517,0,3105,0,3961,hard
14.524,0,3344,0,3961,hard
14.528,0,3350,0,3967,hard
14.531,0,3221,0,3966,hard
14.538,0,2829,0,3950,hard
14.541,0,2015,0,3936,hard
14.546,0,0,0,3931,hard
14.552,0,0,0,3906,hard
14.559,0,0,0,3835,hard
14.563,0,0,0,3730,hard
14.566,0,0,0,3678,hard
14.573,0,2158,0,3784,hard
14.578,0,2703,0,3875,hard
14.58,0,3096,0,3910,hard
14.587,0,3182,0,3935,hard
14.594,0,3148,0,3939,hard
14.598,0,3119,0,3923,hard
14.601,0,3084,0,3905,hard
14.607,0,3062,0,3894,hard
14.614,0,3205,0,3884,hard
14.615,0,3247,0,3881,hard
14.623,0,3245,0,3895,hard
14.628,0,3185,0,3903,hard
14.631,0,2968,0,3902,hard
14.635,0,2285,0,3897,hard
14.643,0,1571,0,3896,hard
14.649,0,993,0,3900,hard
14.65,0,1097,0,3916,hard
14.656,0,2044,0,3940,hard
14.663,0,2485,0,3955,hard
14.665,0,3140,0,3953,hard
14.673,0,3202,0,3959,hard
14.678,0,3219,0,3958,hard
14.684,0,3162,0,3958,hard
14.689,0,3121,0,3961,hard
14.691,0,3039,0,3959,hard
14.697,0,2673,0,3952,hard
14.7,0,2144,0,3951,hard
14.705,0,832,0,3942,hard
14.712,0,863,0,3936,hard
14.718,0,1110,0,3928,hard
14.72,0,2024,0,3930,hard
14.726,0,2684,0,3936,hard
14.733,0,3111,0,3934,hard
14.739,0,3297,0,3943,hard
14.739,0,3374,0,3948,hard
14.746,0,3467,0,3951,hard
14.754,0,3469,0,3952,hard
14.754,0,3393,0,3950,hard
14.763,0,3276,0,3933,hard
14.768,0,3093,0,3915,hard
14.771,0,2825,0,3906,hard
14.779,0,2597,0,3891,hard
14.781,0,2588,0,3892,hard
14.788,0,2591,0,3903,hard
14.79,0,2802,0,3921,hard
14.795,0,2954,0,3931,hard
14.802,0,3076,0,3949,hard
14.809,0,3138,0,3950,hard
14.81,0,3141,0,3965,hard
14.816,0,3091,0,3974,hard
14.824,0,3042,0,3971,hard
14.824,0,2780,0,3970,hard
14.832,0,2284,0,3956,hard
14.837,0,1985,0,3956,hard
14.844,0,1577,0,3939,hard
14.849,0,1733,0,3939,hard
14.851,0,2270,0,3936,hard
14.857,0,2879,0,3947,hard
14.859,0,3218,0,3953,hard
14.865,0,3377,0,3959,hard
14.871,0,3468,0,3969,hard
14.878,0,3452,0,3964,hard
14.879,0,3335,0,3957,hard
14.885,0,3000,0,3951,hard
14.893,0,2688,0,3938,hard
14.899,0,2651,0,3919,hard
14.899,0,2275,0,3918,hard
14.906,0,2404,0,3918,hard
14.913,0,2748,0,3919,hard
14.914,0,3069,0,3921,hard
14.92,0,3282,0,3947,hard
14.927,0,3446,0,3949,hard
14.934,0,3528,0,3973,hard
14.935,0,3512,0,3974,hard
14.941,0,3445,0,3969,hard
14.948,0,3275,0,3962,hard
14.949,0,3089,0,3958,hard
14.958,0,2746,0,3941,hard
14.962,0,2183,0,3939,hard
14.969,0,1107,0,3932,hard
14.969,0,0,0,3936,hard
14.978,0,0,0,3940,hard
14.982,0,1185,0,3946,hard
14.985,0,2151,0,3955,hard
14.99,0,2608,0,3961,hard
14.997,0,3163,0,3973,hard
15.004,0,3359,0,3985,hard
15.004,0,3492,0,3987,hard
15.011,0,3531,0,3986,hard
15.017,0,3487,0,3986,hard
15.02,0,3372,0,3973,hard
15.024,0,3099,0,3948,hard
15.032,0,2563,0,3923,hard
15.038,0,1653,0,3907,hard
15.039,0,1101,0,3897,hard
15.045,0,1578,0,3909,hard
15.052,0,2498,0,3925,hard
15.058,0,2979,0,3940,hard
15.059,0,3134,0,3962,hard
15.066,0,3288,0,3972,hard
15.073,0,3347,0,3973,hard
15.079,0,3297,0,3975,hard
15.08,0,3214,0,3970,hard
15.087,0,3078,0,3957,hard
15.093,0,3110,0,3958,hard
15.094,0,3240,0,3959,hard
15.101,0,3361,0,3955,hard
15.108,0,3466,0,3952,hard
15.114,0,3458,0,3952,hard
15.115,0,3374,0,3937,hard
15.121,0,3006,0,3932,hard
15.128,0,2126,0,3929,hard
15.129,0,1110,0,3921,hard
15.135,0,2031,0,3927,hard
15.142,0,2511,0,3944,hard
15.144,0,3052,0,3968,hard
15.15,0,3296,0,3972,hard
15.157,0,3358,0,3980,hard
15.163,0,3379,0,3986,hard
15.163,0,3326,0,3985,hard
15.17,0,3222,0,3985,hard
15.179,0,3020,0,3985,hard
15.179,0,2441,0,3982,hard
15.184,0,1924,0,3973,hard
15.191,0,1172,0,3972,hard
15.198,0,963,0,3961,hard
15.198,0,1624,0,3952,hard
15.206,0,2493,0,3949,hard
15.212,0,3087,0,3969,hard
15.214,0,3365,0,3973,hard
15.219,0,3492,0,3980,hard
15.226,0,3534,0,3979,hard
15.232,0,3526,0,3981,hard
15.234,0,3464,0,3974,hard
15.24,0,3193,0,3966,hard
15.247,0,2944,0,3946,hard
15.253,0,2748,0,3924,hard
15.254,0,2710,0,3917,hard
15.261,0,2788,0,3925,hard
15.267,0,3057,0,3936,hard
15.269,0,3182,0,3953,hard
15.274,0,3299,0,3966,hard
15.282,0,3364,0,3977,hard
15.288,0,3363,0,3981,hard
15.289,0,3260,0,3988,hard
15.296,0,3138,0,3988,hard
15.302,0,3056,0,3987,hard
15.309,0,2927,0,3983,hard
15.312,0,2795,0,3979,hard
15.316,0,2780,0,3974,hard
15.323,0,2701,0,3979,hard
15.328,0,2644,0,3980,hard
15.33,0,2800,0,3983,hard
15.337,0,2680,0,3979,hard
15.339,0,2430,0,3983,hard
15.347,0,2180,0,3982,hard
15.351,0,2191,0,3984,hard
15.358,0,2568,0,3984,hard
15.358,0,2991,0,3983,hard
15.364,0,3148,0,3988,hard
15.371,0,3294,0,3987,hard
15.378,0,3393,0,3982,hard
15.379,0,3413,0,3981,hard
15.385,0,3399,0,3975,hard
15.392,0,3313,0,3966,hard
15.392,0,3132,0,3941,hard
15.401,0,2890,0,3928,hard
15.406,0,2664,0,3926,hard
15.413,0,2918,0,3928,hard
15.414,0,3064,0,3950,hard
15.42,0,3313,0,3959,hard
15.427,0,3437,0,3970,hard
15.433,0,3471,0,3975,hard
15.434,0,3457,0,3979,hard
15.441,0,3415,0,3979,hard
15.447,0,3221,0,3960,hard
15.449,0,2532,0,3960,hard
15.455,0,976,0,3948,hard
15.462,0,0,0,3950,hard
15.468,0,0,0,3964,hard
15.469,0,2240,0,3970,hard
15.475,0,3044,0,3979,hard
15.483,0,3274,0,3988,hard
15.484,0,3378,0,3994,hard
15.492,0,3318,0,3987,hard
15.496,0,3091,0,3987,hard
15.504,0,2803,0,3990,hard
15.504,0,2816,0,3986,hard
15.511,0,2964,0,3985,hard
15.518,0,3133,0,3987,hard
15.519,0,3286,0,3986,hard
15.524,0,3327,0,3989,hard
15.531,0,3241,0,3980,hard
15.538,0,3177,0,3971,hard
15.538,0,3041,0,3969,hard
15.545,0,3092,0,3967,hard
15.552,0,3160,0,3960,hard
15.554,0,3171,0,3969,hard
15.559,0,3014,0,3976,hard
15.566,0,2804,0,3964,hard
15.573,0,2722,0,3967,hard
15.573,0,2808,0,3964,hard
15.581,0,3009,0,3965,hard
15.587,0,3308,0,3970,hard
15.589,0,3429,0,3969,hard
15.597,0,3304,0,3960,hard
15.6,0,3006,0,3945,hard
15.607,0,1860,0,3911,hard
15.614,0,0,0,3892,hard
15.614,0,0,0,3875,hard
15.621,0,0,0,3902,hard
15.628,0,1610,0,3920,hard
15.629,0,2986,0,3967,hard
15.635,0,3469,0,3986,hard
15.642,0,3667,0,4001,hard
15.648,0,3681,0,4009,hard
15.649,0,3669,0,4016,hard
15.656,0,3612,0,4015,hard
15.663,0,3398,0,4007,hard
15.663,0,3234,0,3998,hard
15.672,0,3037,0,3992,hard
15.677,0,2790,0,3985,hard
15.68,0,2509,0,3980,hard
15.684,0,2172,0,3975,hard
15.691,0,2684,0,3961,hard
15.698,0,2810,0,3945,hard
15.699,0,2914,0,3940,hard
15.705,0,3065,0,3943,hard
15.712,0,2910,0,3948,hard
15.718,0,2419,0,3962,hard
15.719,0,2525,0,3962,hard
15.726,0,2860,0,3964,hard
15.732,0,3277,0,3965,hard
15.734,0,3410,0,3966,hard
15.74,0,3416,0,3964,hard
15.746,0,3154,0,3950,hard
15.746,0,2581,0,3898,hard
15.754,0,0,0,3811,hard
15.76,0,0,0,3845,hard
15.767,0,1388,0,3895,hard
15.772,0,2987,0,3942,hard
15.774,0,3494,0,3967,hard
15.781,0,3626,0,3980,hard
15.788,0,3710,0,3984,hard
15.789,0,3717,0,3989,hard
15.795,0,3705,0,3989,hard
15.802,0,3670,0,3990,hard
15.808,0,3593,0,3988,hard
15.809,0,3572,0,3981,hard
15.816,0,3465,0,3978,hard
15.823,0,3293,0,3971,hard
15.823,0,3199,0,3968,hard
15.831,0,3008,0,3962,hard
15.837,0,2691,0,3964,hard
15.843,0,2796,0,3963,hard
15.843,0,3028,0,3966,hard
15.851,0,3116,0,3968,hard
15.857,0,3097,0,3977,hard
15.859,0,2471,0,3975,hard
15.864,0,1210,0,3951,hard
15.872,0,0,0,3943,hard
15.878,0,0,0,3940,hard
15.879,0,2313,0,3963,hard
15.885,0,3227,0,3976,hard
15.892,0,3212,0,3968,hard
15.892,0,2964,0,3950,hard
15.899,0,1566,0,3914,hard
15.906,0,937,0,3913,hard
15.909,0,1610,0,3901,hard
15.917,0,3184,0,3947,hard
15.92,0,3322,0,3954,hard
15.927,0,3499,0,3972,hard
15.929,0,3483,0,3981,hard
15.934,0,3455,0,3983,hard
15.942,0,3498,0,3980,hard
15.948,0,3387,0,3976,hard
15.951,0,3087,0,3960,hard
15.955,0,2893,0,3942,hard
15.962,0,2083,0,3933,hard
15.968,0,1342,0,3915,hard
15.969,0,0,0,3891,hard
15.976,0,0,0,3880,hard
15.983,0,0,0,3812,hard
15.983,0,0,0,3633,hard
15.991,0,0,0,3553,hard
15.996,0,0,0,3486,hard
16.0,0,0,0,3609,hard
16.004,0,0,0,3693,hard
16.012,0,0,0,3656,hard
16.018,0,0,0,3447,hard
16.023,0,0,0,3282,hard
16.027,0,0,0,2643,hard
16.031,0,0,0,3367,hard
16.037,0,0,0,3390,hard
16.039,0,0,0,2010,hard
16.045,0,0,0,1978,hard
16.052,0,0,0,1868,hard
16.054,0,0,0,0,hard
16.059,0,0,0,0,hard
16.067,0,0,0,0,hard
16.072,0,0,0,0,hard
16.073,0,0,0,0,hard
16.08,0,0,0,0,hard
16.086,0,0,0,0,hard
16.089,0,0,0,0,hard
16.094,0,0,0,0,hard
16.101,0,0,0,0,hard
16.107,0,0,0,0,hard
16.107,0,0,0,0,hard
16.114,0,0,0,0,hard
16.121,0,0,0,0,hard
16.124,0,0,0,0,hard
16.128,0,0,0,0,hard
16.136,0,0,0,0,hard
16.142,0,0,0,0,hard
16.142,0,0,0,0,hard
16.15,0,0,1156,0,hard
16.156,0,0,1584,0,hard
16.159,0,0,1846,0,hard
16.167,0,0,0,0,hard
16.17,0,0,0,0,hard
16.177,0,0,0,0,hard
16.18,0,0,0,0,hard
16.184,0,0,0,0,hard
16.191,0,0,0,0,hard
16.198,0,0,0,0,hard
16.2,0,0,0,0,hard
16.208,0,0,0,3168,hard
16.212,0,0,0,3466,hard
16.216,0,0,0,3530,hard
16.219,0,0,0,3673,hard
16.226,0,0,0,3817,hard
16.233,0,0,0,3917,hard
16.233,0,0,0,3907,hard
16.241,0,0,0,3929,hard
16.246,0,0,0,3939,hard
16.249,0,0,0,3934,hard
16.253,0,1650,0,3931,hard
16.261,0,1522,0,3931,hard
16.267,0,0,0,3949,hard
16.267,0,0,0,3966,hard
16.274,0,0,0,3948,hard
16.281,0,0,0,3928,hard
16.283,0,0,0,3932,hard
16.292,0,0,0,3933,hard
16.295,0,0,0,3930,hard
16.302,0,0,0,3904,hard
16.302,0,1504,0,3912,hard
16.309,0,1491,0,3961,hard
16.316,0,2291,0,3972,hard
16.323,0,2053,0,3972,hard
16.327,0,1897,0,3955,hard
16.33,0,0,0,3906,hard
16.336,0,0,0,3891,hard
16.338,0,0,0,3891,hard
16.343,0,0,0,3907,hard
16.352,0,2405,0,3929,hard
16.357,0,3068,0,3924,hard
16.36,0,3343,0,3944,hard
16.364,0,3434,0,3954,hard
16.372,0,3430,0,3964,hard
16.378,0,3434,0,3977,hard
16.38,0,3424,0,4005,hard
16.385,0,3411,0,4008,hard
16.392,0,3533,0,4004,hard
16.393,0,3562,0,3992,hard
16.401,0,3554,0,3980,hard
16.406,0,3484,0,3984,hard
16.413,0,3436,0,3987,hard
16.413,0,3388,0,3979,hard
16.42,0,3393,0,3991,hard
16.426,0,3456,0,3995,hard
16.428,0,3524,0,4004,hard
16.434,0,3551,0,4005,hard
16.441,0,3587,0,4000,hard
16.448,0,3635,0,3998,hard
16.448,0,3625,0,4007,hard
16.455,0,3584,0,4009,hard
16.462,0,3533,0,4018,hard
16.468,0,3486,0,4025,hard
16.468,0,3453,0,4021,hard
16.475,0,3516,0,4018,hard
16.482,0,3550,0,4018,hard
16.483,0,3470,0,4027,hard
16.489,0,3450,0,4035,hard
16.496,0,3455,0,4033,hard
16.502,0,3543,0,4033,hard
16.503,0,3544,0,4034,hard
16.51,0,3523,0,4027,hard
16.517,0,3496,0,4035,hard
16.518,0,3393,0,4036,hard
16.524,0,3448,0,4037,hard
16.531,0,3523,0,4035,hard
16.533,0,3515,0,4035,hard
16.538,0,3520,0,4033,hard
16.547,0,3484,0,4033,hard
16.552,0,3452,0,4035,hard
16.555,0,3483,0,4033,hard
16.559,0,3533,0,4037,hard
16.566,0,3550,0,4033,hard
16.572,0,3517,0,4038,hard
16.573,0,3522,0,4033,hard
16.581,0,3383,0,4037,hard
16.587,0,3331,0,4031,hard
16.587,0,3382,0,4026,hard
16.595,0,3402,0,4028,hard
16.601,0,3398,0,4034,hard
16.607,0,3411,0,4034,hard
16.608,0,3452,0,4033,hard
16.614,0,3458,0,4041,hard
16.622,0,3533,0,4028,hard
16.627,0,3516,0,4040,hard
16.628,0,3588,0,4037,hard
16.636,0,3621,0,4038,hard
16.642,0,3651,0,4040,hard
16.644,0,3651,0,4034,hard
16.649,0,3615,0,4038,hard
16.656,0,3471,0,4039,hard
16.662,0,3411,0,4034,hard
16.663,0,3445,0,4037,hard
16.67,0,3502,0,4042,hard
16.677,0,3554,0,4037,hard
16.68,0,3577,0,4032,hard
16.686,0,3574,0,4044,hard
16.691,0,3538,0,4036,hard
16.694,0,3517,0,4040,hard
16.699,0,3515,0,4042,hard
16.705,0,3528,0,4039,hard
16.711,0,3532,0,4043,hard
16.713,0,3546,0,4046,hard
16.718,0,3554,0,4044,hard
16.726,0,3466,0,4044,hard
16.732,0,3414,0,4049,hard
16.732,0,3353,0,4044,hard
16.74,0,3325,0,4044,hard
16.746,0,3388,0,4050,hard
16.752,0,3393,0,4036,hard
16.752,0,3271,0,4037,hard
16.761,0,3102,0,4034,hard
16.766,0,2519,0,4034,hard
16.768,0,2390,0,4033,hard
16.775,0,1864,0,4038,hard
16.782,0,2844,0,4036,hard
16.787,0,3422,0,4035,hard
16.788,2972,3485,0,4032,hard
16.795,0,3501,0,4031,hard
16.802,0,3268,0,4010,hard
16.802,0,2843,0,4017,hard
16.81,0,0,0,4025,hard
16.816,0,0,0,4019,hard
16.818,0,3166,0,3985,hard
16.823,0,2897,0,3993,hard
16.83,0,0,0,4002,hard
16.837,0,0,0,4001,hard
16.837,0,0,0,3996,hard
16.845,0,0,0,3977,hard
16.851,0,0,0,3971,hard
16.853,0,0,0,3980,hard
16.862,0,0,0,3983,hard
16.865,0,0,0,3995,hard
16.872,0,0,0,4001,hard
16.872,0,0,0,4002,hard
16.881,0,0,0,4014,hard
16.885,0,0,0,4015,hard
16.888,0,0,0,4016,hard
16.893,0,0,0,4012,hard
16.899,0,0,0,4012,hard
16.907,0,0,0,4000,hard
16.907,0,0,0,3997,hard
16.914,0,0,0,3996,hard
16.92,0,0,0,4009,hard
16.927,0,0,0,4022,hard
16.931,0,0,0,4023,hard
16.934,0,0,0,4036,hard
16.941,0,0,0,4036,hard
16.941,0,0,0,4035,hard
16.948,0,0,0,4037,hard
16.954,0,0,0,4034,hard
16.962,0,0,0,4036,hard
16.966,0,0,0,4028,hard
16.969,0,0,0,4018,hard
16.976,0,0,0,4013,hard
16.982,0,0,0,4009,hard
16.983,0,0,0,4007,hard
16.99,0,0,0,4010,hard
16.996,0,0,0,4018,hard
16.998,0,0,0,4026,hard
17.003,0,0,0,4024,hard
17.01,0,0,0,4026,hard
17.017,0,783,0,4022,hard
17.018,0,1548,0,4013,hard
17.024,0,1064,0,4015,hard
17.031,0,1564,0,4018,hard
17.036,0,1939,0,4015,hard
17.038,0,1582,0,4010,hard
17.045,0,0,0,4014,hard
17.051,0,0,0,4002,hard
17.053,0,0,0,4006,hard
17.059,0,0,0,4002,hard
17.066,0,0,0,3994,hard
17.072,0,0,0,4004,hard
17.073,0,0,0,4012,hard
17.082,0,549,0,4010,hard
17.087,0,2235,0,4019,hard
17.087,0,2526,0,4019,hard
17.095,0,2431,0,4021,hard
17.1,0,2038,0,4013,hard
17.104,0,1112,0,4009,hard
17.107,0,0,0,4001,hard
17.114,0,0,0,4002,hard
17.121,0,0,0,3990,hard
17.123,0,0,0,3981,hard
17.128,0,0,0,3981,hard
17.135,0,0,0,3991,hard
17.142,0,0,0,3999,hard
17.143,0,0,0,4010,hard
17.149,0,3059,0,4014,hard
17.157,0,3222,0,4019,hard
17.157,0,3140,0,4022,hard
17.165,0,2913,0,4021,hard
17.17,0,0,0,4009,hard
17.177,0,0,0,3995,hard
17.181,0,0,0,3977,hard
17.184,0,0,0,3961,hard
17.19,0,0,0,3945,hard
17.193,0,0,0,3956,hard
17.198,0,0,0,3974,hard
17.205,0,0,0,3998,hard
17.211,0,1496,0,4011,hard
17.213,0,1258,0,4012,hard
17.218,0,0,0,4002,hard
17.226,0,0,0,3988,hard
17.232,0,0,0,3969,hard
17.233,0,0,0,3933,hard
17.239,0,0,0,3929,hard
17.246,0,0,0,3901,hard
17.246,0,0,0,3885,hard
17.255,0,0,0,3887,hard
17.26,0,0,0,3916,hard
17.267,0,0,0,3904,hard
17.271,0,0,0,3866,hard
17.274,0,0,0,3792,hard
17.282,0,0,0,3573,hard
17.282,0,0,0,3262,hard
17.287,0,0,0,1807,hard
17.296,0,0,0,0,hard
17.301,0,0,0,0,hard
17.304,0,0,0,0,hard
17.309,0,0,0,0,hard
17.316,0,0,0,0,hard
17.322,0,0,0,0,hard
17.323,0,0,0,0,hard
17.33,2094,0,0,0,hard
17.336,2181,0,0,0,hard
17.337,2206,0,0,0,hard
17.343,3016,0,0,0,hard
17.35,2903,0,0,0,hard
17.352,2929,0,0,0,hard
17.357,0,0,0,0,hard
17.366,0,0,0,0,hard
17.371,0,0,1566,0,hard
17.374,0,0,1048,0,hard
17.382,0,0,0,0,hard
17.385,0,0,0,0,hard
17.392,2057,0,0,0,hard
17.392,2947,0,0,0,hard
17.399,2127,0,0,0,hard
17.406,0,0,0,0,hard
17.407,0,0,0,0,hard
17.416,0,0,0,0,hard
17.42,0,0,0,0,hard
17.427,0,0,0,0,hard
17.427,0,0,1338,0,hard
17.433,0,0,2345,0,hard
17.44,3438,0,2626,0,hard
17.442,3776,0,2655,0,hard
17.447,3842,0,2655,0,hard
17.454,3852,0,2645,0,hard
17.462,3855,0,2567,0,hard
17.462,3820,0,2170,0,hard
17.468,3779,0,1979,0,hard
17.475,3533,0,1625,0,hard
17.482,0,0,934,0,hard
17.482,0,0,0,0,hard
17.489,3141,0,0,0,hard
17.496,3765,0,0,0,hard
17.496,3853,0,0,0,hard
17.505,3682,0,0,0,hard
17.51,449,0,0,0,hard
17.512,0,0,0,0,hard
17.517,0,0,0,0,hard
17.524,2695,0,0,0,hard
17.53,3490,0,0,0,hard
17.532,3128,0,0,0,hard
17.538,2909,0,0,0,hard
17.545,3009,0,1841,0,hard
17.552,3677,0,1797,0,hard
17.552,3698,0,0,0,hard
17.559,3633,0,0,0,hard
17.565,1019,0,0,0,hard
17.567,0,0,0,0,hard
17.572,0,0,0,0,hard
17.58,0,0,0,0,hard
17.587,0,0,0,0,hard
17.587,3683,0,1413,0,hard
17.595,3749,0,1933,0,hard
17.601,3780,0,2935,0,hard
17.606,3857,0,3083,0,hard
17.608,3901,0,3110,0,hard
17.617,3932,0,3205,0,hard
17.622,3937,0,3185,0,hard
17.626,3898,0,2967,0,hard
17.631,3760,0,2103,0,hard
17.635,3660,0,0,0,hard
17.639,3758,0,0,0,hard
17.644,3561,0,0,0,hard
17.649,2438,0,0,0,hard
17.656,0,0,0,0,hard
17.661,0,0,2254,0,hard
17.663,0,0,3121,0,hard
17.67,3547,0,3075,0,hard
17.677,3855,0,2724,0,hard
17.677,3835,0,2011,0,hard
17.685,3353,0,1478,0,hard
17.69,0,0,0,0,hard
17.694,0,0,0,0,hard
17.697,1954,0,0,0,hard
17.705,2772,0,0,0,hard
17.711,3099,0,0,0,hard
17.712,0,0,1434,0,hard
17.718,0,0,2267,0,hard
17.726,0,0,2328,0,hard
17.731,1594,0,2329,0,hard
17.732,2763,0,2329,0,hard
17.739,2491,0,2329,0,hard
17.746,1433,0,2330,0,hard
17.747,1452,0,2242,0,hard
17.753,1981,0,2173,0,hard
17.76,2119,0,2158,0,hard
17.766,2033,0,2190,0,hard
17.767,2831,0,2252,0,hard
17.774,3195,0,2347,0,hard
17.781,3536,0,2549,0,hard
17.782,3639,0,2584,0,hard
17.79,3708,0,2407,0,hard
17.794,3713,0,2256,0,hard
17.802,3649,0,2204,0,hard
17.806,3561,0,2125,0,hard
17.809,3345,0,2247,0,hard
17.815,3357,0,2253,0,hard
17.817,3517,0,2377,0,hard
17.822,3578,0,2274,0,hard
17.829,3610,0,2263,0,hard
17.837,3611,0,2277,0,hard
17.837,3572,0,2282,0,hard
17.844,3612,0,2391,0,hard
17.85,3728,0,2311,0,hard
17.856,3799,0,2272,0,hard
17.857,3812,0,2296,0,hard
17.864,3826,0,2408,0,hard
17.871,3836,0,2495,0,hard
17.872,3840,0,2506,0,hard
17.878,3851,0,2335,0,hard
17.885,3843,0,2272,0,hard
17.891,3839,0,2330,0,hard
17.892,3837,0,2400,0,hard
17.899,3825,0,2385,0,hard
17.906,3829,0,2447,0,hard
17.907,3818,0,2449,0,hard
17.915,3785,0,2505,0,hard
17.919,3690,0,2533,0,hard
17.927,3628,0,2686,0,hard
17.927,3600,0,2751,0,hard
17.933,3604,0,2542,0,hard
17.941,3494,0,2525,0,hard
17.942,3345,0,2486,0,hard
17.948,3047,0,2498,0,hard
17.955,2838,0,2507,0,hard
17.961,3368,0,2519,0,hard
17.962,3604,0,2491,0,hard
17.969,3680,0,2511,0,hard
17.975,3706,0,2506,0,hard
17.977,3740,0,2537,0,hard
17.985,3758,0,2514,0,hard
17.99,3809,0,2537,0,hard
17.996,3831,0,2353,0,hard
17.997,3846,0,2328,0,hard
18.006,3855,0,2319,0,hard
18.01,3863,0,2307,0,hard
18.012,3860,0,2458,0,hard
18.017,3861,0,2544,0,hard
18.024,3859,0,2688,0,hard
18.031,3863,0,2655,0,hard
18.031,3861,0,2653,0,hard
18.038,3847,0,2674,0,hard
18.045,3811,0,2686,0,hard
18.047,3764,0,2693,0,hard
18.052,3721,0,2699,0,hard
18.059,3680,0,2739,0,hard
18.065,3672,0,2693,0,hard
18.067,3645,0,2679,0,hard
18.073,3687,0,2666,0,hard
18.08,3735,0,2680,0,hard
18.086,3756,0,2685,0,hard
18.087,3790,0,2683,0,hard
18.094,3832,0,2674,0,hard
18.1,3844,0,2658,0,hard
18.102,3854,0,2674,0,hard
18.11,3839,0,2641,0,hard
18.115,3840,0,2608,0,hard
18.12,3837,0,2485,0,hard
18.122,3838,0,2404,0,hard
18.128,3842,0,2285,0,hard
18.135,3837,0,2241,0,hard
18.141,3828,0,2233,0,hard
18.142,3803,0,2334,0,hard
18.149,3737,0,2564,0,hard
18.156,3712,0,2848,0,hard
18.157,3738,0,3074,0,hard
18.163,3790,0,3110,0,hard
18.17,3816,0,3099,0,hard
18.176,3827,0,3087,0,hard
18.177,3816,0,3023,0,hard
18.184,3808,0,2630,0,hard
18.191,3830,0,2540,0,hard
18.192,3843,0,2492,0,hard
18.2,3861,0,2453,0,hard
18.204,3867,0,2401,0,hard
18.208,3889,0,2384,0,hard
18.211,3883,0,2454,0,hard
18.219,3884,0,2514,0,hard
18.225,3890,0,2541,0,hard
18.231,3893,0,2590,0,hard
18.232,3907,0,2526,0,hard
18.24,3879,0,2508,0,hard
18.246,3856,0,2388,0,hard
18.247,3836,0,2425,0,hard
18.253,3759,0,2413,0,hard
18.26,3733,0,2639,0,hard
18.26,3698,0,2665,0,hard
18.269,3730,0,2691,0,hard
18.274,3833,0,2666,0,hard
18.281,3841,0,2823,0,hard
18.285,3846,0,2923,0,hard
18.288,3862,0,2955,0,hard
18.295,3887,0,2990,0,hard
18.295,3891,0,2944,0,hard
18.302,3897,0,2884,0,hard
18.308,3876,0,2826,0,hard
18.316,3838,0,2655,0,hard
18.32,3801,0,2295,0,hard
18.323,3722,0,2293,0,hard
18.329,3684,0,2296,0,hard
18.336,3712,0,2200,0,hard
18.336,3754,0,2306,0,hard
18.344,3825,0,2395,0,hard
18.35,3863,0,2708,0,hard
18.352,3874,0,3069,0,hard
18.357,3900,0,3138,0,hard
18.364,3901,0,3159,0,hard
18.371,3911,0,3107,0,hard
18.371,3909,0,2943,0,hard
18.378,3897,0,2458,0,hard
18.385,3887,0,2148,0,hard
18.386,3872,0,2070,0,hard
18.392,3856,0,2038,0,hard
18.399,3886,0,2036,0,hard
18.405,3893,0,2099,0,hard
18.406,3900,0,2265,0,hard
18.413,3905,0,2792,0,hard
18.42,3897,0,2937,0,hard
18.425,3857,0,3067,0,hard
18.427,3842,0,3144,0,hard
18.434,3811,0,3165,0,hard
18.44,3769,0,3181,0,hard
18.441,3716,0,3191,0,hard
18.447,3704,0,3115,0,hard
18.454,3712,0,3056,0,hard
18.461,3745,0,2927,0,hard
18.461,3776,0,2751,0,hard
18.468,3811,0,2712,0,hard
18.475,3850,0,2821,0,hard
18.476,3888,0,2811,0,hard
18.485,3897,0,2628,0,hard
18.489,3906,0,2490,0,hard
18.493,3907,0,2411,0,hard
18.497,3911,0,2162,0,hard
18.503,3902,0,2133,0,hard
18.51,3900,0,2110,0,hard
18.51,3896,0,2104,0,hard
18.518,3892,0,2128,0,hard
18.524,3891,0,2145,0,hard
18.531,3897,0,2174,0,hard
18.531,3893,0,2299,0,hard
18.538,3890,0,2432,0,hard
18.545,3890,0,2523,0,hard
18.545,3896,0,2563,0,hard
18.553,3917,0,2577,0,hard
18.559,3926,0,2558,0,hard
18.565,3921,0,2629,0,hard
18.57,3910,0,2539,0,hard
18.573,3902,0,2529,0,hard
18.579,3895,0,2487,0,hard
18.583,3882,0,2390,0,hard
18.586,3865,0,2455,0,hard
18.595,3856,0,2639,0,hard
18.6,3821,0,2743,0,hard
18.603,3806,0,2428,0,hard
18.607,3781,0,2792,0,hard
18.614,3815,0,3068,0,hard
18.62,3841,0,3170,0,hard
18.621,3856,0,3215,0,hard
18.628,3850,0,3252,0,hard
18.635,3806,0,2975,0,hard
18.636,3793,0,2021,0,hard
18.644,3746,0,0,0,hard
18.649,3714,0,0,0,hard
18.656,3771,0,0,0,hard
18.656,3828,0,0,0,hard
18.663,3871,0,1928,0,hard
18.669,3919,0,2862,0,hard
18.671,3957,0,3316,0,hard
18.677,3974,0,3434,0,hard
18.684,3983,0,3432,0,hard
18.69,3979,0,3365,0,hard
18.69,3968,0,3234,0,hard
18.697,3932,0,2925,0,hard
18.704,3901,0,2715,0,hard
18.706,3846,0,2433,0,hard
18.714,3821,0,2236,0,hard
18.718,3805,0,2232,0,hard
18.725,3818,0,2573,0,hard
18.725,3827,0,2909,0,hard
18.732,3861,0,3305,0,hard
18.739,3903,0,3382,0,hard
18.741,3924,0,3403,0,hard
18.746,3929,0,3376,0,hard
18.753,3917,0,2817,0,hard
18.76,3907,0,1734,0,hard
18.76,3833,0,0,0,hard
18.767,3790,0,0,0,hard
18.774,3777,0,0,0,hard
18.776,3699,0,2476,0,hard
18.784,3766,0,2768,0,hard
18.788,3829,0,2756,0,hard
18.794,3822,0,2586,0,hard
18.801,3827,0,2634,0,hard
18.801,3839,0,2810,0,hard
18.808,3876,0,2904,0,hard
18.815,3913,0,3236,0,hard
18.816,3933,0,3415,0,hard
18.823,3932,0,3533,0,hard
18.83,3944,0,3562,0,hard
18.831,3950,0,3580,0,hard
18.836,3964,0,3572,0,hard
18.844,3951,0,3547,0,hard
18.85,3930,0,3487,0,hard
18.85,3922,0,3361,0,hard
18.858,3934,0,2930,0,hard
18.864,3935,0,2640,0,hard
18.866,3923,0,2459,0,hard
18.871,3914,0,2742,0,hard
18.878,3902,0,2897,0,hard
18.885,3921,0,3041,0,hard
18.886,3938,0,3156,0,hard
18.892,3927,0,3246,0,hard
18.899,3915,0,3001,0,hard
18.905,3897,0,2389,0,hard
18.906,3889,0,0,0,hard
18.913,3883,0,0,0,hard
18.92,3863,0,0,0,hard
18.92,3872,0,1681,0,hard
18.929,3905,0,2771,0,hard
18.934,3932,0,3010,0,hard
18.94,3939,0,3044,0,hard
18.941,3932,0,3150,0,hard
18.947,3929,0,3317,0,hard
18.955,3952,0,3404,0,hard
18.96,3980,0,3397,0,hard
18.961,3994,0,3306,0,hard
18.968,3999,0,3287,0,hard
18.976,3981,0,3298,0,hard
18.98,3940,0,3304,0,hard
18.984,3920,0,3126,0,hard
18.988,3905,0,3000,0,hard
18.995,3922,0,2949,0,hard
19.0,3912,0,2947,0,hard
19.004,3906,0,3067,0,hard
19.008,3920,0,3264,0,hard
19.011,3938,0,3362,0,hard
19.018,3958,0,3382,0,hard
19.024,3953,0,3404,0,hard
19.026,3938,0,3413,0,hard
19.031,3935,0,3390,0,hard
19.038,3925,0,3287,0,hard
19.044,3926,0,3283,0,hard
19.044,3930,0,3013,0,hard
19.053,3889,0,2754,0,hard
19.059,3830,0,0,0,hard
19.061,3670,0,0,0,hard
19.069,3676,0,0,0,hard
19.072,3879,0,2303,0,hard
19.079,3940,0,3025,0,hard
19.084,3968,0,3282,0,hard
19.086,3976,0,3434,0,hard
19.093,3965,0,3526,0,hard
19.096,3951,0,3162,0,hard
19.101,3941,0,2673,0,hard
19.107,3930,0,962,0,hard
19.114,3895,0,0,0,hard
19.114,3838,0,2221,0,hard
19.123,3873,0,3017,0,hard
19.128,3926,0,3495,0,hard
19.135,3973,0,3638,0,hard
19.135,3982,0,3702,0,hard
19.142,3987,0,3724,0,hard
19.148,3974,0,3667,0,hard
19.151,3940,0,3562,0,hard
19.156,3905,0,2796,0,hard
19.163,3878,0,0,0,hard
19.169,3674,0,0,0,hard
19.169,3091,0,0,0,hard
19.177,3182,0,0,0,hard
19.184,3733,0,1323,0,hard
19.19,3888,0,2430,0,hard
19.191,3932,0,2751,0,hard
19.197,3933,0,2741,0,hard
19.204,3869,0,2296,0,hard
19.206,3426,0,0,0,hard
19.211,0,0,0,0,hard
19.218,0,0,0,0,hard
19.225,0,0,0,0,hard
19.226,0,0,0,0,hard
19.232,0,0,0,0,hard
19.239,0,0,0,0,hard
19.244,0,0,0,0,hard
19.246,0,0,0,0,hard
19.253,0,0,0,0,hard
19.26,0,0,0,0,hard
19.261,0,0,0,0,hard
19.267,0,0,0,0,hard
19.274,0,0,0,0,hard
19.28,0,0,0,0,hard
19.284,0,0,0,0,hard
19.288,0,0,0,0,hard
19.295,0,0,0,0,hard
19.3,0,0,0,0,hard
19.303,0,0,0,0,hard
19.309,0,0,0,0,hard
19.315,0,0,0,0,hard
19.315,0,0,0,0,hard
19.324,0,0,0,0,hard
19.329,0,0,0,0,hard
19.332,0,0,0,0,hard
19.336,0,0,0,0,hard
19.344,0,0,0,0,hard
19.35,0,0,0,0,hard
19.351,0,0,0,0,hard
19.357,0,0,0,0,hard
19.364,0,0,0,0,hard
19.37,0,0,0,0,hard
19.371,0,0,0,0,hard
19.378,0,0,0,0,hard
19.385,0,0,0,0,hard
19.385,0,0,0,0,hard
19.393,0,0,0,0,hard
19.398,0,0,0,0,hard
19.402,0,0,0,0,hard
19.406,0,0,0,0,hard
19.413,0,0,0,0,hard
19.419,0,0,0,0,hard
19.42,1917,0,0,0,hard
19.426,2698,0,0,0,hard
19.434,3057,0,0,0,hard
19.44,3088,0,1404,0,hard
19.441,3232,0,1580,0,hard
19.447,3314,0,1924,0,hard
19.454,3486,0,1741,0,hard
19.454,3594,0,1589,0,hard
19.463,3655,0,0,0,hard
19.468,3602,0,0,0,hard
19.471,3633,0,0,0,hard
19.48,3715,0,1261,0,hard
19.484,3796,0,1987,0,hard
19.489,3866,0,2402,0,hard
19.489,3864,0,3086,0,hard
19.496,3871,0,3543,0,hard
19.503,3887,0,3697,0,hard
19.51,3882,0,3721,0,hard
19.514,3899,0,3750,0,hard
19.517,3908,0,3782,0,hard
19.524,3905,0,3755,0,hard
19.524,3903,0,3744,0,hard
19.531,3899,0,3756,0,hard
19.537,3898,0,3750,0,hard
19.545,3905,0,3786,0,hard
19.549,3906,0,3797,0,hard
19.552,3897,0,3810,0,hard
19.558,3891,0,3820,0,hard
19.56,3903,0,3821,0,hard
19.565,3896,0,3793,0,hard
19.572,3896,0,3780,0,hard
19.579,3922,0,3762,0,hard
19.584,3922,0,3778,0,hard
19.589,3908,0,3774,0,hard
19.593,3905,0,3750,0,hard
19.599,3923,0,3695,0,hard
19.6,3942,0,3768,0,hard
19.607,3953,0,3810,0,hard
19.614,3973,0,3855,0,hard
19.615,3988,0,3854,0,hard
19.621,3997,0,3875,0,hard
19.628,3999,0,3884,0,hard
19.635,4010,0,3866,0,hard
19.635,4008,0,3833,0,hard
19.642,3996,0,3790,0,hard
19.649,3971,0,3741,0,hard
19.655,3962,0,3643,0,hard
19.655,3966,0,3583,0,hard
19.663,3983,0,3627,0,hard
19.67,3988,0,3767,0,hard
19.67,4003,0,3808,0,hard
19.678,4007,0,3839,0,hard
19.684,4014,0,3857,0,hard
19.689,4019,0,3838,0,hard
19.69,4013,0,3831,0,hard
19.698,4010,0,3827,0,hard
19.704,4014,0,3834,0,hard
19.705,4012,0,3855,0,hard
19.711,4012,0,3856,0,hard
19.718,4007,0,3855,0,hard
19.72,4007,0,3848,0,hard
19.725,4012,0,3846,0,hard
19.733,4024,0,3844,0,hard
19.739,4019,0,3834,0,hard
19.741,4012,0,3831,0,hard
19.746,4009,0,3829,0,hard
19.753,4014,0,3822,0,hard
19.759,4019,0,3823,0,hard
19.76,4016,0,3817,0,hard
19.766,4012,0,3839,0,hard
19.774,4013,0,3828,0,hard
19.774,4014,0,3825,0,hard
19.784,4020,0,3828,0,hard
19.787,4022,0,3831,0,hard
19.794,4023,0,3838,0,hard
19.795,4018,0,3831,0,hard
19.801,4014,0,3827,0,hard
19.809,4008,0,3807,0,hard
19.814,4000,0,3809,0,hard
19.815,3998,0,3817,0,hard
19.822,4000,0,3819,0,hard
19.829,4000,0,3826,0,hard
19.83,4005,0,3840,0,hard
19.836,4007,0,3844,0,hard
19.843,4011,0,3847,0,hard
19.85,4004,0,3838,0,hard
19.85,4001,0,3845,0,hard
19.857,4003,0,3854,0,hard
19.864,4013,0,3864,0,hard
19.864,4020,0,3862,0,hard
19.873,4025,0,3870,0,hard
19.878,4017,0,3876,0,hard
19.88,4016,0,3877,0,hard
19.889,4021,0,3868,0,hard
19.892,4022,0,3852,0,hard
19.898,4024,0,3845,0,hard
19.9,4021,0,3801,0,hard
19.906,4018,0,3784,0,hard
19.914,4018,0,3743,0,hard
19.919,4008,0,3598,0,hard
19.922,4011,0,2645,0,hard
19.926,4012,0,0,0,hard
19.933,3995,0,1198,0,hard
19.939,3989,0,815,0,hard
19.94,3986,0,0,0,hard
19.947,3974,0,0,0,hard
19.954,3984,0,0,0,hard
19.954,3998,0,0,0,hard
19.963,4005,0,2475,0,hard
19.968,4011,0,3157,0,hard
19.974,4019,0,3157,0,hard
19.975,4023,0,2919,0,hard
19.982,4025,0,2633,0,hard
19.989,4018,0,2717,0,hard
19.99,4015,0,3065,0,hard
19.996,4013,0,3053,0,hard
20.004,4006,0,2632,0,hard
20.009,4013,0,1597,0,hard
20.01,4008,0,0,0,hard
20.017,3995,0,1463,0,hard
20.023,3995,0,2234,0,hard
20.025,4000,0,2676,0,hard
20.031,4010,0,2870,0,hard
20.038,4025,0,3028,0,hard
20.044,4027,0,3249,0,hard
20.045,4027,0,3413,0,hard
20.052,4027,0,3412,0,hard
20.058,4028,0,3502,0,hard
20.064,4028,0,3474,0,hard
20.065,4022,0,3285,0,hard
20.072,4020,0,3131,0,hard
20.079,4013,0,3122,0,hard
20.08,4015,0,3063,0,hard
20.086,4016,0,2898,0,hard
20.093,4015,0,116,0,hard
20.099,4019,0,0,0,hard
20.1,4021,0,0,0,hard
20.107,4023,0,231,0,hard
20.113,4017,0,562,0,hard
20.115,4009,0,0,0,hard
20.121,4007,0,0,0,hard
20.129,4008,0,0,2704,hard
20.134,4005,0,0,0,hard
20.135,4001,0,0,0,hard
20.142,4009,0,0,1689,hard
20.149,4012,0,0,3539,hard
20.149,4013,0,0,3617,hard
20.159,4012,0,0,2492,hard
20.162,4004,0,0,0,hard
20.169,3999,0,0,1417,hard
20.17,4002,0,0,2859,hard
20.176,3998,0,0,2207,hard
20.184,3994,0,0,0,hard
20.189,4000,0,0,2544,hard
20.19,4010,0,0,1880,hard
20.197,4013,0,0,0,hard
20.204,4018,0,766,0,hard
20.206,4014,0,1949,0,hard
20.211,4016,0,2453,0,hard
20.218,4017,0,2984,0,hard
20.224,4023,0,3141,0,hard
20.225,4027,0,3310,0,hard
20.232,4023,0,3325,0,hard
20.239,4017,0,3239,0,hard
20.24,4007,0,3064,0,hard
20.245,3998,0,2748,0,hard
20.253,4001,0,2102,0,hard
20.259,4001,0,1967,0,hard
20.26,4007,0,2164,0,hard
20.266,4008,0,2891,0,hard
20.273,4021,0,3201,0,hard
20.273,4026,0,3355,0,hard
20.284,4031,0,3418,0,hard
20.287,4034,0,3440,0,hard
20.294,4030,0,3334,0,hard
20.294,4027,0,3209,0,hard
20.301,4016,0,2997,0,hard
20.308,4007,0,2518,0,hard
20.314,3997,0,2223,0,hard
20.318,3998,0,1770,0,hard
20.322,4011,0,1702,0,hard
20.329,4019,0,1939,0,hard
20.329,4029,0,2386,0,hard
20.336,4032,0,2611,0,hard
20.343,4039,0,2962,0,hard
20.343,4027,0,3178,0,hard
20.354,4031,0,3069,0,hard
20.357,4034,0,3117,0,hard
20.364,4023,0,2934,0,hard
20.364,4021,0,2555,0,hard
20.374,4024,0,2334,0,hard
20.377,4022,0,984,0,hard
20.384,4020,0,0,0,hard
20.385,4010,0,1199,0,hard
20.393,4008,0,2444,0,hard
20.398,4005,0,2628,0,hard
20.404,4006,0,2341,0,hard
20.405,4000,0,0,0,hard
20.412,3986,0,0,0,hard
20.419,3967,0,0,0,hard
20.42,3892,0,0,0,hard
20.426,3839,0,1880,0,hard
20.433,3836,0,2074,0,hard
20.434,3879,0,697,0,hard
20.444,3895,0,0,0,hard
20.447,3891,0,0,0,hard
20.453,3849,0,0,0,hard
20.455,3745,0,0,0,hard
20.461,3548,0,0,0,hard
20.468,3319,0,0,0,hard
20.474,2885,0,0,0,hard
20.475,0,0,0,0,hard
20.482,0,0,0,0,hard
20.489,0,0,0,2770,hard
20.489,0,0,0,3590,hard
20.496,0,0,0,3724,hard
20.502,0,0,0,3763,hard
20.509,0,0,0,3785,hard
20.51,0,0,0,3734,hard
20.517,0,0,0,3677,hard
20.524,0,0,0,3593,hard
20.524,0,0,0,3549,hard
20.532,0,0,0,3546,hard
20.537,0,0,0,3682,hard
20.544,0,0,0,3837,hard
20.545,0,0,0,3873,hard
20.552,0,0,0,3872,hard
20.558,0,0,0,3846,hard
20.56,0,1302,0,3770,hard
20.565,0,678,0,3726,hard
20.572,0,1366,0,3614,hard
20.578,0,1428,0,3764,hard
20.579,0,1227,0,3835,hard
20.586,0,1610,0,3853,hard
20.593,0,1694,0,3823,hard
20.595,0,1864,0,3761,hard
20.6,0,1994,0,3714,hard
20.608,0,2526,0,3727,hard
20.613,0,2867,0,3780,hard
20.619,0,3009,0,3795,hard
20.622,0,3100,0,3797,hard
20.628,0,3095,0,3802,hard
20.631,0,3050,0,3816,hard
20.636,0,2888,0,3824,hard
20.642,0,2580,0,3788,hard
20.649,0,2372,0,3706,hard
20.653,0,2697,0,3770,hard
20.656,0,3171,0,3864,hard
20.662,0,3343,0,3921,hard
20.669,0,3353,0,3930,hard
20.67,0,3247,0,3921,hard
20.677,0,2713,0,3856,hard
20.683,0,1010,0,3765,hard
20.686,0,925,0,3844,hard
20.69,0,2634,0,3904,hard
20.697,0,3174,0,3932,hard
20.704,0,3352,0,3953,hard
20.705,0,3208,0,3946,hard
20.711,0,2665,0,3892,hard
20.718,0,1897,0,3755,hard
20.719,0,0,0,3615,hard
20.727,0,566,0,3331,hard
20.732,0,1660,0,3297,hard
20.739,0,2115,0,3712,hard
20.739,0,2359,0,3797,hard
20.746,0,2431,0,3849,hard
20.753,0,2530,0,3855,hard
20.759,0,2729,0,3857,hard
20.76,0,2815,0,3848,hard
20.767,0,3085,0,3834,hard
20.774,0,3234,0,3842,hard
20.778,0,3310,0,3881,hard
20.781,0,3150,0,3917,hard
20.787,0,2929,0,3927,hard
20.787,0,1757,0,3889,hard
20.795,0,1400,0,3817,hard
20.801,0,1891,0,3830,hard
20.808,0,2517,0,3918,hard
20.809,0,2907,0,3939,hard
20.815,0,3152,0,3941,hard
20.822,0,3287,0,3923,hard
20.829,0,3151,0,3855,hard
20.83,0,3137,0,3881,hard
20.836,0,3189,0,3946,hard
20.843,0,3279,0,3966,hard
20.844,0,3228,0,3951,hard
20.852,0,2451,0,3888,hard
20.857,0,0,0,3626,hard
20.864,0,0,0,0,hard
20.869,0,0,0,0,hard
20.871,0,0,0,1987,hard
20.877,0,0,0,3649,hard
20.883,0,0,0,3872,hard
20.885,0,2628,0,3930,hard
20.892,0,3325,0,3955,hard
20.898,0,3408,0,3947,hard
20.898,0,3397,0,3960,hard
20.905,0,3271,0,3964,hard
20.914,0,2883,0,3960,hard
20.918,0,2553,0,3958,hard
20.922,0,1956,0,3951,hard
20.926,0,1386,0,3923,hard
20.933,0,1106,0,3823,hard
20.939,0,1584,0,3700,hard
20.942,0,2086,0,3664,hard
20.947,0,2707,0,3762,hard
20.949,0,3195,0,3835,hard
20.954,0,3281,0,3885,hard
20.961,0,3283,0,3915,hard
20.968,0,3265,0,3902,hard
20.973,0,3193,0,3871,hard
20.978,0,3208,0,3859,hard
20.982,0,3258,0,3863,hard
20.989,0,3316,0,3860,hard
20.994,0,3347,0,3896,hard
20.995,0,3329,0,3902,hard
21.002,0,3272,0,3873,hard
21.008,0,3114,0,3860,hard
21.009,0,2114,0,3855,hard
21.018,0,1614,0,3871,hard
21.023,0,1641,0,3895,hard
21.023,0,2301,0,3935,hard
21.03,0,2936,0,3947,hard
21.037,0,3220,0,3963,hard
21.043,0,3314,0,3971,hard
21.047,0,3314,0,3969,hard
21.051,0,3225,0,3965,hard
21.058,0,3122,0,3952,hard
21.063,0,2892,0,3958,hard
21.065,0,2656,0,3951,hard
21.072,0,2628,0,3949,hard
21.075,0,2854,0,3945,hard
21.079,0,3140,0,3955,hard
21.086,0,3239,0,3949,hard
21.093,0,3336,0,3958,hard
21.093,0,3368,0,3950,hard
21.103,0,3359,0,3951,hard
21.107,0,3308,0,3939,hard
21.113,0,3234,0,3923,hard
21.118,0,3184,0,3907,hard
21.121,0,3145,0,3893,hard
21.128,0,3138,0,3895,hard
21.128,0,3203,0,3901,hard
21.135,0,3302,0,3908,hard
21.142,0,3371,0,3921,hard
21.149,0,3387,0,3933,hard
21.153,0,3388,0,3939,hard
21.156,0,3353,0,3947,hard
21.162,0,3214,0,3944,hard
21.164,0,2937,0,3943,hard
21.169,0,2575,0,3943,hard
21.178,0,2385,0,3939,hard
21.183,0,1642,0,3941,hard
21.186,0,2012,0,3939,hard
21.19,0,2555,0,3939,hard
21.197,0,2954,0,3944,hard
21.203,0,3282,0,3961,hard
21.204,0,3404,0,3966,hard
21.211,0,3453,0,3971,hard
21.218,0,3500,0,3964,hard
21.219,0,3408,0,3965,hard
21.225,0,3277,0,3956,hard
21.232,0,3094,0,3946,hard
21.238,0,2918,0,3933,hard
21.239,0,3024,0,3919,hard
21.245,0,2993,0,3934,hard
21.253,0,3094,0,3941,hard
21.254,0,3180,0,3947,hard
21.262,0,3222,0,3951,hard
21.267,0,3262,0,3956,hard
21.273,0,3273,0,3957,hard
21.274,0,3262,0,3959,hard
21.28,0,3258,0,3971,hard
21.287,0,3260,0,3966,hard
21.293,0,3282,0,3968,hard
21.294,0,3362,0,3962,hard
21.301,0,3395,0,3959,hard
21.308,0,3389,0,3953,hard
21.309,0,3354,0,3940,hard
21.315,0,3253,0,3921,hard
21.322,0,3187,0,3921,hard
21.328,0,3159,0,3922,hard
21.329,0,3163,0,3919,hard
21.336,0,3198,0,3922,hard
21.343,0,3214,0,3935,hard
21.343,0,3244,0,3943,hard
21.352,0,3277,0,3958,hard
21.356,0,3283,0,3964,hard
21.363,0,3292,0,3964,hard
21.364,0,3258,0,3967,hard
21.371,0,3227,0,3971,hard
21.377,0,3223,0,3969,hard
21.379,0,3204,0,3976,hard
21.385,0,3182,0,3972,hard
21.392,0,3121,0,3969,hard
21.398,0,3077,0,3964,hard
21.398,0,3066,0,3968,hard
21.405,0,3073,0,3967,hard
21.412,0,3074,0,3962,hard
21.414,0,3144,0,3960,hard
21.422,0,3212,0,3958,hard
21.426,0,3288,0,3961,hard
21.433,0,3397,0,3966,hard
21.433,0,3535,0,3966,hard
21.44,0,3573,0,3965,hard
21.447,0,3558,0,3962,hard
21.447,0,3507,0,3945,hard
21.455,0,3287,0,3940,hard
21.461,0,3151,0,3939,hard
21.468,0,3107,0,3913,hard
21.472,0,3054,0,3916,hard
21.475,0,3060,0,3933,hard
21.482,0,3140,0,3940,hard
21.485,0,3253,0,3953,hard
21.489,0,3356,0,3963,hard
21.496,0,3384,0,3970,hard
21.503,0,3387,0,3977,hard
21.507,0,3363,0,3977,hard
21.509,0,3257,0,3974,hard
21.516,0,3207,0,3968,hard
21.523,0,3156,0,3968,hard
21.524,0,3145,0,3965,hard
21.532,0,3159,0,3961,hard
21.537,0,3158,0,3964,hard
21.54,0,3159,0,3959,hard
21.548,0,3149,0,3959,hard
21.551,0,3157,0,3965,hard
21.558,0,3187,0,3964,hard
21.558,0,3210,0,3972,hard
21.565,0,3234,0,3970,hard
21.572,0,3256,0,3973,hard
21.574,0,3293,0,3974,hard
21.579,0,3359,0,3971,hard
21.586,0,3427,0,3970,hard
21.593,0,3507,0,3976,hard
21.594,0,3518,0,3971,hard
21.6,0,3482,0,3970,hard
21.607,0,3324,0,3960,hard
21.613,0,3216,0,3949,hard
21.614,0,3107,0,3944,hard
21.621,0,2935,0,3942,hard
21.628,0,3007,0,3947,hard
21.628,0,3123,0,3958,hard
21.636,0,3255,0,3966,hard
21.641,0,3352,0,3968,hard
21.644,0,3384,0,3977,hard
21.649,0,3367,0,3978,hard
21.656,0,3330,0,3975,hard
21.662,0,3244,0,3983,hard
21.664,0,3236,0,3975,hard
21.669,0,3228,0,3970,hard
21.676,0,3226,0,3971,hard
21.683,0,3228,0,3970,hard
21.685,0,3214,0,3968,hard
21.691,0,3176,0,3964,hard
21.697,0,3154,0,3962,hard
21.703,0,3136,0,3966,hard
21.708,0,3148,0,3968,hard
21.711,0,3172,0,3972,hard
21.718,0,3239,0,3976,hard
21.718,0,3339,0,3982,hard
21.725,0,3329,0,3986,hard
21.731,0,3273,0,3981,hard
21.734,0,3194,0,3977,hard
21.739,0,3093,0,3976,hard
21.746,0,3048,0,3973,hard
21.753,0,3093,0,3964,hard
21.753,0,3145,0,3974,hard
21.76,0,3236,0,3971,hard
21.766,0,3317,0,3971,hard
21.769,0,3356,0,3974,hard
21.773,0,3376,0,3971,hard
21.781,0,3365,0,3968,hard
21.787,0,3346,0,3963,hard
21.789,0,3281,0,3946,hard
21.794,0,3176,0,3933,hard
21.801,0,3149,0,3936,hard
21.808,0,3237,0,3946,hard
21.809,0,3313,0,3957,hard
21.815,0,3411,0,3961,hard
21.822,0,3500,0,3965,hard
21.823,0,3374,0,3967,hard
21.832,0,3231,0,3962,hard
21.836,0,2833,0,3954,hard
21.843,0,1622,0,3959,hard
21.843,0,1885,0,3964,hard
21.85,0,3102,0,3965,hard
21.856,0,3290,0,3975,hard
21.863,0,3396,0,3978,hard
21.864,0,3396,0,3981,hard
21.871,0,3283,0,3982,hard
21.877,0,3112,0,3982,hard
21.878,0,3014,0,3978,hard
21.885,0,3106,0,3967,hard
21.892,0,3190,0,3969,hard
21.898,0,3293,0,3964,hard
21.899,0,3302,0,3974,hard
21.905,0,3311,0,3983,hard
21.912,0,3327,0,3978,hard
21.912,0,3398,0,3972,hard
21.92,0,3441,0,3958,hard
21.926,0,3466,0,3950,hard
21.928,0,3440,0,3956,hard
21.933,0,3412,0,3967,hard
21.94,0,3346,0,3969,hard
21.946,0,3178,0,3965,hard
21.949,0,3122,0,3959,hard
21.954,0,2883,0,3949,hard
21.961,0,3071,0,3935,hard
21.967,0,3170,0,3911,hard
21.968,0,3134,0,3902,hard
21.975,0,2506,0,3873,hard
21.982,0,1896,0,3857,hard
21.988,0,1555,0,3877,hard
21.989,0,1548,0,3886,hard
21.996,0,2524,0,3913,hard
22.003,0,3095,0,3940,hard
22.003,0,3323,0,3969,hard
22.013,0,3584,0,3989,hard
22.016,0,3712,0,3995,hard
22.018,0,3736,0,4010,hard
22.024,0,3735,0,4015,hard
22.031,0,3704,0,4015,hard
22.037,0,3564,0,4011,hard
22.038,0,3363,0,4000,hard
22.044,0,3194,0,3986,hard
22.052,0,2916,0,3967,hard
22.057,0,2609,0,3956,hard
22.058,0,1847,0,3956,hard
22.065,0,1963,0,3955,hard
22.072,0,2800,0,3949,hard
22.073,0,3131,0,3930,hard
22.079,0,3271,0,3926,hard
22.086,0,3305,0,3946,hard
22.093,0,3129,0,3958,hard
22.094,0,3113,0,3956,hard
22.1,0,3258,0,3951,hard
22.107,0,3441,0,3957,hard
22.113,0,3519,0,3952,hard
22.115,0,3530,0,3957,hard
22.12,0,3535,0,3948,hard
22.127,0,3523,0,3926,hard
22.127,0,3459,0,3905,hard
22.136,0,3078,0,3892,hard
22.141,0,1274,0,3872,hard
22.147,0,0,0,3854,hard
22.149,0,0,0,3891,hard
22.155,0,2336,0,3905,hard
22.162,0,3223,0,3954,hard
22.165,0,3594,0,3979,hard
22.172,0,3711,0,3990,hard
22.176,0,3756,0,3998,hard
22.18,0,3757,0,3993,hard
22.186,0,3700,0,3985,hard
22.19,0,3563,0,3977,hard
22.196,0,3363,0,3965,hard
22.202,0,3319,0,3963,hard
22.207,0,3341,0,3969,hard
22.211,0,3355,0,3969,hard
22.218,0,3353,0,3972,hard
22.218,0,3310,0,3978,hard
22.225,0,3326,0,3964,hard
22.232,0,3330,0,3960,hard
22.238,0,3344,0,3955,hard
22.242,0,3317,0,3942,hard
22.248,0,3275,0,3938,hard
22.253,0,3056,0,3948,hard
22.257,0,2811,0,3949,hard
22.26,0,1966,0,3928,hard
22.266,0,1630,0,3921,hard
22.271,0,2930,0,3923,hard
22.274,0,3263,0,3935,hard
22.282,0,3363,0,3956,hard
22.287,0,3281,0,3945,hard
22.292,0,2954,0,3914,hard
22.294,0,2015,0,3873,hard
22.301,0,1328,0,3872,hard
22.301,0,3014,0,3907,hard
22.312,0,3504,0,3952,hard
22.315,0,3626,0,3979,hard
22.322,0,3703,0,3978,hard
22.326,0,3669,0,3984,hard
22.329,0,3643,0,3988,hard
22.335,0,3577,0,3941,hard
22.339,0,3482,0,3928,hard
22.343,0,3189,0,3918,hard
22.351,0,3075,0,3900,hard
22.356,0,3092,0,3918,hard
22.362,0,2839,0,3922,hard
22.364,0,2597,0,3920,hard
22.371,0,1486,0,3911,hard
22.377,0,0,0,3899,hard
22.382,0,0,0,3864,hard
22.386,0,0,0,3682,hard
22.391,0,0,0,2907,hard
22.397,0,0,0,0,hard
22.398,0,0,0,0,hard
22.405,0,0,0,2363,hard
22.412,0,0,0,2506,hard
22.412,0,0,0,3370,hard
22.422,0,0,0,3576,hard
22.426,0,0,0,3742,hard
22.429,0,0,0,3801,hard
22.437,0,0,0,3596,hard
22.44,0,0,0,0,hard
22.447,0,0,0,0,hard
22.447,0,0,0,0,hard
22.457,0,0,0,0,hard
22.46,0,0,0,0,hard
22.467,0,0,0,0,hard
22.472,0,0,0,0,hard
22.475,0,0,0,0,hard
22.482,0,0,0,0,hard
22.487,0,0,0,0,hard
22.492,0,0,0,0,hard
22.495,0,0,0,0,hard
22.501,0,0,0,0,hard
22.506,0,0,0,0,hard
22.509,0,0,1336,0,hard
22.517,0,0,1460,0,hard
22.517,0,0,0,0,hard
22.527,0,0,0,0,hard
22.53,0,0,0,0,hard
22.537,0,0,0,0,hard
22.541,0,0,0,0,hard
22.544,0,0,0,0,hard
22.551,0,0,0,0,hard
22.551,0,0,0,0,hard
22.562,0,0,0,0,hard
22.565,0,0,0,0,hard
22.572,0,0,0,0,hard
22.577,0,0,0,0,hard
22.579,0,0,0,2310,hard
22.586,0,0,0,3347,hard
22.586,0,0,0,3593,hard
22.597,0,0,0,3715,hard
22.6,0,0,0,3714,hard
22.607,0,0,0,3788,hard
22.611,0,0,0,3821,hard
22.613,0,0,0,3932,hard
22.62,0,0,0,3969,hard
22.627,0,0,0,3972,hard
22.628,0,2147,0,3988,hard
22.635,0,2414,0,3971,hard
22.641,0,2874,0,3880,hard
22.647,0,1744,0,3784,hard
22.648,0,0,0,3917,hard
22.655,0,0,0,3947,hard
22.662,0,0,0,3933,hard
22.667,0,0,0,3923,hard
22.669,0,0,0,3921,hard
22.676,0,0,0,3873,hard
22.682,0,0,0,3860,hard
22.687,0,0,0,3898,hard
22.69,0,1798,0,3939,hard
22.697,0,2763,0,3965,hard
22.697,0,3089,0,3968,hard
22.707,0,3212,0,3930,hard
22.711,0,3172,0,3940,hard
22.717,0,2899,0,3945,hard
22.718,0,2781,0,3954,hard
22.724,0,2674,0,3960,hard
22.732,0,2932,0,3962,hard
22.736,0,3131,0,3911,hard
22.742,0,3280,0,3921,hard
22.745,0,3434,0,3952,hard
22.751,0,3431,0,3969,hard
22.752,0,3459,0,3973,hard
22.762,0,3542,0,3989,hard
22.766,0,3571,0,3995,hard
22.769,0,3523,0,4010,hard
22.773,0,3426,0,4020,hard
22.78,0,3533,0,4018,hard
22.787,0,3590,0,3987,hard
22.788,0,3630,0,3963,hard
22.794,0,3618,0,3986,hard
22.802,0,3552,0,4007,hard
22.802,0,3501,0,4018,hard
22.81,0,3543,0,4020,hard
22.817,0,3573,0,4011,hard
22.822,0,3631,0,3990,hard
22.827,0,3634,0,3994,hard
22.829,0,3579,0,4009,hard
22.835,0,3533,0,4017,hard
22.842,0,3547,0,4024,hard
22.843,0,3560,0,4013,hard
22.852,0,3585,0,4020,hard
22.856,0,3571,0,4020,hard
22.862,0,3517,0,4029,hard
22.863,0,3460,0,4030,hard
22.871,0,3470,0,4032,hard
22.877,0,3518,0,4031,hard
22.877,0,3569,0,4032,hard
22.887,0,3534,0,4031,hard
22.891,0,3445,0,4035,hard
22.897,0,3395,0,4034,hard
22.898,0,3493,0,4035,hard
22.905,0,3576,0,4032,hard
22.912,0,3616,0,4034,hard
22.917,0,3642,0,4039,hard
22.919,0,3612,0,4039,hard
22.926,0,3623,0,4039,hard
22.932,0,3596,0,4039,hard
22.937,0,3527,0,4039,hard
22.941,0,3567,0,4033,hard
22.947,0,3552,0,4028,hard
22.947,0,3521,0,4033,hard
22.955,0,3512,0,4033,hard
22.96,0,3476,0,4025,hard
22.964,0,3513,0,4030,hard
22.968,0,3392,0,4031,hard
22.976,0,3413,0,4028,hard
22.981,0,3473,0,4027,hard
22.987,0,3517,0,4024,hard
22.989,0,3512,0,4030,hard
22.996,0,3524,0,4035,hard
22.997,0,3523,0,4028,hard
23.007,0,3474,0,4039,hard
23.012,0,3542,0,4035,hard
23.016,0,3652,0,4034,hard
23.017,0,3676,0,4034,hard
23.024,0,3690,0,4036,hard
23.03,0,3645,0,4041,hard
23.037,0,3631,0,4047,hard
23.038,0,3645,0,4037,hard
23.044,0,3659,0,4047,hard
23.051,0,3648,0,4041,hard
23.056,0,3615,0,4044,hard
23.061,0,3582,0,4043,hard
23.065,0,3538,0,4046,hard
23.072,0,3574,0,4036,hard
23.077,0,3536,0,4033,hard
23.079,0,3476,0,4046,hard
23.087,0,3297,0,4037,hard
23.091,0,3314,0,4036,hard
23.093,0,3392,0,4040,hard
23.1,0,3539,0,4037,hard
23.106,0,3603,0,4034,hard
23.106,0,3607,0,4045,hard
23.115,0,3450,0,4042,hard
23.121,0,3365,0,4048,hard
23.121,0,3518,0,4045,hard
23.13,0,3623,0,4038,hard
23.134,0,3663,0,4041,hard
23.141,0,3642,0,4040,hard
23.146,0,3461,0,4031,hard
23.148,0,2896,0,4040,hard
23.155,0,2461,0,4034,hard
23.161,0,2697,0,4043,hard
23.162,0,3314,0,4033,hard
23.169,0,3502,0,4029,hard
23.176,0,3489,0,4031,hard
23.181,0,3395,0,4032,hard
23.186,0,3347,0,4031,hard
23.19,0,2916,0,4017,hard
23.196,0,1974,0,4014,hard
23.198,0,0,0,4015,hard
23.204,0,0,0,4000,hard
23.211,0,0,0,3995,hard
23.212,0,0,0,3993,hard
23.22,0,0,0,3982,hard
23.225,0,0,0,3968,hard
23.231,0,0,0,3950,hard
23.236,0,0,0,3944,hard
23.239,0,0,0,3966,hard
23.245,0,0,0,4001,hard
23.251,0,2905,0,4019,hard
23.252,0,3237,0,4037,hard
23.26,0,3367,0,4044,hard
23.267,0,3107,0,4041,hard
23.267,0,0,0,4032,hard
23.273,0,0,0,4015,hard
23.28,0,0,0,3986,hard
23.286,0,0,0,3933,hard
23.29,0,0,0,3895,hard
23.294,0,0,0,3919,hard
23.301,0,0,0,3984,hard
23.306,0,0,0,4011,hard
23.31,0,0,0,4029,hard
23.315,0,0,0,4043,hard
23.317,0,0,0,4035,hard
23.322,0,0,0,4035,hard
23.329,0,0,0,4035,hard
23.336,0,0,0,4031,hard
23.336,0,0,0,4022,hard
23.343,0,0,0,4012,hard
23.351,0,0,0,4006,hard
23.351,0,0,0,4010,hard
23.36,0,0,0,4018,hard
23.363,0,0,0,4019,hard
23.37,0,0,0,4020,hard
23.372,0,0,0,4025,hard
23.377,0,0,0,4029,hard
23.384,0,0,0,4024,hard
23.391,0,0,0,4026,hard
23.392,0,0,0,4021,hard
23.398,0,0,0,4019,hard
23.405,0,0,0,4020,hard
23.407,0,0,0,4021,hard
23.416,0,1526,0,4017,hard
23.419,0,1741,0,4018,hard
23.426,0,2602,0,4028,hard
23.427,0,2791,0,4024,hard
23.433,0,2977,0,4023,hard
23.44,0,2171,0,4017,hard
23.442,0,0,0,4009,hard
23.447,0,0,0,3988,hard
23.454,0,0,0,3985,hard
23.461,0,0,0,3973,hard
23.462,0,0,0,3977,hard
23.468,0,0,0,3999,hard
23.475,0,194,0,4008,hard
23.481,0,1798,0,4023,hard
23.482,0,2335,0,4026,hard
23.489,0,2923,0,4023,hard
23.495,0,2929,0,4016,hard
23.501,0,2072,0,4011,hard
23.503,0,1427,0,4000,hard
23.509,0,0,0,3991,hard
23.516,0,0,0,3983,hard
23.517,0,0,0,3997,hard
23.523,0,0,0,4001,hard
23.53,0,1476,0,4005,hard
23.53,0,2138,0,4014,hard
23.537,0,3116,0,4021,hard
23.544,0,3421,0,4022,hard
23.551,0,3472,0,4021,hard
23.556,0,3373,0,4014,hard
23.558,0,2672,0,4008,hard
23.565,0,0,0,3999,hard
23.565,0,0,0,3983,hard
23.572,0,0,0,3979,hard
23.58,0,0,0,3978,hard
23.586,0,0,0,3978,hard
23.589,0,0,0,3978,hard
23.592,0,0,0,3983,hard
23.599,0,0,0,3986,hard
23.606,0,0,0,4000,hard
23.611,0,0,0,3974,hard
23.613,0,0,0,3974,hard
23.62,0,0,0,3951,hard
23.621,0,0,0,3921,hard
23.63,0,0,0,3908,hard
23.634,0,0,0,3893,hard
23.641,0,0,0,3851,hard
23.642,0,0,0,3867,hard
23.648,0,0,0,3870,hard
23.655,0,0,0,3785,hard
23.661,0,0,0,3699,hard
23.662,0,0,0,3585,hard
23.669,0,0,0,3261,hard
23.676,0,0,0,2028,hard
23.677,0,0,0,0,hard
23.686,0,0,0,0,hard
23.689,0,0,0,0,hard
23.696,0,0,0,0,hard
23.697,0,0,0,0,hard
23.704,0,0,0,0,hard
23.71,0,0,0,0,hard
23.716,0,0,0,0,hard
23.717,0,0,0,0,hard
23.725,3429,0,0,0,hard
23.731,3706,0,0,0,hard
23.732,3006,0,0,0,hard
23.738,0,0,0,0,hard
23.745,0,0,0,0,hard
23.746,0,0,0,0,hard
23.756,0,0,0,0,hard
23.761,0,0,0,0,hard
23.766,0,0,0,0,hard
23.771,0,0,0,0,hard
23.773,2182,0,0,0,hard
23.78,0,0,0,0,hard
23.78,0,0,1117,0,hard
23.791,0,0,1612,0,hard
23.795,0,0,1880,0,hard
23.801,0,0,1509,0,hard
23.805,0,0,1141,0,hard
23.811,0,0,1593,0,hard
23.815,0,0,2184,0,hard
23.817,2632,0,2297,0,hard
23.822,3511,0,2321,0,hard
23.83,3545,0,2274,0,hard
23.836,3578,0,2284,0,hard
23.837,3509,0,2338,0,hard
23.842,3561,0,2394,0,hard
23.849,3258,0,2269,0,hard
23.856,2189,0,2069,0,hard
23.861,3056,0,1259,0,hard
23.864,3581,0,0,0,hard
23.869,3757,0,0,0,hard
23.873,3710,0,0,0,hard
23.878,3269,0,0,0,hard
23.885,2564,0,0,0,hard
23.89,3303,0,0,0,hard
23.892,2994,0,0,0,hard
23.898,3189,0,0,0,hard
23.905,2543,0,0,0,hard
23.911,0,0,0,0,hard
23.912,0,0,0,0,hard
23.919,0,0,0,0,hard
23.926,2017,0,0,0,hard
23.927,3423,0,0,0,hard
23.933,3817,0,0,0,hard
23.94,3831,0,0,0,hard
23.94,3788,0,0,0,hard
23.949,3528,0,0,0,hard
23.954,1490,0,0,0,hard
23.961,0,0,0,0,hard
23.965,0,0,0,0,hard
23.968,2585,0,0,0,hard
23.974,3378,0,0,0,hard
23.98,3692,0,0,0,hard
23.981,3866,0,0,0,hard
23.989,3889,0,2399,0,hard
23.995,3908,0,3112,0,hard
23.997,3903,0,3214,0,hard
24.005,3891,0,3092,0,hard
24.009,3817,0,2112,0,hard
24.015,3424,0,0,0,hard
24.016,0,0,0,0,hard
24.023,0,0,0,0,hard
24.03,0,0,0,0,hard
24.035,0,0,0,0,hard
24.04,2118,0,0,0,hard
24.044,3680,0,2691,0,hard
24.05,3835,0,3363,0,hard
24.051,3878,0,3496,0,hard
24.06,3873,0,3468,0,hard
24.064,3851,0,3087,0,hard
24.067,3709,0,852,0,hard
24.074,2782,0,0,0,hard
24.079,0,0,0,0,hard
24.085,0,0,0,0,hard
24.088,0,0,0,0,hard
24.092,0,0,0,0,hard
24.099,1554,0,0,0,hard
24.105,2421,0,2094,0,hard
24.106,2961,0,2836,0,hard
24.114,3599,0,3099,0,hard
24.12,3670,0,3109,0,hard
24.121,3672,0,3111,0,hard
24.127,3640,0,2987,0,hard
24.134,3494,0,2463,0,hard
24.14,2784,0,2363,0,hard
24.141,2738,0,2284,0,hard
24.149,2816,0,2047,0,hard
24.155,2818,0,1708,0,hard
24.157,2784,0,1278,0,hard
24.162,2833,0,1288,0,hard
24.169,2812,0,1219,0,hard
24.176,3026,0,1569,0,hard
24.176,3361,0,1982,0,hard
24.184,3541,0,2252,0,hard
24.19,3590,0,2457,0,hard
24.196,3653,0,2504,0,hard
24.197,3678,0,2342,0,hard
24.204,3659,0,2238,0,hard
24.211,3625,0,2119,0,hard
24.211,3528,0,2053,0,hard
24.219,3510,0,1986,0,hard
24.224,3612,0,1858,0,hard
24.228,3679,0,1822,0,hard
24.232,3719,0,2048,0,hard
24.239,3779,0,2170,0,hard
24.245,3836,0,2307,0,hard
24.246,3862,0,2330,0,hard
24.252,3861,0,2437,0,hard
24.259,3866,0,2490,0,hard
24.265,3866,0,2554,0,hard
24.266,3867,0,2562,0,hard
24.273,3854,0,2416,0,hard
24.28,3815,0,2247,0,hard
24.281,3678,0,2259,0,hard
24.29,3565,0,2281,0,hard
24.294,3192,0,2567,0,hard
24.298,2969,0,2831,0,hard
24.301,3414,0,2797,0,hard
24.308,3486,0,2792,0,hard
24.314,3543,0,2791,0,hard
24.316,3560,0,2803,0,hard
24.322,3569,0,2815,0,hard
24.329,3575,0,2626,0,hard
24.336,3619,0,2445,0,hard
24.336,3688,0,2364,0,hard
24.343,3813,0,2353,0,hard
24.349,3841,0,2324,0,hard
24.351,3853,0,2197,0,hard
24.356,3874,0,2103,0,hard
24.363,3876,0,2095,0,hard
24.37,3861,0,1986,0,hard
24.37,3855,0,1848,0,hard
24.379,3804,0,1955,0,hard
24.384,3687,0,2211,0,hard
24.388,3662,0,2362,0,hard
24.394,3646,0,2493,0,hard
24.399,3643,0,2517,0,hard
24.405,3648,0,2576,0,hard
24.41,3663,0,2730,0,hard
24.412,3645,0,2806,0,hard
24.419,3633,0,2861,0,hard
24.425,3719,0,2877,0,hard
24.426,3791,0,2823,0,hard
24.433,3822,0,2791,0,hard
24.439,3835,0,2747,0,hard
24.445,3842,0,2507,0,hard
24.449,3854,0,2426,0,hard
24.453,3857,0,2322,0,hard
24.46,3856,0,2219,0,hard
24.46,3865,0,2205,0,hard
24.467,3879,0,2189,0,hard
24.474,3882,0,2179,0,hard
24.476,3884,0,2204,0,hard
24.481,3871,0,2291,0,hard
24.488,3847,0,2365,0,hard
24.495,3776,0,2481,0,hard
24.495,3658,0,2786,0,hard
24.502,3594,0,2935,0,hard
24.509,3621,0,2846,0,hard
24.515,3636,0,2672,0,hard
24.516,3632,0,2519,0,hard
24.525,3634,0,2425,0,hard
24.529,3623,0,2427,0,hard
24.535,3648,0,2671,0,hard
24.539,3757,0,2699,0,hard
24.544,3833,0,2781,0,hard
24.548,3856,0,2811,0,hard
24.554,3865,0,2695,0,hard
24.56,3855,0,2452,0,hard
24.564,3843,0,2359,0,hard
24.57,3846,0,2277,0,hard
24.573,3867,0,2175,0,hard
24.579,3870,0,2186,0,hard
24.583,3874,0,2200,0,hard
24.588,3875,0,2228,0,hard
24.593,3875,0,2277,0,hard
24.6,3866,0,2646,0,hard
24.605,3873,0,2938,0,hard
24.609,3867,0,2907,0,hard
24.615,3857,0,2801,0,hard
24.62,3870,0,2531,0,hard
24.626,3886,0,2364,0,hard
24.63,3874,0,2247,0,hard
24.636,3884,0,2245,0,hard
24.64,3885,0,2229,0,hard
24.646,3887,0,2248,0,hard
24.649,3891,0,2518,0,hard
24.657,3879,0,2750,0,hard
24.658,3858,0,2707,0,hard
24.662,3794,0,2676,0,hard
24.671,3694,0,2595,0,hard
24.675,3512,0,2766,0,hard
24.676,3527,0,2770,0,hard
24.682,3559,0,2853,0,hard
24.69,3639,0,2901,0,hard
24.69,3653,0,2990,0,hard
24.697,3679,0,3012,0,hard
24.704,3757,0,3101,0,hard
24.71,3836,0,3133,0,hard
24.711,3841,0,3112,0,hard
24.719,3841,0,2795,0,hard
24.724,3844,0,2263,0,hard
24.731,3883,0,2155,0,hard
24.735,3882,0,2069,0,hard
24.74,3902,0,2067,0,hard
24.745,3913,0,2005,0,hard
24.749,3937,0,2114,0,hard
24.753,3935,0,2220,0,hard
24.76,3941,0,2205,0,hard
24.76,3927,0,2195,0,hard
24.77,3901,0,2247,0,hard
24.773,3894,0,2261,0,hard
24.781,3875,0,2664,0,hard
24.782,3844,0,2800,0,hard
24.789,3824,0,2806,0,hard
24.789,3819,0,2866,0,hard
24.799,3794,0,2969,0,hard
24.805,3754,0,3016,0,hard
24.81,3726,0,3104,0,hard
24.815,3734,0,3124,0,hard
24.819,3804,0,3152,0,hard
24.825,3823,0,3159,0,hard
24.83,3846,0,3129,0,hard
24.833,3832,0,3103,0,hard
24.836,3808,0,2955,0,hard
24.843,3824,0,2394,0,hard
24.85,3836,0,2243,0,hard
24.856,3870,0,2293,0,hard
24.858,3900,0,2258,0,hard
24.865,3916,0,2328,0,hard
24.867,3916,0,2303,0,hard
24.872,3911,0,2291,0,hard
24.881,3907,0,2282,0,hard
24.885,3896,0,2245,0,hard
24.891,3897,0,2204,0,hard
24.895,3893,0,2195,0,hard
24.901,3879,0,2228,0,hard
24.905,3869,0,2187,0,hard
24.911,3866,0,2219,0,hard
24.916,3876,0,2246,0,hard
24.92,3902,0,2325,0,hard
24.925,3906,0,2410,0,hard
24.925,3916,0,2794,0,hard
24.933,3921,0,3018,0,hard
24.94,3935,0,2989,0,hard
24.942,3917,0,2796,0,hard
24.95,3909,0,2267,0,hard
24.956,3902,0,2211,0,hard
24.96,3878,0,2194,0,hard
24.962,3856,0,2197,0,hard
24.968,3831,0,2203,0,hard
24.974,3826,0,2338,0,hard
24.977,3841,0,2263,0,hard
24.984,3834,0,2258,0,hard
24.99,3816,0,2419,0,hard
24.995,3785,0,2871,0,hard
24.996,3805,0,3081,0,hard
25.003,3820,0,3185,0,hard
25.01,3833,0,3195,0,hard
25.015,3844,0,2923,0,hard
25.019,3818,0,2178,0,hard
25.024,3743,0,1641,0,hard
25.028,3690,0,0,0,hard
25.032,3712,0,0,0,hard
25.039,3749,0,0,0,hard
25.045,3832,0,2130,0,hard
25.047,3889,0,2986,0,hard
25.053,3930,0,3373,0,hard
25.06,3943,0,3464,0,hard
25.061,3962,0,3423,0,hard
25.07,3969,0,3350,0,hard
25.076,3949,0,3093,0,hard
25.078,3927,0,2890,0,hard
25.084,3912,0,2608,0,hard
25.09,3897,0,2423,0,hard
25.094,3899,0,2246,0,hard
25.096,3895,0,2304,0,hard
25.101,3900,0,2586,0,hard
25.107,3898,0,2877,0,hard
25.115,3905,0,3151,0,hard
25.115,3916,0,3292,0,hard
25.121,3901,0,3315,0,hard
25.128,3908,0,2985,0,hard
25.132,3906,0,2240,0,hard
25.14,3873,0,0,0,hard
25.142,3829,0,0,0,hard
25.149,3729,0,0,0,hard
25.154,3749,0,864,0,hard
25.159,3842,0,2103,0,hard
25.162,3891,0,2892,0,hard
25.167,3901,0,3378,0,hard
25.175,3908,0,3502,0,hard
25.177,3894,0,3393,0,hard
25.185,3885,0,2795,0,hard
25.19,3859,0,1768,0,hard
25.191,3799,0,0,0,hard
25.197,3693,0,0,0,hard
25.205,3650,0,2030,0,hard
25.205,3813,0,2750,0,hard
25.212,3899,0,3399,0,hard
25.219,3959,0,3555,0,hard
25.222,3975,0,3611,0,hard
25.23,3975,0,3609,0,hard
25.232,3974,0,3578,0,hard
25.239,3974,0,3448,0,hard
25.241,3956,0,3244,0,hard
25.247,3924,0,2368,0,hard
25.254,3861,0,2001,0,hard
25.26,3842,0,1184,0,hard
25.262,3808,0,1895,0,hard
25.27,3836,0,2119,0,hard
25.274,3855,0,2510,0,hard
25.279,3880,0,3120,0,hard
25.28,3898,0,3152,0,hard
25.29,3883,0,2656,0,hard
25.29,3854,0,2136,0,hard
25.295,3830,0,1014,0,hard
25.303,3807,0,0,0,hard
25.309,3854,0,1291,0,hard
25.312,3916,0,2194,0,hard
25.315,3922,0,3019,0,hard
25.324,3943,0,3453,0,hard
25.329,3964,0,3439,0,hard
25.335,3975,0,3166,0,hard
25.337,3979,0,2871,0,hard
25.344,3954,0,2169,0,hard
25.35,3935,0,1454,0,hard
25.35,3925,0,1810,0,hard
25.36,3948,0,2764,0,hard
25.364,3950,0,2988,0,hard
25.366,3943,0,3127,0,hard
25.371,3937,0,3390,0,hard
25.379,3941,0,3401,0,hard
25.384,3949,0,3391,0,hard
25.386,3954,0,3381,0,hard
25.392,3963,0,3367,0,hard
25.4,3967,0,3180,0,hard
25.4,3955,0,3061,0,hard
25.406,3946,0,2983,0,hard
25.415,3937,0,2911,0,hard
25.42,3928,0,2960,0,hard
25.422,3909,0,3049,0,hard
25.426,3891,0,3255,0,hard
25.435,3875,0,3358,0,hard
25.44,3906,0,3360,0,hard
25.441,3933,0,2958,0,hard
25.449,3934,0,2078,0,hard
25.455,3913,0,1201,0,hard
25.455,3892,0,780,0,hard
25.463,3811,0,2245,0,hard
25.469,3766,0,2895,0,hard
25.471,3896,0,3033,0,hard
25.477,3935,0,2771,0,hard
25.485,3929,0,2447,0,hard
25.49,3908,0,2019,0,hard
25.494,3865,0,2545,0,hard
25.497,3907,0,2820,0,hard
25.504,3949,0,3132,0,hard
25.509,3976,0,3502,0,hard
25.515,3987,0,3603,0,hard
25.517,3989,0,3671,0,hard
25.525,3991,0,3698,0,hard
25.525,3965,0,3641,0,hard
25.531,3941,0,3517,0,hard
25.538,3917,0,2978,0,hard
25.544,3826,0,1000,0,hard
25.546,3507,0,0,0,hard
25.555,3365,0,0,0,hard
25.56,3675,0,0,0,hard
25.564,3818,0,0,0,hard
25.571,3910,0,1595,0,hard
25.574,3941,0,2103,0,hard
25.58,3933,0,2021,0,hard
25.585,3873,0,1720,0,hard
25.585,3535,0,0,0,hard
25.593,2057,0,0,0,hard
25.599,0,0,0,0,hard
25.601,0,0,0,0,hard
25.608,0,0,0,0,hard
25.615,0,0,0,0,hard
25.616,0,0,0,0,hard
25.62,0,0,0,0,hard
25.63,0,0,0,0,hard
25.634,0,0,0,0,hard
25.637,0,0,0,0,hard
25.642,0,0,0,0,hard
25.649,0,0,0,0,hard
25.654,0,0,0,0,hard
25.656,0,0,0,0,hard
25.663,0,0,0,0,hard
25.669,0,0,0,0,hard
25.67,0,0,0,0,hard
25.678,0,0,0,0,hard
25.683,0,0,0,0,hard
25.687,0,0,0,533,hard
25.692,0,0,0,495,hard
25.698,0,0,0,0,hard
25.704,0,0,0,0,hard
25.707,0,0,0,0,hard
25.714,0,0,0,0,hard
25.719,0,0,0,0,hard
25.724,0,0,0,0,hard
25.726,0,0,0,0,hard
25.733,0,0,0,0,hard
25.739,0,0,0,0,hard
25.741,0,0,0,0,hard
25.745,0,0,0,0,hard
25.754,0,0,0,0,hard
25.759,0,0,0,0,hard
25.761,0,0,0,0,hard
25.768,0,0,0,0,hard
25.774,0,0,0,0,hard
25.779,0,0,0,0,hard
25.782,0,0,0,0,hard
25.788,0,0,0,0,hard
25.794,0,0,0,0,hard
25.796,2167,0,0,0,hard
25.804,3095,0,0,0,hard
25.808,3323,0,0,0,hard
25.812,3479,0,0,0,hard
25.818,3506,0,0,0,hard
25.823,3513,0,0,0,hard
25.829,3490,0,1415,0,hard
25.833,3497,0,2238,0,hard
25.835,3566,0,2351,0,hard
25.842,3671,0,2559,0,hard
25.849,3696,0,2440,0,hard
25.85,3687,0,2552,0,hard
25.857,3605,0,2975,0,hard
25.863,3734,0,3051,0,hard
25.865,3763,0,3244,0,hard
25.873,3837,0,3363,0,hard
25.879,3870,0,3547,0,hard
25.884,3866,0,3584,0,hard
25.889,3867,0,3676,0,hard
25.892,3866,0,3734,0,hard
25.897,3859,0,3772,0,hard
25.905,3873,0,3798,0,hard
25.905,3920,0,3798,0,hard
25.913,3922,0,3786,0,hard
25.92,3927,0,3784,0,hard
25.921,3928,0,3769,0,hard
25.926,3913,0,3808,0,hard
25.932,3907,0,3810,0,hard
25.94,3890,0,3800,0,hard
25.941,3902,0,3764,0,hard
25.949,3903,0,3778,0,hard
25.953,3906,0,3790,0,hard
25.956,3929,0,3807,0,hard
25.961,3946,0,3809,0,hard
25.969,3969,0,3817,0,hard
25.975,3980,0,3825,0,hard
25.976,3984,0,3825,0,hard
25.983,3974,0,3837,0,hard
25.99,3956,0,3815,0,hard
25.995,3965,0,3816,0,hard
25.995,3981,0,3816,0,hard
26.004,3990,0,3793,0,hard
26.009,3990,0,3815,0,hard
26.011,3993,0,3836,0,hard
26.017,3996,0,3849,0,hard
26.024,3997,0,3838,0,hard
26.029,4003,0,3835,0,hard
26.034,3997,0,3827,0,hard
26.039,3992,0,3767,0,hard
26.043,3982,0,3783,0,hard
26.046,3974,0,3816,0,hard
26.052,3980,0,3832,0,hard
26.06,3984,0,3842,0,hard
26.065,3993,0,3847,0,hard
26.065,4004,0,3847,0,hard
26.073,4013,0,3843,0,hard
26.078,4015,0,3850,0,hard
26.081,4015,0,3869,0,hard
26.086,4012,0,3859,0,hard
26.094,4010,0,3851,0,hard
26.1,4007,0,3850,0,hard
26.101,4008,0,3846,0,hard
26.108,4008,0,3842,0,hard
26.11,4011,0,3836,0,hard
26.12,4014,0,3821,0,hard
26.122,4018,0,3821,0,hard
26.129,4018,0,3817,0,hard
26.129,4020,0,3825,0,hard
26.136,4022,0,3844,0,hard
26.144,4011,0,3841,0,hard
26.147,4013,0,3853,0,hard
26.154,4010,0,3832,0,hard
26.157,4012,0,3829,0,hard
26.164,4008,0,3830,0,hard
26.168,4004,0,3836,0,hard
26.174,4008,0,3848,0,hard
26.175,4016,0,3835,0,hard
26.184,4016,0,3839,0,hard
26.189,4013,0,3852,0,hard
26.192,4014,0,3847,0,hard
26.197,4009,0,3837,0,hard
26.201,4011,0,3833,0,hard
26.21,4009,0,3832,0,hard
26.211,4013,0,3838,0,hard
26.218,4009,0,3842,0,hard
26.223,4007,0,3853,0,hard
26.226,4008,0,3841,0,hard
26.234,4006,0,3845,0,hard
26.239,4011,0,3824,0,hard
26.244,4015,0,3832,0,hard
26.247,4008,0,3814,0,hard
26.253,3999,0,3814,0,hard
26.253,3998,0,3844,0,hard
26.262,4010,0,3840,0,hard
26.269,4019,0,3833,0,hard
26.273,4019,0,3852,0,hard
26.28,4022,0,3855,0,hard
26.281,4020,0,3857,0,hard
26.289,4024,0,3866,0,hard
26.294,4023,0,3880,0,hard
26.3,4027,0,3864,0,hard
26.304,4022,0,3830,0,hard
26.308,4020,0,3800,0,hard
26.314,4023,0,3767,0,hard
26.32,4018,0,3702,0,hard
26.322,4023,0,3637,0,hard
26.328,4020,0,3172,0,hard
26.33,4014,0,2707,0,hard
26.336,4010,0,0,0,hard
26.344,3990,0,861,0,hard
26.349,3929,0,0,0,hard
26.352,3928,0,0,0,hard
26.357,3949,0,0,0,hard
26.364,3979,0,1849,3718,hard
26.37,4000,0,2008,3712,hard
26.371,4011,0,1242,2509,hard
26.377,4008,0,0,0,hard
26.38,4009,0,0,0,hard
26.385,3996,0,0,0,hard
26.392,4004,0,1290,0,hard
26.398,4012,0,3010,0,hard
26.399,4023,0,3377,0,hard
26.406,4027,0,3364,0,hard
26.413,4030,0,3357,0,hard
26.418,4026,0,3332,0,hard
26.419,4018,0,3145,0,hard
26.427,4014,0,2520,0,hard
26.434,4020,0,0,0,hard
26.439,4017,0,2133,0,hard
26.442,4010,0,2767,0,hard
26.448,4011,0,2813,0,hard
26.453,4008,0,2887,0,hard
26.454,4016,0,3069,0,hard
26.462,4018,0,3268,0,hard
26.468,4019,0,3224,0,hard
26.47,4026,0,3152,0,hard
26.477,4028,0,2442,0,hard
26.482,4028,0,1989,0,hard
26.486,4030,0,0,0,hard
26.492,4021,0,0,0,hard
26.496,4016,0,0,0,hard
26.504,3997,0,0,0,hard
26.508,3983,0,0,2924,hard
26.51,3972,0,0,3656,hard
26.517,3963,0,0,3685,hard
26.522,3979,0,0,3036,hard
26.53,4007,0,0,2968,hard
26.53,4020,0,0,3265,hard
26.539,4029,0,1421,3408,hard
26.539,4027,0,2499,2266,hard
26.546,4024,0,2679,0,hard
26.551,4019,0,2315,0,hard
26.559,4012,0,1892,0,hard
26.564,4004,0,1860,0,hard
26.565,3989,0,1950,0,hard
26.573,3979,0,2000,0,hard
26.578,3976,0,2009,0,hard
26.581,3975,0,2048,0,hard
26.586,3987,0,2164,0,hard
26.593,4005,0,2565,0,hard
26.598,4014,0,2705,0,hard
26.599,4021,0,3221,0,hard
26.606,4025,0,3423,0,hard
26.613,4027,0,3514,0,hard
26.614,4025,0,3651,0,hard
26.62,4024,0,3651,0,hard
26.627,4016,0,3583,0,hard
26.633,4014,0,3347,0,hard
26.634,4009,0,2497,0,hard
26.641,4003,0,1865,0,hard
26.648,3994,0,0,0,hard
26.648,4000,0,1926,0,hard
26.656,4003,0,2555,0,hard
26.662,4015,0,3290,0,hard
26.664,4022,0,3382,0,hard
26.669,4034,0,3392,0,hard
26.676,4030,0,3332,0,hard
26.682,4031,0,3209,0,hard
26.682,4027,0,2892,0,hard
26.692,4017,0,2507,0,hard
26.696,4011,0,2289,0,hard
26.703,4002,0,1759,0,hard
26.707,3998,0,467,0,hard
26.71,4004,0,0,0,hard
26.717,4016,0,0,0,hard
26.719,4023,0,0,0,hard
26.724,4024,0,1556,0,hard
26.732,4020,0,2367,0,hard
26.738,4028,0,2867,0,hard
26.74,4037,0,3254,0,hard
26.745,4035,0,3094,0,hard
26.751,4038,0,2478,0,hard
26.757,4030,0,2143,0,hard
26.759,4020,0,2048,0,hard
26.766,4020,0,2542,0,hard
26.772,4014,0,3045,0,hard
26.774,4016,0,3137,0,hard
26.779,4016,0,2751,0,hard
26.786,4008,0,1689,0,hard
26.793,3997,0,0,0,hard
26.793,3972,0,0,0,hard
26.801,3919,0,1780,0,hard
26.807,3875,0,2384,0,hard
26.809,3877,0,2586,0,hard
26.814,3914,0,1898,0,hard
26.821,3908,0,1645,0,hard
26.828,3891,0,1063,0,hard
26.829,3830,0,1511,0,hard
26.835,3720,0,1729,0,hard
26.842,3501,0,1774,0,hard
26.848,3291,0,1677,0,hard
26.849,2832,0,133,1304,hard
26.856,0,0,0,0,hard
26.863,0,0,0,0,hard
26.863,0,0,0,0,hard
26.871,0,0,0,1370,hard
26.876,0,0,0,2077,hard
26.88,0,0,0,3576,hard
26.887,0,0,0,3743,hard
26.893,0,0,0,3788,hard
26.897,0,0,0,3804,hard
26.899,0,0,0,3789,hard
26.904,0,0,0,3729,hard
26.911,0,0,0,3679,hard
26.918,0,0,0,3767,hard
26.919,0,0,0,3780,hard
26.925,0,0,0,3827,hard
26.932,0,0,0,3891,hard
26.933,0,0,0,3897,hard
26.943,0,1058,0,3853,hard
26.946,0,1555,0,3796,hard
26.953,0,1883,0,3718,hard
26.958,0,1952,0,3764,hard
26.96,0,1882,0,3792,hard
26.968,0,1984,0,3791,hard
26.973,0,2022,0,3805,hard
26.974,0,2045,0,3762,hard
26.983,0,2046,0,3715,hard
26.987,0,1942,0,3693,hard
26.993,0,1866,0,3567,hard
26.995,0,2626,0,3244,hard
27.002,0,3009,0,3437,hard
27.008,0,3272,0,3705,hard
27.009,0,3391,0,3826,hard
27.016,0,3386,0,3909,hard
27.023,0,3306,0,3918,hard
27.023,0,3278,0,3857,hard
27.033,0,3292,0,3852,hard
27.036,0,3328,0,3902,hard
27.039,0,3365,0,3913,hard
27.043,0,3351,0,3882,hard
27.05,0,3280,0,3812,hard
27.057,0,2496,0,3770,hard
27.06,0,0,0,3824,hard
27.064,0,0,0,3899,hard
27.071,0,1744,0,3931,hard
27.078,0,2976,0,3936,hard
27.083,0,3255,0,3929,hard
27.085,0,3201,0,3928,hard
27.092,0,1921,0,3901,hard
27.093,0,0,0,3828,hard
27.103,0,0,0,3727,hard
27.106,0,0,0,3100,hard
27.113,0,0,0,0,hard
27.113,0,1662,0,3036,hard
27.121,0,2848,0,3731,hard
27.126,0,3034,0,3858,hard
27.128,0,3076,0,3906,hard
27.137,0,3067,0,3912,hard
27.141,0,3032,0,3877,hard
27.148,0,3119,0,3857,hard
27.153,0,3129,0,3851,hard
27.154,0,3187,0,3884,hard
27.161,0,3069,0,3880,hard
27.163,0,2369,0,3880,hard
27.172,0,1384,0,3877,hard
27.175,0,1223,0,3842,hard
27.183,0,2514,0,3894,hard
27.183,0,2981,0,3941,hard
27.193,0,3303,0,3953,hard
27.196,0,3345,0,3938,hard
27.202,0,3278,0,3894,hard
27.203,0,2765,0,3835,hard
27.211,0,0,0,3820,hard
27.217,0,0,0,3829,hard
27.217,0,0,0,3808,hard
27.225,0,0,0,3906,hard
27.233,0,2885,0,3943,hard
27.237,0,3320,0,3950,hard
27.242,0,3267,0,3927,hard
27.248,0,3130,0,3841,hard
27.252,0,2912,0,3738,hard
27.258,0,2066,0,3734,hard
27.26,0,1407,0,3795,hard
27.268,0,0,0,3862,hard
27.273,0,1689,0,3904,hard
27.277,0,2760,0,3913,hard
27.28,0,3135,0,3915,hard
27.287,0,3265,0,3911,hard
27.293,0,3291,0,3914,hard
27.293,0,3287,0,3916,hard
27.301,0,3243,0,3923,hard
27.307,0,3099,0,3926,hard
27.312,0,2842,0,3935,hard
27.316,0,2512,0,3925,hard
27.321,0,1883,0,3882,hard
27.327,0,1793,0,3809,hard
27.328,0,2213,0,3794,hard
27.335,0,2756,0,3821,hard
27.342,0,2925,0,3852,hard
27.347,0,3040,0,3914,hard
27.352,0,3062,0,3936,hard
27.356,0,3311,0,3921,hard
27.36,0,3428,0,3914,hard
27.363,0,3501,0,3912,hard
27.371,0,3532,0,3923,hard
27.376,0,3551,0,3941,hard
27.378,0,3512,0,3946,hard
27.384,0,3387,0,3932,hard
27.391,0,2893,0,3907,hard
27.398,0,2129,0,3877,hard
27.398,0,0,0,3861,hard
27.405,0,0,0,3869,hard
27.411,0,0,0,3892,hard
27.413,0,2640,0,3926,hard
27.418,0,3282,0,3946,hard
27.425,0,3491,0,3964,hard
27.433,0,3564,0,3980,hard
27.433,0,3552,0,3973,hard
27.44,0,3519,0,3968,hard
27.446,0,3354,0,3960,hard
27.452,0,2852,0,3947,hard
27.453,0,2693,0,3928,hard
27.46,0,2621,0,3927,hard
27.467,0,2659,0,3917,hard
27.468,0,2859,0,3914,hard
27.474,0,3151,0,3937,hard
27.481,0,3357,0,3946,hard
27.487,0,3424,0,3951,hard
27.488,0,3436,0,3953,hard
27.495,0,3436,0,3956,hard
27.501,0,3425,0,3958,hard
27.507,0,3416,0,3959,hard
27.511,0,3404,0,3958,hard
27.516,0,3389,0,3953,hard
27.523,0,3364,0,3944,hard
27.523,0,3290,0,3934,hard
27.529,0,3151,0,3918,hard
27.536,0,3062,0,3916,hard
27.538,0,3202,0,3925,hard
27.546,0,3339,0,3934,hard
27.55,0,3392,0,3944,hard
27.557,0,3445,0,3951,hard
27.557,0,3437,0,3952,hard
27.564,0,3382,0,3956,hard
27.571,0,3347,0,3953,hard
27.577,0,3284,0,3951,hard
27.578,0,3166,0,3958,hard
27.585,0,3003,0,3951,hard
27.592,0,2993,0,3954,hard
27.597,0,3169,0,3954,hard
27.599,0,3277,0,3955,hard
27.606,0,3344,0,3961,hard
27.612,0,3365,0,3965,hard
27.613,0,3369,0,3965,hard
27.62,0,3365,0,3969,hard
27.627,0,3348,0,3961,hard
27.632,0,3349,0,3963,hard
27.637,0,3342,0,3969,hard
27.641,0,3339,0,3958,hard
27.645,0,3350,0,3957,hard
27.648,0,3374,0,3950,hard
27.655,0,3346,0,3954,hard
27.661,0,3343,0,3945,hard
27.667,0,3309,0,3945,hard
27.671,0,3359,0,3947,hard
27.675,0,3441,0,3953,hard
27.683,0,3534,0,3952,hard
27.683,0,3565,0,3953,hard
27.692,0,3557,0,3961,hard
27.696,0,3499,0,3950,hard
27.702,0,3381,0,3948,hard
27.703,0,3226,0,3940,hard
27.71,0,3215,0,3931,hard
27.717,0,3304,0,3942,hard
27.717,0,3365,0,3954,hard
27.724,0,3397,0,3952,hard
27.731,0,3391,0,3967,hard
27.733,0,3354,0,3970,hard
27.742,0,3155,0,3968,hard
27.745,0,2684,0,3967,hard
27.752,0,2322,0,3957,hard
27.757,0,2062,0,3956,hard
27.758,0,2769,0,3958,hard
27.765,0,3335,0,3961,hard
27.769,0,3512,0,3978,hard
27.776,0,3558,0,3982,hard
27.779,0,3584,0,3976,hard
27.786,0,3541,0,3968,hard
27.786,0,3429,0,3962,hard
27.793,0,3078,0,3952,hard
27.8,0,2670,0,3944,hard
27.807,0,2719,0,3930,hard
27.812,0,2926,0,3939,hard
27.814,0,3253,0,3956,hard
27.821,0,3479,0,3967,hard
27.821,0,3543,0,3960,hard
27.828,0,3568,0,3960,hard
27.835,0,3552,0,3964,hard
27.842,0,3515,0,3967,hard
27.846,0,3404,0,3970,hard
27.849,0,3313,0,3969,hard
27.855,0,3300,0,3965,hard
27.862,0,3286,0,3961,hard
27.863,0,3254,0,3965,hard
27.87,0,3251,0,3959,hard
27.876,0,3241,0,3954,hard
27.882,0,3249,0,3961,hard
27.883,0,3345,0,3956,hard
27.891,0,3441,0,3962,hard
27.897,0,3512,0,3970,hard
27.898,0,3535,0,3971,hard
27.904,0,3532,0,3966,hard
27.911,0,3476,0,3967,hard
27.911,0,3366,0,3972,hard
27.922,0,3122,0,3957,hard
27.925,0,3034,0,3953,hard
27.931,0,2933,0,3957,hard
27.932,0,3068,0,3959,hard
27.939,0,3267,0,3962,hard
27.946,0,3377,0,3972,hard
27.948,0,3438,0,3978,hard
27.953,0,3409,0,3978,hard
27.96,0,3350,0,3977,hard
27.967,0,3164,0,3980,hard
27.967,0,2841,0,3979,hard
27.974,0,2835,0,3964,hard
27.98,0,3048,0,3967,hard
27.987,0,3361,0,3971,hard
27.988,0,3515,0,3967,hard
27.995,0,3572,0,3966,hard
28.002,0,3598,0,3966,hard
28.007,0,3578,0,3958,hard
28.011,0,3475,0,3961,hard
28.015,0,3386,0,3953,hard
28.019,0,3184,0,3946,hard
28.022,0,3132,0,3945,hard
28.03,0,3180,0,3946,hard
28.036,0,3377,0,3962,hard
28.042,0,3405,0,3970,hard
28.043,0,3460,0,3972,hard
28.05,0,3468,0,3970,hard
28.057,0,3428,0,3972,hard
28.062,0,3387,0,3972,hard
28.064,0,3316,0,3976,hard
28.071,0,3276,0,3983,hard
28.072,0,3206,0,3979,hard
28.08,0,3260,0,3983,hard
28.085,0,3274,0,3988,hard
28.092,0,3306,0,3980,hard
28.097,0,3302,0,3977,hard
28.102,0,3121,0,3975,hard
28.106,0,2812,0,3977,hard
28.112,0,2696,0,3972,hard
28.113,0,2680,0,3970,hard
28.12,0,2763,0,3973,hard
28.126,0,3048,0,3975,hard
28.127,0,3296,0,3980,hard
28.136,0,3432,0,3984,hard
28.141,0,3486,0,3983,hard
28.147,0,3506,0,3983,hard
28.152,0,3539,0,3984,hard
28.154,0,3497,0,3973,hard
28.161,0,3471,0,3959,hard
28.162,0,3408,0,3955,hard
28.171,0,3269,0,3927,hard
28.175,0,3107,0,3916,hard
28.181,0,3084,0,3922,hard
28.183,0,3323,0,3945,hard
28.19,0,3468,0,3959,hard
28.196,0,3524,0,3965,hard
28.198,0,3584,0,3969,hard
28.203,0,3505,0,3979,hard
28.21,0,3422,0,3965,hard
28.217,0,3023,0,3963,hard
28.217,0,2472,0,3960,hard
28.227,0,2484,0,3964,hard
28.23,0,2864,0,3972,hard
28.232,0,3320,0,3970,hard
28.238,0,3466,0,3980,hard
28.245,0,3460,0,3989,hard
28.251,0,3374,0,3991,hard
28.252,0,3053,0,3985,hard
28.258,0,2774,0,3981,hard
28.266,0,2756,0,3984,hard
28.272,0,3157,0,3985,hard
28.272,0,3462,0,3988,hard
28.28,0,3531,0,3993,hard
28.286,0,3551,0,3995,hard
28.288,0,3536,0,3989,hard
28.294,0,3454,0,3979,hard
28.3,0,3336,0,3968,hard
28.306,0,3201,0,3945,hard
28.307,0,3197,0,3942,hard
28.314,0,3245,0,3941,hard
28.321,0,3147,0,3935,hard
28.326,0,3071,0,3940,hard
28.328,0,3038,0,3946,hard
28.335,0,3065,0,3950,hard
28.341,0,3233,0,3955,hard
28.342,0,3467,0,3962,hard
28.349,0,3554,0,3956,hard
28.356,0,3576,0,3931,hard
28.357,0,3503,0,3932,hard
28.366,0,3345,0,3919,hard
28.369,0,1981,0,3892,hard
28.375,0,0,0,3864,hard
28.377,0,0,0,3871,hard
28.383,0,0,0,3922,hard
28.39,0,2399,0,3976,hard
28.396,0,3373,0,4006,hard
28.401,0,3609,0,4012,hard
28.404,0,3747,0,4018,hard
28.411,0,3758,0,4024,hard
28.411,0,3741,0,4019,hard
28.418,0,3622,0,4015,hard
28.425,0,3356,0,4005,hard
28.431,0,3056,0,3991,hard
28.432,0,2167,0,3968,hard
28.439,0,2130,0,3958,hard
28.445,0,2354,0,3948,hard
28.447,0,2947,0,3959,hard
28.453,0,3213,0,3960,hard
28.46,0,3425,0,3955,hard
28.466,0,3519,0,3950,hard
28.467,0,3527,0,3949,hard
28.476,0,3487,0,3947,hard
28.48,0,3427,0,3955,hard
28.486,0,3233,0,3953,hard
28.491,0,3025,0,3950,hard
28.495,0,3295,0,3954,hard
28.502,0,3502,0,3962,hard
28.502,0,3587,0,3970,hard
28.508,0,3612,0,3983,hard
28.516,0,3497,0,3982,hard
28.52,0,3008,0,3955,hard
28.522,0,1867,0,3895,hard
28.529,0,0,0,3860,hard
28.536,0,622,0,3882,hard
28.541,0,2671,0,3928,hard
28.543,0,3438,0,3970,hard
28.551,0,3582,0,3983,hard
28.556,0,3681,0,4003,hard
28.558,0,3725,0,4002,hard
28.564,0,3663,0,4006,hard
28.571,0,3597,0,3994,hard
28.576,0,3559,0,3988,hard
28.581,0,3534,0,3987,hard
28.585,0,3552,0,3986,hard
28.591,0,3569,0,3990,hard
28.596,0,3565,0,3984,hard
28.6,0,3540,0,3984,hard
28.606,0,3414,0,3981,hard
28.612,0,3286,0,3959,hard
28.615,0,3243,0,3963,hard
28.62,0,3233,0,3949,hard
28.623,0,3274,0,3972,hard
28.627,0,3199,0,3977,hard
28.634,0,2932,0,3982,hard
28.641,0,2133,0,3963,hard
28.647,0,1860,0,3931,hard
28.649,0,2353,0,3932,hard
28.654,0,3199,0,3960,hard
28.661,0,3223,0,3971,hard
28.662,0,3145,0,3960,hard
28.668,0,3023,0,3908,hard
28.675,0,2350,0,3888,hard
28.681,0,2704,0,3850,hard
28.682,0,3322,0,3922,hard
28.69,0,3565,0,3972,hard
28.696,0,3693,0,3983,hard
28.697,0,3715,0,3974,hard
28.703,0,3713,0,3968,hard
28.711,0,3612,0,3958,hard
28.716,0,3479,0,3966,hard
28.717,0,3444,0,3924,hard
28.724,0,3256,0,3930,hard
28.731,0,3018,0,3937,hard
28.731,0,2868,0,3938,hard
28.739,0,2905,0,3953,hard
28.745,0,2789,0,3960,hard
28.748,0,2694,0,3966,hard
28.752,0,2567,0,3959,hard
28.758,0,2244,0,3938,hard
28.765,0,1197,0,3925,hard
28.768,0,0,0,3922,hard
28.773,0,0,0,3917,hard
28.779,0,0,0,3858,hard
28.786,0,0,0,3773,hard
28.79,0,0,0,3610,hard
28.795,0,0,0,3517,hard
28.8,0,0,0,3658,hard
28.8,0,0,0,3700,hard
28.811,0,2392,0,3793,hard
28.814,0,2404,0,3672,hard
28.821,0,0,0,3369,hard
28.825,0,0,0,2252,hard
28.828,0,0,0,0,hard
28.835,0,0,0,0,hard
28.841,0,0,0,0,hard
28.846,0,0,0,0,hard
28.855,0,0,0,0,hard
28.855,0,0,0,0,hard
28.86,0,0,0,0,hard
28.863,0,0,0,0,hard
28.869,0,0,0,0,hard
28.876,0,0,0,0,hard
28.877,0,0,0,0,hard
28.883,0,0,0,0,hard
28.891,0,0,0,0,hard
28.895,0,0,0,0,hard
28.897,0,0,0,0,hard
28.904,0,0,0,0,hard
28.911,0,0,0,0,hard
28.916,0,0,0,0,hard
28.918,0,0,0,0,hard
28.925,0,0,0,0,hard
28.931,0,0,0,0,hard
28.932,0,0,0,0,hard
28.939,0,0,0,0,hard
28.946,0,0,0,1258,hard
28.946,0,0,0,0,hard
28.955,0,0,0,0,hard
28.96,0,0,0,912,hard
28.963,0,0,0,3243,hard
28.967,0,0,0,3723,hard
28.974,0,0,0,3839,hard
28.981,0,0,0,3896,hard
28.982,0,0,0,3870,hard
28.988,0,0,0,3876,hard
28.995,0,0,0,3909,hard
29.001,0,0,0,3924,hard
29.002,0,0,0,3945,hard
29.008,0,0,0,3933,hard
29.015,0,1077,0,3915,hard
29.015,0,1799,0,3908,hard
29.024,0,2780,0,3888,hard
29.029,0,2233,0,3918,hard
29.031,0,0,0,3961,hard
29.04,0,0,0,3983,hard
29.043,0,0,0,3982,hard
29.05,0,0,0,3947,hard
29.056,0,0,0,3918,hard
29.057,0,0,0,3911,hard
29.064,0,0,0,3935,hard
29.071,0,0,0,3937,hard
29.072,0,0,0,3913,hard
29.078,0,0,0,3883,hard
29.085,0,0,0,3908,hard
29.091,0,0,0,3923,hard
29.095,0,0,0,3936,hard
29.099,0,1043,0,3938,hard
29.106,0,2441,0,3909,hard
29.106,0,2924,0,3909,hard
29.116,0,3256,0,3933,hard
29.119,0,3431,0,3950,hard
29.125,0,3524,0,3955,hard
29.126,0,3617,0,3978,hard
29.133,0,3663,0,3984,hard
29.14,0,3676,0,3981,hard
29.14,0,3649,0,3991,hard
29.148,0,3626,0,3998,hard
29.154,0,3544,0,4000,hard
29.16,0,3341,0,3995,hard
29.161,0,3121,0,3982,hard
29.168,0,3088,0,3973,hard
29.175,0,3342,0,3976,hard
29.181,0,3595,0,3980,hard
29.182,0,3610,0,4002,hard
29.189,0,3628,0,4012,hard
29.196,0,3643,0,4027,hard
29.198,0,3663,0,4027,hard
29.203,0,3682,0,4027,hard
29.21,0,3691,0,4021,hard
29.216,0,3676,0,4012,hard
29.217,0,3636,0,4016,hard
29.226,0,3488,0,4021,hard
29.231,0,3195,0,4021,hard
29.231,0,3022,0,4030,hard
29.238,0,3176,0,4026,hard
29.245,0,3355,0,4035,hard
29.251,0,3419,0,4019,hard
29.252,0,3459,0,4037,hard
29.259,0,3457,0,4040,hard
29.265,0,3470,0,4040,hard
29.265,0,3500,0,4043,hard
29.274,0,3553,0,4041,hard
29.279,0,3469,0,4038,hard
29.286,0,3444,0,4040,hard
29.286,0,3392,0,4037,hard
29.295,0,3394,0,4037,hard
29.3,0,3470,0,4043,hard
29.305,0,3541,0,4042,hard
29.307,0,3629,0,4039,hard
29.314,0,3572,0,4040,hard
29.321,0,3479,0,4043,hard
29.321,0,3463,0,4042,hard
29.328,0,3561,0,4037,hard
29.334,0,3636,0,4034,hard
29.34,0,3659,0,4025,hard
29.344,0,3618,0,4031,hard
29.349,0,3515,0,4038,hard
29.356,0,3389,0,4039,hard
29.356,0,3545,0,4036,hard
29.365,0,3596,0,4028,hard
29.369,0,3639,0,4024,hard
29.375,0,3611,0,4028,hard
29.376,0,3542,0,4031,hard
29.384,0,3463,0,4036,hard
29.39,0,3518,0,4037,hard
29.395,0,3570,0,4038,hard
29.398,0,3682,0,4033,hard
29.406,0,3705,0,4032,hard
29.407,0,3666,0,4033,hard
29.412,0,3595,0,4040,hard
29.419,0,3558,0,4040,hard
29.425,0,3522,0,4034,hard
29.425,0,3482,0,4038,hard
29.432,0,3411,0,4043,hard
29.439,0,3459,0,4045,hard
29.446,0,3561,0,4038,hard
29.45,0,3621,0,4032,hard
29.453,0,3555,0,4030,hard
29.46,0,3317,0,4032,hard
29.461,0,3075,0,4039,hard
29.467,0,3116,0,4039,hard
29.474,0,3158,0,4039,hard
29.48,0,3497,0,4035,hard
29.481,0,3623,0,4033,hard
29.488,0,3628,0,4032,hard
29.496,0,3492,0,4040,hard
29.496,0,3333,0,4053,hard
29.502,0,3546,0,4050,hard
29.509,0,3641,0,4042,hard
29.515,0,3659,0,4038,hard
29.516,0,3649,0,4041,hard
29.522,0,3460,0,4045,hard
29.53,0,3067,0,4044,hard
29.531,0,2527,0,4047,hard
29.539,0,2094,0,4024,hard
29.543,0,2532,0,4027,hard
29.55,0,1948,0,4030,hard
29.551,0,2016,0,4029,hard
29.557,0,2991,0,4032,hard
29.564,0,3259,0,4029,hard
29.57,0,3361,0,4031,hard
29.571,0,3353,0,4031,hard
29.578,0,3258,0,4020,hard
29.584,0,3093,0,4019,hard
29.586,0,0,0,4020,hard
29.596,0,3053,0,4010,hard
29.599,0,3089,0,3968,hard
29.605,0,2369,0,3985,hard
29.61,0,0,0,3985,hard
29.613,0,0,0,3970,hard
29.62,0,0,0,3951,hard
29.62,0,0,0,3955,hard
29.628,0,0,0,3945,hard
29.633,0,0,0,3963,hard
29.64,0,0,0,3975,hard
29.642,0,0,0,3996,hard
29.647,0,0,0,4000,hard
29.654,0,0,0,3996,hard
29.66,0,0,0,3994,hard
29.661,0,0,0,4006,hard
29.668,0,0,0,4014,hard
29.675,0,0,0,4021,hard
29.68,3663,0,0,4031,hard
29.682,3494,0,0,4026,hard
29.689,0,0,0,4026,hard
29.695,0,0,0,4022,hard
29.696,0,0,0,4007,hard
29.703,0,0,0,3997,hard
29.71,0,0,0,4002,hard
29.71,0,0,0,4005,hard
29.716,0,0,0,4017,hard
29.725,0,0,0,4026,hard
29.73,0,0,0,4034,hard
29.731,0,0,0,4036,hard
29.737,0,0,0,4035,hard
29.744,0,0,0,4041,hard
29.746,0,0,0,4033,hard
29.755,0,0,0,4036,hard
29.758,0,0,0,4031,hard
29.765,0,0,0,4022,hard
29.766,0,0,0,4024,hard
29.772,0,0,0,4018,hard
29.78,0,0,0,4023,hard
29.78,0,0,0,4019,hard
29.79,0,0,0,4024,hard
29.793,0,0,0,4027,hard
29.8,0,1759,0,4034,hard
29.801,0,2723,0,4025,hard
29.807,0,2905,0,4023,hard
29.814,0,2521,0,4018,hard
29.814,0,0,0,4009,hard
29.825,0,0,0,3986,hard
29.828,0,0,0,3958,hard
29.835,0,0,0,3953,hard
29.839,0,0,0,3960,hard
29.842,0,0,0,3975,hard
29.849,0,0,0,4000,hard
29.855,0,0,0,4012,hard
29.856,0,2067,0,4023,hard
29.865,0,2435,0,4025,hard
29.869,0,2444,0,4023,hard
29.875,0,2437,0,4017,hard
29.876,0,1973,0,4004,hard
29.883,0,0,0,3986,hard
29.89,0,0,0,3976,hard
29.891,0,0,0,3969,hard
29.897,0,0,0,3976,hard
29.904,0,0,0,4006,hard
29.91,0,0,0,4007,hard
29.911,0,1711,0,4010,hard
29.918,0,3072,0,4019,hard
29.925,0,3353,0,4028,hard
29.925,0,3358,0,4028,hard
29.935,0,3159,0,4018,hard
29.939,0,1376,0,4007,hard
29.942,0,0,0,3985,hard
29.946,0,0,0,3949,hard
29.953,0,0,0,3941,hard
29.959,0,0,0,3950,hard
29.965,0,0,0,3970,hard
29.967,0,0,0,3985,hard
29.974,0,0,0,3992,hard
29.98,0,0,0,4009,hard
29.981,0,0,0,3999,hard
29.987,0,0,0,3983,hard
29.994,0,0,0,3976,hard
29.996,0,0,0,3961,hard
30.005,0,0,0,3946,hard
30.008,0,0,0,3937,hard
30.015,0,0,0,3936,hard
30.015,0,0,0,3940,hard
30.025,0,0,0,3930,hard
30.029,0,0,0,3921,hard
30.035,0,0,0,3912,hard
30.036,0,0,0,3863,hard
30.043,0,0,0,3804,hard
30.05,0,0,0,3746,hard
30.055,0,0,0,3658,hard
30.057,0,0,0,3446,hard
30.063,0,0,0,2923,hard
30.07,0,0,0,2716,hard
30.071,0,0,0,2881,hard
30.079,0,0,0,2941,hard
30.085,0,0,0,2058,hard
30.085,0,0,0,0,hard
30.091,0,0,0,0,hard
30.098,0,0,0,0,hard
30.105,0,0,0,0,hard
30.106,0,0,0,0,hard
30.115,0,0,0,0,hard
30.119,0,0,0,0,hard
30.119,3612,0,0,0,hard
30.126,3783,0,2189,0,hard
30.133,3830,0,2615,0,hard
30.135,3822,0,2488,0,hard
30.144,3833,0,2192,0,hard
30.147,3722,0,0,0,hard
30.154,3547,0,0,0,hard
30.154,3272,0,0,0,hard
30.161,0,0,0,0,hard
30.168,0,0,0,0,hard
30.174,0,0,0,0,hard
30.175,0,0,0,0,hard
30.182,0,0,0,0,hard
30.189,0,0,1641,0,hard
30.189,0,0,2483,0,hard
30.2,0,0,2688,0,hard
30.204,3242,0,2681,0,hard
30.21,3772,0,2661,0,hard
30.214,3924,0,2407,0,hard
30.217,3946,0,2182,0,hard
30.223,3915,0,2273,0,hard
30.23,3838,0,2668,0,hard
30.233,3805,0,2744,0,hard
30.238,3658,0,2794,0,hard
30.244,3074,0,2665,0,hard
30.245,0,0,1688,0,hard
30.251,2941,0,0,0,hard
30.259,3398,0,0,0,hard
30.264,3755,0,0,0,hard
30.265,3645,0,0,0,hard
30.272,0,0,0,0,hard
30.28,0,0,2106,0,hard
30.281,0,0,2351,0,hard
30.289,2278,0,1565,0,hard
30.293,3550,0,0,0,hard
30.299,3760,0,0,0,hard
30.303,3697,0,0,0,hard
30.307,3353,0,0,0,hard
30.315,3324,0,1676,0,hard
30.318,3462,0,1116,0,hard
30.321,3615,0,0,0,hard
30.328,3721,0,0,0,hard
30.335,3697,0,0,0,hard
30.335,3453,0,0,0,hard
30.342,3217,0,529,0,hard
30.349,3505,0,1461,0,hard
30.354,3657,0,0,0,hard
30.355,3774,0,0,0,hard
30.362,3773,0,0,0,hard
30.369,3711,0,0,0,hard
30.374,3735,0,0,0,hard
30.376,3849,0,0,0,hard
30.383,3881,0,0,0,hard
30.389,3883,0,2590,0,hard
30.391,3861,0,3171,0,hard
30.397,3828,0,3227,0,hard
30.404,3816,0,2630,0,hard
30.405,3877,0,0,0,hard
30.413,3877,0,0,0,hard
30.418,3798,0,0,0,hard
30.424,3436,0,692,0,hard
30.425,3316,0,3034,0,hard
30.432,3410,0,3182,0,hard
30.438,3871,0,2891,0,hard
30.44,3891,0,1854,0,hard
30.449,3835,0,0,0,hard
30.453,3446,0,0,0,hard
30.459,0,0,0,0,hard
30.463,0,0,0,0,hard
30.467,1933,0,0,0,hard
30.474,3269,0,0,0,hard
30.48,2769,0,1781,0,hard
30.483,3025,0,2617,0,hard
30.488,3439,0,3163,0,hard
30.494,3661,0,3202,0,hard
30.496,3697,0,3122,0,hard
30.502,3702,0,2974,0,hard
30.509,3645,0,2712,0,hard
30.514,3326,0,2596,0,hard
30.515,2771,0,2619,0,hard
30.522,2764,0,2330,0,hard
30.529,3303,0,2224,0,hard
30.534,3323,0,2037,0,hard
30.536,3386,0,2103,0,hard
30.543,3428,0,2340,0,hard
30.549,3566,0,2377,0,hard
30.55,3653,0,2577,0,hard
30.559,3695,0,2654,0,hard
30.563,3666,0,2827,0,hard
30.569,3652,0,2858,0,hard
30.571,3659,0,2736,0,hard
30.578,3649,0,2424,0,hard
30.578,3672,0,2226,0,hard
30.585,3676,0,2154,0,hard
30.592,3693,0,2106,0,hard
30.599,3759,0,2048,0,hard
30.603,3812,0,2174,0,hard
30.605,3844,0,2422,0,hard
30.612,3866,0,2448,0,hard
30.619,3888,0,2461,0,hard
30.619,3896,0,2719,0,hard
30.628,3890,0,2884,0,hard
30.633,3858,0,2896,0,hard
30.636,3820,0,2892,0,hard
30.644,3795,0,2791,0,hard
30.647,3767,0,2501,0,hard
30.654,3728,0,2433,0,hard
30.654,3754,0,2606,0,hard
30.661,3722,0,2816,0,hard
30.668,3767,0,2936,0,hard
30.674,3795,0,3048,0,hard
30.679,3824,0,3131,0,hard
30.682,3845,0,3168,0,hard
30.688,3859,0,3168,0,hard
30.69,3859,0,3147,0,hard
30.698,3858,0,3051,0,hard
30.703,3835,0,2953,0,hard
30.709,3816,0,2868,0,hard
30.71,3800,0,2808,0,hard
30.717,3807,0,2590,0,hard
30.724,3800,0,2254,0,hard
30.725,3786,0,2227,0,hard
30.731,3726,0,2718,0,hard
30.738,3671,0,2857,0,hard
30.744,3711,0,2982,0,hard
30.746,3780,0,3058,0,hard
30.752,3814,0,3069,0,hard
30.759,3816,0,3111,0,hard
30.764,3824,0,3068,0,hard
30.765,3780,0,3057,0,hard
30.772,3754,0,3042,0,hard
30.779,3778,0,2952,0,hard
30.779,3790,0,2907,0,hard
30.788,3809,0,2905,0,hard
30.793,3829,0,2845,0,hard
30.798,3841,0,2858,0,hard
30.8,3837,0,2858,0,hard
30.807,3856,0,2871,0,hard
30.813,3852,0,2977,0,hard
30.819,3864,0,3010,0,hard
30.821,3901,0,3010,0,hard
30.828,3910,0,3044,0,hard
30.834,3921,0,3011,0,hard
30.835,3925,0,2927,0,hard
30.843,3917,0,2861,0,hard
30.849,3904,0,2838,0,hard
30.849,3899,0,2786,0,hard
30.859,3902,0,2745,0,hard
30.863,3890,0,2772,0,hard
30.865,3887,0,2791,0,hard
30.873,3854,0,2843,0,hard
30.877,3802,0,2939,0,hard
30.883,3715,0,3040,0,hard
30.885,3637,0,3161,0,hard
30.89,3640,0,3191,0,hard
30.898,3666,0,3199,0,hard
30.904,3702,0,3207,0,hard
30.909,3714,0,3212,0,hard
30.914,3711,0,3207,0,hard
30.918,3677,0,3216,0,hard
30.918,3687,0,3192,0,hard
30.925,3755,0,3156,0,hard
30.932,3810,0,3092,0,hard
30.939,3848,0,3017,0,hard
30.943,3859,0,2879,0,hard
30.946,3861,0,2747,0,hard
30.953,3862,0,2383,0,hard
30.953,3870,0,2356,0,hard
30.964,3890,0,2332,0,hard
30.968,3906,0,2369,0,hard
30.974,3931,0,2393,0,hard
30.976,3941,0,2603,0,hard
30.981,3944,0,2851,0,hard
30.987,3945,0,2923,0,hard
30.994,3950,0,2926,0,hard
30.998,3943,0,2924,0,hard
31.001,3936,0,2911,0,hard
31.008,3930,0,2850,0,hard
31.014,3911,0,2833,0,hard
31.017,3893,0,2924,0,hard
31.022,3874,0,2971,0,hard
31.025,3844,0,3042,0,hard
31.029,3822,0,3134,0,hard
31.037,3787,0,3162,0,hard
31.043,3739,0,3176,0,hard
31.044,3711,0,3196,0,hard
31.05,3709,0,3221,0,hard
31.057,3729,0,3218,0,hard
31.063,3738,0,3218,0,hard
31.064,3750,0,3191,0,hard
31.071,3760,0,3177,0,hard
31.078,3795,0,3148,0,hard
31.084,3809,0,3107,0,hard
31.086,3847,0,3071,0,hard
31.092,3857,0,3030,0,hard
31.098,3883,0,2977,0,hard
31.1,3900,0,2850,0,hard
31.105,3900,0,2730,0,hard
31.112,3904,0,2735,0,hard
31.119,3910,0,2652,0,hard
31.119,3923,0,2655,0,hard
31.127,3921,0,2818,0,hard
31.134,3928,0,2879,0,hard
31.134,3930,0,2914,0,hard
31.142,3928,0,3007,0,hard
31.147,3930,0,3087,0,hard
31.154,3930,0,3115,0,hard
31.158,3924,0,3137,0,hard
31.161,3919,0,3136,0,hard
31.169,3905,0,3137,0,hard
31.173,3897,0,3144,0,hard
31.175,3892,0,3135,0,hard
31.182,3877,0,3128,0,hard
31.188,3864,0,3132,0,hard
31.193,3861,0,3113,0,hard
31.199,3858,0,3109,0,hard
31.203,3864,0,3108,0,hard
31.209,3875,0,3115,0,hard
31.21,3888,0,3118,0,hard
31.216,3892,0,3104,0,hard
31.224,3897,0,3109,0,hard
31.224,3925,0,3099,0,hard
31.233,3928,0,3097,0,hard
31.237,3918,0,3043,0,hard
31.242,3898,0,2958,0,hard
31.245,3871,0,2819,0,hard
31.251,3822,0,2623,0,hard
31.258,3790,0,2709,0,hard
31.258,3773,0,2837,0,hard
31.265,3787,0,2982,0,hard
31.272,3836,0,3035,0,hard
31.278,3886,0,3023,0,hard
31.282,3921,0,3089,0,hard
31.286,3934,0,3166,0,hard
31.293,3947,0,3227,0,hard
31.298,3953,0,3236,0,hard
31.3,3956,0,3187,0,hard
31.308,3957,0,3066,0,hard
31.309,3956,0,2856,0,hard
31.315,3952,0,2341,0,hard
31.324,3941,0,2246,0,hard
31.328,3929,0,2104,0,hard
31.332,3912,0,2092,0,hard
31.334,3895,0,2100,0,hard
31.341,3895,0,2193,0,hard
31.348,3903,0,2810,0,hard
31.353,3909,0,3140,0,hard
31.355,3913,0,3213,0,hard
31.362,3916,0,3237,0,hard
31.368,3911,0,3327,0,hard
31.369,3889,0,3220,0,hard
31.376,3849,0,3173,0,hard
31.383,3833,0,3157,0,hard
31.384,3833,0,3152,0,hard
31.39,3839,0,3186,0,hard
31.397,3822,0,3232,0,hard
31.404,3818,0,3077,0,hard
31.408,3806,0,2474,0,hard
31.411,3780,0,1489,0,hard
31.418,3764,0,0,0,hard
31.418,3769,0,0,0,hard
31.428,3761,0,0,0,hard
31.432,3834,0,2446,0,hard
31.439,3914,0,3084,0,hard
31.44,3948,0,3410,0,hard
31.446,3969,0,3526,0,hard
31.453,3981,0,3557,0,hard
31.459,3982,0,3538,0,hard
31.459,3979,0,3484,0,hard
31.466,3961,0,3384,0,hard
31.473,3940,0,3122,0,hard
31.475,3922,0,2562,0,hard
31.48,3897,0,2197,0,hard
31.487,3872,0,2006,0,hard
31.493,3850,0,2120,0,hard
31.494,3850,0,2524,0,hard
31.501,3880,0,3089,0,hard
31.508,3914,0,3352,0,hard
31.513,3929,0,3355,0,hard
31.515,3931,0,3316,0,hard
31.522,3923,0,3251,0,hard
31.528,3917,0,2569,0,hard
31.529,3917,0,2274,0,hard
31.538,3923,0,2013,0,hard
31.543,3934,0,2454,0,hard
31.545,3906,0,2730,0,hard
31.55,3879,0,3144,0,hard
31.558,3887,0,3145,0,hard
31.563,3902,0,2511,0,hard
31.564,3895,0,2079,0,hard
31.571,3880,0,1786,0,hard
31.577,3837,0,2109,0,hard
31.579,3833,0,2582,0,hard
31.587,3878,0,3136,0,hard
31.592,3918,0,3373,0,hard
31.595,3937,0,3514,0,hard
31.599,3955,0,3571,0,hard
31.605,3975,0,3575,0,hard
31.612,3973,0,3564,0,hard
31.618,3967,0,3528,0,hard
31.623,3955,0,3414,0,hard
31.626,3937,0,3163,0,hard
31.629,3896,0,2899,0,hard
31.638,3879,0,2627,0,hard
31.64,3854,0,2381,0,hard
31.648,3862,0,2512,0,hard
31.648,3884,0,2703,0,hard
31.654,3919,0,2806,0,hard
31.663,3902,0,2992,0,hard
31.667,3903,0,2981,0,hard
31.673,3918,0,2704,0,hard
31.675,3927,0,2050,0,hard
31.682,3927,0,0,0,hard
31.688,3925,0,0,0,hard
31.689,3908,0,1205,0,hard
31.698,3878,0,2436,0,hard
31.703,3925,0,2965,0,hard
31.706,3955,0,3270,0,hard
31.71,3968,0,3094,0,hard
31.717,3961,0,2991,0,hard
31.723,3941,0,3300,0,hard
31.724,3953,0,3403,0,hard
31.73,3976,0,3458,0,hard
31.737,4000,0,3485,0,hard
31.739,3999,0,3491,0,hard
31.744,3987,0,3487,0,hard
31.752,3971,0,3474,0,hard
31.757,3951,0,3416,0,hard
31.76,3948,0,3282,0,hard
31.766,3949,0,2952,0,hard
31.772,3935,0,2944,0,hard
31.778,3932,0,2969,0,hard
31.779,3934,0,3175,0,hard
31.786,3935,0,3273,0,hard
31.793,3950,0,3287,0,hard
31.795,3953,0,3349,0,hard
31.8,3956,0,3388,0,hard
31.807,3957,0,3448,0,hard
31.813,3953,0,3467,0,hard
31.814,3953,0,3462,0,hard
31.821,3953,0,3339,0,hard
31.828,3938,0,2689,0,hard
31.828,3890,0,0,0,hard
31.836,3796,0,0,0,hard
31.842,3769,0,0,0,hard
31.844,3862,0,2519,0,hard
31.849,3946,0,3003,0,hard
31.856,3963,0,3116,0,hard
31.862,3955,0,3067,0,hard
31.864,3908,0,2819,0,hard
31.869,3848,0,2629,0,hard
31.877,3796,0,2483,0,hard
31.882,3884,0,2768,0,hard
31.883,3918,0,3143,0,hard
31.89,3939,0,3498,0,hard
31.897,3959,0,3616,0,hard
31.9,3961,0,3644,0,hard
31.904,3973,0,3680,0,hard
31.911,3979,0,3693,0,hard
31.918,3979,0,3657,0,hard
31.919,3949,0,3526,0,hard
31.925,3911,0,3350,0,hard
31.932,3884,0,2276,0,hard
31.938,3793,0,0,0,hard
31.939,3519,0,0,0,hard
31.946,3475,0,0,0,hard
31.953,3756,0,811,0,hard
31.954,3826,0,1537,0,hard
31.962,3912,0,2047,0,hard
31.967,3924,0,1910,0,hard
31.97,3901,0,1487,0,hard
31.974,3637,0,0,0,hard
31.981,549,0,0,0,hard
31.988,0,0,0,0,hard
31.988,0,0,0,0,hard
31.995,0,0,0,0,hard
32.001,0,0,0,0,hard
32.004,0,0,0,0,hard
32.012,0,0,0,0,hard
32.015,0,0,0,0,hard
32.022,0,0,0,0,hard
32.024,0,0,0,0,hard
32.029,0,0,0,0,hard
32.036,0,0,0,0,hard
32.043,0,0,0,0,hard
32.044,0,0,0,0,hard
32.053,0,0,0,0,hard
32.058,0,0,0,0,hard
32.063,0,0,0,0,hard
32.066,0,0,0,0,hard
32.071,0,0,0,0,hard
32.077,0,0,0,0,hard
32.082,0,0,0,0,hard
32.085,0,0,0,0,hard
32.092,0,0,0,0,hard
32.093,0,0,0,0,hard
32.101,0,0,0,0,hard
32.105,0,0,0,0,hard
32.113,0,0,0,0,hard
32.113,0,0,0,0,hard
32.119,0,0,0,0,hard
32.126,0,0,0,0,hard
32.128,0,0,0,0,hard
32.133,0,0,0,0,hard
32.14,0,0,0,0,hard
32.147,0,0,0,0,hard
32.147,0,0,0,0,hard
32.156,0,0,0,0,hard
32.161,0,0,0,0,hard
32.163,0,0,0,0,hard
32.169,0,0,0,0,hard
32.175,2273,0,0,0,hard
32.182,3118,0,0,0,hard
32.188,3505,0,0,0,hard
32.19,3547,0,0,0,hard
32.196,3530,0,0,0,hard
32.203,3525,0,0,0,hard
32.206,3364,0,0,0,hard
32.21,3479,0,0,0,hard
32.217,3491,0,0,0,hard
32.217,3566,0,1955,0,hard
32.224,3624,0,2075,0,hard
32.23,3578,0,2276,0,hard
32.238,3572,0,2045,0,hard
32.241,3587,0,2041,0,hard
32.244,3682,0,2553,0,hard
32.252,3703,0,2946,0,hard
32.258,3776,0,3396,0,hard
32.258,3808,0,3572,0,hard
32.265,3858,0,3636,0,hard
32.273,3886,0,3739,0,hard
32.277,3888,0,3774,0,hard
32.28,3890,0,3796,0,hard
32.286,3888,0,3803,0,hard
32.292,3903,0,3784,0,hard
32.293,3907,0,3746,0,hard
32.3,3887,0,3710,0,hard
32.307,3831,0,3701,0,hard
32.312,3777,0,3727,0,hard
32.314,3717,0,3735,0,hard
32.321,3777,0,3773,0,hard
32.327,3866,0,3789,0,hard
32.328,3911,0,3800,0,hard
32.335,3935,0,3830,0,hard
32.342,3945,0,3845,0,hard
32.348,3957,0,3869,0,hard
32.348,3974,0,3861,0,hard
32.355,3971,0,3854,0,hard
32.358,3965,0,3841,0,hard
32.363,3947,0,3808,0,hard
32.371,3946,0,3776,0,hard
32.376,3958,0,3764,0,hard
32.382,3970,0,3760,0,hard
32.383,3979,0,3783,0,hard
32.39,3990,0,3798,0,hard
32.397,3987,0,3818,0,hard
32.402,3998,0,3824,0,hard
32.404,4000,0,3810,0,hard
32.411,4001,0,3797,0,hard
32.417,4000,0,3788,0,hard
32.418,4000,0,3768,0,hard
32.425,3999,0,3754,0,hard
32.432,3990,0,3744,0,hard
32.436,3995,0,3717,0,hard
32.439,3998,0,3750,0,hard
32.446,4004,0,3773,0,hard
32.448,4007,0,3796,0,hard
32.453,4015,0,3806,0,hard
32.461,4018,0,3813,0,hard
32.466,4019,0,3815,0,hard
32.47,4023,0,3824,0,hard
32.473,4027,0,3822,0,hard
32.48,4021,0,3810,0,hard
32.487,4017,0,3811,0,hard
32.488,4014,0,3816,0,hard
32.494,4018,0,3800,0,hard
32.502,4022,0,3794,0,hard
32.507,4018,0,3816,0,hard
32.508,4014,0,3825,0,hard
32.515,4011,0,3830,0,hard
32.522,4012,0,3818,0,hard
32.523,4013,0,3812,0,hard
32.529,4018,0,3790,0,hard
32.536,4008,0,3805,0,hard
32.542,4008,0,3808,0,hard
32.543,4006,0,3794,0,hard
32.55,4006,0,3803,0,hard
32.557,4005,0,3819,0,hard
32.558,4010,0,3815,0,hard
32.567,4012,0,3814,0,hard
32.571,4014,0,3821,0,hard
32.575,4016,0,3810,0,hard
32.578,4007,0,3771,0,hard
32.585,4004,0,3776,0,hard
32.591,4005,0,3777,0,hard
32.593,4002,0,3793,0,hard
32.601,4007,0,3790,0,hard
32.605,4004,0,3818,0,hard
32.609,4010,0,3818,0,hard
32.613,4011,0,3809,0,hard
32.619,4012,0,3802,0,hard
32.626,4006,0,3809,0,hard
32.628,4005,0,3816,0,hard
32.636,4009,0,3832,0,hard
32.64,4015,0,3822,0,hard
32.647,4022,0,3837,0,hard
32.647,4016,0,3841,0,hard
32.654,4019,0,3831,0,hard
32.661,4023,0,3817,0,hard
32.663,4020,0,3819,0,hard
32.668,4023,0,3816,0,hard
32.675,4018,0,3757,0,hard
32.681,4017,0,3661,0,hard
32.683,4025,0,3232,0,hard
32.689,4015,0,3355,0,hard
32.696,4010,0,3119,0,hard
32.702,4007,0,2485,0,hard
32.703,3996,0,1729,0,hard
32.709,3998,0,0,0,hard
32.717,3986,0,1839,0,hard
32.717,3986,0,2922,0,hard
32.725,3995,0,2592,0,hard
32.731,3992,0,0,0,hard
32.736,3998,0,0,0,hard
32.741,3997,0,0,3376,hard
32.744,3977,0,0,2689,hard
32.752,3972,0,1608,0,hard
32.752,3976,0,0,0,hard
32.758,3988,0,0,0,hard
32.765,4005,0,0,0,hard
32.768,4006,0,2243,0,hard
32.773,4013,0,3144,0,hard
32.779,4017,0,3241,0,hard
32.785,4025,0,3241,0,hard
32.788,4027,0,3209,0,hard
32.793,4021,0,3249,0,hard
32.801,4022,0,3175,0,hard
32.807,4016,0,2009,0,hard
32.808,4003,0,0,0,hard
32.814,3983,0,0,0,hard
32.821,3979,0,0,0,hard
32.827,3985,0,1673,0,hard
32.828,4004,0,1972,0,hard
32.835,4005,0,2391,0,hard
32.842,4001,0,3157,0,hard
32.842,4013,0,3245,0,hard
32.85,4027,0,3288,0,hard
32.855,4032,0,3300,0,hard
32.859,4031,0,3276,0,hard
32.867,4033,0,3237,0,hard
32.869,4033,0,3095,0,hard
32.876,4029,0,2772,0,hard
32.88,4024,0,2270,0,hard
32.883,4017,0,637,0,hard
32.89,4007,0,0,3073,hard
32.896,3987,0,0,0,hard
32.902,3972,0,0,0,hard
32.904,3977,0,0,0,hard
32.911,3991,0,0,3361,hard
32.917,4009,0,0,3674,hard
32.918,4017,0,0,3383,hard
32.925,4021,0,0,0,hard
32.931,4021,0,536,2733,hard
32.933,4019,0,1341,2976,hard
32.941,4018,0,1875,0,hard
32.945,4016,0,1543,0,hard
32.949,4012,0,0,0,hard
32.952,3994,0,0,0,hard
32.96,3978,0,1072,1708,hard
32.966,3974,0,1492,2590,hard
32.972,3988,0,0,1675,hard
32.973,3999,0,0,0,hard
32.98,4002,0,0,0,hard
32.986,4005,0,1639,0,hard
32.987,4006,0,2220,0,hard
32.994,4009,0,2922,0,hard
33.002,4014,0,3439,0,hard
33.003,4020,0,3566,0,hard
33.008,4023,0,3551,0,hard
33.015,4019,0,3390,0,hard
33.022,4014,0,2627,0,hard
33.023,4013,0,2297,0,hard
33.029,4006,0,2215,0,hard
33.036,4000,0,2385,0,hard
33.042,4003,0,2677,0,hard
33.043,4004,0,2724,0,hard
33.05,4008,0,3130,0,hard
33.057,4022,0,3201,0,hard
33.057,4023,0,3154,0,hard
33.066,4034,0,3193,0,hard
33.07,4030,0,3208,0,hard
33.073,4032,0,2986,0,hard
33.077,4026,0,2622,0,hard
33.084,4025,0,2373,0,hard
33.091,4018,0,2039,0,hard
33.096,4020,0,0,0,hard
33.102,4020,0,0,0,hard
33.105,4026,0,0,0,hard
33.111,4026,0,1789,0,hard
33.112,4027,0,2521,0,hard
33.119,4028,0,3141,0,hard
33.126,4029,0,3242,0,hard
33.127,4027,0,2730,0,hard
33.136,4034,0,1783,0,hard
33.14,4025,0,0,0,hard
33.144,4015,0,1236,0,hard
33.147,4007,0,2434,0,hard
33.156,4002,0,2757,0,hard
33.16,4007,0,2480,0,hard
33.166,4001,0,1324,0,hard
33.171,3999,0,0,0,hard
33.174,3991,0,0,0,hard
33.182,3965,0,0,0,hard
33.182,3940,0,1922,0,hard
33.188,3909,0,2198,0,hard
33.195,3918,0,1895,0,hard
33.201,3929,0,0,0,hard
33.202,3914,0,0,0,hard
33.209,3840,0,0,0,hard
33.216,3732,0,1513,0,hard
33.216,3694,0,1511,0,hard
33.223,3696,0,0,0,hard
33.23,3708,0,0,0,hard
33.236,3662,0,0,0,hard
33.237,3390,0,0,0,hard
33.244,2634,0,0,0,hard
33.251,0,0,0,0,hard
33.251,0,0,0,1295,hard
33.259,0,0,0,2681,hard
33.265,0,0,0,3327,hard
33.267,0,0,884,3698,hard
33.276,0,0,0,3733,hard
33.279,0,0,0,3752,hard
33.286,0,0,0,3673,hard
33.286,0,0,0,3641,hard
33.292,0,0,0,3749,hard
33.3,0,0,0,3808,hard
33.307,0,0,0,3825,hard
33.307,0,0,0,3884,hard
33.314,0,0,0,3920,hard
33.321,0,0,0,3916,hard
33.321,0,0,0,3889,hard
33.329,0,932,0,3718,hard
33.334,0,0,0,3416,hard
33.341,0,0,0,3338,hard
33.345,0,1252,0,3571,hard
33.348,0,1807,0,3777,hard
33.355,0,2058,0,3857,hard
33.357,0,2652,0,3873,hard
33.362,0,2858,0,3853,hard
33.37,0,2837,0,3759,hard
33.376,0,2833,0,3580,hard
33.379,0,2993,0,3394,hard
33.383,0,3020,0,3628,hard
33.389,0,3174,0,3722,hard
33.392,0,3237,0,3733,hard
33.397,0,3019,0,3780,hard
33.405,0,2740,0,3808,hard
33.41,0,3017,0,3851,hard
33.414,0,3241,0,3903,hard
33.417,0,3330,0,3930,hard
33.425,0,3364,0,3924,hard
33.431,0,3311,0,3915,hard
33.432,0,2899,0,3892,hard
33.438,0,0,0,3815,hard
33.445,0,0,0,3765,hard
33.447,0,0,0,3746,hard
33.455,0,0,0,3717,hard
33.459,0,2535,0,3807,hard
33.466,0,3339,0,3887,hard
33.471,0,3455,0,3936,hard
33.473,0,3198,0,3948,hard
33.48,0,2167,0,3913,hard
33.482,0,0,0,3863,hard
33.487,0,0,0,3794,hard
33.494,0,1382,0,3771,hard
33.501,0,1729,0,3822,hard
33.503,0,2319,0,3886,hard
33.508,0,2473,0,3915,hard
33.515,0,2696,0,3930,hard
33.521,0,2840,0,3900,hard
33.522,0,3005,0,3852,hard
33.529,0,3189,0,3828,hard
33.536,0,3308,0,3827,hard
33.536,0,3265,0,3842,hard
33.544,0,3116,0,3821,hard
33.55,0,2412,0,3828,hard
33.552,0,0,0,3814,hard
33.56,0,0,0,3852,hard
33.563,0,0,0,3862,hard
33.57,0,0,0,3850,hard
33.576,0,2576,0,3856,hard
33.577,0,3262,0,3901,hard
33.584,0,3408,0,3926,hard
33.591,0,3407,0,3943,hard
33.593,0,3297,0,3936,hard
33.598,0,2964,0,3900,hard
33.605,0,2426,0,3829,hard
33.611,0,2771,0,3896,hard
33.612,0,3116,0,3931,hard
33.619,0,3127,0,3965,hard
33.626,0,2204,0,3946,hard
33.626,0,1498,0,3847,hard
33.635,0,0,0,3296,hard
33.64,0,0,0,0,hard
33.643,0,0,0,2583,hard
33.647,0,0,0,3678,hard
33.656,0,0,0,3834,hard
33.66,0,2081,0,3903,hard
33.666,0,2769,0,3926,hard
33.668,0,2982,0,3930,hard
33.674,0,2982,0,3929,hard
33.68,0,2940,0,3927,hard
33.683,0,2815,0,3931,hard
33.688,0,2381,0,3915,hard
33.696,0,2266,0,3912,hard
33.7,0,2309,0,3890,hard
33.703,0,2341,0,3868,hard
33.709,0,2441,0,3863,hard
33.712,0,2563,0,3852,hard
33.717,0,2833,0,3871,hard
33.725,0,2890,0,3900,hard
33.73,0,2926,0,3907,hard
33.733,0,2843,0,3910,hard
33.737,0,2711,0,3899,hard
33.744,0,2700,0,3885,hard
33.751,0,2871,0,3862,hard
33.751,0,3238,0,3860,hard
33.759,0,3436,0,3881,hard
33.765,0,3483,0,3888,hard
33.767,0,3481,0,3896,hard
33.772,0,3412,0,3893,hard
33.78,0,3105,0,3890,hard
33.786,0,2804,0,3890,hard
33.786,0,2509,0,3869,hard
33.793,0,2285,0,3877,hard
33.799,0,2324,0,3894,hard
33.803,0,2694,0,3908,hard
33.811,0,2984,0,3921,hard
33.814,0,3340,0,3935,hard
33.82,0,3442,0,3952,hard
33.822,0,3463,0,3957,hard
33.827,0,3442,0,3952,hard
33.835,0,3366,0,3953,hard
33.841,0,3303,0,3950,hard
33.842,0,3038,0,3945,hard
33.848,0,2760,0,3936,hard
33.855,0,2129,0,3934,hard
33.857,0,1549,0,3920,hard
33.865,0,1791,0,3912,hard
33.869,0,2414,0,3911,hard
33.873,0,2754,0,3923,hard
33.876,0,3085,0,3930,hard
33.883,0,3383,0,3942,hard
33.89,0,3483,0,3951,hard
33.892,0,3529,0,3956,hard
33.897,0,3540,0,3959,hard
33.904,0,3493,0,3940,hard
33.911,0,3391,0,3918,hard
33.912,0,3165,0,3885,hard
33.918,0,2824,0,3853,hard
33.925,0,2749,0,3840,hard
33.931,0,2771,0,3825,hard
33.932,0,2818,0,3846,hard
33.939,0,2894,0,3875,hard
33.946,0,3167,0,3907,hard
33.946,0,3316,0,3934,hard
33.954,0,3408,0,3957,hard
33.959,0,3425,0,3960,hard
33.963,0,3383,0,3973,hard
33.966,0,3259,0,3962,hard
33.973,0,2859,0,3960,hard
33.98,0,2524,0,3945,hard
33.981,0,2307,0,3933,hard
33.987,0,2188,0,3935,hard
33.994,0,2660,0,3934,hard
34.0,0,3126,0,3943,hard
34.003,0,3415,0,3955,hard
34.008,0,3495,0,3965,hard
34.014,0,3532,0,3965,hard
34.017,0,3504,0,3958,hard
34.022,0,3430,0,3956,hard
34.029,0,3144,0,3940,hard
34.035,0,2790,0,3908,hard
34.036,0,2582,0,3893,hard
34.042,0,2596,0,3891,hard
34.05,0,2720,0,3898,hard
34.056,0,2945,0,3918,hard
34.056,0,3286,0,3920,hard
34.063,0,3447,0,3925,hard
34.07,0,3495,0,3951,hard
34.07,0,3535,0,3957,hard
34.08,0,3522,0,3965,hard
34.084,0,3449,0,3961,hard
34.086,0,3338,0,3951,hard
34.095,0,3228,0,3939,hard
34.098,0,3106,0,3922,hard
34.105,0,3078,0,3914,hard
34.106,0,3085,0,3925,hard
34.112,0,3046,0,3913,hard
34.119,0,3029,0,3920,hard
34.125,0,2916,0,3942,hard
34.126,0,2910,0,3946,hard
34.133,0,2982,0,3956,hard
34.14,0,3111,0,3967,hard
34.146,0,3267,0,3963,hard
34.146,0,3329,0,3981,hard
34.154,0,3379,0,3973,hard
34.16,0,3389,0,3975,hard
34.161,0,3344,0,3970,hard
34.167,0,3291,0,3963,hard
34.175,0,3124,0,3952,hard
34.181,0,3059,0,3942,hard
34.181,0,3086,0,3935,hard
34.188,0,3081,0,3940,hard
34.195,0,3146,0,3933,hard
34.196,0,3286,0,3935,hard
34.204,0,3334,0,3949,hard
34.209,0,3437,0,3945,hard
34.215,0,3475,0,3946,hard
34.216,0,3466,0,3950,hard
34.223,0,3457,0,3950,hard
34.23,0,3403,0,3945,hard
34.23,0,3232,0,3946,hard
34.239,0,2965,0,3928,hard
34.244,0,2817,0,3915,hard
34.251,0,2789,0,3942,hard
34.251,0,3011,0,3940,hard
34.258,0,3327,0,3940,hard
34.265,0,3392,0,3968,hard
34.266,0,3461,0,3963,hard
34.272,0,3471,0,3966,hard
34.279,0,3406,0,3969,hard
34.285,0,3292,0,3967,hard
34.286,0,3151,0,3966,hard
34.292,0,3022,0,3961,hard
34.3,0,2979,0,3957,hard
34.305,0,3036,0,3952,hard
34.307,0,2983,0,3961,hard
34.313,0,2838,0,3962,hard
34.32,0,2792,0,3971,hard
34.32,0,2805,0,3964,hard
34.329,0,2798,0,3973,hard
34.334,0,2835,0,3966,hard
34.34,0,3003,0,3963,hard
34.341,0,3278,0,3973,hard
34.348,0,3404,0,3965,hard
34.355,0,3494,0,3969,hard
34.36,0,3578,0,3968,hard
34.362,0,3594,0,3965,hard
34.369,0,3577,0,3955,hard
34.375,0,3466,0,3930,hard
34.376,0,3134,0,3908,hard
34.383,0,2938,0,3869,hard
34.39,0,2696,0,3865,hard
34.394,0,2883,0,3876,hard
34.396,0,3214,0,3907,hard
34.404,0,3435,0,3958,hard
34.406,0,3498,0,3967,hard
34.411,0,3504,0,3978,hard
34.419,0,3447,0,3976,hard
34.425,0,3273,0,3977,hard
34.43,0,2802,0,3976,hard
34.431,0,1415,0,3970,hard
34.438,0,0,0,3958,hard
34.445,0,0,0,3954,hard
34.446,0,2468,0,3968,hard
34.452,0,2975,0,3980,hard
34.459,0,3439,0,3981,hard
34.465,0,3515,0,3987,hard
34.47,0,3572,0,3985,hard
34.474,0,3501,0,3979,hard
34.48,0,3354,0,3966,hard
34.481,0,3059,0,3963,hard
34.489,0,2791,0,3956,hard
34.495,0,2487,0,3942,hard
34.5,0,2597,0,3948,hard
34.504,0,2871,0,3947,hard
34.508,0,3104,0,3955,hard
34.515,0,3188,0,3965,hard
34.515,0,3318,0,3969,hard
34.524,0,3380,0,3969,hard
34.529,0,3392,0,3974,hard
34.532,0,3444,0,3980,hard
34.536,0,3467,0,3979,hard
34.543,0,3475,0,3980,hard
34.55,0,3429,0,3974,hard
34.55,0,3344,0,3960,hard
34.556,0,3186,0,3932,hard
34.563,0,3121,0,3931,hard
34.57,0,3280,0,3932,hard
34.57,0,3369,0,3938,hard
34.577,0,3452,0,3939,hard
34.584,0,3478,0,3937,hard
34.586,0,3450,0,3937,hard
34.591,0,3337,0,3939,hard
34.598,0,2868,0,3933,hard
34.605,0,2579,0,3932,hard
34.605,0,2512,0,3938,hard
34.612,0,2751,0,3957,hard
34.619,0,2894,0,3975,hard
34.621,0,3406,0,3980,hard
34.626,0,3484,0,3979,hard
34.633,0,3497,0,3987,hard
34.64,0,3437,0,3990,hard
34.64,0,3150,0,3987,hard
34.65,0,2755,0,3977,hard
34.654,0,2685,0,3969,hard
34.656,0,2825,0,3969,hard
34.664,0,3138,0,3974,hard
34.668,0,3322,0,3978,hard
34.675,0,3431,0,3977,hard
34.675,0,3445,0,3972,hard
34.681,0,3408,0,3965,hard
34.688,0,3335,0,3959,hard
34.691,0,3329,0,3955,hard
34.696,0,3491,0,3947,hard
34.704,0,3548,0,3934,hard
34.71,0,3564,0,3940,hard
34.71,0,3464,0,3948,hard
34.718,0,3254,0,3941,hard
34.723,0,3086,0,3916,hard
34.726,0,3097,0,3900,hard
34.735,0,3250,0,3883,hard
34.737,0,3447,0,3911,hard
34.744,0,3466,0,3937,hard
34.744,0,3357,0,3925,hard
34.751,0,2845,0,3909,hard
34.758,0,1918,0,3904,hard
34.761,0,1137,0,3890,hard
34.77,0,1138,0,3912,hard
34.772,0,2289,0,3944,hard
34.779,0,3119,0,3969,hard
34.779,0,3418,0,3983,hard
34.786,0,3598,0,4002,hard
34.795,0,3617,0,4015,hard
34.8,0,3630,0,4015,hard
34.804,0,3592,0,4016,hard
34.807,0,3509,0,4011,hard
34.814,0,3352,0,4001,hard
34.819,0,3251,0,3987,hard
34.821,0,3119,0,3974,hard
34.827,0,2748,0,3956,hard
34.834,0,2742,0,3944,hard
34.836,0,2865,0,3925,hard
34.841,0,3139,0,3914,hard
34.848,0,3357,0,3920,hard
34.855,0,3434,0,3934,hard
34.856,0,3489,0,3947,hard
34.862,0,3424,0,3959,hard
34.869,0,3232,0,3950,hard
34.875,0,3008,0,3945,hard
34.876,0,3299,0,3942,hard
34.883,0,3436,0,3948,hard
34.89,0,3540,0,3960,hard
34.89,0,3514,0,3974,hard
34.898,0,3310,0,3946,hard
34.905,0,2556,0,3927,hard
34.91,0,0,0,3859,hard
34.911,0,0,0,3869,hard
34.917,0,2208,0,3916,hard
34.924,0,3128,0,3957,hard
34.925,0,3527,0,3972,hard
34.931,0,3638,0,3997,hard
34.938,0,3715,0,4004,hard
34.944,0,3728,0,4006,hard
34.945,0,3689,0,3997,hard
34.952,0,3657,0,3988,hard
34.959,0,3613,0,3984,hard
34.96,0,3560,0,3983,hard
34.966,0,3548,0,3974,hard
34.973,0,3531,0,3976,hard
34.98,0,3429,0,3969,hard
34.98,0,3331,0,3961,hard
34.987,0,3293,0,3965,hard
34.994,0,3372,0,3959,hard
35.0,0,3406,0,3963,hard
35.004,0,3443,0,3973,hard
35.008,0,3362,0,3979,hard
35.015,0,3132,0,3975,hard
35.015,0,2069,0,3962,hard
35.023,0,1614,0,3952,hard
35.028,0,2222,0,3952,hard
35.03,0,3101,0,3954,hard
35.035,0,3250,0,3961,hard
35.043,0,3399,0,3956,hard
35.049,0,3368,0,3948,hard
35.05,0,3242,0,3909,hard
35.056,0,2750,0,3839,hard
35.063,0,1966,0,3824,hard
35.069,0,2702,0,3872,hard
35.07,0,3301,0,3940,hard
35.077,0,3652,0,3959,hard
35.084,0,3678,0,3970,hard
35.084,0,3688,0,3980,hard
35.091,0,3610,0,3977,hard
35.098,0,3438,0,3952,hard
35.105,0,3342,0,3910,hard
35.105,0,2928,0,3904,hard
35.112,0,2179,0,3892,hard
35.119,0,2162,0,3908,hard
35.125,0,2679,0,3946,hard
35.126,0,2913,0,3956,hard
35.133,0,2936,0,3950,hard
35.139,0,2862,0,3946,hard
35.14,0,1513,0,3936,hard
35.146,0,0,0,3924,hard
35.154,0,0,0,3901,hard
35.16,0,0,0,3869,hard
35.16,0,0,0,3705,hard
35.167,0,0,0,3461,hard
35.175,0,0,0,3429,hard
35.175,0,0,0,3389,hard
35.183,0,0,0,3585,hard
35.188,0,2063,0,3756,hard
35.194,0,2584,0,3800,hard
35.195,0,2375,0,3648,hard
35.205,0,0,0,3074,hard
35.209,0,0,0,1826,hard
35.21,0,0,0,0,hard
35.216,0,0,0,0,hard
35.223,0,0,0,0,hard
35.23,0,0,0,1562,hard
35.232,0,0,0,2775,hard
35.237,0,0,1506,0,hard
35.244,0,0,1535,0,hard
35.248,0,0,1477,0,hard
35.251,0,0,993,0,hard
35.258,0,0,103,0,hard
35.26,0,0,0,0,hard
35.265,0,0,0,0,hard
35.273,0,0,325,0,hard
35.278,0,0,0,0,hard
35.285,0,0,0,0,hard
35.286,0,0,0,0,hard
35.292,0,0,1410,0,hard
35.299,0,0,0,0,hard
35.305,0,0,441,0,hard
35.309,0,0,97,0,hard
35.314,0,0,0,0,hard
35.319,0,0,0,0,hard
35.323,0,0,0,0,hard
35.327,0,0,0,1656,hard
35.333,0,0,0,1328,hard
35.337,0,0,0,1325,hard
35.343,0,0,0,2172,hard
35.348,0,0,0,3478,hard
35.351,0,0,0,3822,hard
35.355,0,0,0,3882,hard
35.362,0,0,0,3866,hard
35.369,0,0,0,3679,hard
35.369,0,0,0,3370,hard
35.376,0,0,0,3704,hard
35.383,0,0,0,3889,hard
35.385,0,0,0,3959,hard
35.39,0,0,0,3977,hard
35.396,0,1434,0,3961,hard
35.404,0,2905,0,3954,hard
35.405,0,3151,0,3927,hard
35.414,0,3133,0,3959,hard
35.417,0,2804,0,3979,hard
35.424,0,1857,0,3986,hard
35.428,0,818,0,3977,hard
35.431,0,0,0,3956,hard
35.438,0,670,0,3927,hard
35.444,0,0,0,3947,hard
35.445,0,0,0,3957,hard
35.452,0,1600,0,3949,hard
35.459,0,0,0,3951,hard
35.459,0,0,0,3994,hard
35.466,0,764,0,3985,hard
35.472,0,0,0,3969,hard
35.479,0,0,0,3952,hard
35.483,0,0,0,3924,hard
35.487,0,1940,0,3896,hard
35.494,0,2811,0,3933,hard
35.494,0,3371,0,3942,hard
35.501,0,3615,0,3956,hard
35.507,0,3664,0,3989,hard
35.514,0,3665,0,3995,hard
35.519,0,3689,0,3997,hard
35.521,0,3685,0,3995,hard
35.528,0,3688,0,3996,hard
35.528,0,3634,0,4004,hard
35.535,0,3549,0,4000,hard
35.542,0,3424,0,3970,hard
35.546,0,3137,0,3972,hard
35.553,0,3053,0,3969,hard
35.556,0,3234,0,3971,hard
35.563,0,3401,0,3989,hard
35.563,0,3510,0,4004,hard
35.574,0,3593,0,4014,hard
35.577,0,3618,0,4024,hard
35.584,0,3620,0,4029,hard
35.588,0,3668,0,4022,hard
35.591,0,3726,0,4011,hard
35.598,0,3747,0,4009,hard
35.6,0,3715,0,4003,hard
35.605,0,3601,0,4015,hard
35.613,0,3387,0,4021,hard
35.619,0,3363,0,4022,hard
35.624,0,3487,0,4006,hard
35.629,0,3539,0,4002,hard
35.632,0,3554,0,4010,hard
35.639,0,3360,0,4021,hard
35.644,0,3250,0,4029,hard
35.646,0,3283,0,4033,hard
35.654,0,3431,0,4029,hard
35.658,0,3569,0,4036,hard
35.662,0,3525,0,4030,hard
35.668,0,3487,0,4037,hard
35.673,0,3563,0,4037,hard
35.678,0,3606,0,4039,hard
35.681,0,3665,0,4041,hard
35.689,0,3702,0,4046,hard
35.694,0,3664,0,4037,hard
35.695,0,3550,0,4038,hard
35.702,0,3487,0,4039,hard
35.709,0,3450,0,4038,hard
35.71,0,3547,0,4035,hard
35.718,0,3635,0,4030,hard
35.723,0,3614,0,4030,hard
35.726,0,3518,0,4040,hard
35.73,0,3347,0,4040,hard
35.737,0,3347,0,4039,hard
35.744,0,3520,0,4033,hard
35.745,0,3572,0,4034,hard
35.751,0,3603,0,4035,hard
35.758,0,3540,0,4038,hard
35.764,0,3423,0,4042,hard
35.765,0,3417,0,4039,hard
35.771,0,3464,0,4043,hard
35.778,0,3491,0,4038,hard
35.778,0,3480,0,4042,hard
35.787,0,3506,0,4036,hard
35.792,0,3525,0,4042,hard
35.798,0,3609,0,4048,hard
35.8,0,3645,0,4045,hard
35.806,0,3651,0,4033,hard
35.813,0,3635,0,4049,hard
35.819,0,3594,0,4044,hard
35.82,0,3611,0,4048,hard
35.827,0,3645,0,4043,hard
35.834,0,3680,0,4032,hard
35.834,0,3609,0,4032,hard
35.841,0,3436,0,4033,hard
35.848,0,3166,0,4038,hard
35.849,0,3132,0,4040,hard
35.858,0,3242,0,4035,hard
35.862,0,3574,0,4037,hard
35.869,0,3651,0,4039,hard
35.869,0,3630,0,4037,hard
35.876,0,3583,0,4042,hard
35.882,0,3462,0,4044,hard
35.884,0,3493,0,4049,hard
35.889,0,3560,0,4043,hard
35.896,0,3577,0,4040,hard
35.903,0,3467,0,4037,hard
35.906,0,3340,0,4039,hard
35.912,0,3093,0,4038,hard
35.917,0,2915,0,4033,hard
35.919,0,2394,0,4029,hard
35.924,0,2178,0,4031,hard
35.931,0,2612,0,4031,hard
35.938,0,3247,0,4032,hard
35.938,0,3263,0,4011,hard
35.945,0,2956,0,4004,hard
35.953,0,0,0,4014,hard
35.959,0,0,0,4017,hard
35.961,0,0,0,4004,hard
35.966,0,0,0,4001,hard
35.972,0,0,0,4004,hard
35.974,0,0,0,3989,hard
35.982,0,0,0,3959,hard
35.987,0,0,0,3940,hard
35.994,0,0,0,3937,hard
35.994,0,0,0,3953,hard
36.001,0,0,0,3962,hard
36.008,0,0,0,3966,hard
36.011,0,0,0,3990,hard
36.017,0,2838,0,4006,hard
36.022,0,3393,0,4024,hard
36.029,0,3548,0,4034,hard
36.033,0,3352,0,4035,hard
36.036,0,2769,0,4034,hard
36.042,2987,0,0,4036,hard
36.044,0,0,0,4024,hard
36.049,0,0,0,4001,hard
36.057,0,0,0,3970,hard
36.063,0,0,0,3933,hard
36.065,0,0,0,3891,hard
36.074,0,0,0,3862,hard
36.077,0,0,0,3905,hard
36.082,0,0,0,3990,hard
36.084,0,0,0,4016,hard
36.091,0,0,0,4032,hard
36.097,0,1229,0,4038,hard
36.099,0,980,0,4041,hard
36.106,0,0,0,4036,hard
36.112,0,0,0,4032,hard
36.119,0,0,0,4019,hard
36.119,0,0,0,3999,hard
36.125,0,0,0,3983,hard
36.132,0,0,0,3976,hard
36.134,0,0,0,3995,hard
36.142,0,0,0,4012,hard
36.147,0,0,0,4019,hard
36.154,0,2302,0,4030,hard
36.154,0,2804,0,4030,hard
36.16,0,2681,0,4030,hard
36.167,0,0,0,4030,hard
36.169,0,0,0,4021,hard
36.177,0,0,0,4009,hard
36.182,0,0,0,3997,hard
36.188,0,0,0,4001,hard
36.193,0,0,0,3994,hard
36.195,0,0,0,4010,hard
36.202,0,0,0,4000,hard
36.206,0,0,0,4004,hard
36.209,0,0,0,4004,hard
36.216,0,0,0,4004,hard
36.223,0,0,0,4005,hard
36.223,0,0,0,3998,hard
36.231,0,0,0,4009,hard
36.237,0,1649,0,4008,hard
36.244,0,1803,0,4002,hard
36.244,0,1833,0,4011,hard
36.251,0,2304,0,4012,hard
36.257,0,2160,0,4012,hard
36.257,0,2061,0,4015,hard
36.266,0,1761,0,4007,hard
36.271,0,1514,0,4000,hard
36.278,0,0,0,3993,hard
36.282,0,0,0,3966,hard
36.285,0,0,0,3965,hard
36.292,0,0,0,3973,hard
36.299,0,0,0,3987,hard
36.299,0,2391,0,4003,hard
36.307,0,2940,0,4016,hard
36.313,0,3107,0,4022,hard
36.315,0,2887,0,4017,hard
36.32,0,2497,0,4014,hard
36.327,0,0,0,4003,hard
36.333,0,0,0,3990,hard
36.334,0,0,0,3964,hard
36.341,0,0,0,3931,hard
36.348,0,0,0,3932,hard
36.349,0,0,0,3955,hard
36.358,0,0,0,3978,hard
36.361,0,0,0,3993,hard
36.366,0,0,0,3996,hard
36.369,0,0,0,3991,hard
36.376,0,0,0,3987,hard
36.382,0,0,0,3963,hard
36.384,0,0,0,3912,hard
36.389,0,0,0,3889,hard
36.397,0,0,0,3855,hard
36.403,0,0,0,3789,hard
36.406,0,0,0,3828,hard
36.41,0,0,0,3882,hard
36.417,0,0,0,3867,hard
36.423,0,0,0,3856,hard
36.425,0,0,0,3762,hard
36.431,0,0,0,3595,hard
36.438,0,0,0,1937,hard
36.443,0,0,0,0,hard
36.446,0,0,0,0,hard
36.452,0,0,0,0,hard
36.452,0,0,0,0,hard
36.46,0,0,0,0,hard
36.467,0,0,0,0,hard
36.473,3365,0,0,0,hard
36.475,3296,0,0,0,hard
36.483,0,0,0,0,hard
36.486,0,0,0,0,hard
36.493,0,0,0,0,hard
36.495,0,0,0,0,hard
36.5,0,0,0,0,hard
36.508,2576,0,0,0,hard
36.513,1818,0,2321,0,hard
36.515,3095,0,2883,0,hard
36.522,3498,0,3080,0,hard
36.528,3544,0,2595,0,hard
36.529,3530,0,1540,0,hard
36.535,3293,0,0,0,hard
36.542,0,0,0,0,hard
36.548,0,0,0,0,hard
36.549,0,0,0,0,hard
36.556,0,0,0,0,hard
36.563,0,0,0,0,hard
36.563,0,0,0,0,hard
36.572,0,0,2243,0,hard
36.577,0,0,2631,0,hard
36.58,0,0,2695,0,hard
36.584,3193,0,2674,0,hard
36.591,3686,0,2555,0,hard
36.597,3777,0,2312,0,hard
36.599,3758,0,1914,0,hard
36.606,3696,0,0,0,hard
36.612,3733,0,0,0,hard
36.618,3744,0,0,0,hard
36.619,3674,0,2317,0,hard
36.626,3641,0,2701,0,hard
36.633,3434,0,2797,0,hard
36.633,3408,0,2666,0,hard
36.641,3826,0,2310,0,hard
36.646,3897,0,1322,0,hard
36.649,3876,0,0,0,hard
36.653,3748,0,0,0,hard
36.66,1523,0,0,0,hard
36.667,0,0,0,0,hard
36.669,0,0,0,0,hard
36.674,0,0,0,0,hard
36.681,0,0,0,0,hard
36.688,2850,0,0,0,hard
36.689,3426,0,828,0,hard
36.695,3524,0,2417,0,hard
36.703,3649,0,2740,0,hard
36.706,3805,0,2686,0,hard
36.711,3854,0,2374,0,hard
36.716,3825,0,2031,0,hard
36.723,3655,0,795,0,hard
36.728,3229,0,610,0,hard
36.73,2327,0,0,0,hard
36.736,2135,0,0,0,hard
36.739,2308,0,0,0,hard
36.743,2520,0,0,0,hard
36.751,2642,0,0,0,hard
36.758,3626,0,861,0,hard
36.758,3833,0,1891,0,hard
36.764,3870,0,3043,0,hard
36.771,3877,0,3230,0,hard
36.773,3891,0,3266,0,hard
36.782,3870,0,3144,0,hard
36.785,3866,0,556,0,hard
36.792,3868,0,0,0,hard
36.792,3833,0,0,0,hard
36.799,3808,0,0,0,hard
36.806,3570,0,898,0,hard
36.809,3558,0,3198,0,hard
36.814,3564,0,3276,0,hard
36.82,3707,0,3162,0,hard
36.827,3758,0,2358,0,hard
36.828,3749,0,0,0,hard
36.837,3232,0,0,0,hard
36.841,0,0,0,0,hard
36.848,0,0,0,0,hard
36.848,0,0,0,0,hard
36.855,0,0,628,0,hard
36.861,3358,0,2050,0,hard
36.863,3243,0,2843,0,hard
36.868,1599,0,3251,0,hard
36.876,3025,0,3348,0,hard
36.882,3351,0,3175,0,hard
36.883,3317,0,2957,0,hard
36.889,2878,0,2658,0,hard
36.896,0,0,2571,0,hard
36.902,0,0,2552,0,hard
36.906,0,0,2359,0,hard
36.91,1461,0,2321,0,hard
36.917,2799,0,2358,0,hard
36.918,3080,0,2555,0,hard
36.924,3283,0,2846,0,hard
36.931,3524,0,2914,0,hard
36.933,3688,0,2943,0,hard
36.938,3746,0,2900,0,hard
36.947,3772,0,2691,0,hard
36.952,3742,0,2565,0,hard
36.958,3697,0,2547,0,hard
36.961,3611,0,2535,0,hard
36.968,3602,0,2535,0,hard
36.973,3623,0,2541,0,hard
36.977,3697,0,2488,0,hard
36.98,3703,0,2543,0,hard
36.987,3710,0,2596,0,hard
36.993,3722,0,2787,0,hard
36.993,3742,0,2872,0,hard
37.001,3771,0,2940,0,hard
37.007,3825,0,2933,0,hard
37.007,3839,0,2977,0,hard
37.016,3850,0,2989,0,hard
37.021,3859,0,3012,0,hard
37.023,3868,0,3011,0,hard
37.028,3863,0,2955,0,hard
37.035,3844,0,2797,0,hard
37.042,3823,0,2693,0,hard
37.044,3828,0,2688,0,hard
37.049,3822,0,2717,0,hard
37.056,3802,0,2856,0,hard
37.062,3771,0,2931,0,hard
37.063,3748,0,3032,0,hard
37.071,3733,0,3119,0,hard
37.077,3727,0,3157,0,hard
37.082,3722,0,3138,0,hard
37.086,3701,0,3099,0,hard
37.091,3659,0,3014,0,hard
37.098,3624,0,2924,0,hard
37.098,3604,0,2866,0,hard
37.107,3605,0,2823,0,hard
37.111,3634,0,2779,0,hard
37.114,3721,0,2787,0,hard
37.118,3745,0,2825,0,hard
37.126,3775,0,2880,0,hard
37.133,3791,0,2922,0,hard
37.133,3814,0,2934,0,hard
37.14,3841,0,2926,0,hard
37.146,3865,0,2894,0,hard
37.152,3854,0,2822,0,hard
37.153,3818,0,2772,0,hard
37.16,3771,0,2817,0,hard
37.167,3735,0,2929,0,hard
37.173,3717,0,3077,0,hard
37.176,3735,0,3119,0,hard
37.181,3748,0,3122,0,hard
37.183,3796,0,3009,0,hard
37.191,3827,0,3019,0,hard
37.195,3856,0,2925,0,hard
37.202,3876,0,2949,0,hard
37.207,3891,0,2965,0,hard
37.209,3902,0,2934,0,hard
37.216,3926,0,2931,0,hard
37.222,3918,0,3015,0,hard
37.223,3904,0,3085,0,hard
37.23,3887,0,3072,0,hard
37.237,3875,0,3081,0,hard
37.237,3866,0,2981,0,hard
37.247,3857,0,2882,0,hard
37.25,3763,0,2836,0,hard
37.257,3691,0,2871,0,hard
37.262,3557,0,2960,0,hard
37.264,3231,0,3110,0,hard
37.271,3329,0,3160,0,hard
37.276,3549,0,3186,0,hard
37.278,3626,0,3211,0,hard
37.286,3676,0,3273,0,hard
37.292,3672,0,3296,0,hard
37.293,3666,0,3295,0,hard
37.299,3701,0,3282,0,hard
37.307,3739,0,3155,0,hard
37.312,3760,0,3064,0,hard
37.317,3807,0,2762,0,hard
37.32,3849,0,2409,0,hard
37.327,3875,0,2391,0,hard
37.327,3881,0,2369,0,hard
37.335,3893,0,2488,0,hard
37.34,3924,0,2683,0,hard
37.343,3942,0,2939,0,hard
37.348,3943,0,2926,0,hard
37.355,3929,0,3027,0,hard
37.361,3917,0,3012,0,hard
37.363,3891,0,3084,0,hard
37.368,3874,0,3187,0,hard
37.376,3846,0,3094,0,hard
37.382,3822,0,2990,0,hard
37.387,3837,0,2976,0,hard
37.389,3861,0,2973,0,hard
37.396,3869,0,3093,0,hard
37.398,3865,0,3136,0,hard
37.407,3876,0,3261,0,hard
37.41,3893,0,3299,0,hard
37.417,3906,0,3299,0,hard
37.417,3918,0,3275,0,hard
37.424,3907,0,3195,0,hard
37.431,3883,0,3165,0,hard
37.437,3840,0,3078,0,hard
37.438,3753,0,2983,0,hard
37.445,3690,0,2869,0,hard
37.451,3655,0,2804,0,hard
37.453,3659,0,2885,0,hard
37.459,3741,0,3105,0,hard
37.466,3797,0,3152,0,hard
37.472,3810,0,3208,0,hard
37.473,3827,0,3273,0,hard
37.479,3866,0,3274,0,hard
37.486,3865,0,3284,0,hard
37.488,3848,0,3276,0,hard
37.496,3867,0,3247,0,hard
37.5,3896,0,3073,0,hard
37.507,3917,0,2873,0,hard
37.508,3915,0,2500,0,hard
37.515,3924,0,2309,0,hard
37.521,3923,0,2309,0,hard
37.523,3926,0,2397,0,hard
37.528,3936,0,2460,0,hard
37.535,3937,0,2780,0,hard
37.542,3928,0,2978,0,hard
37.547,3920,0,3061,0,hard
37.549,3886,0,3191,0,hard
37.556,3851,0,3250,0,hard
37.559,3806,0,3291,0,hard
37.563,3791,0,3262,0,hard
37.57,3821,0,3197,0,hard
37.577,3891,0,3072,0,hard
37.582,3908,0,3070,0,hard
37.584,3904,0,3221,0,hard
37.591,3911,0,3282,0,hard
37.597,3928,0,3308,0,hard
37.602,3933,0,3311,0,hard
37.607,3940,0,3295,0,hard
37.611,3941,0,3252,0,hard
37.611,3932,0,3234,0,hard
37.62,3905,0,3142,0,hard
37.625,3849,0,2979,0,hard
37.629,3756,0,2750,0,hard
37.633,3703,0,2468,0,hard
37.64,3701,0,2566,0,hard
37.646,3732,0,2857,0,hard
37.649,3762,0,3117,0,hard
37.653,3803,0,3279,0,hard
37.66,3873,0,3353,0,hard
37.667,3909,0,3379,0,hard
37.672,3923,0,3391,0,hard
37.674,3927,0,3358,0,hard
37.682,3919,0,3287,0,hard
37.682,3913,0,2939,0,hard
37.69,3919,0,2278,0,hard
37.697,3933,0,1968,0,hard
37.702,3936,0,1821,0,hard
37.702,3940,0,2032,0,hard
37.709,3936,0,2290,0,hard
37.715,3940,0,2412,0,hard
37.718,3942,0,2528,0,hard
37.723,3948,0,2886,0,hard
37.73,3947,0,3082,0,hard
37.737,3942,0,3262,0,hard
37.737,3933,0,3274,0,hard
37.743,3906,0,3241,0,hard
37.75,3866,0,3114,0,hard
37.753,3824,0,3009,0,hard
37.757,3772,0,2987,0,hard
37.764,3764,0,3092,0,hard
37.771,3771,0,3276,0,hard
37.777,3811,0,3363,0,hard
37.778,3826,0,3406,0,hard
37.786,3818,0,3387,0,hard
37.792,3829,0,3083,0,hard
37.792,3829,0,2309,0,hard
37.799,3784,0,605,0,hard
37.806,3709,0,505,0,hard
37.808,3611,0,2133,0,hard
37.816,3755,0,2718,0,hard
37.82,3897,0,3066,0,hard
37.827,3948,0,3323,0,hard
37.827,3957,0,3437,0,hard
37.834,3956,0,3529,0,hard
37.84,3951,0,3503,0,hard
37.842,3955,0,3422,0,hard
37.848,3956,0,3332,0,hard
37.854,3958,0,3060,0,hard
37.862,3932,0,2879,0,hard
37.862,3890,0,2673,0,hard
37.868,3844,0,2590,0,hard
37.875,3839,0,2578,0,hard
37.881,3863,0,2860,0,hard
37.882,3898,0,3160,0,hard
37.889,3925,0,3353,0,hard
37.896,3932,0,3407,0,hard
37.896,3933,0,3421,0,hard
37.906,3935,0,3381,0,hard
37.91,3937,0,2928,0,hard
37.917,3940,0,1880,0,hard
37.917,3917,0,1041,0,hard
37.924,3853,0,1233,0,hard
37.931,3678,0,1800,0,hard
37.936,3664,0,2591,0,hard
37.938,3751,0,1988,0,hard
37.945,3817,0,325,0,hard
37.951,3812,0,1381,0,hard
37.956,3817,0,2587,0,hard
37.958,3886,0,3363,0,hard
37.966,3912,0,3551,0,hard
37.966,3939,0,3566,0,hard
37.974,3961,0,3583,0,hard
37.979,3971,0,3597,0,hard
37.986,3973,0,3601,0,hard
37.987,3965,0,3584,0,hard
37.994,3955,0,3557,0,hard
38.0,3928,0,3417,0,hard
38.0,3915,0,3265,0,hard
38.008,3876,0,2831,0,hard
38.014,3854,0,2708,0,hard
38.021,3832,0,2595,0,hard
38.022,3853,0,2681,0,hard
38.028,3902,0,2895,0,hard
38.035,3924,0,3288,0,hard
38.042,3935,0,3361,0,hard
38.046,3928,0,3396,0,hard
38.049,3918,0,3372,0,hard
38.056,3915,0,3009,0,hard
38.06,3930,0,1875,0,hard
38.062,3885,0,0,0,hard
38.07,3845,0,0,0,hard
38.077,3731,0,165,0,hard
38.077,3779,0,2019,0,hard
38.086,3901,0,2880,0,hard
38.09,3938,0,2886,0,hard
38.096,3939,0,2871,0,hard
38.097,3933,0,3004,0,hard
38.105,3943,0,3325,0,hard
38.111,3977,0,3465,0,hard
38.112,3988,0,3500,0,hard
38.118,4005,0,3533,0,hard
38.127,4003,0,3489,0,hard
38.127,3985,0,3471,0,hard
38.135,3968,0,3454,0,hard
38.139,3943,0,3318,0,hard
38.146,3925,0,3018,0,hard
38.152,3923,0,2922,0,hard
38.153,3915,0,2952,0,hard
38.16,3914,0,2998,0,hard
38.166,3924,0,3203,0,hard
38.167,3934,0,3311,0,hard
38.175,3953,0,3397,0,hard
38.181,3960,0,3436,0,hard
38.181,3962,0,3473,0,hard
38.191,3957,0,3478,0,hard
38.196,3940,0,3469,0,hard
38.196,3922,0,3455,0,hard
38.204,3913,0,3053,0,hard
38.209,3870,0,1673,0,hard
38.216,3782,0,0,0,hard
38.221,3716,0,0,0,hard
38.222,3748,0,0,0,hard
38.23,3859,0,2781,0,hard
38.236,3945,0,3134,0,hard
38.236,3964,0,3163,0,hard
38.243,3958,0,3093,0,hard
38.25,3912,0,2941,0,hard
38.256,3893,0,2579,0,hard
38.257,3898,0,2809,0,hard
38.265,3911,0,3006,0,hard
38.271,3933,0,3308,0,hard
38.273,3945,0,3580,0,hard
38.278,3959,0,3663,0,hard
38.285,3957,0,3661,0,hard
38.291,3938,0,3663,0,hard
38.292,3897,0,3584,0,hard
38.299,3894,0,3402,0,hard
38.306,3780,0,2607,0,hard
38.309,3321,0,2017,0,hard
38.314,3200,0,0,0,hard
38.319,3480,0,0,0,hard
38.326,3703,0,0,0,hard
38.327,3828,0,1420,0,hard
38.334,3899,0,1913,0,hard
38.34,3910,0,2081,0,hard
38.342,3910,0,2073,0,hard
38.347,3817,0,1464,0,hard
38.355,2943,0,0,0,hard
38.361,0,0,0,0,hard
38.366,0,0,0,0,hard
38.368,0,0,0,0,hard
38.375,0,0,0,0,hard
38.381,0,0,0,0,hard
38.382,0,0,0,0,hard
38.39,0,0,0,0,hard
38.396,0,0,0,0,hard
38.396,0,0,0,0,hard
38.405,0,0,0,0,hard
38.41,0,0,0,0,hard
38.413,0,0,0,0,hard
38.42,0,0,0,0,hard
38.424,0,0,0,0,hard
38.431,0,0,0,0,hard
38.431,0,0,0,0,hard
38.438,0,0,0,0,hard
38.445,0,0,0,2773,hard
38.447,0,0,0,2808,hard
38.452,0,0,0,2951,hard
38.459,0,0,0,2887,hard
38.466,0,0,0,2816,hard
38.467,0,0,0,2718,hard
38.473,0,0,0,2528,hard
38.48,0,0,0,0,hard
38.485,0,0,0,0,hard
38.486,0,0,0,0,hard
38.494,0,0,0,0,hard
38.5,0,0,0,0,hard
38.502,0,0,0,0,hard
38.509,0,0,0,0,hard
38.515,0,0,0,0,hard
38.52,0,0,0,0,hard
38.522,0,0,0,0,hard
38.528,0,0,0,0,hard
38.536,0,0,0,0,hard
38.54,0,0,0,0,hard
38.542,0,0,0,0,hard
38.549,0,0,0,0,hard
38.556,0,0,0,0,hard
38.556,0,0,0,0,hard
38.565,0,0,0,0,hard
38.57,0,0,0,0,hard
38.573,0,0,0,0,hard
38.577,1898,0,0,0,hard
38.584,2518,0,0,0,hard
38.59,2856,0,0,0,hard
38.592,3114,0,0,0,hard
38.597,3192,0,0,0,hard
38.605,3541,0,0,0,hard
38.611,3621,0,0,0,hard
38.612,3643,0,0,0,hard
38.618,3587,0,0,0,hard
38.626,3639,0,1818,0,hard
38.626,3708,0,2134,0,hard
38.634,3732,0,2487,0,hard
38.639,3803,0,2941,0,hard
38.645,3841,0,3239,0,hard
38.649,3822,0,3556,0,hard
38.656,3751,0,3657,0,hard
38.66,3644,0,3715,0,hard
38.666,3710,0,3728,0,hard
38.67,3791,0,3704,0,hard
38.674,3860,0,3664,0,hard
38.68,3889,0,3681,0,hard
38.682,3890,0,3730,0,hard
38.688,3885,0,3755,0,hard
38.695,3884,0,3788,0,hard
38.697,3896,0,3789,0,hard
38.702,3930,0,3821,0,hard
38.709,3945,0,3822,0,hard
38.715,3948,0,3842,0,hard
38.717,3955,0,3840,0,hard
38.722,3961,0,3836,0,hard
38.73,3978,0,3814,0,hard
38.736,3973,0,3802,0,hard
38.737,3964,0,3808,0,hard
38.743,3951,0,3794,0,hard
38.75,3941,0,3770,0,hard
38.751,3937,0,3770,0,hard
38.76,3950,0,3770,0,hard
38.764,3962,0,3742,0,hard
38.768,3971,0,3784,0,hard
38.771,3976,0,3814,0,hard
38.778,3981,0,3832,0,hard
38.785,3988,0,3863,0,hard
38.786,3988,0,3842,0,hard
38.792,3996,0,3802,0,hard
38.799,3995,0,3786,0,hard
38.805,3999,0,3783,0,hard
38.81,4001,0,3789,0,hard
38.813,4001,0,3782,0,hard
38.82,4001,0,3823,0,hard
38.825,4006,0,3828,0,hard
38.827,4014,0,3834,0,hard
38.834,4018,0,3833,0,hard
38.841,4014,0,3824,0,hard
38.841,4011,0,3820,0,hard
38.847,4019,0,3801,0,hard
38.854,4022,0,3830,0,hard
38.86,4023,0,3839,0,hard
38.861,4019,0,3828,0,hard
38.868,4012,0,3839,0,hard
38.876,4005,0,3847,0,hard
38.876,4016,0,3844,0,hard
38.882,4020,0,3843,0,hard
38.889,4019,0,3841,0,hard
38.895,4018,0,3853,0,hard
38.896,4015,0,3868,0,hard
38.904,4014,0,3862,0,hard
38.91,4015,0,3834,0,hard
38.91,4011,0,3836,0,hard
38.918,4010,0,3801,0,hard
38.924,4010,0,3786,0,hard
38.929,4008,0,3730,0,hard
38.935,3997,0,3747,0,hard
38.938,4005,0,3800,0,hard
38.945,4011,0,3835,0,hard
38.949,4013,0,3858,0,hard
38.952,4018,0,3902,0,hard
38.959,4017,0,3892,0,hard
38.961,4015,0,3887,0,hard
38.966,4017,0,3885,0,hard
38.973,4022,0,3865,0,hard
38.98,4021,0,3843,0,hard
38.98,4012,0,3848,0,hard
38.988,4002,0,3862,0,hard
38.993,3996,0,3819,0,hard
39.001,3997,0,3807,0,hard
39.001,3996,0,3833,0,hard
39.01,4004,0,3844,0,hard
39.014,4012,0,3853,0,hard
39.014,4019,0,3846,0,hard
39.023,4024,0,3846,0,hard
39.028,4029,0,3831,0,hard
39.035,4028,0,3812,0,hard
39.039,4022,0,3818,0,hard
39.042,4034,0,3793,0,hard
39.048,4016,0,3726,0,hard
39.051,4008,0,3743,0,hard
39.056,4007,0,3462,0,hard
39.064,4004,0,3393,0,hard
39.07,3999,0,3107,0,hard
39.072,3994,0,2983,0,hard
39.078,4006,0,2316,0,hard
39.083,4012,0,2898,0,hard
39.09,4020,0,2987,0,hard
39.091,4023,0,2933,0,hard
39.098,4022,0,2898,0,hard
39.105,4018,0,2991,0,hard
39.111,4004,0,2974,0,hard
39.112,3999,0,2882,0,hard
39.119,3996,0,2749,0,hard
39.125,3993,0,1899,0,hard
39.127,4000,0,511,0,hard
39.132,4005,0,0,0,hard
39.139,4009,0,0,0,hard
39.141,4004,0,0,0,hard
39.146,4000,0,0,0,hard
39.153,4001,0,374,0,hard
39.16,4002,0,1126,0,hard
39.16,4009,0,2744,0,hard
39.167,4014,0,3165,0,hard
39.174,4017,0,3347,0,hard
39.176,4022,0,3374,0,hard
39.181,4023,0,3363,0,hard
39.188,4025,0,3305,0,hard
39.195,4019,0,3098,0,hard
39.195,4016,0,2662,0,hard
39.204,4011,0,2217,0,hard
39.21,4009,0,2104,0,hard
39.212,4005,0,2193,0,hard
39.216,3997,0,2554,0,hard
39.223,3993,0,2824,0,hard
39.23,4001,0,2785,0,hard
39.23,4012,0,2603,0,hard
39.236,4022,0,1751,0,hard
39.243,4022,0,0,0,hard
39.246,4021,0,0,0,hard
39.251,4024,0,0,0,hard
39.257,4023,0,0,0,hard
39.265,4024,0,0,0,hard
39.265,4024,0,0,0,hard
39.273,4018,0,0,0,hard
39.278,4012,0,0,0,hard
39.285,4004,0,0,0,hard
39.289,4004,0,0,0,hard
39.292,4011,0,0,2466,hard
39.298,4008,0,0,3418,hard
39.301,4008,0,0,2470,hard
39.31,4011,0,0,0,hard
39.313,4015,0,0,0,hard
39.319,4016,0,0,0,hard
39.321,4023,0,0,0,hard
39.326,4027,0,0,0,hard
39.333,4024,0,0,0,hard
39.34,4024,0,0,0,hard
39.342,4017,0,0,0,hard
39.347,4019,0,1398,0,hard
39.354,4020,0,1572,0,hard
39.356,4023,0,1324,0,hard
39.364,4022,0,1566,0,hard
39.368,4028,0,1911,0,hard
39.372,4025,0,2369,0,hard
39.375,4028,0,3014,0,hard
39.385,4021,0,3280,0,hard
39.39,4023,0,3381,0,hard
39.39,4019,0,3268,0,hard
39.396,4014,0,3020,0,hard
39.403,4006,0,2060,0,hard
39.41,3994,0,0,0,hard
39.415,3996,0,0,0,hard
39.419,3985,0,0,0,hard
39.425,4000,0,2070,0,hard
39.43,4016,0,2981,0,hard
39.435,4033,0,3185,0,hard
39.437,4037,0,3297,0,hard
39.445,4037,0,3441,0,hard
39.449,4034,0,3359,0,hard
39.451,4033,0,3285,0,hard
39.458,4030,0,3179,0,hard
39.465,4025,0,2800,0,hard
39.47,4021,0,2484,0,hard
39.474,4021,0,2233,0,hard
39.479,4020,0,2088,0,hard
39.481,4024,0,2107,0,hard
39.487,4017,0,2078,0,hard
39.494,4024,0,2322,0,hard
39.5,4030,0,3029,0,hard
39.505,4027,0,3216,0,hard
39.507,4032,0,3196,0,hard
39.514,4029,0,2833,0,hard
39.52,4027,0,1368,0,hard
39.521,4026,0,0,0,hard
39.528,4020,0,2036,0,hard
39.535,4019,0,2774,0,hard
39.535,4018,0,2914,0,hard
39.544,4022,0,2595,0,hard
39.548,4011,0,1071,0,hard
39.555,4005,0,0,0,hard
39.556,3987,0,0,0,hard
39.563,3962,0,0,0,hard
39.569,3932,0,0,0,hard
39.575,3929,0,0,0,hard
39.576,3940,0,0,0,hard
39.583,3947,0,0,0,hard
39.59,3944,0,0,0,hard
39.591,3922,0,0,0,hard
39.597,3877,0,0,0,hard
39.604,3842,0,0,0,hard
39.605,3802,0,0,0,hard
39.615,3742,0,0,0,hard
39.618,3686,0,0,0,hard
39.622,3489,0,0,0,hard
39.625,2696,0,0,0,hard
39.632,0,0,0,0,hard
39.639,0,0,0,0,hard
39.645,0,0,0,0,hard
39.646,0,0,0,3179,hard
39.653,0,0,0,3556,hard
39.659,0,0,0,3694,hard
39.66,0,0,0,3718,hard
39.668,0,0,0,3534,hard
39.674,0,0,0,3475,hard
39.68,0,0,0,3775,hard
39.681,0,0,0,3853,hard
39.688,0,0,0,3885,hard
39.695,0,0,0,3910,hard
39.695,0,0,0,3905,hard
39.702,0,1840,0,3876,hard
39.708,0,1781,0,3828,hard
39.715,0,1420,0,3618,hard
39.715,0,0,0,3484,hard
39.722,0,0,0,3597,hard
39.729,0,1467,0,3738,hard
39.729,0,1928,0,3798,hard
39.737,0,2647,0,3813,hard
39.743,0,2858,0,3813,hard
39.745,0,2981,0,3788,hard
39.75,0,2969,0,3745,hard
39.757,0,3103,0,3710,hard
39.764,0,3303,0,3542,hard
39.765,0,3339,0,3482,hard
39.773,0,3331,0,3606,hard
39.778,0,3239,0,3742,hard
39.782,0,2647,0,3780,hard
39.785,0,2273,0,3739,hard
39.792,0,1443,0,3712,hard
39.799,0,2015,0,3678,hard
39.799,0,2550,0,3744,hard
39.807,0,3149,0,3806,hard
39.813,0,3340,0,3878,hard
39.815,0,3398,0,3886,hard
39.823,0,3138,0,3889,hard
39.827,0,1766,0,3867,hard
39.833,0,0,0,3782,hard
39.84,0,0,0,3699,hard
39.84,0,1798,0,3859,hard
39.847,0,3099,0,3927,hard
39.854,0,3431,0,3959,hard
39.858,0,3406,0,3958,hard
39.861,0,3139,0,3939,hard
39.868,0,2020,0,3865,hard
39.874,0,1008,0,3577,hard
39.875,0,0,0,3085,hard
39.884,0,0,0,2414,hard
39.889,0,0,0,3378,hard
39.894,0,1455,0,3714,hard
39.896,0,2218,0,3825,hard
39.903,0,2826,0,3862,hard
39.909,0,3109,0,3892,hard
39.911,0,3247,0,3898,hard
39.917,0,3357,0,3891,hard
39.924,0,3110,0,3897,hard
39.928,0,2962,0,3894,hard
39.931,0,1920,0,3867,hard
39.939,0,0,0,3871,hard
39.945,0,0,0,3907,hard
39.945,0,0,0,3879,hard
39.951,0,0,0,3799,hard
39.959,0,1727,0,3791,hard
39.965,0,3204,0,3833,hard
39.966,0,3355,0,3919,hard
39.972,0,3396,0,3957,hard
39.98,0,3292,0,3946,hard
39.98,0,3064,0,3903,hard
39.988,0,2861,0,3879,hard
39.994,0,2938,0,3957,hard
39.996,0,3059,0,3965,hard
40.004,0,1608,0,3940,hard
