time,fsr1,fsr2,fsr3,fsr4,label
0.0,0,0,0,3968,grass
0.0,0,0,0,3968,grass
0.0,0,0,0,3969,grass
0.0,0,0,0,3966,grass
0.0,0,0,0,3968,grass
0.0,0,0,0,3971,grass
0.0,0,0,0,3969,grass
0.0,0,0,0,3967,grass
0.0,0,0,0,3967,grass
0.0,0,0,0,3966,grass
0.0,0,0,0,3970,grass
0.0,0,0,0,3969,grass
0.0,0,0,0,3969,grass
0.0,0,0,0,3969,grass
0.0,0,0,0,3970,grass
0.0,0,0,0,3968,grass
0.0,0,0,0,3969,grass
0.0,0,0,0,3965,grass
0.0,0,0,0,3963,grass
0.0,0,0,0,3964,grass
0.0,0,0,0,3963,grass
0.0,0,0,0,3964,grass
0.0,0,0,0,3961,grass
0.0,0,0,0,3968,grass
0.0,0,0,0,3965,grass
0.0,0,0,0,3968,grass
0.0,0,0,0,3967,grass
0.0,0,0,0,3966,grass
0.006,0,0,0,3964,grass
0.006,0,0,0,3970,grass
0.006,0,0,0,3966,grass
0.006,0,0,0,3971,grass
0.006,0,0,0,3966,grass
0.007,0,0,0,3969,grass
0.007,0,0,0,3964,grass
0.007,0,0,0,3967,grass
0.007,0,0,0,3968,grass
0.007,0,0,0,3965,grass
0.007,0,0,0,3965,grass
0.008,0,0,0,3968,grass
0.008,0,0,0,3971,grass
0.008,0,0,0,3965,grass
0.008,0,0,0,3968,grass
0.008,0,0,0,3963,grass
0.008,0,0,0,3968,grass
0.008,0,0,0,3967,grass
0.008,0,0,0,3970,grass
0.008,0,0,0,3969,grass
0.008,0,0,0,3966,grass
0.008,0,0,0,3969,grass
0.008,0,0,0,3969,grass
0.008,0,0,0,3969,grass
0.008,0,0,0,3971,grass
0.01,0,0,0,3969,grass
0.01,0,0,0,3969,grass
0.01,0,0,0,3972,grass
0.01,0,0,0,3967,grass
0.01,0,0,0,3967,grass
0.01,0,0,0,3968,grass
0.01,0,0,0,3965,grass
0.01,0,0,0,3968,grass
0.01,0,0,0,3968,grass
0.01,0,0,0,3965,grass
0.01,0,0,0,3970,grass
0.01,0,0,0,3969,grass
0.01,0,0,0,3969,grass
0.01,0,0,0,3972,grass
0.01,0,0,0,3968,grass
0.01,0,0,0,3969,grass
0.01,0,0,0,3969,grass
0.01,0,0,0,3972,grass
0.01,0,0,0,3971,grass
0.01,0,0,0,3965,grass
0.01,0,0,0,3973,grass
0.01,0,0,0,3968,grass
0.01,0,0,0,3971,grass
0.01,0,0,0,3968,grass
0.01,0,0,0,3967,grass
0.01,0,0,0,3970,grass
0.01,0,0,0,3965,grass
0.01,0,0,0,3965,grass
0.01,0,0,0,3967,grass
0.01,0,0,0,3968,grass
0.01,0,0,0,3967,grass
0.01,0,0,0,3964,grass
0.01,0,0,0,3972,grass
0.01,0,0,0,3970,grass
0.01,0,0,0,3976,grass
0.016,0,0,0,3970,grass
0.016,0,0,0,3968,grass
0.016,0,0,0,3971,grass
0.016,0,0,0,3977,grass
0.016,0,0,0,3969,grass
0.016,0,0,0,3971,grass
0.016,0,0,0,3969,grass
0.016,0,0,0,3972,grass
0.016,0,0,0,3971,grass
0.016,0,0,0,3970,grass
0.016,0,0,0,3970,grass
0.016,0,0,0,3969,grass
0.016,0,0,0,3973,grass
0.016,0,0,0,3967,grass
0.016,0,0,0,3959,grass
0.016,0,0,0,3971,grass
0.016,0,0,0,3968,grass
0.016,0,0,0,3971,grass
0.016,0,0,0,3970,grass
0.016,0,0,0,3968,grass
0.016,0,0,0,3967,grass
0.016,0,0,0,3965,grass
0.016,0,0,0,3969,grass
0.016,0,0,0,3964,grass
0.016,0,0,0,3971,grass
0.016,0,0,0,3968,grass
0.016,0,0,0,3967,grass
0.016,0,0,0,3970,grass
0.016,0,0,0,3964,grass
0.016,0,0,0,3973,grass
0.02,0,0,0,3969,grass
0.02,0,0,0,3970,grass
0.02,0,0,0,3972,grass
0.02,0,0,0,3971,grass
0.02,0,0,0,3971,grass
0.02,0,0,0,3966,grass
0.02,0,0,0,3964,grass
0.02,0,0,0,3969,grass
0.02,0,0,0,3967,grass
0.02,0,0,0,3968,grass
0.02,0,0,0,3975,grass
0.02,0,0,0,3968,grass
0.02,0,0,0,3970,grass
0.02,0,0,0,3970,grass
0.02,0,0,0,3966,grass
0.02,0,0,0,3970,grass
0.02,0,0,0,3969,grass
0.02,0,0,0,3970,grass
0.02,0,0,0,3961,grass
0.02,0,0,0,3964,grass
0.02,0,0,0,3970,grass
0.02,0,0,0,3968,grass
0.02,0,0,0,3964,grass
0.02,0,0,0,3965,grass
0.02,0,0,0,3969,grass
0.02,0,0,0,3970,grass
0.02,0,0,0,3974,grass
0.02,0,0,0,3970,grass
0.02,0,0,0,3967,grass
0.02,0,0,0,3962,grass
0.02,0,0,0,3969,grass
0.02,0,0,0,3964,grass
0.02,0,0,0,3969,grass
0.02,0,0,0,3969,grass
0.02,0,0,0,3969,grass
0.02,0,0,0,3960,grass
0.026,0,0,0,3971,grass
0.026,0,0,0,3970,grass
0.026,0,0,0,3970,grass
0.026,0,0,0,3969,grass
0.026,0,0,0,3970,grass
0.027,0,0,0,3967,grass
0.027,0,0,0,3966,grass
0.027,0,0,0,3972,grass
0.027,0,0,0,3968,grass
0.027,0,0,0,3964,grass
0.027,0,0,0,3971,grass
0.027,0,0,0,3968,grass
0.027,0,0,0,3969,grass
0.027,0,0,0,3964,grass
0.027,0,0,0,3960,grass
0.027,0,0,0,3967,grass
0.027,0,0,0,3973,grass
0.027,0,0,0,3966,grass
0.027,0,0,0,3969,grass
0.027,0,0,0,3966,grass
0.027,0,0,0,3967,grass
0.027,0,0,0,3968,grass
0.027,0,0,0,3971,grass
0.027,0,0,0,3967,grass
0.027,0,0,0,3970,grass
0.027,0,0,0,3967,grass
0.027,0,0,0,3965,grass
0.027,0,0,0,3969,grass
0.027,0,0,0,3971,grass
0.03,0,0,0,3969,grass
0.03,0,0,0,3965,grass
0.03,0,0,0,3971,grass
0.03,0,0,0,3975,grass
0.03,0,0,0,3966,grass
0.03,0,0,0,3966,grass
0.03,0,0,0,3972,grass
0.03,0,0,0,3962,grass
0.03,0,0,0,3966,grass
0.03,0,0,0,3969,grass
0.03,0,0,0,3969,grass
0.03,0,0,0,3969,grass
0.03,0,0,0,3972,grass
0.03,0,0,0,3970,grass
0.03,0,0,0,3969,grass
0.03,0,0,0,3969,grass
0.03,0,0,0,3969,grass
0.033,0,0,0,3967,grass
0.033,0,0,0,3973,grass
0.033,0,0,0,3961,grass
0.033,0,0,0,3967,grass
0.033,0,0,0,3967,grass
0.034,0,0,0,3966,grass
0.034,0,0,0,3971,grass
0.034,0,0,0,3966,grass
0.034,0,0,0,3964,grass
0.034,0,0,0,3974,grass
0.034,0,0,0,3970,grass
0.034,0,0,0,3966,grass
0.034,0,0,0,3969,grass
0.034,0,0,0,3970,grass
0.034,0,0,0,3967,grass
0.034,0,0,0,3971,grass
0.034,0,0,0,3965,grass
0.034,0,0,0,3968,grass
0.034,0,0,0,3968,grass
0.036,0,0,0,3970,grass
0.036,0,0,0,3968,grass
0.036,0,0,0,3971,grass
0.036,0,0,0,3966,grass
0.036,0,0,0,3968,grass
0.036,0,0,0,3968,grass
0.036,0,0,0,3970,grass
0.036,0,0,0,3961,grass
0.036,0,0,0,3971,grass
0.036,0,0,0,3966,grass
0.036,0,0,0,3969,grass
0.036,0,0,0,3974,grass
0.036,0,0,0,3970,grass
0.036,0,0,0,3969,grass
0.036,0,0,0,3971,grass
0.036,0,0,0,3972,grass
0.036,0,0,0,3970,grass
0.036,0,0,0,3967,grass
0.036,0,0,0,3962,grass
0.036,0,0,0,3964,grass
0.036,0,0,0,3970,grass
0.036,0,0,0,3968,grass
0.036,0,0,0,3969,grass
0.036,0,0,0,3973,grass
0.036,0,0,0,3959,grass
0.036,0,0,0,3967,grass
0.036,0,0,0,3971,grass
0.036,0,0,0,3970,grass
0.036,0,0,0,3971,grass
0.036,0,0,0,3968,grass
0.036,0,0,0,3968,grass
0.036,0,0,0,3966,grass
0.036,0,0,0,3969,grass
0.036,0,0,0,3969,grass
0.036,0,0,0,3967,grass
0.036,0,0,0,3969,grass
0.036,0,0,0,3968,grass
0.036,0,0,0,3967,grass
0.041,0,0,0,3968,grass
0.041,0,0,0,3968,grass
0.041,0,0,0,3966,grass
0.041,0,0,0,3969,grass
0.041,0,0,0,3968,grass
0.041,0,0,0,3967,grass
0.041,0,0,0,3967,grass
0.041,0,0,0,3967,grass
0.041,0,0,0,3968,grass
0.041,0,0,0,3967,grass
0.041,0,0,0,3970,grass
0.041,0,0,0,3966,grass
0.041,0,0,0,3968,grass
0.041,0,0,0,3967,grass
0.041,0,0,0,3967,grass
0.041,0,0,0,3967,grass
0.041,0,0,0,3967,grass
0.041,0,0,0,3970,grass
0.041,0,0,0,3974,grass
0.041,0,0,0,3966,grass
0.041,0,0,0,3968,grass
0.041,0,0,0,3967,grass
0.041,0,0,0,3970,grass
0.041,0,0,0,3970,grass
0.041,0,0,0,3969,grass
0.041,0,0,0,3970,grass
0.041,0,0,0,3966,grass
0.041,0,0,0,3971,grass
0.041,0,0,0,3966,grass
0.041,0,0,0,3973,grass
0.041,0,0,0,3970,grass
0.045,0,0,0,3968,grass
0.045,0,0,0,3968,grass
0.045,0,0,0,3962,grass
0.045,0,0,0,3971,grass
0.045,0,0,0,3965,grass
0.045,0,0,0,3967,grass
0.045,0,0,0,3972,grass
0.045,0,0,0,3971,grass
0.045,0,0,0,3972,grass
0.045,0,0,0,3970,grass
0.045,0,0,0,3966,grass
0.045,0,0,0,3968,grass
0.045,0,0,0,3969,grass
0.045,0,0,0,3967,grass
0.047,0,0,0,3972,grass
0.047,0,0,0,3969,grass
0.047,0,0,0,3971,grass
0.047,0,0,0,3973,grass
0.047,0,0,0,3966,grass
0.047,0,0,0,3966,grass
0.047,0,0,0,3969,grass
0.047,0,0,0,3971,grass
0.047,0,0,0,3971,grass
0.047,0,0,0,3972,grass
0.047,0,0,0,3968,grass
0.047,0,0,0,3966,grass
0.047,0,0,0,3969,grass
0.047,0,0,0,3965,grass
0.047,0,0,0,3970,grass
0.047,0,0,0,3963,grass
0.047,0,0,0,3970,grass
0.047,0,0,0,3970,grass
0.047,0,0,0,3968,grass
0.047,0,0,0,3967,grass
0.047,0,0,0,3969,grass
0.047,0,0,0,3969,grass
0.047,0,0,0,3971,grass
0.05,0,0,0,3972,grass
0.05,0,0,0,3970,grass
0.05,0,0,0,3968,grass
0.05,0,0,0,3971,grass
0.05,0,0,0,3969,grass
0.05,0,0,0,3969,grass
0.05,0,0,0,3972,grass
0.05,0,0,0,3965,grass
0.05,0,0,0,3969,grass
0.05,0,0,0,3968,grass
0.05,0,0,0,3969,grass
0.05,0,0,0,3968,grass
0.05,0,0,0,3968,grass
0.05,0,0,0,3970,grass
0.05,0,0,0,3969,grass
0.05,0,0,0,3970,grass
0.05,0,0,0,3966,grass
0.05,0,0,0,3970,grass
0.05,0,0,0,3968,grass
0.05,0,0,0,3971,grass
0.05,0,0,0,3971,grass
0.05,0,0,0,3971,grass
0.05,0,0,0,3967,grass
0.053,0,0,0,3970,grass
0.053,0,0,0,3968,grass
0.053,0,0,0,3966,grass
0.053,0,0,0,3966,grass
0.053,0,0,0,3967,grass
0.054,0,0,0,3968,grass
0.054,0,0,0,3968,grass
0.054,0,0,0,3967,grass
0.054,0,0,0,3972,grass
0.054,0,0,0,3969,grass
0.054,0,0,0,3971,grass
0.054,0,0,0,3974,grass
0.056,0,0,0,3968,grass
0.056,0,0,0,3969,grass
0.056,0,0,0,3970,grass
0.056,0,0,0,3962,grass
0.056,0,0,0,3968,grass
0.056,0,0,0,3968,grass
0.056,0,0,0,3967,grass
0.056,0,0,0,3964,grass
0.056,0,0,0,3969,grass
0.056,0,0,0,3973,grass
0.056,0,0,0,3970,grass
0.056,0,0,0,3970,grass
0.056,0,0,0,3967,grass
0.056,0,0,0,3970,grass
0.056,0,0,0,3972,grass
0.056,0,0,0,3968,grass
0.056,0,0,0,3963,grass
0.056,0,0,0,3967,grass
0.056,0,0,0,3970,grass
0.056,0,0,0,3969,grass
0.056,0,0,0,3967,grass
0.056,0,0,0,3968,grass
0.056,0,0,0,3965,grass
0.056,0,0,0,3971,grass
0.056,0,0,0,3969,grass
0.056,0,0,0,3969,grass
0.056,0,0,0,3966,grass
0.056,0,0,0,3967,grass
0.056,0,0,0,3976,grass
0.056,0,0,0,3968,grass
0.056,0,0,0,3968,grass
0.056,0,0,0,3968,grass
0.056,0,0,0,3963,grass
0.056,0,0,0,3963,grass
0.056,0,0,0,3968,grass
0.056,0,0,0,3972,grass
0.056,0,0,0,3967,grass
0.056,0,0,0,3967,grass
0.056,0,0,0,3963,grass
0.056,0,0,0,3977,grass
0.06,0,0,0,3970,grass
0.06,0,0,0,3963,grass
0.06,0,0,0,3966,grass
0.06,0,0,0,3969,grass
0.06,0,0,0,3971,grass
0.061,0,0,0,3973,grass
0.061,0,0,0,3968,grass
0.061,0,0,0,3973,grass
0.061,0,0,0,3967,grass
0.061,0,0,0,3972,grass
0.061,0,0,0,3972,grass
0.061,0,0,0,3966,grass
0.061,0,0,0,3970,grass
0.061,0,0,0,3973,grass
0.068,0,0,0,3967,grass
0.075,0,0,0,3972,grass
0.077,0,0,0,3969,grass
0.085,0,0,0,3972,grass
0.089,0,0,0,3967,grass
0.096,0,0,0,3965,grass
0.096,0,0,0,3968,grass
0.103,0,0,0,3967,grass
0.11,0,0,0,3977,grass
0.112,0,0,0,3973,grass
0.121,0,0,0,3969,grass
0.124,0,0,0,3969,grass
0.13,0,0,0,3962,grass
0.132,0,0,0,3971,grass
0.137,0,0,0,3970,grass
0.146,0,0,0,3966,grass
0.152,0,0,0,3971,grass
0.154,0,0,0,3970,grass
0.158,0,0,0,3969,grass
0.166,0,0,0,3969,grass
0.172,0,0,0,3970,grass
0.172,0,0,0,3966,grass
0.18,0,0,0,3971,grass
0.186,0,0,0,3966,grass
0.187,0,0,0,3967,grass
0.193,0,0,0,3968,grass
0.2,0,0,0,3963,grass
0.206,0,0,0,3963,grass
0.207,0,0,0,3967,grass
0.214,0,0,0,3973,grass
0.221,0,0,0,3968,grass
0.222,0,0,0,3972,grass
0.231,0,0,0,3973,grass
0.235,0,0,0,3970,grass
0.239,0,0,0,3972,grass
0.242,0,0,0,3970,grass
0.249,0,0,0,3968,grass
0.255,0,0,0,3966,grass
0.257,0,0,0,3973,grass
0.262,0,0,0,3968,grass
0.27,0,0,0,3970,grass
0.276,0,0,0,3970,grass
0.277,0,0,0,3973,grass
0.285,0,0,0,3967,grass
0.291,0,0,0,3972,grass
0.297,0,0,0,3968,grass
0.297,0,0,0,3968,grass
0.304,0,0,0,3967,grass
0.311,0,0,0,3965,grass
0.313,0,0,0,3970,grass
0.321,0,0,0,3973,grass
0.325,0,0,0,3973,grass
0.329,0,0,0,3969,grass
0.332,0,0,0,3970,grass
0.339,0,0,0,3971,grass
0.346,0,0,0,3970,grass
0.347,0,0,0,3969,grass
0.353,0,0,0,3969,grass
0.36,0,0,0,3972,grass
0.366,0,0,0,3968,grass
0.371,0,0,0,3970,grass
0.373,0,0,0,3971,grass
0.381,0,0,0,3975,grass
0.385,0,0,0,3967,grass
0.39,0,0,0,3969,grass
0.395,0,0,0,3975,grass
0.402,0,0,0,3970,grass
0.406,0,0,0,3972,grass
0.409,0,0,0,3965,grass
0.415,0,0,0,3967,grass
0.417,0,0,0,3970,grass
0.422,0,0,0,3975,grass
0.43,0,0,0,3971,grass
0.436,0,0,0,3968,grass
0.441,0,0,0,3972,grass
0.443,0,0,0,3970,grass
0.451,0,0,0,3968,grass
0.451,0,0,0,3970,grass
0.458,0,0,0,3970,grass
0.464,0,0,0,3971,grass
0.471,0,0,0,3970,grass
0.475,0,0,0,3968,grass
0.481,0,0,0,3972,grass
0.486,0,0,0,3971,grass
0.491,0,0,0,3969,grass
0.492,0,0,0,3970,grass
0.5,0,0,0,3974,grass
0.505,0,0,0,3971,grass
0.509,0,0,0,3971,grass
0.513,0,0,0,3969,grass
0.521,0,0,0,3967,grass
0.526,0,0,0,3970,grass
0.527,0,0,0,3971,grass
0.533,0,0,0,3969,grass
0.54,0,0,0,3972,grass
0.546,0,0,0,3973,grass
0.549,0,0,0,3972,grass
0.554,0,0,0,3968,grass
0.561,0,0,0,3971,grass
0.562,0,0,0,3969,grass
0.568,0,0,0,3969,grass
0.575,0,0,0,3972,grass
0.581,0,0,0,3976,grass
0.586,0,0,0,3966,grass
0.589,0,0,0,3972,grass
0.597,0,0,0,3972,grass
0.597,0,0,0,3973,grass
0.606,0,0,0,3976,grass
0.61,0,0,0,3967,grass
0.616,0,0,0,3969,grass
0.621,0,0,0,3969,grass
0.624,0,0,0,3977,grass
0.631,0,0,0,3971,grass
0.635,0,0,0,3967,grass
0.637,0,0,0,3971,grass
0.645,0,0,0,3970,grass
0.651,0,0,0,3973,grass
0.652,0,0,0,3971,grass
0.659,0,0,0,3971,grass
0.665,0,0,0,3967,grass
0.667,0,0,0,3968,grass
0.672,0,0,0,3968,grass
0.68,0,0,0,3971,grass
0.686,0,0,0,3966,grass
0.687,0,0,0,3968,grass
0.693,0,0,0,3971,grass
0.7,0,0,0,3970,grass
0.706,0,0,0,3964,grass
0.711,0,0,0,3974,grass
0.714,0,0,0,3970,grass
0.721,0,0,0,3977,grass
0.721,0,0,0,3975,grass
0.73,0,0,0,3976,grass
0.734,0,0,0,3972,grass
0.738,0,0,0,3972,grass
0.746,0,0,0,3973,grass
0.751,0,0,0,3973,grass
0.755,0,0,0,3966,grass
0.761,0,0,0,3970,grass
0.762,0,0,0,3969,grass
0.769,0,0,0,3969,grass
0.776,0,0,0,3976,grass
0.777,0,0,0,3970,grass
0.786,0,0,0,3974,grass
0.791,0,0,0,3978,grass
0.796,0,0,0,3969,grass
0.798,0,0,0,3966,grass
0.804,0,0,0,3971,grass
0.811,0,0,0,3973,grass
0.812,0,0,0,3971,grass
0.821,0,0,0,3968,grass
0.826,0,0,0,3968,grass
0.829,0,0,0,3969,grass
0.832,0,0,0,3969,grass
0.839,0,0,0,3968,grass
0.846,0,0,0,3975,grass
0.846,0,0,0,3970,grass
0.854,0,0,0,3966,grass
0.86,0,0,0,3968,grass
0.862,0,0,0,3967,grass
0.867,0,0,0,3970,grass
0.876,0,0,0,3967,grass
0.88,0,0,0,3966,grass
0.886,0,0,0,3970,grass
0.887,0,0,0,3969,grass
0.896,0,0,0,3967,grass
0.901,0,0,0,3972,grass
0.902,0,0,0,3971,grass
0.908,0,0,0,3969,grass
0.915,0,0,0,3974,grass
0.921,0,0,0,3969,grass
0.923,0,0,0,3964,grass
0.929,0,0,0,3970,grass
0.936,0,0,0,3975,grass
0.936,0,0,0,3970,grass
0.946,0,0,0,3967,grass
0.95,0,0,0,3966,grass
0.956,0,0,0,3969,grass
0.957,0,0,0,3969,grass
0.965,0,0,0,3974,grass
0.97,0,0,0,3970,grass
0.972,0,0,0,3961,grass
0.978,0,0,0,3972,grass
0.986,0,0,0,3963,grass
0.991,0,0,0,3967,grass
0.996,0,0,0,3968,grass
1.001,0,0,0,3965,grass
1.006,0,0,0,3969,grass
1.007,0,0,0,3972,grass
1.016,0,0,0,3977,grass
1.02,0,0,0,3969,grass
1.026,0,0,0,3975,grass
1.027,0,0,0,3970,grass
1.033,0,0,0,3968,grass
1.04,0,0,0,3973,grass
1.044,0,0,0,3969,grass
1.05,0,0,0,3975,grass
1.055,0,0,0,3971,grass
1.062,0,0,0,3969,grass
1.066,0,0,0,3977,grass
1.068,0,0,0,3973,grass
1.075,0,0,0,3969,grass
1.08,0,0,0,3960,grass
1.082,0,0,0,3972,grass
1.089,0,0,0,3969,grass
1.096,0,0,0,3977,grass
1.096,0,0,0,3968,grass
1.103,0,0,0,3969,grass
1.109,0,0,0,3974,grass
1.116,0,0,0,3969,grass
1.117,0,0,0,3974,grass
1.124,0,0,0,3975,grass
1.131,0,0,0,3971,grass
1.131,0,0,0,3970,grass
1.141,0,0,0,3968,grass
1.144,0,0,0,3977,grass
1.151,0,0,0,3969,grass
1.151,0,0,0,3970,grass
1.159,0,0,0,3974,grass
1.165,0,0,0,3967,grass
1.167,0,0,0,3969,grass
1.172,0,0,0,3970,grass
1.181,0,0,0,3970,grass
1.186,0,0,0,3969,grass
1.191,0,0,0,3974,grass
1.193,0,0,0,3983,grass
1.201,0,0,0,3985,grass
1.201,0,0,0,3986,grass
1.209,0,0,0,3981,grass
1.214,0,0,0,3968,grass
1.221,0,0,0,3958,grass
1.221,0,0,0,3997,grass
1.228,0,0,0,4019,grass
1.234,0,0,0,4026,grass
1.237,0,0,0,4018,grass
1.242,0,0,0,4009,grass
1.249,0,0,0,3979,grass
1.256,0,1264,0,3982,grass
1.256,0,1831,0,4024,grass
1.264,0,2155,0,4037,grass
1.269,0,2277,0,4040,grass
1.272,0,2338,0,4047,grass
1.276,0,1248,0,4051,grass
1.284,0,0,0,4046,grass
1.29,0,0,0,4051,grass
1.292,0,0,0,4033,grass
1.297,0,0,0,4009,grass
1.304,0,0,0,4042,grass
1.311,0,0,0,4051,grass
1.311,0,0,0,4049,grass
1.319,0,0,0,4044,grass
1.325,0,0,0,4043,grass
1.327,0,0,0,4044,grass
1.336,0,0,0,4050,grass
1.339,0,1147,0,4051,grass
1.346,0,1857,0,4055,grass
1.346,0,1755,0,4057,grass
1.353,0,1407,0,4055,grass
1.359,0,1278,0,4050,grass
1.366,0,381,0,4041,grass
1.367,0,0,0,4037,grass
1.374,0,0,0,4045,grass
1.38,0,0,0,4038,grass
1.38,0,0,0,4033,grass
1.391,0,0,0,4027,grass
1.394,0,0,0,4006,grass
1.4,0,0,0,3984,grass
1.405,0,0,0,3978,grass
1.408,0,0,0,4008,grass
1.415,0,0,0,4017,grass
1.418,0,0,0,4026,grass
1.422,0,1553,0,4037,grass
1.429,0,2547,0,4035,grass
1.436,0,2201,0,4047,grass
1.441,0,2077,0,4040,grass
1.443,0,0,0,4037,grass
1.45,0,0,0,4037,grass
1.455,0,0,0,4035,grass
1.457,0,0,0,4043,grass
1.465,0,0,0,4053,grass
1.47,0,0,0,4047,grass
1.472,0,0,0,4051,grass
1.478,0,2282,0,4050,grass
1.484,0,3157,0,4038,grass
1.491,0,3315,0,4049,grass
1.492,0,3292,0,4053,grass
1.499,0,2843,0,4056,grass
1.506,0,0,0,4039,grass
1.506,0,0,0,4035,grass
1.512,0,0,0,4026,grass
1.521,0,0,0,4037,grass
1.521,0,0,0,4037,grass
1.529,0,0,0,4028,grass
1.533,0,1795,0,4040,grass
1.54,0,2877,0,4051,grass
1.546,0,2912,0,4054,grass
1.549,0,3158,0,4058,grass
1.555,0,3196,0,4060,grass
1.56,0,3363,0,4055,grass
1.566,0,3467,0,4051,grass
1.571,0,3343,0,4054,grass
1.575,0,2904,0,4044,grass
1.577,0,0,0,4035,grass
1.584,0,0,0,4034,grass
1.591,0,0,0,4035,grass
1.596,0,0,0,4020,grass
1.6,0,0,0,4020,grass
1.603,0,0,0,4026,grass
1.61,0,0,0,4043,grass
1.61,0,0,0,4033,grass
1.617,0,926,0,4020,grass
1.624,0,0,0,3995,grass
1.631,0,0,0,3971,grass
1.635,0,0,0,3912,grass
1.637,0,0,0,3799,grass
1.644,0,0,0,3821,grass
1.644,0,0,0,3896,grass
1.652,0,0,0,3964,grass
1.658,0,0,0,3999,grass
1.666,0,2247,0,3991,grass
1.67,0,2978,0,4037,grass
1.672,0,3314,0,4038,grass
1.679,0,3560,0,4032,grass
1.682,0,3610,0,4027,grass
1.687,0,1702,0,4007,grass
1.695,0,0,0,3963,grass
1.7,0,0,0,3878,grass
1.703,0,0,0,3900,grass
1.707,0,0,0,3955,grass
1.714,0,0,0,3999,grass
1.72,0,2105,0,4025,grass
1.721,0,3118,0,4029,grass
1.728,0,3142,0,4032,grass
1.735,0,2700,0,4015,grass
1.736,0,1868,0,4021,grass
1.745,0,0,0,4011,grass
1.749,0,0,0,3997,grass
1.756,0,0,0,3982,grass
1.756,0,0,0,3970,grass
1.763,0,0,0,3942,grass
1.769,0,0,0,3932,grass
1.771,0,0,0,3928,grass
1.776,0,0,0,3911,grass
1.784,0,0,0,3856,grass
1.791,0,0,0,3812,grass
1.791,0,1833,0,3773,grass
1.799,0,2410,0,3783,grass
1.804,0,1376,0,3834,grass
1.807,0,0,0,3868,grass
1.811,0,0,0,3838,grass
1.818,0,0,0,3795,grass
1.825,0,0,0,3766,grass
1.826,0,0,0,3801,grass
1.832,0,0,0,3857,grass
1.839,0,0,0,3907,grass
1.845,0,0,0,3952,grass
1.847,0,0,0,3979,grass
1.853,0,1597,0,3996,grass
1.86,0,2085,0,4010,grass
1.861,0,1938,0,4015,grass
1.869,0,1436,0,4022,grass
1.874,0,0,0,4020,grass
1.878,0,0,0,4015,grass
1.881,0,0,0,4015,grass
1.888,0,0,0,4019,grass
1.894,0,0,0,4017,grass
1.896,0,0,0,4017,grass
1.901,0,0,0,4020,grass
1.908,0,0,0,4017,grass
1.915,0,1884,0,4024,grass
1.916,0,2781,0,4021,grass
1.922,0,3066,0,4028,grass
1.929,0,3027,0,4024,grass
1.935,0,2847,0,4015,grass
1.936,0,2292,0,4005,grass
1.943,0,0,0,4002,grass
1.95,0,0,0,3991,grass
1.95,0,0,0,3994,grass
1.958,0,0,0,3982,grass
1.963,0,1681,0,3986,grass
1.97,0,2391,0,3980,grass
1.975,0,2761,0,3985,grass
1.979,0,3016,0,3985,grass
1.984,0,3139,0,3987,grass
1.986,0,3156,0,3988,grass
1.992,0,2913,0,3980,grass
1.999,0,1858,0,3966,grass
2.005,0,0,0,3960,grass
2.007,0,0,0,3956,grass
2.015,0,0,0,3960,grass
2.019,0,0,0,3974,grass
2.025,0,0,0,3985,grass
2.026,0,0,0,4001,grass
2.033,0,0,0,4007,grass
2.04,0,1496,0,4016,grass
2.041,0,1958,0,4025,grass
2.047,0,2121,0,4029,grass
2.054,0,2230,0,4019,grass
2.06,0,2373,0,4025,grass
2.065,0,2155,0,4007,grass
2.068,0,1912,0,4023,grass
2.075,0,883,0,4017,grass
2.079,0,0,0,4012,grass
2.085,0,650,0,4005,grass
2.089,0,1384,0,3999,grass
2.093,0,1979,0,3998,grass
2.096,0,2602,0,4001,grass
2.103,0,2857,0,4001,grass
2.109,0,2918,0,4006,grass
2.115,0,2822,0,4002,grass
2.117,0,2542,0,3990,grass
2.124,0,2794,0,3994,grass
2.13,0,3032,0,3994,grass
2.135,0,3089,0,3992,grass
2.137,0,3132,0,4002,grass
2.144,0,3132,0,4000,grass
2.15,0,2966,0,4000,grass
2.152,0,2001,0,3991,grass
2.158,0,0,0,3990,grass
2.165,0,0,0,3978,grass
2.165,0,0,0,3990,grass
2.173,0,0,0,3988,grass
2.179,0,0,0,4011,grass
2.181,0,0,0,4013,grass
2.186,0,1909,0,4016,grass
2.193,0,2147,0,4015,grass
2.2,0,2086,0,4019,grass
2.205,0,1571,0,4014,grass
2.207,0,0,0,4019,grass
2.214,0,0,0,4013,grass
2.22,0,1638,0,4017,grass
2.221,0,2366,0,4031,grass
2.228,0,2882,0,4026,grass
2.235,0,2983,0,4015,grass
2.235,0,2758,0,4010,grass
2.245,0,2327,0,4006,grass
2.248,0,2025,0,4004,grass
2.256,0,2196,0,3998,grass
2.259,0,2219,0,4004,grass
2.262,0,2364,0,4001,grass
2.269,0,2442,0,4010,grass
2.275,0,2805,0,3998,grass
2.28,0,2992,0,3998,grass
2.283,0,3074,0,4004,grass
2.29,0,3175,0,4005,grass
2.294,0,3160,0,4019,grass
2.297,0,2963,0,4018,grass
2.304,0,2747,0,4013,grass
2.306,0,1852,0,4010,grass
2.311,0,0,0,4008,grass
2.319,0,0,0,4006,grass
2.324,0,0,0,4003,grass
2.327,0,0,0,4012,grass
2.332,0,745,0,4015,grass
2.339,0,2701,0,4022,grass
2.345,0,3175,0,4019,grass
2.347,0,3276,0,4021,grass
2.352,0,3276,0,4011,grass
2.36,0,3077,0,4019,grass
2.361,0,2418,0,4017,grass
2.369,0,1710,0,4006,grass
2.373,0,0,0,4005,grass
2.38,0,0,0,4004,grass
2.381,0,0,0,4003,grass
2.387,0,0,0,4003,grass
2.394,0,1893,0,4006,grass
2.4,0,2735,0,4009,grass
2.405,0,3079,0,4020,grass
2.408,0,3167,0,4020,grass
2.415,0,3180,0,4017,grass
2.416,0,3067,0,4024,grass
2.422,0,2741,0,4012,grass
2.429,0,1933,0,4011,grass
2.435,0,572,0,4023,grass
2.436,0,1686,0,4015,grass
2.443,0,2729,0,4009,grass
2.45,0,2962,0,4014,grass
2.45,0,3044,0,4011,grass
2.46,0,2810,0,4004,grass
2.463,0,2601,0,4008,grass
2.47,0,2843,0,4008,grass
2.471,0,2964,0,4003,grass
2.478,0,3009,0,4008,grass
2.484,0,2987,0,4007,grass
2.488,0,2710,0,4005,grass
2.494,0,1972,0,4014,grass
2.498,0,1753,0,4006,grass
2.502,0,1368,0,4007,grass
2.505,0,1428,0,4006,grass
2.515,0,1708,0,4012,grass
2.519,0,1770,0,4015,grass
2.525,0,2589,0,4020,grass
2.529,0,2940,0,4027,grass
2.533,0,3005,0,4022,grass
2.54,0,2969,0,4027,grass
2.54,0,2574,0,4017,grass
2.55,0,1541,0,4018,grass
2.554,0,1194,0,4010,grass
2.557,0,1084,0,4015,grass
2.564,0,977,0,4011,grass
2.57,0,1457,0,4008,grass
2.575,0,1790,0,4016,grass
2.58,0,1996,0,4015,grass
2.582,0,2700,0,4020,grass
2.588,0,2797,0,4015,grass
2.592,0,2812,0,4010,grass
2.596,0,2729,0,4018,grass
2.605,0,2482,0,3996,grass
2.609,0,2062,0,4010,grass
2.609,0,2066,0,4008,grass
2.617,0,2377,0,4008,grass
2.623,0,2580,0,4007,grass
2.629,0,2661,0,4013,grass
2.63,0,2690,0,4009,grass
2.637,0,2499,0,4009,grass
2.644,0,1958,0,4001,grass
2.644,0,1390,0,3993,grass
2.652,0,1014,0,3987,grass
2.658,0,1850,0,3995,grass
2.665,0,2723,0,4009,grass
2.669,0,2811,0,4009,grass
2.672,0,3065,0,4006,grass
2.679,0,2022,0,3983,grass
2.685,0,0,0,3965,grass
2.686,0,0,0,3945,grass
2.693,0,0,0,3974,grass
2.699,0,0,0,3990,grass
2.7,0,2665,0,4014,grass
2.709,0,3377,0,4024,grass
2.713,0,3558,0,4030,grass
2.72,0,3573,0,4029,grass
2.721,0,3398,0,4033,grass
2.728,0,2965,0,4025,grass
2.734,0,0,0,4014,grass
2.736,0,0,0,4003,grass
2.741,0,0,0,3996,grass
2.748,0,0,0,3986,grass
2.754,0,0,0,3996,grass
2.755,0,0,0,4005,grass
2.765,0,1784,0,4014,grass
2.769,0,2821,0,4015,grass
2.772,0,2876,0,4032,grass
2.776,0,2656,0,4013,grass
2.783,0,1724,0,3998,grass
2.789,0,0,0,3992,grass
2.793,0,0,0,3946,grass
2.797,0,0,0,3902,grass
2.804,0,0,0,3898,grass
2.806,0,0,0,3912,grass
2.814,0,0,0,3959,grass
2.818,0,0,0,3984,grass
2.825,0,2485,0,3994,grass
2.829,0,2786,0,3991,grass
2.834,0,2490,0,3986,grass
2.839,0,0,0,3966,grass
2.845,0,0,0,3974,grass
2.849,0,0,0,3996,grass
2.853,0,0,0,3990,grass
2.86,0,1859,0,3992,grass
2.862,0,2607,0,4002,grass
2.87,0,2853,0,4008,grass
2.873,0,2834,0,4019,grass
2.878,0,2679,0,4016,grass
2.88,0,2849,0,4010,grass
2.887,0,3208,0,4018,grass
2.894,0,3272,0,4019,grass
2.9,0,3114,0,4015,grass
2.901,0,1845,0,3998,grass
2.908,0,0,0,3980,grass
2.914,0,0,0,3952,grass
2.915,0,0,0,3939,grass
2.924,0,0,0,3941,grass
2.929,0,0,0,3947,grass
2.935,0,0,0,3946,grass
2.937,0,0,0,3959,grass
2.943,0,0,0,3941,grass
2.95,0,0,0,3912,grass
2.95,0,0,0,3928,grass
2.957,0,0,0,3941,grass
2.964,0,0,0,3954,grass
2.97,0,1968,0,3984,grass
2.971,0,2545,0,3980,grass
2.977,0,2447,0,3967,grass
2.985,0,1931,0,3960,grass
2.985,0,0,0,3946,grass
2.994,0,0,0,3932,grass
2.998,0,0,0,3916,grass
3.004,0,0,0,3936,grass
3.005,0,0,0,3966,grass
3.013,0,0,0,3995,grass
3.019,0,0,0,4001,grass
3.024,0,0,0,4012,grass
3.026,0,0,0,4017,grass
3.033,0,0,0,4026,grass
3.04,0,0,0,4012,grass
3.04,0,0,0,4001,grass
3.047,0,0,0,3991,grass
3.054,0,0,0,3974,grass
3.055,0,0,0,3957,grass
3.064,0,0,0,3953,grass
3.068,0,0,0,3960,grass
3.075,0,0,0,3962,grass
3.075,0,0,0,3949,grass
3.082,0,0,0,3947,grass
3.088,0,0,0,3910,grass
3.094,0,0,0,3838,grass
3.095,0,0,0,3688,grass
3.103,0,0,0,3612,grass
3.11,0,0,0,3613,grass
3.114,0,0,0,3837,grass
3.116,0,0,0,3889,grass
3.123,0,0,0,3896,grass
3.129,0,0,0,3904,grass
3.13,0,0,0,3913,grass
3.137,0,0,0,3872,grass
3.144,0,0,0,3867,grass
3.144,0,0,0,3885,grass
3.151,0,0,0,3908,grass
3.158,0,0,0,3944,grass
3.164,0,0,0,3968,grass
3.169,0,1450,0,3979,grass
3.172,0,1985,0,3988,grass
3.179,0,1822,0,3981,grass
3.179,0,0,0,3969,grass
3.186,0,0,0,3937,grass
3.195,0,0,0,3890,grass
3.195,0,0,0,3853,grass
3.204,0,0,0,3818,grass
3.207,0,0,0,3817,grass
3.214,0,0,0,3856,grass
3.22,0,0,0,3879,grass
3.222,0,0,0,3882,grass
3.227,0,0,0,3876,grass
3.234,0,0,0,3826,grass
3.235,0,0,0,3620,grass
3.241,0,0,0,3183,grass
3.248,0,0,0,2392,grass
3.254,0,0,0,1455,grass
3.255,0,0,0,1408,grass
3.262,0,0,0,1403,grass
3.269,0,0,0,1342,grass
3.274,0,0,0,2361,grass
3.276,0,0,0,3006,grass
3.283,0,0,0,3272,grass
3.289,0,0,0,3155,grass
3.29,0,0,0,2693,grass
3.297,0,0,0,0,grass
3.304,0,0,0,0,grass
3.305,0,0,0,0,grass
3.311,0,0,0,0,grass
3.317,0,0,0,0,grass
3.324,0,0,0,0,grass
3.325,0,0,0,0,grass
3.332,0,0,0,0,grass
3.339,0,0,0,0,grass
3.339,0,0,0,0,grass
3.349,0,0,0,0,grass
3.353,0,0,0,0,grass
3.359,0,0,0,0,grass
3.364,0,0,0,0,grass
3.366,0,0,0,0,grass
3.373,0,0,0,0,grass
3.373,0,0,0,0,grass
3.381,0,0,0,0,grass
3.387,0,0,0,0,grass
3.394,0,0,0,0,grass
3.395,0,0,0,0,grass
3.401,0,0,0,0,grass
3.408,0,0,0,0,grass
3.408,0,0,0,0,grass
3.419,0,0,0,0,grass
3.422,0,0,0,0,grass
3.429,0,0,0,0,grass
3.433,0,0,0,0,grass
3.436,0,0,0,291,grass
3.442,0,0,0,0,grass
3.449,0,0,0,0,grass
3.45,0,0,0,2012,grass
3.458,0,0,0,3679,grass
3.463,0,0,0,3855,grass
3.469,0,0,0,3770,grass
3.47,0,0,0,3389,grass
3.477,0,0,0,2604,grass
3.484,0,0,0,3075,grass
3.485,0,0,0,3497,grass
3.491,0,0,0,3776,grass
3.498,0,0,0,3820,grass
3.503,0,0,0,3812,grass
3.505,0,0,0,3782,grass
3.512,0,0,0,3714,grass
3.519,0,0,0,3677,grass
3.519,0,0,0,3717,grass
3.528,0,0,0,3711,grass
3.533,0,0,0,3722,grass
3.539,0,0,0,3768,grass
3.54,0,0,0,3780,grass
3.547,0,0,0,3771,grass
3.554,0,0,0,3861,grass
3.559,0,0,0,3908,grass
3.561,0,0,0,3918,grass
3.568,0,0,0,3939,grass
3.574,0,0,0,3941,grass
3.575,0,0,0,3932,grass
3.582,0,0,0,3906,grass
3.588,0,0,0,3890,grass
3.594,0,0,0,3895,grass
3.595,0,0,0,3923,grass
3.602,0,0,0,3923,grass
3.609,0,0,0,3930,grass
3.61,0,0,0,3934,grass
3.616,0,0,0,3967,grass
3.623,0,0,0,3965,grass
3.625,0,0,0,3991,grass
3.634,0,0,0,3987,grass
3.637,0,0,0,3952,grass
3.644,0,0,0,3962,grass
3.644,0,0,0,3958,grass
3.654,0,0,0,3939,grass
3.658,0,0,0,3957,grass
3.661,0,0,0,3913,grass
3.668,0,0,0,3880,grass
3.672,0,0,0,3904,grass
3.679,0,0,0,3953,grass
3.679,0,0,0,3984,grass
3.686,0,0,0,4003,grass
3.692,0,0,0,3999,grass
3.699,0,0,0,3992,grass
3.7,0,0,0,3996,grass
3.706,0,0,0,3994,grass
3.713,0,0,0,4011,grass
3.713,0,1152,0,4022,grass
3.72,0,1381,0,4006,grass
3.729,0,1345,0,3996,grass
3.734,0,1337,0,3952,grass
3.737,0,1483,0,3980,grass
3.741,0,1140,0,4010,grass
3.748,0,1072,0,4007,grass
3.753,0,1540,0,3995,grass
3.755,0,1828,0,4007,grass
3.762,0,1842,0,4005,grass
3.768,0,1982,0,4006,grass
3.769,0,2448,0,4016,grass
3.777,0,2608,0,4009,grass
3.783,0,2766,0,3966,grass
3.784,0,2931,0,3986,grass
3.79,0,3031,0,3984,grass
3.797,0,3150,0,3985,grass
3.803,0,3288,0,3964,grass
3.809,0,3323,0,3963,grass
3.811,0,3273,0,3942,grass
3.819,0,3344,0,3890,grass
3.819,0,3267,0,3830,grass
3.829,0,3329,0,3742,grass
3.831,0,3321,0,3744,grass
3.839,0,3145,0,3886,grass
3.839,0,3294,0,3944,grass
3.849,0,3345,0,3956,grass
3.852,0,3353,0,3990,grass
3.858,0,3571,0,3965,grass
3.863,0,3541,0,4000,grass
3.868,0,3487,0,3999,grass
3.873,0,3471,0,4007,grass
3.873,0,3527,0,3997,grass
3.88,0,3571,0,3973,grass
3.887,0,3509,0,3998,grass
3.894,0,3329,0,4018,grass
3.895,0,3222,0,4017,grass
3.901,0,3263,0,4023,grass
3.908,0,3445,0,4040,grass
3.913,0,3554,0,4030,grass
3.915,0,3598,0,4037,grass
3.922,0,3513,0,4041,grass
3.929,0,3547,0,4045,grass
3.929,0,3602,0,4042,grass
3.938,0,3312,0,4038,grass
3.942,0,3293,0,4039,grass
3.946,0,3554,0,4015,grass
3.95,0,2977,0,4024,grass
3.957,0,2768,0,4027,grass
3.963,0,3201,0,4010,grass
3.968,0,2806,0,4014,grass
3.97,0,3219,0,3998,grass
3.977,0,3307,0,4018,grass
3.984,0,3283,0,4022,grass
3.988,0,3309,0,4020,grass
3.991,0,3316,0,3994,grass
3.999,0,3322,0,4026,grass
3.999,0,3467,0,4039,grass
4.007,0,3588,0,4037,grass
4.012,0,3635,0,4037,grass
4.018,0,3728,0,4034,grass
4.019,0,3771,0,4027,grass
4.026,0,3671,0,4038,grass
4.032,0,3647,0,4039,grass
4.034,0,3627,0,4036,grass
4.04,0,3569,0,4034,grass
4.047,0,3576,0,4023,grass
4.053,0,3602,0,4027,grass
4.058,0,3643,0,4027,grass
4.06,0,3631,0,4027,grass
4.068,0,3636,0,4037,grass
4.069,0,3628,0,4027,grass
4.077,0,3574,0,4021,grass
4.082,0,3455,0,4022,grass
4.089,0,3444,0,4003,grass
4.089,0,3480,0,4020,grass
4.096,0,3534,0,4015,grass
4.102,0,3532,0,4014,grass
4.107,0,3447,0,4007,grass
4.109,0,3122,0,4013,grass
4.116,0,2339,0,4009,grass
4.123,0,0,0,4001,grass
4.128,0,0,0,3998,grass
4.13,0,0,0,3991,grass
4.137,0,0,0,3975,grass
4.144,0,0,0,3988,grass
4.148,0,0,0,4002,grass
4.151,0,0,0,4005,grass
4.158,0,0,0,3979,grass
4.159,0,0,0,3871,grass
4.167,0,0,0,3678,grass
4.171,0,0,0,3693,grass
4.179,0,0,0,3860,grass
4.179,0,0,0,3949,grass
4.186,0,0,0,3978,grass
4.193,0,0,0,4007,grass
4.196,0,0,0,4029,grass
4.2,0,0,0,4040,grass
4.207,0,0,0,4052,grass
4.215,0,0,0,4047,grass
4.218,0,0,0,4051,grass
4.22,0,0,0,4047,grass
4.227,0,0,0,4047,grass
4.233,0,0,0,4042,grass
4.238,0,0,0,4040,grass
4.241,0,0,0,4038,grass
4.248,0,0,0,4039,grass
4.253,0,0,0,4037,grass
4.255,0,0,0,4029,grass
4.262,0,0,0,4035,grass
4.268,0,0,0,4034,grass
4.27,0,0,0,4040,grass
4.276,0,0,0,4040,grass
4.283,0,0,0,4034,grass
4.284,0,0,0,4014,grass
4.293,0,0,0,4008,grass
4.296,0,0,0,3991,grass
4.3,0,0,0,3983,grass
4.308,0,0,0,3976,grass
4.31,0,0,0,4002,grass
4.317,0,0,0,4025,grass
4.323,0,0,0,4035,grass
4.324,0,1060,0,4035,grass
4.333,0,1750,0,4043,grass
4.338,0,1874,0,4038,grass
4.341,0,1854,0,4037,grass
4.345,0,0,0,4033,grass
4.352,0,0,0,4013,grass
4.358,0,0,0,4019,grass
4.361,0,0,0,4012,grass
4.366,0,0,0,4026,grass
4.373,0,0,0,4037,grass
4.373,0,1502,0,4033,grass
4.383,0,2889,0,4035,grass
4.387,0,2855,0,4037,grass
4.393,0,1794,0,4043,grass
4.396,0,0,0,4031,grass
4.401,0,0,0,4019,grass
4.408,0,0,0,4000,grass
4.409,0,0,0,3982,grass
4.415,0,0,0,3948,grass
4.422,0,0,0,3953,grass
4.428,0,0,0,3972,grass
4.429,0,0,0,3990,grass
4.436,0,0,0,4011,grass
4.442,0,0,0,4016,grass
4.448,0,0,0,4017,grass
4.453,0,0,0,4012,grass
4.457,0,0,0,4000,grass
4.463,0,0,0,3980,grass
4.465,0,0,0,3939,grass
4.472,0,0,0,3879,grass
4.478,0,0,0,3840,grass
4.483,0,0,0,3776,grass
4.484,0,0,0,3671,grass
4.491,0,0,0,3574,grass
4.498,0,0,0,3490,grass
4.499,0,0,0,3473,grass
4.505,0,0,0,3443,grass
4.512,0,0,0,2923,grass
4.518,0,0,0,0,grass
4.519,0,0,0,0,grass
4.528,0,0,0,0,grass
4.532,0,0,0,0,grass
4.534,0,0,0,0,grass
4.54,0,0,0,0,grass
4.547,0,0,0,0,grass
4.553,0,0,0,0,grass
4.558,0,0,0,0,grass
4.56,0,0,0,0,grass
4.567,0,0,0,0,grass
4.569,0,0,0,0,grass
4.578,0,0,0,0,grass
4.581,0,0,0,0,grass
4.587,0,0,0,0,grass
4.589,0,0,0,0,grass
4.597,0,0,0,0,grass
4.602,0,0,0,0,grass
4.604,0,0,0,0,grass
4.613,0,0,0,0,grass
4.616,0,0,0,0,grass
4.622,0,0,0,0,grass
4.624,0,0,0,0,grass
4.63,0,0,0,0,grass
4.637,0,0,0,0,grass
4.643,0,0,0,0,grass
4.647,0,0,0,0,grass
4.651,0,0,0,0,grass
4.658,0,0,0,0,grass
4.658,0,0,0,0,grass
4.665,0,0,0,0,grass
4.671,0,0,0,0,grass
4.678,0,0,0,0,grass
4.683,0,0,0,0,grass
4.685,0,0,0,0,grass
4.693,0,0,0,0,grass
4.697,0,0,0,0,grass
4.7,0,0,0,0,grass
4.706,0,0,0,0,grass
4.712,0,0,0,0,grass
4.718,0,0,0,0,grass
4.72,0,0,0,0,grass
4.728,0,0,0,0,grass
4.728,0,0,0,0,grass
4.734,0,0,0,0,grass
4.741,0,0,0,0,grass
4.748,0,0,0,0,grass
4.752,0,0,0,0,grass
4.755,0,0,0,0,grass
4.762,0,0,0,0,grass
4.762,0,0,0,0,grass
4.769,0,0,0,0,grass
4.777,0,0,0,0,grass
4.783,0,0,0,0,grass
4.787,0,0,0,0,grass
4.79,0,0,0,0,grass
4.797,0,0,0,0,grass
4.803,0,0,0,0,grass
4.804,0,0,0,0,grass
4.812,0,0,0,0,grass
4.817,0,0,0,0,grass
4.823,0,0,0,0,grass
4.824,0,0,0,0,grass
4.831,0,0,0,0,grass
4.838,0,0,0,0,grass
4.839,0,0,0,0,grass
4.845,0,0,0,0,grass
4.852,0,0,0,0,grass
4.853,0,0,0,0,grass
4.859,0,0,0,0,grass
4.866,0,0,0,0,grass
4.873,0,0,0,0,grass
4.874,0,0,0,0,grass
4.88,0,0,0,0,grass
4.887,0,0,0,0,grass
4.889,0,0,0,0,grass
4.897,0,0,0,0,grass
4.901,0,0,0,0,grass
4.908,0,0,0,0,grass
4.908,0,0,0,0,grass
4.916,0,0,0,0,grass
4.921,0,0,0,0,grass
4.923,0,0,0,0,grass
4.929,0,0,0,0,grass
4.936,0,0,0,0,grass
4.943,0,0,0,0,grass
4.943,0,0,0,0,grass
4.952,0,0,0,0,grass
4.956,0,0,0,0,grass
4.962,0,0,0,0,grass
4.963,0,0,0,0,grass
4.97,0,0,0,0,grass
4.977,0,0,0,0,grass
4.983,0,0,0,0,grass
4.987,0,0,0,0,grass
4.991,0,0,0,0,grass
4.997,0,0,0,0,grass
4.998,0,0,0,0,grass
5.005,0,0,0,0,grass
5.012,0,0,0,0,grass
5.012,0,0,0,0,grass
5.023,0,0,0,0,grass
5.026,0,0,0,0,grass
5.033,0,0,0,0,grass
5.037,0,0,0,0,grass
5.04,0,0,0,0,grass
5.046,0,0,0,0,grass
5.053,0,0,0,0,grass
5.054,0,0,0,0,grass
5.06,0,0,0,0,grass
5.067,0,0,0,0,grass
5.072,0,0,0,0,grass
5.074,0,0,0,0,grass
5.081,0,0,0,0,grass
5.088,0,0,0,0,grass
5.089,0,0,0,0,grass
5.097,0,0,0,0,grass
5.103,0,0,0,0,grass
5.103,0,0,0,0,grass
5.112,0,0,0,0,grass
5.116,0,0,0,0,grass
5.123,0,0,0,0,grass
5.124,0,0,0,0,grass
5.13,0,0,0,0,grass
5.136,0,0,0,0,grass
5.138,0,0,0,0,grass
5.144,0,0,0,0,grass
5.151,0,0,0,0,grass
5.158,0,0,0,0,grass
5.159,0,0,0,0,grass
5.165,0,0,0,0,grass
5.171,0,0,0,0,grass
5.173,0,0,0,0,grass
5.178,0,0,0,0,grass
5.187,0,0,0,0,grass
5.192,0,0,0,0,grass
5.197,0,0,0,0,grass
5.199,0,0,0,0,grass
5.207,0,0,0,0,grass
5.213,0,0,0,0,grass
5.214,0,0,0,0,grass
5.22,0,0,0,0,grass
5.227,0,0,0,0,grass
5.227,0,0,0,0,grass
5.237,0,0,0,0,grass
5.241,0,0,0,0,grass
5.243,0,0,0,0,grass
5.248,0,0,0,0,grass
5.255,0,0,0,0,grass
5.261,0,0,0,0,grass
5.267,0,0,0,0,grass
5.269,0,0,0,0,grass
5.276,0,0,0,0,grass
5.282,0,0,0,0,grass
5.287,0,0,0,0,grass
5.29,0,0,0,0,grass
5.297,0,0,0,0,grass
5.297,0,0,0,0,grass
5.305,0,0,0,0,grass
5.31,0,0,0,0,grass
5.317,0,0,0,0,grass
5.321,0,0,0,0,grass
5.327,0,0,0,0,grass
5.331,0,0,0,0,grass
5.337,0,0,0,0,grass
5.338,0,0,0,0,grass
5.345,0,0,0,0,grass
5.352,0,0,0,0,grass
5.354,0,0,0,0,grass
5.359,0,0,0,0,grass
5.366,0,0,0,0,grass
5.372,0,0,0,0,grass
5.377,0,0,0,0,grass
5.38,0,0,0,0,grass
5.387,0,0,0,0,grass
5.388,0,0,0,0,grass
5.397,0,0,0,0,grass
5.4,0,0,0,0,grass
5.407,0,0,0,0,grass
5.408,0,0,0,0,grass
5.417,0,0,0,0,grass
5.421,0,0,0,0,grass
5.425,0,0,0,0,grass
5.428,0,0,0,0,grass
5.436,0,0,0,0,grass
5.442,0,0,0,0,grass
5.442,0,0,0,0,grass
5.449,0,0,0,0,grass
5.456,0,0,0,0,grass
5.462,0,0,0,0,grass
5.463,0,0,0,0,grass
5.47,0,0,0,0,grass
5.478,0,0,0,0,grass
5.478,0,0,0,0,grass
5.485,0,0,0,0,grass
5.491,0,0,0,0,grass
5.493,0,0,0,0,grass
5.498,0,0,0,0,grass
5.505,0,0,0,0,grass
5.512,0,0,0,0,grass
5.512,0,0,0,0,grass
5.519,0,0,0,0,grass
5.525,0,0,0,0,grass
5.532,0,0,0,0,grass
5.536,0,0,0,0,grass
5.54,0,0,0,0,grass
5.547,0,0,0,0,grass
5.552,0,0,0,0,grass
5.553,0,0,0,0,grass
5.561,0,0,0,0,grass
5.567,0,0,0,0,grass
5.568,0,0,0,0,grass
5.574,0,0,0,0,grass
5.581,0,0,0,0,grass
5.587,0,0,0,0,grass
5.588,0,0,0,0,grass
5.595,0,0,0,0,grass
5.602,0,0,0,0,grass
5.602,1879,0,0,0,grass
5.612,2080,0,0,0,grass
5.616,2054,0,0,0,grass
5.619,1451,0,0,0,grass
5.623,163,0,0,0,grass
5.63,0,0,0,0,grass
5.637,0,0,0,0,grass
5.637,0,0,0,0,grass
5.644,0,0,0,0,grass
5.65,0,0,0,0,grass
5.653,0,0,0,0,grass
5.661,0,0,0,0,grass
5.665,0,0,0,0,grass
5.672,0,0,0,0,grass
5.677,0,0,0,0,grass
5.678,0,0,0,0,grass
5.685,0,0,0,0,grass
5.692,0,0,0,0,grass
5.694,0,0,0,0,grass
5.702,0,0,0,0,grass
5.706,0,0,0,0,grass
5.712,0,0,0,0,grass
5.713,0,0,0,0,grass
5.72,522,0,0,0,grass
5.727,507,0,0,0,grass
5.728,425,0,0,0,grass
5.736,0,0,0,0,grass
5.741,0,0,0,0,grass
5.747,0,0,0,0,grass
5.749,0,0,0,0,grass
5.755,0,0,0,0,grass
5.762,0,0,0,0,grass
5.762,0,0,0,0,grass
5.772,0,0,0,0,grass
5.775,0,0,0,0,grass
5.782,0,0,0,0,grass
5.783,0,0,0,0,grass
5.79,0,0,0,0,grass
5.797,441,0,0,0,grass
5.798,499,0,0,0,grass
5.807,510,0,0,0,grass
5.81,474,0,0,0,grass
5.817,516,0,0,0,grass
5.822,499,0,0,0,grass
5.824,457,0,0,0,grass
5.831,0,0,0,0,grass
5.837,0,0,0,0,grass
5.838,0,0,0,0,grass
5.845,0,0,0,0,grass
5.852,0,0,0,0,grass
5.852,0,0,0,0,grass
5.862,0,0,0,0,grass
5.866,0,0,0,0,grass
5.868,0,0,0,0,grass
5.873,0,0,0,0,grass
5.88,0,0,0,0,grass
5.887,0,0,0,0,grass
5.887,0,0,0,0,grass
5.894,0,0,0,0,grass
5.9,0,0,0,0,grass
5.907,0,0,0,0,grass
5.912,2027,0,0,0,grass
5.914,2403,0,773,0,grass
5.922,2473,0,0,0,grass
5.922,2415,0,0,0,grass
5.929,0,0,0,0,grass
5.935,0,0,0,0,grass
5.941,0,0,0,0,grass
5.947,0,0,0,0,grass
5.949,0,0,0,0,grass
5.956,0,0,0,0,grass
5.956,0,0,0,0,grass
5.967,0,0,0,0,grass
5.971,0,0,0,0,grass
5.973,0,0,0,0,grass
5.981,0,0,0,0,grass
5.984,0,0,0,0,grass
5.991,0,0,0,0,grass
5.991,0,0,0,0,grass
5.998,0,0,0,0,grass
6.005,0,0,0,0,grass
6.012,0,0,0,0,grass
6.012,0,0,0,0,grass
6.019,0,0,0,0,grass
6.027,0,0,0,0,grass
6.032,0,0,0,0,grass
6.034,0,0,0,0,grass
6.041,0,0,0,0,grass
6.048,0,0,0,0,grass
6.051,0,0,0,0,grass
6.056,0,0,0,0,grass
6.06,0,0,0,0,grass
6.067,0,0,1915,0,grass
6.071,2675,0,2469,0,grass
6.075,3532,0,3112,0,grass
6.082,3646,0,3482,0,grass
6.086,3512,0,3484,0,grass
6.088,3217,0,3162,0,grass
6.095,2811,0,0,0,grass
6.102,2163,0,0,0,grass
6.103,0,0,0,0,grass
6.109,0,0,0,0,grass
6.116,0,0,0,0,grass
6.122,0,0,0,0,grass
6.123,0,0,0,0,grass
6.132,0,0,0,0,grass
6.136,0,0,0,0,grass
6.138,0,0,0,0,grass
6.144,0,0,0,0,grass
6.151,0,0,0,0,grass
6.157,0,0,0,0,grass
6.157,0,0,0,0,grass
6.164,2244,0,0,0,grass
6.172,2065,0,1740,0,grass
6.172,2091,0,0,0,grass
6.181,0,0,0,0,grass
6.185,0,0,0,0,grass
6.191,0,0,0,0,grass
6.192,0,0,0,0,grass
6.2,0,0,0,0,grass
6.206,0,0,0,0,grass
6.208,0,0,0,0,grass
6.213,0,0,337,0,grass
6.22,0,0,2650,0,grass
6.222,0,0,2738,0,grass
6.227,0,0,2657,0,grass
6.237,0,0,2773,0,grass
6.241,0,0,2799,0,grass
6.247,0,0,2694,0,grass
6.248,0,0,1744,0,grass
6.255,0,0,0,0,grass
6.261,0,0,0,0,grass
6.263,0,0,0,0,grass
6.269,0,0,0,0,grass
6.277,0,0,0,0,grass
6.277,0,0,0,0,grass
6.285,0,0,0,0,grass
6.289,0,0,0,0,grass
6.297,0,0,0,0,grass
6.301,0,0,0,0,grass
6.304,0,0,0,0,grass
6.311,0,0,0,0,grass
6.317,0,0,0,0,grass
6.318,0,0,0,0,grass
6.324,0,0,0,0,grass
6.331,0,0,0,0,grass
6.336,0,0,0,0,grass
6.339,0,0,0,0,grass
6.345,0,0,0,0,grass
6.347,0,0,0,0,grass
6.352,0,0,3058,0,grass
6.361,0,0,3169,0,grass
6.366,2152,0,3156,0,grass
6.368,2477,0,2023,0,grass
6.376,2531,0,0,0,grass
6.381,1101,0,0,0,grass
6.387,0,0,0,0,grass
6.387,0,0,0,0,grass
6.394,0,0,0,0,grass
6.401,0,0,0,0,grass
6.401,0,0,0,0,grass
6.411,0,0,0,0,grass
6.414,0,0,0,0,grass
6.422,0,0,0,0,grass
6.425,0,0,0,0,grass
6.428,0,0,0,0,grass
6.435,0,0,0,0,grass
6.442,0,0,0,0,grass
6.442,0,0,0,0,grass
6.451,0,0,0,0,grass
6.456,0,0,0,0,grass
6.457,0,0,0,0,grass
6.463,0,0,0,0,grass
6.47,0,0,0,0,grass
6.477,0,0,0,0,grass
6.478,0,0,0,0,grass
6.484,0,0,0,0,grass
6.491,0,0,0,0,grass
6.491,0,0,0,0,grass
6.501,0,0,0,0,grass
6.505,0,0,0,0,grass
6.508,0,0,0,0,grass
6.516,0,0,0,0,grass
6.519,0,0,0,0,grass
6.526,0,0,0,0,grass
6.531,0,0,0,0,grass
6.532,0,0,0,0,grass
6.541,0,0,0,0,grass
6.546,0,0,0,0,grass
6.547,0,0,0,0,grass
6.553,0,0,0,0,grass
6.56,0,0,0,0,grass
6.566,0,0,0,0,grass
6.567,0,0,0,0,grass
6.574,0,0,0,0,grass
6.581,0,0,0,0,grass
6.581,0,0,0,0,grass
6.589,0,0,0,0,grass
6.596,0,0,0,0,grass
6.6,0,0,0,0,grass
6.602,0,0,0,0,grass
6.61,0,0,0,0,grass
6.615,0,0,0,0,grass
6.621,0,0,0,0,grass
6.623,0,0,0,0,grass
6.63,1449,0,0,0,grass
6.636,1776,0,0,0,grass
6.637,2172,0,0,0,grass
6.645,2284,0,0,0,grass
6.651,3167,0,0,0,grass
6.654,3511,0,0,0,grass
6.658,3646,0,0,0,grass
6.665,3659,0,742,0,grass
6.672,3634,0,1735,0,grass
6.672,3570,0,2593,0,grass
6.679,3564,0,2922,0,grass
6.686,3623,0,2923,0,grass
6.691,3729,0,2791,0,grass
6.693,3745,0,2537,0,grass
6.701,3716,0,2549,0,grass
6.706,3565,0,3011,0,grass
6.707,3084,0,3269,0,grass
6.713,3112,0,3312,0,grass
6.72,3223,0,3238,0,grass
6.726,3487,0,2946,0,grass
6.727,3658,0,2710,0,grass
6.734,3684,0,2377,0,grass
6.741,3611,0,2649,0,grass
6.741,3454,0,2972,0,grass
6.75,3152,0,3095,0,grass
6.755,3142,0,2717,0,grass
6.758,3524,0,127,0,grass
6.762,3761,0,0,0,grass
6.769,3824,0,0,0,grass
6.775,3836,0,0,0,grass
6.777,3815,0,0,0,grass
6.782,3785,0,1168,0,grass
6.79,3773,0,2601,0,grass
6.796,3832,0,3011,0,grass
6.801,3905,0,3115,0,grass
6.803,3921,0,3445,0,grass
6.81,3899,0,3605,0,grass
6.812,3824,0,3690,0,grass
6.82,3761,0,3701,0,grass
6.824,3731,0,3642,0,grass
6.831,3764,0,3588,0,grass
6.836,3777,0,3475,0,grass
6.838,3741,0,3262,0,grass
6.845,3578,0,3284,0,grass
6.847,3430,0,3292,0,grass
6.852,3551,0,3293,0,grass
6.859,3711,0,3379,0,grass
6.866,3788,0,3543,0,grass
6.867,3866,0,3648,0,grass
6.873,3906,0,3725,0,grass
6.88,3930,0,3770,0,grass
6.886,3949,0,3786,0,grass
6.887,3960,0,3752,0,grass
6.894,3964,0,3728,0,grass
6.901,3954,0,3699,0,grass
6.902,3939,0,3695,0,grass
6.91,3935,0,3693,0,grass
6.914,3920,0,3666,0,grass
6.921,3909,0,3623,0,grass
6.922,3900,0,3587,0,grass
6.929,3889,0,3533,0,grass
6.935,3904,0,3488,0,grass
6.941,3917,0,3479,0,grass
6.942,3937,0,3511,0,grass
6.95,3955,0,3478,0,grass
6.955,3962,0,3515,0,grass
6.957,3950,0,3646,0,grass
6.964,3945,0,3711,0,grass
6.97,3951,0,3731,0,grass
6.972,3957,0,3735,0,grass
6.98,3971,0,3721,0,grass
6.984,3962,0,3723,0,grass
6.991,3966,0,3720,0,grass
6.991,3960,0,3697,0,grass
7.001,3959,0,3702,0,grass
7.005,3962,0,3628,0,grass
7.007,3956,0,3530,0,grass
7.012,3936,0,3522,0,grass
7.019,3919,0,3541,0,grass
7.026,3930,0,3608,0,grass
7.026,3945,0,3692,0,grass
7.034,3952,0,3746,0,grass
7.04,3957,0,3770,0,grass
7.042,3956,0,3787,0,grass
7.047,3935,0,3799,0,grass
7.054,3949,0,3795,0,grass
7.06,3963,0,3786,0,grass
7.062,3960,0,3793,0,grass
7.067,3956,0,3796,0,grass
7.074,3957,0,3769,0,grass
7.08,3941,0,3758,0,grass
7.081,3936,0,3780,0,grass
7.088,3941,0,3761,0,grass
7.095,3939,0,3762,0,grass
7.101,3933,0,3769,0,grass
7.105,3942,0,3759,0,grass
7.109,3964,0,3740,0,grass
7.116,3970,0,3702,0,grass
7.116,3995,0,3518,0,grass
7.123,3997,0,3396,0,grass
7.13,3972,0,3633,0,grass
7.132,3950,0,3712,0,grass
7.137,3962,0,3717,0,grass
7.144,3966,0,3715,0,grass
7.151,3984,0,3694,0,grass
7.151,3990,0,3693,0,grass
7.16,3995,0,3571,0,grass
7.165,4003,0,3648,0,grass
7.171,3996,0,3698,0,grass
7.172,4008,0,3519,0,grass
7.179,4019,0,3499,0,grass
7.185,4003,0,3692,0,grass
7.19,4002,0,3657,0,grass
7.192,4003,0,3582,0,grass
7.201,4002,0,3463,0,grass
7.206,4007,0,3438,0,grass
7.207,4010,0,3091,0,grass
7.213,4005,0,2929,0,grass
7.22,3988,0,3410,0,grass
7.226,3988,0,3491,0,grass
7.227,3996,0,3554,0,grass
7.234,4010,0,3456,0,grass
7.241,4022,0,3467,0,grass
7.244,4020,0,3485,0,grass
7.249,4017,0,3609,0,grass
7.255,4015,0,3572,0,grass
7.259,4013,0,3603,0,grass
7.262,4019,0,3486,0,grass
7.269,4014,0,2947,0,grass
7.276,4014,0,1597,0,grass
7.276,4011,0,2108,0,grass
7.282,4007,0,2566,0,grass
7.289,4016,0,2626,0,grass
7.292,4016,0,2390,0,grass
7.296,4018,0,1831,0,grass
7.303,4011,0,2348,0,grass
7.31,3995,0,2465,0,grass
7.31,3979,0,2240,0,grass
7.32,3993,0,1142,0,grass
7.324,3986,0,0,0,grass
7.331,3988,0,0,3879,grass
7.332,3990,0,0,3790,grass
7.338,3995,0,0,4016,grass
7.345,3960,0,0,4023,grass
7.35,3926,0,0,4003,grass
7.352,3917,0,0,4003,grass
7.359,3808,0,0,3991,grass
7.365,3351,0,0,3988,grass
7.368,3029,0,0,3964,grass
7.373,118,0,0,3897,grass
7.38,0,0,0,3923,grass
7.386,0,0,0,3977,grass
7.386,0,0,0,3977,grass
7.393,3623,0,0,3964,grass
7.401,3866,0,0,3917,grass
7.401,3931,0,0,3847,grass
7.407,3971,0,0,3793,grass
7.414,3989,0,0,3645,grass
7.421,3973,0,0,3512,grass
7.422,3931,0,0,3347,grass
7.428,3894,0,0,3496,grass
7.435,3858,0,0,3414,grass
7.435,3901,0,0,2758,grass
7.445,3935,0,0,0,grass
7.449,3969,0,0,0,grass
7.456,3985,0,0,0,grass
7.46,3998,0,0,0,grass
7.463,3999,0,0,0,grass
7.47,4015,0,0,0,grass
7.475,4022,0,0,0,grass
7.477,4025,0,0,0,grass
7.484,4027,0,0,0,grass
7.491,4023,0,0,0,grass
7.491,4019,0,0,0,grass
7.501,4006,0,0,0,grass
7.504,3992,0,0,0,grass
7.508,3985,0,0,0,grass
7.511,3979,0,0,0,grass
7.518,3987,0,0,0,grass
7.525,3986,0,0,0,grass
7.53,3988,0,0,0,grass
7.532,3998,0,845,0,grass
7.54,4006,0,1400,0,grass
7.546,4014,0,1039,0,grass
7.548,4007,0,816,0,grass
7.553,4001,0,625,0,grass
7.56,3974,0,0,0,grass
7.56,3936,0,0,0,grass
7.569,3919,0,0,0,grass
7.574,3886,0,0,0,grass
7.576,3879,0,0,0,grass
7.582,3882,0,0,0,grass
7.588,3920,0,0,0,grass
7.595,3944,0,0,0,grass
7.6,3965,0,0,0,grass
7.602,3965,0,0,0,grass
7.609,3956,0,0,0,grass
7.615,3956,0,0,0,grass
7.618,3959,0,0,0,grass
7.623,3966,0,0,0,grass
7.63,3975,0,0,0,grass
7.631,3978,0,0,0,grass
7.64,3972,0,0,0,grass
7.644,3963,0,0,0,grass
7.651,3953,0,0,0,grass
7.651,3939,0,0,0,grass
7.658,3910,0,0,0,grass
7.664,3874,0,0,0,grass
7.669,3866,0,0,0,grass
7.672,3877,0,0,0,grass
7.678,3882,0,0,0,grass
7.685,3907,0,0,0,grass
7.685,3908,0,0,0,grass
7.694,3896,0,0,0,grass
7.699,3871,0,0,0,grass
7.702,3816,0,0,0,grass
7.707,3730,0,0,0,grass
7.713,3706,0,0,0,grass
7.72,3772,0,0,0,grass
7.725,3826,0,0,0,grass
7.727,3795,0,0,0,grass
7.734,3842,0,0,0,grass
7.741,3903,0,0,0,grass
7.744,3936,0,0,0,grass
7.748,3935,0,0,0,grass
7.756,3878,0,0,0,grass
7.76,3670,0,0,0,grass
7.765,2903,0,0,0,grass
7.769,0,0,0,0,grass
7.775,0,0,0,0,grass
7.777,0,0,0,0,grass
7.783,0,0,0,0,grass
7.79,0,0,0,0,grass
7.791,0,0,0,0,grass
7.797,0,0,0,0,grass
7.803,0,0,0,0,grass
7.81,0,0,0,0,grass
7.815,0,0,0,0,grass
7.817,0,0,0,0,grass
7.824,0,0,0,0,grass
7.824,0,0,0,0,grass
7.835,0,0,0,0,grass
7.838,0,0,0,2427,grass
7.845,0,0,0,3350,grass
7.846,0,0,0,3433,grass
7.852,0,0,0,3546,grass
7.859,0,0,0,3683,grass
7.865,0,0,0,3720,grass
7.867,0,0,0,3773,grass
7.873,0,0,0,3797,grass
7.88,0,0,0,3771,grass
7.881,0,0,0,3741,grass
7.887,0,0,0,3726,grass
7.893,0,0,0,3761,grass
7.9,0,0,0,3827,grass
7.905,0,0,0,3845,grass
7.907,0,0,0,3759,grass
7.915,0,0,0,3633,grass
7.915,0,0,0,3514,grass
7.921,0,0,0,3662,grass
7.929,0,0,0,3869,grass
7.935,0,0,0,3976,grass
7.939,0,0,0,3984,grass
7.942,0,0,0,3993,grass
7.949,0,0,0,3932,grass
7.949,0,0,0,3901,grass
7.959,0,0,0,3871,grass
7.963,0,0,0,3857,grass
7.97,0,0,0,3899,grass
7.974,0,0,0,3908,grass
7.977,0,0,0,3876,grass
7.984,0,0,0,3870,grass
7.99,0,0,0,3830,grass
7.991,0,0,0,3761,grass
7.998,0,0,0,3712,grass
8.005,0,0,0,3740,grass
8.006,0,0,0,3739,grass
8.012,0,0,0,3708,grass
8.018,0,0,0,3675,grass
8.025,0,0,0,3492,grass
8.027,0,0,0,2220,grass
8.032,0,0,0,0,grass
8.039,0,0,0,1622,grass
8.045,0,0,0,3577,grass
8.046,0,0,0,3742,grass
8.053,0,0,0,3805,grass
8.06,0,0,0,3769,grass
8.065,0,0,0,3681,grass
8.067,0,0,0,3662,grass
8.075,0,0,0,3895,grass
8.08,0,0,0,3968,grass
8.082,0,0,0,3995,grass
8.088,0,0,0,3994,grass
8.095,0,0,0,3963,grass
8.095,0,0,0,3861,grass
8.105,0,0,0,3633,grass
8.109,0,0,0,3221,grass
8.115,0,0,0,2960,grass
8.116,0,0,0,3641,grass
8.123,0,0,0,3784,grass
8.13,0,0,0,3866,grass
8.13,0,0,0,3896,grass
8.136,0,0,0,3889,grass
8.145,0,0,0,3856,grass
8.145,0,0,0,3857,grass
8.153,0,0,0,3880,grass
8.157,0,0,0,3896,grass
8.164,0,0,0,3904,grass
8.17,0,0,0,3893,grass
8.171,0,0,0,3881,grass
8.178,0,0,0,3877,grass
8.185,0,0,0,3883,grass
8.186,0,0,0,3870,grass
8.192,0,0,0,3842,grass
8.199,0,0,0,3840,grass
8.205,0,0,0,3832,grass
8.209,0,0,0,3807,grass
8.213,0,0,0,3826,grass
8.22,0,0,0,3831,grass
8.22,0,0,0,3836,grass
8.227,0,0,0,3850,grass
8.233,0,0,0,3865,grass
8.236,0,0,0,3823,grass
8.244,0,0,0,3818,grass
8.248,0,0,0,3800,grass
8.255,0,0,0,3826,grass
8.255,0,0,0,3852,grass
8.262,0,0,0,3898,grass
8.268,0,0,0,3943,grass
8.274,0,0,0,3970,grass
8.279,0,0,0,3983,grass
8.282,0,0,0,3978,grass
8.289,0,0,0,3955,grass
8.289,0,0,0,3927,grass
8.296,0,0,0,3879,grass
8.305,0,0,0,3807,grass
8.309,0,0,0,3776,grass
8.313,0,0,0,3779,grass
8.317,0,0,0,3817,grass
8.324,0,0,0,3848,grass
8.33,0,0,0,3902,grass
8.331,0,0,0,3923,grass
8.338,0,0,0,3934,grass
8.345,0,0,0,3925,grass
8.346,0,0,0,3925,grass
8.352,0,0,0,3927,grass
8.359,0,0,0,3928,grass
8.365,0,0,0,3925,grass
8.365,0,0,0,3928,grass
8.373,0,0,0,3921,grass
8.38,0,0,0,3903,grass
8.38,0,0,0,3908,grass
8.39,0,0,0,3872,grass
8.393,0,0,0,3854,grass
8.399,0,0,0,3829,grass
8.405,0,0,0,3837,grass
8.408,0,0,0,3851,grass
8.414,0,0,0,3882,grass
8.415,0,0,0,3902,grass
8.421,0,0,0,3915,grass
8.429,0,0,0,3915,grass
8.434,0,0,0,3920,grass
8.435,0,0,0,3921,grass
8.442,0,0,0,3920,grass
8.449,0,0,0,3912,grass
8.455,0,0,0,3914,grass
8.459,0,0,0,3910,grass
8.463,0,0,0,3911,grass
8.47,0,0,0,3909,grass
8.47,0,0,0,3910,grass
8.477,0,0,0,3919,grass
8.483,0,0,0,3933,grass
8.485,0,0,0,3940,grass
8.494,0,0,0,3951,grass
8.498,0,0,0,3941,grass
8.505,0,0,0,3940,grass
8.51,0,0,0,3939,grass
8.511,0,0,0,3947,grass
8.518,0,0,0,3954,grass
8.524,0,0,0,3954,grass
8.529,0,0,0,3931,grass
8.532,0,0,0,3904,grass
8.539,0,0,0,3870,grass
8.539,0,0,0,3842,grass
8.546,0,0,0,3829,grass
8.553,0,0,0,3829,grass
8.56,0,0,0,3857,grass
8.561,0,0,0,3895,grass
8.567,0,0,0,3924,grass
8.574,0,0,0,3936,grass
8.579,0,0,0,3956,grass
8.581,0,0,0,3949,grass
8.588,0,0,0,3944,grass
8.595,0,0,0,3917,grass
8.595,0,0,0,3926,grass
8.601,0,0,0,3932,grass
8.609,0,0,0,3963,grass
8.614,0,0,0,3969,grass
8.616,0,0,0,3989,grass
8.623,0,0,0,3991,grass
8.63,0,0,0,3979,grass
8.631,0,0,0,3962,grass
8.639,0,0,0,3943,grass
8.643,0,0,0,3894,grass
8.65,0,0,0,3826,grass
8.651,0,0,0,3808,grass
8.657,0,0,0,3815,grass
8.664,0,0,0,3845,grass
8.669,0,0,0,3896,grass
8.671,0,0,0,3929,grass
8.678,0,0,0,3953,grass
8.684,0,0,0,3975,grass
8.685,0,0,0,3970,grass
8.692,0,0,0,3968,grass
8.699,0,0,0,3956,grass
8.704,0,0,0,3920,grass
8.706,0,0,0,3911,grass
8.713,0,0,0,3913,grass
8.719,0,0,0,3931,grass
8.721,0,0,0,3953,grass
8.726,0,0,0,3955,grass
8.734,0,0,0,3960,grass
8.735,0,0,0,3944,grass
8.744,0,0,0,3933,grass
8.747,0,0,0,3929,grass
8.754,0,0,0,3922,grass
8.755,0,0,0,3908,grass
8.761,0,0,0,3900,grass
8.768,0,0,0,3903,grass
8.77,0,0,0,3912,grass
8.775,0,0,0,3929,grass
8.782,0,0,0,3946,grass
8.789,0,0,0,3965,grass
8.794,0,0,0,3964,grass
8.797,0,0,0,3966,grass
8.803,0,0,0,3971,grass
8.809,0,0,0,3977,grass
8.814,0,0,0,3974,grass
8.817,0,0,0,3978,grass
8.824,0,0,0,3968,grass
8.825,0,0,0,3959,grass
8.833,0,0,0,3938,grass
8.837,0,0,0,3921,grass
8.844,0,0,0,3903,grass
8.845,0,0,0,3883,grass
8.852,0,0,0,3896,grass
8.858,0,0,0,3915,grass
8.864,0,0,0,3933,grass
8.865,0,0,0,3944,grass
8.873,0,0,0,3948,grass
8.879,0,0,0,3956,grass
8.884,0,0,0,3948,grass
8.886,0,0,0,3945,grass
8.893,0,0,0,3938,grass
8.899,0,0,0,3949,grass
8.9,0,0,0,3951,grass
8.907,0,0,0,3966,grass
8.914,0,0,0,3970,grass
8.915,0,0,0,3981,grass
8.924,0,0,0,3980,grass
8.929,0,0,0,3971,grass
8.932,0,0,0,3967,grass
8.935,0,0,0,3973,grass
8.942,0,0,0,3965,grass
8.949,0,0,0,3978,grass
8.949,0,0,0,3980,grass
8.956,0,0,0,3980,grass
8.962,0,0,0,3989,grass
8.967,0,0,0,3977,grass
8.97,0,0,0,3982,grass
8.977,0,0,0,3978,grass
8.984,0,0,0,3962,grass
8.984,0,0,0,3956,grass
8.994,0,0,0,3941,grass
8.998,0,0,0,3947,grass
9.005,0,0,0,3940,grass
9.008,0,0,0,3938,grass
9.011,0,0,0,3926,grass
9.018,0,0,0,3928,grass
9.024,0,0,0,3920,grass
9.026,0,0,0,3924,grass
9.032,0,0,0,3929,grass
9.039,0,0,0,3936,grass
9.044,0,0,0,3950,grass
9.046,0,0,0,3954,grass
9.053,0,0,0,3966,grass
9.053,0,0,0,3961,grass
9.061,0,0,0,3939,grass
9.069,0,0,0,3923,grass
9.074,0,0,0,3912,grass
9.076,0,0,0,3931,grass
9.081,0,0,0,3947,grass
9.088,0,0,0,3972,grass
9.094,0,0,0,3987,grass
9.095,0,0,0,3987,grass
9.102,0,0,0,3991,grass
9.108,0,0,0,3980,grass
9.11,0,0,0,3955,grass
9.116,0,0,0,3968,grass
9.123,0,0,0,3955,grass
9.129,0,0,0,3968,grass
9.13,0,0,0,3980,grass
9.136,0,0,0,3991,grass
9.143,0,0,0,3984,grass
9.145,0,0,0,3970,grass
9.153,0,0,0,3947,grass
9.157,0,0,0,3930,grass
9.164,0,0,0,3937,grass
9.169,0,0,0,3938,grass
9.171,0,0,0,3931,grass
9.178,0,0,0,3879,grass
9.178,0,0,0,3859,grass
9.185,0,0,0,3852,grass
9.192,0,0,0,3894,grass
9.199,0,0,0,3954,grass
9.2,0,0,0,3980,grass
9.206,0,0,0,3989,grass
9.213,0,0,0,3963,grass
9.219,0,0,0,3936,grass
9.22,0,0,0,3859,grass
9.227,0,0,0,3828,grass
9.233,0,0,0,3804,grass
9.235,0,0,0,3861,grass
9.241,0,0,0,3945,grass
9.247,0,0,0,3984,grass
9.25,0,0,0,4007,grass
9.255,0,0,0,4006,grass
9.263,0,0,0,4002,grass
9.268,0,0,0,3989,grass
9.271,0,0,0,3978,grass
9.275,0,0,0,3948,grass
9.282,0,0,0,3945,grass
9.289,0,0,0,3939,grass
9.29,0,0,0,3962,grass
9.296,0,0,0,3976,grass
9.303,0,0,0,3977,grass
9.309,0,0,0,3990,grass
9.31,0,0,0,3989,grass
9.317,0,0,0,3980,grass
9.324,0,0,0,3978,grass
9.325,0,0,0,3959,grass
9.331,0,0,0,3933,grass
9.338,0,0,0,3908,grass
9.34,0,0,0,3909,grass
9.345,0,0,0,3915,grass
9.352,0,0,0,3947,grass
9.359,0,0,0,3956,grass
9.359,0,0,0,3949,grass
9.365,0,0,0,3939,grass
9.372,0,0,0,3870,grass
9.375,0,0,0,3795,grass
9.379,0,0,0,3799,grass
9.386,0,0,0,3853,grass
9.394,0,0,0,3914,grass
9.394,0,0,0,3955,grass
9.402,0,0,0,3968,grass
9.407,0,0,0,3969,grass
9.414,0,0,0,3966,grass
9.418,0,0,0,3966,grass
9.422,0,0,0,3969,grass
9.429,0,0,0,3943,grass
9.433,0,0,0,3948,grass
9.436,0,0,0,3930,grass
9.443,0,0,0,3931,grass
9.449,0,0,0,3934,grass
9.453,0,0,0,3948,grass
9.456,0,0,0,3943,grass
9.463,0,0,0,3938,grass
9.465,0,0,0,3923,grass
9.47,0,0,0,3887,grass
9.478,0,0,0,3870,grass
9.483,0,0,0,3832,grass
9.486,0,0,0,3806,grass
9.491,0,0,0,3811,grass
9.498,0,0,0,3840,grass
9.504,0,0,0,3895,grass
9.507,0,0,0,3927,grass
9.511,0,0,0,3904,grass
9.518,0,0,0,3851,grass
9.52,0,0,0,3783,grass
9.528,0,0,0,3680,grass
9.532,0,0,0,3557,grass
9.536,0,0,0,3659,grass
9.539,0,0,0,3750,grass
9.546,0,0,0,3833,grass
9.553,0,0,0,3822,grass
9.554,0,0,0,3803,grass
9.56,0,0,0,3687,grass
9.567,0,0,0,3440,grass
9.574,0,0,0,2990,grass
9.574,0,0,0,2607,grass
9.581,0,0,0,2391,grass
9.587,0,0,0,2445,grass
9.589,0,0,0,2723,grass
9.598,0,0,0,2662,grass
9.602,0,0,0,2369,grass
9.609,0,0,0,2236,grass
9.609,0,0,0,1389,grass
9.616,0,0,0,0,grass
9.622,0,0,0,0,grass
9.624,0,0,0,0,grass
9.629,0,0,0,0,grass
9.637,0,0,0,0,grass
9.643,0,0,0,0,grass
9.644,0,0,0,0,grass
9.65,0,0,0,0,grass
9.658,0,0,0,0,grass
9.662,0,0,0,0,grass
9.665,0,0,0,0,grass
9.671,0,0,0,0,grass
9.678,0,0,0,0,grass
9.679,0,0,0,0,grass
9.688,0,0,0,0,grass
9.692,0,0,0,0,grass
9.696,0,0,0,0,grass
9.699,0,0,0,0,grass
9.707,0,0,0,0,grass
9.713,0,0,0,0,grass
9.719,0,0,0,0,grass
9.721,0,0,0,0,grass
9.727,0,0,0,0,grass
9.734,0,0,0,0,grass
9.734,0,0,0,0,grass
9.741,0,0,0,0,grass
9.747,0,0,0,0,grass
9.747,0,0,0,0,grass
9.756,0,0,0,0,grass
9.761,0,0,0,0,grass
9.768,0,0,0,0,grass
9.772,0,0,0,0,grass
9.775,0,0,0,0,grass
9.782,0,0,0,0,grass
9.789,0,0,0,0,grass
9.789,0,0,0,0,grass
9.797,0,0,0,0,grass
9.803,0,0,0,0,grass
9.807,0,0,0,0,grass
9.81,0,0,0,0,grass
9.817,0,0,0,0,grass
9.823,0,0,0,0,grass
9.824,0,0,0,0,grass
9.831,0,0,0,0,grass
9.837,0,0,0,0,grass
9.839,0,0,0,0,grass
9.845,0,0,0,0,grass
9.852,0,0,0,0,grass
9.859,0,0,0,0,grass
9.859,0,0,0,0,grass
9.865,0,0,0,0,grass
9.872,0,0,0,0,grass
9.874,0,0,0,0,grass
9.879,0,0,0,0,grass
9.886,0,0,0,2681,grass
9.893,0,0,0,3494,grass
9.893,0,0,0,3662,grass
9.9,0,0,0,3684,grass
9.907,0,0,0,3556,grass
9.909,0,0,0,3445,grass
9.914,0,0,0,3498,grass
9.921,0,0,0,3774,grass
9.928,0,0,0,3901,grass
9.928,0,0,0,3933,grass
9.935,0,0,0,3947,grass
9.942,0,0,0,3935,grass
9.944,0,0,0,3915,grass
9.952,0,0,0,3922,grass
9.956,0,0,0,3947,grass
9.962,0,0,0,3955,grass
9.969,0,0,0,3926,grass
9.97,0,0,0,3941,grass
9.978,0,0,0,3927,grass
9.983,0,0,0,3927,grass
9.985,0,0,0,3911,grass
9.991,0,0,0,3916,grass
9.998,0,0,0,3898,grass
10.004,0,0,0,3875,grass
10.008,0,0,0,3790,grass
10.011,0,0,0,3805,grass
10.018,0,0,0,3881,grass
10.018,0,0,0,3946,grass
10.026,0,0,0,3929,grass
10.032,0,0,0,3822,grass
10.034,0,0,0,3694,grass
10.039,0,0,0,3731,grass
10.046,0,0,0,3884,grass
10.052,0,0,0,3942,grass
10.054,0,0,0,3962,grass
10.06,0,0,0,3960,grass
10.067,0,0,0,3964,grass
10.073,0,0,0,3978,grass
10.074,0,0,0,3996,grass
10.081,0,0,0,4008,grass
10.088,0,0,0,4011,grass
10.088,0,0,0,3987,grass
10.096,0,0,0,3999,grass
10.102,0,0,0,3997,grass
10.109,0,0,0,4008,grass
10.112,0,0,0,3999,grass
10.115,0,0,0,4021,grass
10.122,0,0,0,4017,grass
10.129,0,0,0,4011,grass
10.129,0,0,0,4014,grass
10.136,0,0,0,4007,grass
10.143,0,0,0,4003,grass
10.144,0,0,0,4003,grass
10.15,0,0,0,3996,grass
10.157,0,0,0,3976,grass
10.163,0,0,0,3976,grass
10.164,0,0,0,3991,grass
10.171,0,0,0,4003,grass
10.178,0,0,0,3981,grass
10.179,0,0,0,4003,grass
10.185,0,0,0,3964,grass
10.192,0,0,0,4008,grass
10.198,0,0,0,4005,grass
10.199,0,0,0,4000,grass
10.208,0,0,0,3998,grass
10.213,0,0,0,3987,grass
10.213,0,0,0,3976,grass
10.221,0,0,0,3987,grass
10.228,0,0,0,3966,grass
10.234,0,0,0,3944,grass
10.238,0,0,0,3944,grass
10.241,0,0,0,3936,grass
10.247,0,0,0,3931,grass
10.249,0,0,0,3970,grass
10.254,0,0,0,3963,grass
10.261,0,0,0,3954,grass
10.268,0,0,0,3942,grass
10.269,0,0,0,3954,grass
10.275,0,0,0,3976,grass
10.282,0,0,0,4000,grass
10.288,0,0,0,3967,grass
10.289,0,0,0,3986,grass
10.296,0,0,0,3980,grass
10.303,0,1682,0,3972,grass
10.308,0,0,0,3976,grass
10.31,0,0,0,4013,grass
10.317,0,0,0,4008,grass
10.323,0,0,0,3990,grass
10.324,0,0,0,3983,grass
10.331,0,0,0,3998,grass
10.338,0,0,0,4004,grass
10.339,0,0,0,4019,grass
10.348,0,0,0,4021,grass
10.351,0,0,0,4022,grass
10.358,0,0,0,4026,grass
10.359,0,0,0,4032,grass
10.365,0,0,0,4033,grass
10.372,0,0,0,4035,grass
10.378,0,0,0,4020,grass
10.382,0,1775,0,4040,grass
10.386,0,0,0,4038,grass
10.393,0,0,0,4052,grass
10.393,0,1007,0,4048,grass
10.4,0,0,0,4046,grass
10.408,0,1322,0,4045,grass
10.41,0,0,0,4042,grass
10.417,0,0,0,4042,grass
10.421,0,0,0,4035,grass
10.428,0,0,0,4031,grass
10.428,0,0,0,4018,grass
10.438,0,0,0,4025,grass
10.441,0,0,0,4022,grass
10.448,0,0,0,4048,grass
10.453,0,0,0,4045,grass
10.456,0,1126,0,4041,grass
10.463,0,1274,0,4044,grass
10.463,0,0,0,4042,grass
10.47,0,0,0,4030,grass
10.476,0,0,0,4023,grass
10.483,0,0,0,4021,grass
10.488,0,0,0,4021,grass
10.49,0,0,0,4010,grass
10.497,0,0,0,4010,grass
10.497,0,0,0,4022,grass
10.505,0,0,0,4027,grass
10.511,0,0,0,4025,grass
10.518,0,0,0,4029,grass
10.522,0,0,0,4022,grass
10.525,0,0,0,4030,grass
10.532,0,0,0,4030,grass
10.538,0,0,0,4024,grass
10.539,0,0,0,4018,grass
10.546,0,0,0,4005,grass
10.552,0,0,0,4005,grass
10.554,0,0,0,4003,grass
10.56,3399,0,0,3974,grass
10.566,0,0,0,3982,grass
10.573,0,0,0,3947,grass
10.574,0,0,0,3908,grass
10.581,0,0,0,3776,grass
10.588,0,0,0,2920,grass
10.588,0,0,0,1721,grass
10.595,0,0,0,3659,grass
10.603,1813,0,0,3935,grass
10.603,0,0,0,4008,grass
10.611,0,0,0,4027,grass
10.615,0,0,0,4033,grass
10.623,0,0,0,4033,grass
10.627,0,0,0,4033,grass
10.629,0,0,0,4034,grass
10.636,0,0,0,4037,grass
10.642,0,0,0,4040,grass
10.643,0,0,0,4046,grass
10.651,0,0,0,4028,grass
10.657,0,0,0,4022,grass
10.659,0,0,0,4025,grass
10.664,0,0,0,4034,grass
10.671,0,0,0,4037,grass
10.678,0,0,0,4039,grass
10.683,0,0,0,4041,grass
10.685,0,0,0,4039,grass
10.692,0,0,0,4039,grass
10.698,0,0,0,4034,grass
10.699,0,0,0,4037,grass
10.706,0,0,0,4028,grass
10.712,0,0,0,4018,grass
10.714,0,0,0,4005,grass
10.719,0,0,0,4005,grass
10.726,0,0,0,4011,grass
10.733,0,0,0,4008,grass
10.735,0,0,0,4010,grass
10.74,0,0,0,4001,grass
10.747,0,0,0,3995,grass
10.748,0,0,0,3987,grass
10.758,0,0,0,3991,grass
10.761,0,0,0,3976,grass
10.766,0,0,0,3989,grass
10.768,0,0,0,3996,grass
10.775,0,0,0,3993,grass
10.782,0,0,0,3999,grass
10.788,0,0,0,3980,grass
10.79,0,0,0,3957,grass
10.796,0,0,0,3897,grass
10.803,0,0,0,3821,grass
10.803,0,0,0,3754,grass
10.81,0,0,0,3749,grass
10.817,0,0,0,3719,grass
10.817,0,0,0,3831,grass
10.825,0,0,0,3900,grass
10.831,0,0,0,3914,grass
10.838,0,0,0,3904,grass
10.842,0,0,0,3871,grass
10.844,0,0,0,3829,grass
10.851,0,0,0,3784,grass
10.854,0,0,0,3655,grass
10.859,0,0,0,3687,grass
10.867,0,0,0,3652,grass
10.872,0,0,0,3598,grass
10.878,0,0,0,3437,grass
10.879,0,0,0,2985,grass
10.886,0,0,0,2678,grass
10.893,0,0,0,1857,grass
10.894,0,0,0,0,grass
10.9,0,0,0,0,grass
10.907,0,0,0,0,grass
10.912,0,0,0,0,grass
10.914,0,0,0,0,grass
10.921,0,0,0,0,grass
10.927,0,0,0,0,grass
10.928,0,0,0,0,grass
10.938,0,0,0,0,grass
10.942,0,0,0,0,grass
10.948,0,0,0,0,grass
10.949,0,0,0,0,grass
10.956,0,0,0,0,grass
10.963,0,0,0,0,grass
10.968,0,0,0,0,grass
10.969,0,0,0,0,grass
10.976,0,0,0,0,grass
10.982,0,0,0,0,grass
10.983,0,0,0,0,grass
10.99,0,0,0,0,grass
10.997,0,0,0,0,grass
10.997,0,0,0,0,grass
11.007,0,0,0,0,grass
11.011,0,0,0,0,grass
11.017,0,0,0,0,grass
11.018,0,0,0,0,grass
11.026,0,0,0,0,grass
11.032,0,0,0,0,grass
11.033,0,0,0,0,grass
11.039,0,0,0,0,grass
11.046,0,0,0,0,grass
11.052,0,0,0,0,grass
11.057,0,0,0,0,grass
11.062,0,0,0,0,grass
11.076,0,0,0,0,grass
11.078,0,0,0,0,grass
11.078,0,0,0,0,grass
11.081,0,0,0,0,grass
11.087,0,0,0,0,grass
11.092,0,0,0,0,grass
11.097,0,0,0,0,grass
11.102,0,0,0,0,grass
11.107,0,0,0,0,grass
11.112,0,0,0,0,grass
11.115,0,0,0,0,grass
11.12,0,0,0,0,grass
11.123,0,0,0,0,grass
11.129,0,0,0,0,grass
11.136,0,0,0,0,grass
11.142,0,0,0,0,grass
11.147,0,0,0,0,grass
11.15,0,0,0,0,grass
11.157,0,0,0,0,grass
11.16,0,0,0,0,grass
11.164,0,0,0,0,grass
11.171,0,0,0,0,grass
11.178,0,0,0,0,grass
11.182,0,0,0,0,grass
11.185,0,0,0,0,grass
11.192,0,0,0,0,grass
11.192,0,0,0,0,grass
11.2,0,0,0,0,grass
11.205,0,0,0,0,grass
11.212,0,0,0,0,grass
11.213,0,0,0,0,grass
11.219,0,0,0,0,grass
11.226,0,0,0,0,grass
11.232,0,0,0,0,grass
11.233,0,0,0,0,grass
11.24,0,0,0,0,grass
11.247,0,0,0,0,grass
11.247,0,0,0,0,grass
11.254,0,0,0,0,grass
11.261,0,0,0,0,grass
11.263,0,0,0,0,grass
11.268,0,0,0,0,grass
11.275,0,0,0,0,grass
11.282,0,0,0,0,grass
11.282,0,0,0,0,grass
11.289,0,0,0,0,grass
11.295,0,0,0,0,grass
11.302,0,0,0,0,grass
11.306,0,0,0,0,grass
11.31,0,0,0,0,grass
11.317,0,0,0,0,grass
11.322,0,0,0,0,grass
11.323,0,0,0,0,grass
11.33,0,0,0,0,grass
11.337,0,0,0,0,grass
11.339,0,0,0,0,grass
11.347,0,0,0,0,grass
11.351,0,0,0,0,grass
11.355,0,0,0,0,grass
11.358,0,0,0,0,grass
11.365,0,0,0,0,grass
11.372,0,0,0,0,grass
11.377,0,0,0,0,grass
11.379,0,0,0,0,grass
11.386,0,0,0,0,grass
11.392,0,0,0,0,grass
11.394,0,0,0,0,grass
11.4,0,0,0,0,grass
11.407,0,0,0,0,grass
11.41,0,0,0,0,grass
11.416,0,0,0,0,grass
11.42,0,0,0,0,grass
11.423,0,0,0,0,grass
11.428,0,0,0,0,grass
11.435,0,0,0,0,grass
11.441,0,0,0,0,grass
11.447,0,0,0,0,grass
11.448,0,0,0,0,grass
11.456,0,0,0,0,grass
11.461,0,0,0,0,grass
11.463,0,0,0,0,grass
11.47,0,0,0,0,grass
11.476,0,0,0,0,grass
11.479,0,0,0,0,grass
11.483,0,0,0,0,grass
11.49,0,0,0,0,grass
11.497,0,0,0,0,grass
11.502,0,0,0,0,grass
11.504,0,0,0,0,grass
11.511,0,0,0,0,grass
11.517,0,0,0,0,grass
11.518,0,0,0,0,grass
11.525,0,0,0,0,grass
11.532,0,0,0,0,grass
11.537,0,0,0,0,grass
11.539,0,0,0,0,grass
11.546,0,0,0,0,grass
11.552,0,0,0,0,grass
11.553,0,0,0,0,grass
11.562,0,0,0,0,grass
11.566,0,0,0,0,grass
11.572,0,0,0,0,grass
11.574,0,0,0,0,grass
11.58,0,0,0,0,grass
11.587,0,0,0,0,grass
11.587,0,0,0,0,grass
11.597,0,0,0,0,grass
11.601,0,0,0,0,grass
11.607,0,0,0,0,grass
11.61,0,0,0,0,grass
11.615,0,0,0,0,grass
11.622,0,0,0,0,grass
11.627,0,0,0,0,grass
11.629,0,0,0,0,grass
11.636,0,0,0,0,grass
11.642,0,0,0,0,grass
11.643,0,0,0,0,grass
11.652,0,0,0,0,grass
11.653,0,0,0,0,grass
11.658,0,0,0,0,grass
11.666,0,0,0,0,grass
11.671,0,0,0,0,grass
11.674,0,0,0,0,grass
11.682,0,0,0,0,grass
11.687,0,0,0,0,grass
11.692,0,0,0,0,grass
11.693,0,0,0,0,grass
11.699,0,0,0,0,grass
11.705,0,0,0,0,grass
11.71,0,0,0,0,grass
11.713,0,0,0,0,grass
11.721,0,0,0,0,grass
11.726,0,0,0,0,grass
11.729,0,0,0,0,grass
11.733,0,0,0,0,grass
11.74,0,0,0,0,grass
11.747,0,0,0,0,grass
11.748,0,0,0,0,grass
11.754,0,0,0,0,grass
11.762,0,0,0,0,grass
11.762,0,0,0,0,grass
11.77,0,0,0,0,grass
11.775,0,0,0,0,grass
11.78,0,0,0,0,grass
11.786,0,0,0,0,grass
11.789,0,0,0,0,grass
11.796,0,0,0,0,grass
11.798,0,0,0,0,grass
11.803,0,0,0,0,grass
11.811,0,0,0,0,grass
11.816,0,0,0,0,grass
11.819,0,0,0,0,grass
11.823,0,0,0,0,grass
11.83,0,0,0,0,grass
11.837,0,0,0,0,grass
11.838,0,0,0,0,grass
11.844,0,0,0,0,grass
11.851,0,0,0,0,grass
11.857,0,0,0,0,grass
11.858,0,0,0,0,grass
11.865,0,0,0,0,grass
11.872,0,0,0,0,grass
11.873,1024,0,0,0,grass
11.879,1768,0,0,0,grass
11.887,2092,0,0,0,grass
11.887,1766,0,0,0,grass
11.895,0,0,0,0,grass
11.9,0,0,0,0,grass
11.907,0,0,0,0,grass
11.911,0,0,0,0,grass
11.917,0,0,0,0,grass
11.92,0,0,0,0,grass
11.927,0,0,0,0,grass
11.928,0,0,0,0,grass
11.935,0,0,0,0,grass
11.942,0,0,0,0,grass
11.942,0,0,0,0,grass
11.948,0,0,0,0,grass
11.955,0,0,0,0,grass
11.962,0,0,0,0,grass
11.967,0,0,0,0,grass
11.969,0,0,0,0,grass
11.975,0,0,0,0,grass
11.977,0,0,0,0,grass
11.987,0,0,0,0,grass
11.99,652,0,0,0,grass
11.996,1204,0,0,0,grass
11.997,722,0,0,0,grass
12.004,0,0,0,0,grass
12.011,0,0,0,0,grass
12.012,0,0,0,0,grass
12.021,0,0,0,0,grass
12.025,0,0,0,0,grass
12.032,0,0,0,0,grass
12.032,0,0,0,0,grass
12.039,0,0,0,0,grass
12.045,0,0,0,0,grass
12.052,0,0,0,0,grass
12.053,0,0,0,0,grass
12.06,0,0,0,0,grass
12.066,0,0,0,0,grass
12.067,0,0,0,0,grass
12.073,0,0,0,0,grass
12.08,0,0,0,0,grass
12.087,0,0,0,0,grass
12.088,0,0,0,0,grass
12.094,0,0,0,0,grass
12.101,0,0,0,0,grass
12.101,0,0,0,0,grass
12.111,0,0,0,0,grass
12.115,0,0,0,0,grass
12.122,0,0,0,0,grass
12.123,0,0,0,0,grass
12.129,0,0,0,0,grass
12.136,0,0,0,0,grass
12.141,0,0,0,0,grass
12.143,0,0,0,0,grass
12.15,0,0,0,0,grass
12.157,0,0,0,0,grass
12.157,0,0,0,0,grass
12.166,0,0,0,0,grass
12.17,0,0,0,0,grass
12.176,1231,0,0,0,grass
12.178,1652,0,0,0,grass
12.186,1758,0,0,0,grass
12.191,1765,0,0,0,grass
12.192,1394,0,0,0,grass
12.198,1257,0,0,0,grass
12.206,387,0,0,0,grass
12.212,0,0,0,0,grass
12.216,0,0,0,0,grass
12.221,0,0,0,0,grass
12.226,0,0,0,0,grass
12.231,0,0,0,0,grass
12.233,0,0,0,0,grass
12.24,0,0,0,0,grass
12.247,0,0,0,0,grass
12.247,0,0,0,0,grass
12.254,0,0,0,0,grass
12.262,0,0,0,0,grass
12.266,0,0,0,0,grass
12.268,0,0,0,0,grass
12.275,0,0,0,0,grass
12.275,0,0,0,0,grass
12.283,2500,0,0,0,grass
12.291,2554,0,0,0,grass
12.296,3095,0,0,0,grass
12.301,3204,0,0,0,grass
12.303,3289,0,0,0,grass
12.311,3187,0,0,0,grass
12.317,2788,0,0,0,grass
12.317,1866,0,0,0,grass
12.324,0,0,0,0,grass
12.331,0,0,0,0,grass
12.336,0,0,0,0,grass
12.338,0,0,0,0,grass
12.345,0,0,0,0,grass
12.352,0,0,0,0,grass
12.353,2111,0,0,0,grass
12.361,2465,0,0,0,grass
12.365,2266,0,0,0,grass
12.369,1328,0,0,0,grass
12.372,0,0,0,0,grass
12.379,0,0,0,0,grass
12.386,0,0,0,0,grass
12.387,0,0,0,0,grass
12.393,0,0,0,0,grass
12.4,0,0,0,0,grass
12.406,0,0,0,0,grass
12.411,0,0,0,0,grass
12.414,0,0,0,0,grass
12.421,0,0,0,0,grass
12.427,0,0,0,0,grass
12.431,1504,0,0,0,grass
12.435,3048,0,0,0,grass
12.439,3484,0,0,0,grass
12.442,3676,0,0,0,grass
12.449,3678,0,0,0,grass
12.455,3627,0,0,0,grass
12.457,3678,0,0,0,grass
12.462,3882,0,0,0,grass
12.47,3892,0,0,0,grass
12.476,3825,0,0,0,grass
12.477,3668,0,0,0,grass
12.483,3134,0,0,0,grass
12.49,1729,0,0,0,grass
12.496,0,0,0,0,grass
12.497,0,0,0,0,grass
12.504,0,0,0,0,grass
12.511,2308,0,0,0,grass
12.512,1352,0,0,0,grass
12.52,0,0,0,0,grass
12.525,2333,0,0,0,grass
12.528,2896,0,0,0,grass
12.536,3264,0,0,0,grass
12.539,3517,0,0,0,grass
12.545,3807,0,0,0,grass
12.547,3884,0,0,0,grass
12.554,3904,0,0,0,grass
12.56,3862,0,0,0,grass
12.566,3623,0,0,0,grass
12.571,1471,0,0,0,grass
12.573,0,0,0,0,grass
12.58,0,0,0,0,grass
12.582,0,0,0,0,grass
12.59,0,0,0,0,grass
12.594,3210,0,0,0,grass
12.601,3592,0,0,0,grass
12.601,3718,0,0,0,grass
12.608,3755,0,0,0,grass
12.615,3723,0,0,0,grass
12.621,3719,0,0,0,grass
12.626,3606,0,0,0,grass
12.629,3371,0,0,0,grass
12.636,2626,0,0,0,grass
12.636,2045,0,0,0,grass
12.643,0,0,0,0,grass
12.649,0,0,0,0,grass
12.656,0,0,0,0,grass
12.657,2750,0,0,0,grass
12.664,3245,0,0,0,grass
12.671,3403,0,0,0,grass
12.671,3043,0,0,0,grass
12.681,0,0,0,0,grass
12.684,0,0,0,0,grass
12.691,0,0,0,0,grass
12.695,0,0,0,0,grass
12.698,0,0,0,0,grass
12.705,0,0,0,0,grass
12.705,0,0,0,0,grass
12.712,0,0,0,0,grass
12.719,0,0,0,0,grass
12.726,0,0,0,0,grass
12.731,0,0,0,0,grass
12.733,1993,0,0,0,grass
12.74,2871,0,0,0,grass
12.74,3262,0,0,0,grass
12.748,3438,0,0,0,grass
12.754,3612,0,0,0,grass
12.761,3571,0,0,0,grass
12.762,3441,0,0,0,grass
12.77,1971,0,0,0,grass
12.776,0,0,0,0,grass
12.781,0,0,0,0,grass
12.784,0,0,0,0,grass
12.79,0,0,0,0,grass
12.795,0,0,0,0,grass
12.799,0,0,0,0,grass
12.803,0,0,0,0,grass
12.81,0,0,0,0,grass
12.815,0,0,0,0,grass
12.817,0,0,0,0,grass
12.826,0,0,0,0,grass
12.83,0,0,0,0,grass
12.836,0,0,0,0,grass
12.837,0,0,0,0,grass
12.844,0,0,0,0,grass
12.851,0,0,0,0,grass
12.852,0,0,0,0,grass
12.858,0,0,0,0,grass
12.865,0,0,0,0,grass
12.871,0,0,0,0,grass
12.876,0,0,0,0,grass
12.879,0,0,0,0,grass
12.885,0,0,0,0,grass
12.886,0,0,0,0,grass
12.895,0,0,0,0,grass
12.9,0,0,0,0,grass
12.902,0,0,0,0,grass
12.907,0,0,0,0,grass
12.915,0,0,0,0,grass
12.92,0,0,0,0,grass
12.922,0,0,0,0,grass
12.927,0,0,0,0,grass
12.935,0,0,0,0,grass
12.941,0,0,0,0,grass
12.942,0,0,0,0,grass
12.951,0,0,0,0,grass
12.955,0,0,0,0,grass
12.958,0,0,0,0,grass
12.962,0,0,0,0,grass
12.969,0,0,0,0,grass
12.975,0,0,0,0,grass
12.976,0,0,0,0,grass
12.983,0,0,0,0,grass
12.99,0,0,0,0,grass
12.995,0,0,0,0,grass
13.0,0,0,0,0,grass
13.004,0,0,0,0,grass
13.011,0,0,0,0,grass
13.012,0,0,0,0,grass
13.018,0,0,0,0,grass
13.024,0,0,0,0,grass
13.031,0,0,0,0,grass
13.032,0,0,0,0,grass
13.041,0,0,0,0,grass
13.046,0,0,0,0,grass
13.047,0,0,0,0,grass
13.054,0,0,0,0,grass
13.059,0,0,0,0,grass
13.062,0,0,0,0,grass
13.066,0,0,0,0,grass
13.074,0,0,0,0,grass
13.08,2455,0,0,0,grass
13.082,3090,0,0,0,grass
13.087,3011,0,0,0,grass
13.094,3026,0,0,0,grass
13.1,3135,0,0,0,grass
13.101,3232,0,0,0,grass
13.111,3500,0,0,0,grass
13.115,3542,0,0,0,grass
13.121,3408,0,0,0,grass
13.125,3161,0,0,0,grass
13.129,2854,0,0,0,grass
13.136,2836,0,0,0,grass
13.136,3208,0,0,0,grass
13.144,3288,0,0,0,grass
13.149,3288,0,0,0,grass
13.151,3295,0,0,0,grass
13.157,3280,0,0,0,grass
13.166,3259,0,0,0,grass
13.17,3304,0,0,0,grass
13.176,3409,0,0,0,grass
13.177,3591,0,0,0,grass
13.184,3757,0,0,0,grass
13.191,3817,0,0,0,grass
13.192,3758,0,0,0,grass
13.198,3529,0,0,0,grass
13.205,3482,0,483,0,grass
13.206,3601,0,0,0,grass
13.215,3745,0,0,0,grass
13.219,3875,0,0,0,grass
13.225,3899,0,0,0,grass
13.229,3861,0,1590,0,grass
13.233,3772,0,1747,0,grass
13.24,3766,0,1683,0,grass
13.241,3852,0,2187,0,grass
13.247,3886,0,2293,0,grass
13.255,3914,0,2374,0,grass
13.261,3923,0,2418,0,grass
13.261,3929,0,2479,0,grass
13.268,3941,0,2474,0,grass
13.274,3950,0,2030,0,grass
13.276,3967,0,2683,0,grass
13.282,3971,0,3008,0,grass
13.289,3970,0,3219,0,grass
13.295,3966,0,3261,0,grass
13.297,3975,0,3142,0,grass
13.303,3980,0,3023,0,grass
13.31,3975,0,3042,0,grass
13.316,3975,0,2771,0,grass
13.316,3979,0,2455,0,grass
13.323,3974,0,2827,0,grass
13.33,3981,0,2800,0,grass
13.33,3992,0,2822,0,grass
13.34,3990,0,3181,0,grass
13.344,3997,0,3274,0,grass
13.35,4005,0,3165,0,grass
13.351,4002,0,3097,0,grass
13.358,3994,0,3064,0,grass
13.365,3998,0,3087,0,grass
13.37,4000,0,3103,0,grass
13.372,3991,0,3195,0,grass
13.379,3981,0,3250,0,grass
13.386,3988,0,2335,0,grass
13.386,3991,0,2425,0,grass
13.393,3997,0,2258,0,grass
13.399,3994,0,1278,0,grass
13.405,3988,0,1724,0,grass
13.407,3984,0,2402,0,grass
13.414,3983,0,3241,0,grass
13.42,3985,0,3318,0,grass
13.421,3994,0,3309,0,grass
13.427,4005,0,3303,0,grass
13.434,4009,0,3379,0,grass
13.44,4001,0,3356,0,grass
13.441,4005,0,3349,0,grass
13.448,4005,0,3359,0,grass
13.455,4003,0,3453,0,grass
13.455,4000,0,3444,0,grass
13.462,3995,0,3315,0,grass
13.469,3989,0,3307,0,grass
13.473,3984,0,3348,0,grass
13.476,3988,0,3237,0,grass
13.483,3993,0,3253,0,grass
13.49,3997,0,3192,0,grass
13.495,3994,0,3044,0,grass
13.497,3996,0,2779,0,grass
13.504,4009,0,2247,0,grass
13.51,4008,0,2770,0,grass
13.513,3997,0,3267,0,grass
13.518,3999,0,3268,0,grass
13.524,4002,0,3360,0,grass
13.526,4016,0,3421,0,grass
13.531,4021,0,3315,0,grass
13.54,4019,0,3090,0,grass
13.545,4012,0,3141,0,grass
13.55,4005,0,3319,0,grass
13.552,4009,0,3273,0,grass
13.559,4010,0,3229,0,grass
13.564,4007,0,3009,0,grass
13.566,4010,0,2104,0,grass
13.574,4008,0,1675,0,grass
13.58,4007,0,1592,0,grass
13.585,4004,0,380,0,grass
13.587,4006,0,0,0,grass
13.594,4013,0,0,0,grass
13.6,4020,0,0,0,grass
13.601,4026,0,0,0,grass
13.608,4022,0,0,0,grass
13.615,4021,0,0,0,grass
13.615,4020,0,0,0,grass
13.624,4019,0,0,0,grass
13.629,4018,0,0,0,grass
13.635,4016,0,0,0,grass
13.636,4008,0,0,0,grass
13.643,3996,0,0,0,grass
13.649,4005,0,0,0,grass
13.651,4002,0,0,0,grass
13.656,4001,0,0,0,grass
13.664,3968,0,0,0,grass
13.67,3944,0,0,0,grass
13.671,3924,0,0,0,grass
13.678,3906,0,0,0,grass
13.684,3925,0,0,0,grass
13.69,3926,0,0,0,grass
13.695,3942,0,0,0,grass
13.698,3957,0,0,0,grass
13.705,3969,0,0,0,grass
13.706,3984,0,0,0,grass
13.713,4002,0,0,0,grass
13.719,4007,0,0,0,grass
13.722,3999,0,0,0,grass
13.728,3993,0,0,234,grass
13.734,3969,0,0,0,grass
13.736,3932,0,0,0,grass
13.745,3915,0,0,0,grass
13.747,3922,0,0,0,grass
13.753,3913,0,0,0,grass
13.756,3917,0,0,0,grass
13.761,3950,0,0,0,grass
13.769,3969,0,0,0,grass
13.774,3981,0,0,0,grass
13.78,3980,0,0,0,grass
13.782,3990,0,0,0,grass
13.789,3983,0,0,0,grass
13.795,3984,0,0,0,grass
13.797,3977,0,0,0,grass
13.802,3968,0,0,0,grass
13.809,3968,0,0,0,grass
13.813,3969,0,0,0,grass
13.816,3983,0,0,0,grass
13.823,3986,0,0,0,grass
13.83,3998,0,0,0,grass
13.83,4010,0,0,0,grass
13.84,4008,0,0,0,grass
13.844,4008,0,0,0,grass
13.846,4011,0,0,0,grass
13.854,4009,0,0,0,grass
13.858,4004,0,0,0,grass
13.865,4002,0,0,0,grass
13.865,4007,0,0,0,grass
13.872,3996,0,0,0,grass
13.879,3991,0,0,0,grass
13.885,3983,0,0,0,grass
13.89,3976,0,0,0,grass
13.893,3977,0,0,0,grass
13.9,3968,0,0,0,grass
13.9,3969,0,0,0,grass
13.907,3983,0,0,0,grass
13.914,3991,0,0,0,grass
13.92,3986,0,0,0,grass
13.921,3978,0,0,0,grass
13.927,3975,0,0,0,grass
13.934,3964,0,0,0,grass
13.934,3952,0,0,0,grass
13.945,3913,0,0,0,grass
13.948,3882,0,0,0,grass
13.952,3859,0,0,0,grass
13.96,3842,0,0,0,grass
13.962,3839,0,0,0,grass
13.969,3886,0,0,0,grass
13.975,3913,0,0,0,grass
13.976,3941,0,0,0,grass
13.984,3942,0,0,0,grass
13.99,3927,0,0,0,grass
13.99,3907,0,0,0,grass
13.997,3834,0,0,0,grass
14.003,3814,0,0,0,grass
14.01,3757,0,0,0,grass
14.014,3722,0,0,0,grass
14.018,3737,0,0,0,grass
14.025,3746,0,0,0,grass
14.025,3754,0,0,0,grass
14.032,3750,0,0,0,grass
14.038,3746,0,0,0,grass
14.045,3735,0,0,0,grass
14.045,3721,0,0,0,grass
14.052,3751,0,0,0,grass
14.059,3775,0,0,0,grass
14.06,3780,0,0,0,grass
14.066,3789,0,0,0,grass
14.073,3796,0,0,0,grass
14.08,3804,0,0,0,grass
14.085,3816,0,0,0,grass
14.087,3819,0,0,0,grass
14.094,3815,0,0,0,grass
14.095,3793,0,0,0,grass
14.104,3750,0,0,0,grass
14.108,3654,0,0,0,grass
14.115,3507,0,0,0,grass
14.12,3316,0,0,0,grass
14.122,2691,0,0,0,grass
14.129,2644,0,0,0,grass
14.135,2165,0,0,0,grass
14.136,0,0,0,1836,grass
14.143,0,0,0,2259,grass
14.15,0,0,0,3281,grass
14.15,0,0,0,3655,grass
14.157,0,0,0,3617,grass
14.163,0,0,0,3464,grass
14.165,0,0,0,3368,grass
14.174,0,0,0,3596,grass
14.177,0,0,0,3710,grass
14.185,0,0,0,3816,grass
14.185,0,0,0,3807,grass
14.195,0,0,0,3811,grass
14.198,0,0,0,3804,grass
14.202,0,0,0,3825,grass
14.209,0,0,0,3847,grass
14.214,0,0,0,3884,grass
14.219,0,0,0,3876,grass
14.219,0,0,0,3882,grass
14.226,0,0,0,3866,grass
14.233,0,0,0,3851,grass
14.239,0,0,0,3834,grass
14.245,0,0,0,3844,grass
14.247,0,0,0,3854,grass
14.254,0,0,0,3899,grass
14.254,0,0,0,3878,grass
14.261,0,0,0,3858,grass
14.268,0,0,0,3843,grass
14.275,0,0,0,3841,grass
14.279,0,0,0,3862,grass
14.282,0,0,0,3857,grass
14.289,0,0,0,3868,grass
14.289,0,0,0,3893,grass
14.296,0,0,0,3902,grass
14.302,0,0,0,3893,grass
14.309,0,0,0,3899,grass
14.314,0,0,0,3902,grass
14.316,0,0,0,3918,grass
14.323,0,0,0,3904,grass
14.329,0,0,0,3852,grass
14.33,0,0,0,3727,grass
14.337,0,0,0,3363,grass
14.344,0,0,0,1264,grass
14.349,0,0,0,0,grass
14.351,0,0,0,1344,grass
14.358,0,0,0,2691,grass
14.364,0,0,0,3417,grass
14.369,0,0,0,3437,grass
14.374,0,0,0,3425,grass
14.379,0,0,0,3515,grass
14.382,0,0,0,3594,grass
14.39,0,0,0,3765,grass
14.393,0,0,0,3862,grass
14.4,0,0,0,3896,grass
14.403,0,0,0,3915,grass
14.409,0,0,0,3924,grass
14.415,0,0,0,3895,grass
14.416,0,0,0,3873,grass
14.425,0,0,0,3910,grass
14.428,0,0,0,3919,grass
14.433,0,0,0,3948,grass
14.435,0,0,0,3967,grass
14.444,0,0,0,3962,grass
14.448,0,0,0,3942,grass
14.45,0,0,0,3883,grass
14.455,0,0,0,3873,grass
14.462,0,0,0,3930,grass
14.468,0,0,0,3971,grass
14.47,0,0,0,3987,grass
14.476,0,0,0,3970,grass
14.483,0,0,0,3949,grass
14.489,0,0,0,3873,grass
14.491,0,0,0,3682,grass
14.497,0,0,0,3425,grass
14.504,0,0,0,3322,grass
14.505,0,0,0,3407,grass
14.515,0,0,0,3623,grass
14.518,0,0,0,3834,grass
14.524,0,0,0,3886,grass
14.525,0,0,0,3912,grass
14.532,0,0,0,3915,grass
14.538,0,0,0,3920,grass
14.54,0,0,0,3905,grass
14.545,0,0,0,3892,grass
14.553,0,0,0,3866,grass
14.559,0,0,0,3838,grass
14.56,0,0,0,3835,grass
14.566,0,0,0,3834,grass
14.573,0,0,0,3849,grass
14.579,0,0,0,3857,grass
14.581,0,0,0,3862,grass
14.587,0,0,0,3915,grass
14.594,0,0,0,3927,grass
14.594,0,0,0,3921,grass
14.603,0,0,0,3939,grass
14.608,0,0,0,3936,grass
14.61,0,0,0,3922,grass
14.618,0,0,0,3918,grass
14.622,0,0,0,3929,grass
14.629,0,0,0,3911,grass
14.634,0,0,0,3915,grass
14.636,0,0,0,3916,grass
14.643,0,0,0,3914,grass
14.649,0,0,0,3935,grass
14.654,0,0,0,3955,grass
14.656,0,0,0,3958,grass
14.663,0,0,0,3967,grass
14.67,0,0,0,3972,grass
14.67,0,0,0,3973,grass
14.677,0,0,0,3964,grass
14.684,0,0,0,3968,grass
14.685,0,0,0,3947,grass
14.691,0,0,0,3938,grass
14.698,0,0,0,3929,grass
14.704,0,0,0,3939,grass
14.705,0,0,0,3932,grass
14.714,0,0,0,3934,grass
14.719,0,0,0,3927,grass
14.72,0,0,0,3932,grass
14.726,0,0,0,3930,grass
14.733,0,0,0,3919,grass
14.739,0,0,0,3946,grass
14.744,0,0,0,3932,grass
14.747,0,0,0,3927,grass
14.754,0,0,0,3950,grass
14.754,0,0,0,3939,grass
14.764,0,0,0,3943,grass
14.767,0,0,0,3929,grass
14.774,0,0,0,3923,grass
14.775,0,0,0,3923,grass
14.781,0,0,0,3891,grass
14.788,0,0,0,3896,grass
14.794,0,0,0,3898,grass
14.798,0,0,0,3921,grass
14.802,0,0,0,3936,grass
14.809,0,0,0,3956,grass
14.81,0,0,0,3965,grass
14.816,0,0,0,3983,grass
14.823,0,0,0,3984,grass
14.828,0,1313,0,3979,grass
14.83,0,628,0,3975,grass
14.837,0,0,0,3951,grass
14.844,0,0,0,3928,grass
14.844,0,0,0,3882,grass
14.851,0,0,0,3825,grass
14.858,0,0,0,3785,grass
14.864,0,0,0,3820,grass
14.865,0,0,0,3888,grass
14.872,0,0,0,3938,grass
14.879,0,0,0,3961,grass
14.879,0,0,0,3976,grass
14.889,0,0,0,3985,grass
14.893,0,0,0,3985,grass
14.899,0,0,0,3975,grass
14.904,0,0,0,3960,grass
14.906,0,0,0,3957,grass
14.913,0,0,0,3947,grass
14.915,0,0,0,3947,grass
14.92,0,0,0,3952,grass
14.927,0,0,0,3959,grass
14.934,0,0,0,3955,grass
14.935,0,0,0,3953,grass
14.941,0,0,0,3951,grass
14.948,0,0,0,3942,grass
14.953,0,0,0,3926,grass
14.955,0,0,0,3896,grass
14.962,0,0,0,3892,grass
14.969,0,0,0,3902,grass
14.969,0,0,0,3923,grass
14.979,0,0,0,3954,grass
14.983,0,0,0,3959,grass
14.989,0,0,0,3975,grass
14.99,0,0,0,3976,grass
14.997,0,0,0,3976,grass
15.003,0,0,0,3981,grass
15.009,0,0,0,3979,grass
15.011,0,0,0,3980,grass
15.018,0,0,0,3975,grass
15.024,0,0,0,3965,grass
15.025,0,0,0,3969,grass
15.031,0,0,0,3964,grass
15.038,0,0,0,3953,grass
15.04,0,0,0,3930,grass
15.049,0,0,0,3953,grass
15.052,0,0,0,3959,grass
15.057,0,0,0,3974,grass
15.059,0,0,0,3968,grass
15.066,0,1646,0,3975,grass
15.073,0,1636,0,3963,grass
15.078,0,0,0,3950,grass
15.083,0,0,0,3927,grass
15.087,0,0,0,3898,grass
15.094,0,0,0,3844,grass
15.094,0,0,0,3846,grass
15.102,0,0,0,3879,grass
15.107,0,0,0,3925,grass
15.11,0,0,0,3957,grass
15.115,0,0,0,3977,grass
15.122,0,0,0,3986,grass
15.129,0,0,0,3984,grass
15.129,0,0,0,3982,grass
15.139,0,0,0,3979,grass
15.142,0,0,0,3980,grass
15.149,0,0,0,3966,grass
15.149,0,0,0,3938,grass
15.156,0,0,0,3933,grass
15.163,0,0,0,3941,grass
15.165,0,0,0,3948,grass
15.17,0,0,0,3951,grass
15.177,0,0,0,3962,grass
15.18,0,0,0,3962,grass
15.184,0,0,0,3986,grass
15.193,0,0,0,3980,grass
15.198,0,0,0,3984,grass
15.204,0,0,0,3980,grass
15.205,0,0,0,3983,grass
15.212,0,0,0,3996,grass
15.219,0,0,0,3979,grass
15.224,0,0,0,3979,grass
15.226,0,0,0,3965,grass
15.233,0,0,0,3944,grass
15.239,0,0,0,3941,grass
15.24,0,0,0,3910,grass
15.247,0,0,0,3896,grass
15.254,0,0,0,3912,grass
15.254,0,0,0,3940,grass
15.262,0,0,0,3978,grass
15.267,0,0,0,3979,grass
15.27,0,0,0,3983,grass
15.274,0,0,0,3984,grass
15.282,0,0,0,3986,grass
15.289,0,0,0,3987,grass
15.293,0,0,0,3985,grass
15.297,0,0,0,3974,grass
15.302,0,0,0,3974,grass
15.305,0,0,0,3967,grass
15.313,0,0,0,3966,grass
15.316,0,0,0,3957,grass
15.323,0,0,0,3959,grass
15.324,0,0,0,3971,grass
15.331,0,0,0,3972,grass
15.338,0,0,0,3967,grass
15.344,0,0,0,3979,grass
15.345,0,0,0,3984,grass
15.351,0,0,0,3988,grass
15.358,0,0,0,3986,grass
15.364,0,0,0,3984,grass
15.364,0,0,0,3985,grass
15.372,0,0,0,3981,grass
15.379,0,0,0,3987,grass
15.379,0,0,0,3986,grass
15.387,0,0,0,3982,grass
15.392,0,0,0,3964,grass
15.398,0,0,0,3936,grass
15.399,0,0,0,3895,grass
15.406,0,0,0,3877,grass
15.413,0,0,0,3888,grass
15.416,0,0,0,3919,grass
15.42,0,0,0,3942,grass
15.427,0,0,0,3964,grass
15.433,0,0,0,3964,grass
15.438,0,0,0,3956,grass
15.441,0,0,0,3961,grass
15.448,0,0,0,3967,grass
15.448,0,0,0,3950,grass
15.458,0,0,0,3956,grass
15.462,0,0,0,3959,grass
15.468,0,0,0,3969,grass
15.469,0,0,0,3985,grass
15.476,0,0,0,3988,grass
15.482,0,671,0,3994,grass
15.484,0,0,0,3986,grass
15.49,0,0,0,3986,grass
15.497,0,0,0,3987,grass
15.503,0,0,0,3976,grass
15.508,0,0,0,3972,grass
15.51,0,0,0,3974,grass
15.517,0,0,0,3974,grass
15.524,0,0,0,3987,grass
15.524,0,0,0,3977,grass
15.532,0,0,0,3990,grass
15.538,0,0,0,3981,grass
15.538,0,0,0,3982,grass
15.547,0,0,0,3981,grass
15.552,0,0,0,3972,grass
15.558,0,0,0,3966,grass
15.559,0,0,0,3959,grass
15.566,0,0,0,3942,grass
15.573,0,0,0,3934,grass
15.573,0,0,0,3929,grass
15.583,0,0,0,3919,grass
15.587,0,0,0,3959,grass
15.589,0,0,0,3973,grass
15.594,0,0,0,3973,grass
15.601,0,0,0,3960,grass
15.607,0,0,0,3961,grass
15.613,0,0,0,3975,grass
15.617,0,0,0,3994,grass
15.622,0,0,0,3997,grass
15.628,0,0,0,3994,grass
15.633,0,0,0,3991,grass
15.635,0,0,0,3986,grass
15.643,0,0,0,3980,grass
15.644,0,0,0,3988,grass
15.653,0,0,0,3991,grass
15.657,0,0,0,3995,grass
15.663,0,0,0,3997,grass
15.668,0,0,0,3998,grass
15.67,0,0,0,4001,grass
15.677,0,0,0,4003,grass
15.683,0,0,0,3997,grass
15.684,0,0,0,3997,grass
15.691,0,0,0,3990,grass
15.698,0,0,0,3986,grass
15.698,0,0,0,3980,grass
15.705,0,0,0,3980,grass
15.713,0,0,0,3960,grass
15.718,0,0,0,3915,grass
15.721,0,0,0,3907,grass
15.726,0,0,0,3917,grass
15.733,0,0,0,3944,grass
15.737,0,0,0,3968,grass
15.74,0,0,0,3975,grass
15.746,0,0,0,3981,grass
15.753,0,0,0,3971,grass
15.754,0,0,0,3971,grass
15.762,0,0,0,3965,grass
15.767,0,0,0,3968,grass
15.773,0,0,0,3962,grass
15.776,0,0,0,3970,grass
15.781,0,0,0,3974,grass
15.788,0,0,0,3990,grass
15.789,0,0,0,3995,grass
15.795,0,0,0,4007,grass
15.802,0,0,0,4001,grass
15.804,0,0,0,4012,grass
15.812,0,0,0,4000,grass
15.817,0,0,0,4003,grass
15.823,0,0,0,4000,grass
15.823,0,0,0,3997,grass
15.83,0,0,0,3987,grass
15.837,0,0,0,3977,grass
15.839,0,0,0,3967,grass
15.847,0,0,0,3958,grass
15.851,0,0,0,3961,grass
15.858,0,0,0,3959,grass
15.858,0,0,0,3964,grass
15.865,0,0,0,3960,grass
15.871,0,0,0,3958,grass
15.878,0,0,0,3946,grass
15.882,0,0,0,3935,grass
15.885,0,0,0,3941,grass
15.892,0,0,0,3946,grass
15.892,0,0,0,3948,grass
15.899,0,0,0,3950,grass
15.906,0,0,0,3935,grass
15.912,0,0,0,3948,grass
15.918,0,0,0,3941,grass
15.92,0,0,0,3941,grass
15.927,0,0,0,3940,grass
15.927,0,0,0,3946,grass
15.935,0,0,0,3954,grass
15.941,0,0,0,3955,grass
15.948,0,0,0,3954,grass
15.949,0,0,0,3943,grass
15.955,0,0,0,3916,grass
15.962,0,0,0,3861,grass
15.962,0,0,0,3821,grass
15.97,0,0,0,3793,grass
15.976,0,0,0,3750,grass
15.982,0,0,0,3741,grass
15.985,0,0,0,3743,grass
15.99,0,0,0,3744,grass
15.997,0,0,0,3734,grass
16.003,0,0,0,3784,grass
16.004,0,0,0,3846,grass
16.01,0,0,0,3851,grass
16.018,0,0,0,3827,grass
16.019,0,0,0,3768,grass
16.024,0,0,0,3753,grass
16.031,0,0,0,3829,grass
16.037,0,0,0,3858,grass
16.041,0,0,0,3854,grass
16.048,0,0,0,3760,grass
16.053,0,0,0,3578,grass
16.053,0,0,0,1970,grass
16.061,0,0,0,0,grass
16.068,0,0,0,0,grass
16.073,0,0,0,0,grass
16.075,0,0,0,0,grass
16.081,0,0,0,0,grass
16.087,0,0,0,0,grass
16.093,0,0,0,0,grass
16.094,0,0,0,0,grass
16.102,0,0,0,0,grass
16.108,0,0,0,0,grass
16.108,0,0,0,0,grass
16.118,0,0,0,0,grass
16.122,0,0,0,0,grass
16.128,0,0,0,0,grass
16.129,0,0,0,0,grass
16.135,0,0,0,0,grass
16.142,0,0,0,0,grass
16.143,0,0,0,0,grass
16.149,0,0,0,0,grass
16.156,0,0,0,1260,grass
16.163,0,0,0,3125,grass
16.164,0,0,0,3264,grass
16.17,0,0,0,3431,grass
16.177,0,0,0,3331,grass
16.182,0,0,0,1820,grass
16.184,0,0,0,0,grass
16.191,0,0,0,0,grass
16.198,0,0,0,0,grass
16.198,0,0,0,2248,grass
16.208,0,0,0,2069,grass
16.212,0,0,0,0,grass
16.218,0,0,0,0,grass
16.218,0,0,0,2700,grass
16.226,0,0,0,3017,grass
16.232,0,0,0,3514,grass
16.234,0,0,0,3646,grass
16.239,0,0,0,3612,grass
16.247,0,0,0,3785,grass
16.248,0,0,0,3847,grass
16.253,0,0,0,3887,grass
16.263,0,0,0,3913,grass
16.268,0,0,0,3931,grass
16.268,0,0,0,3955,grass
16.275,0,0,0,3982,grass
16.281,0,0,0,3986,grass
16.284,0,0,0,3989,grass
16.289,0,0,0,3986,grass
16.295,0,0,0,3976,grass
16.302,0,0,0,3966,grass
16.304,0,0,0,3959,grass
16.309,0,0,0,3976,grass
16.316,0,0,0,3981,grass
16.322,0,0,0,3986,grass
16.323,0,0,0,3952,grass
16.33,0,0,0,3821,grass
16.337,0,0,0,3729,grass
16.342,0,0,0,3864,grass
16.347,0,0,0,3943,grass
16.351,0,0,0,3947,grass
16.358,0,0,0,3873,grass
16.358,0,0,0,3855,grass
16.367,0,0,0,3930,grass
16.371,0,0,0,3960,grass
16.374,0,0,0,3984,grass
16.378,0,0,0,3963,grass
16.385,0,0,0,3917,grass
16.392,0,0,0,3928,grass
16.397,0,0,0,3920,grass
16.399,0,0,0,3927,grass
16.406,0,0,0,3941,grass
16.412,0,0,0,3961,grass
16.417,0,0,0,3950,grass
16.42,0,0,0,3915,grass
16.427,0,0,0,3908,grass
16.427,0,0,0,3947,grass
16.435,0,0,0,3968,grass
16.441,0,0,0,3974,grass
16.443,0,0,0,3972,grass
16.448,0,0,0,3950,grass
16.455,0,0,0,3957,grass
16.461,0,0,0,3968,grass
16.467,0,0,0,3974,grass
16.469,0,0,0,3991,grass
16.476,0,0,0,3988,grass
16.482,0,0,0,3972,grass
16.487,0,0,0,3976,grass
16.489,0,0,0,3976,grass
16.498,0,0,0,3968,grass
16.498,0,0,0,4009,grass
16.507,0,0,0,4009,grass
16.51,0,0,0,3994,grass
16.517,0,0,0,3962,grass
16.519,0,0,0,3959,grass
16.525,0,0,0,3994,grass
16.531,0,0,0,3999,grass
16.533,0,0,0,4008,grass
16.538,0,0,0,4012,grass
16.545,0,0,0,4026,grass
16.553,0,1734,0,4011,grass
16.553,0,902,0,4027,grass
16.56,0,1817,0,4013,grass
16.566,0,2106,0,4006,grass
16.568,0,0,0,4016,grass
16.573,0,0,0,4016,grass
16.58,0,0,0,4016,grass
16.586,0,0,0,4025,grass
16.588,0,0,0,4008,grass
16.594,0,0,0,4023,grass
16.601,0,0,0,4028,grass
16.607,0,0,0,4031,grass
16.608,0,0,0,4029,grass
16.616,0,0,0,4031,grass
16.621,0,0,0,4044,grass
16.628,0,0,0,4010,grass
16.628,0,0,0,4045,grass
16.635,0,0,0,4040,grass
16.643,0,1075,0,4031,grass
16.643,0,0,0,4017,grass
16.652,0,0,0,4014,grass
16.656,0,103,0,4026,grass
16.658,0,0,0,4031,grass
16.663,0,0,0,4021,grass
16.67,0,0,0,4007,grass
16.677,0,1853,0,3992,grass
16.679,0,1913,0,3993,grass
16.684,0,0,0,4015,grass
16.691,0,0,0,4009,grass
16.697,0,0,0,4004,grass
16.698,0,0,0,3993,grass
16.705,0,0,0,3989,grass
16.712,0,0,0,3991,grass
16.712,0,0,0,4005,grass
16.72,0,0,0,4006,grass
16.727,0,0,0,4014,grass
16.729,0,0,0,4020,grass
16.737,0,0,0,4036,grass
16.74,0,0,0,4024,grass
16.746,0,0,0,4007,grass
16.752,0,1647,0,4005,grass
16.753,0,0,0,4010,grass
16.762,0,0,0,4021,grass
16.767,0,0,0,4019,grass
16.772,0,0,0,4004,grass
16.774,0,0,0,4001,grass
16.782,0,0,0,4009,grass
16.782,0,0,0,4017,grass
16.789,0,0,0,4017,grass
16.795,0,0,0,4021,grass
16.802,0,0,0,4026,grass
16.803,0,0,0,4023,grass
16.809,0,0,0,4020,grass
16.816,0,0,0,4028,grass
16.819,0,0,0,4028,grass
16.824,0,1180,0,4030,grass
16.83,0,0,0,4032,grass
16.837,0,829,0,4028,grass
16.841,0,1006,0,4017,grass
16.845,0,0,0,4029,grass
16.85,0,0,0,4033,grass
16.857,0,0,0,4001,grass
16.858,0,0,0,4037,grass
16.867,0,0,0,4033,grass
16.871,0,0,0,4011,grass
16.877,0,0,0,4013,grass
16.878,0,0,0,4014,grass
16.885,0,0,0,4013,grass
16.892,0,0,0,4002,grass
16.897,0,0,0,3992,grass
16.899,0,0,0,3986,grass
16.906,0,0,0,4002,grass
16.912,0,0,0,4002,grass
16.913,0,0,0,4005,grass
16.92,0,0,0,3989,grass
16.927,0,0,0,3972,grass
16.927,0,0,0,3970,grass
16.937,0,0,0,3970,grass
16.941,0,0,0,3987,grass
16.947,0,0,0,3992,grass
16.948,0,0,0,4000,grass
16.955,0,0,0,4009,grass
16.961,0,0,0,4009,grass
16.967,0,0,0,4007,grass
16.969,0,0,0,4002,grass
16.976,0,0,0,4002,grass
16.982,0,0,0,3994,grass
16.987,0,0,0,3992,grass
16.99,0,0,0,3986,grass
16.996,2965,0,0,3987,grass
16.998,0,0,0,3975,grass
17.006,3789,0,0,3947,grass
17.01,3999,0,0,3747,grass
17.016,3902,0,0,3053,grass
17.019,3879,0,0,2941,grass
17.024,3779,0,0,2942,grass
17.031,2107,0,0,0,grass
17.033,1324,0,0,0,grass
17.042,0,0,0,0,grass
17.045,0,0,0,0,grass
17.052,0,0,0,2472,grass
17.053,2578,0,0,3847,grass
17.059,0,0,0,3964,grass
17.066,0,0,0,4006,grass
17.072,0,0,0,4001,grass
17.076,0,0,0,4006,grass
17.08,0,0,0,4002,grass
17.087,0,0,0,3997,grass
17.087,0,0,0,3983,grass
17.097,0,0,0,3965,grass
17.1,0,0,0,3971,grass
17.107,0,0,0,3949,grass
17.108,0,0,0,3955,grass
17.115,0,0,0,3973,grass
17.121,0,0,0,3980,grass
17.123,0,0,0,3993,grass
17.128,0,0,0,4010,grass
17.135,0,0,0,4021,grass
17.142,0,0,0,4026,grass
17.142,0,0,0,4033,grass
17.149,0,0,0,4030,grass
17.156,0,0,0,4026,grass
17.156,0,0,0,4017,grass
17.163,0,0,0,4005,grass
17.17,0,0,0,3998,grass
17.177,0,0,0,3990,grass
17.182,0,0,0,3969,grass
17.184,0,0,0,3937,grass
17.191,0,0,0,3892,grass
17.197,0,0,0,3887,grass
17.198,0,0,0,3895,grass
17.205,0,0,0,3897,grass
17.211,0,0,0,3877,grass
17.217,0,0,0,3879,grass
17.219,0,0,0,3874,grass
17.225,0,0,0,3882,grass
17.232,0,0,0,3904,grass
17.233,0,0,0,3894,grass
17.239,0,0,0,3891,grass
17.246,0,0,0,3864,grass
17.246,0,0,0,3823,grass
17.257,0,0,0,3788,grass
17.26,0,0,0,3776,grass
17.266,0,0,0,3763,grass
17.268,0,0,0,3766,grass
17.275,0,0,0,3773,grass
17.281,0,0,0,3758,grass
17.287,0,0,0,3687,grass
17.288,0,0,0,3520,grass
17.295,0,0,0,3372,grass
17.302,0,0,0,3127,grass
17.302,0,0,0,2600,grass
17.309,0,0,0,0,grass
17.316,0,0,0,0,grass
17.319,0,0,0,0,grass
17.326,0,0,0,0,grass
17.33,0,0,0,0,grass
17.337,0,0,0,0,grass
17.337,0,0,0,0,grass
17.344,0,0,0,0,grass
17.351,2314,0,0,0,grass
17.357,2875,0,0,0,grass
17.362,2942,0,0,0,grass
17.364,2831,0,0,0,grass
17.372,2811,0,0,0,grass
17.372,2858,0,0,0,grass
17.378,3364,0,0,0,grass
17.385,3470,0,0,0,grass
17.391,3553,0,0,0,grass
17.396,3587,0,0,0,grass
17.4,3673,0,0,0,grass
17.406,3566,0,0,0,grass
17.406,3539,0,0,0,grass
17.417,3130,0,0,0,grass
17.42,2832,0,0,0,grass
17.426,2826,0,0,0,grass
17.431,3126,0,0,0,grass
17.434,3322,0,0,0,grass
17.441,3495,0,0,0,grass
17.441,3570,0,0,0,grass
17.448,3669,0,0,0,grass
17.455,3816,0,0,0,grass
17.462,3818,0,0,0,grass
17.465,3713,0,0,0,grass
17.47,3665,0,1500,0,grass
17.475,3686,0,1369,0,grass
17.477,3643,0,0,0,grass
17.482,3659,0,0,0,grass
17.491,3697,0,0,0,grass
17.496,3297,0,0,0,grass
17.501,0,0,0,0,grass
17.503,0,0,2012,0,grass
17.512,2122,0,2700,0,grass
17.512,3194,0,731,0,grass
17.521,3334,0,0,0,grass
17.524,3252,0,0,0,grass
17.531,3070,0,0,0,grass
17.536,183,0,0,0,grass
17.538,0,0,0,0,grass
17.545,1651,0,0,0,grass
17.547,2061,0,0,0,grass
17.552,3026,0,0,0,grass
17.561,3112,0,0,0,grass
17.566,3167,0,0,0,grass
17.571,3148,0,280,0,grass
17.575,3220,0,1719,0,grass
17.58,3265,0,2508,0,grass
17.583,3513,0,2646,0,grass
17.591,3639,0,2667,0,grass
17.594,3754,0,1947,0,grass
17.601,3782,0,0,0,grass
17.601,3779,0,0,0,grass
17.608,3648,0,0,0,grass
17.615,3696,0,2304,0,grass
17.622,3796,0,3334,0,grass
17.626,3876,0,3550,0,grass
17.629,3901,0,3571,0,grass
17.636,3892,0,3552,0,grass
17.636,3799,0,3397,0,grass
17.643,3786,0,2943,0,grass
17.649,3801,0,2397,0,grass
17.656,3820,0,0,0,grass
17.661,3778,0,0,0,grass
17.663,3661,0,0,0,grass
17.67,2981,0,0,0,grass
17.676,0,0,0,0,grass
17.678,0,0,0,0,grass
17.685,0,0,1937,0,grass
17.69,3081,0,2416,0,grass
17.695,3589,0,2059,0,grass
17.699,3487,0,2362,0,grass
17.705,3385,0,1954,0,grass
17.711,3182,0,1838,0,grass
17.712,3023,0,2474,0,grass
17.72,2937,0,2746,0,grass
17.726,3038,0,3039,0,grass
17.727,3160,0,3243,0,grass
17.733,3524,0,3176,0,grass
17.74,3614,0,3080,0,grass
17.746,3621,0,3177,0,grass
17.747,3559,0,3265,0,grass
17.753,3318,0,3301,0,grass
17.761,3233,0,3349,0,grass
17.762,3468,0,3308,0,grass
17.77,3573,0,3283,0,grass
17.775,3660,0,3255,0,grass
17.782,3688,0,3214,0,grass
17.782,3717,0,3060,0,grass
17.788,3724,0,2929,0,grass
17.795,3722,0,2850,0,grass
17.797,3695,0,2855,0,grass
17.802,3667,0,3082,0,grass
17.809,3646,0,3225,0,grass
17.816,3675,0,3265,0,grass
17.82,3709,0,3193,0,grass
17.823,3724,0,3215,0,grass
17.829,3710,0,3226,0,grass
17.832,3684,0,3249,0,grass
17.837,3658,0,3243,0,grass
17.844,3688,0,3234,0,grass
17.851,3753,0,3208,0,grass
17.851,3789,0,3163,0,grass
17.859,3813,0,3216,0,grass
17.865,3825,0,3312,0,grass
17.871,3844,0,3344,0,grass
17.875,3845,0,3366,0,grass
17.878,3860,0,3349,0,grass
17.885,3844,0,3314,0,grass
17.891,3832,0,3301,0,grass
17.892,3819,0,3276,0,grass
17.899,3813,0,3261,0,grass
17.906,3802,0,3222,0,grass
17.908,3787,0,3228,0,grass
17.913,3778,0,3282,0,grass
17.921,3759,0,3332,0,grass
17.926,3739,0,3387,0,grass
17.927,3741,0,3374,0,grass
17.935,3738,0,3356,0,grass
17.94,3734,0,3345,0,grass
17.942,3705,0,3324,0,grass
17.948,3664,0,3263,0,grass
17.955,3635,0,3310,0,grass
17.961,3639,0,3274,0,grass
17.962,3677,0,3248,0,grass
17.968,3709,0,3254,0,grass
17.975,3729,0,3273,0,grass
17.977,3759,0,3295,0,grass
17.986,3764,0,3311,0,grass
17.989,3776,0,3320,0,grass
17.996,3812,0,3335,0,grass
17.996,3835,0,3327,0,grass
18.005,3852,0,3341,0,grass
18.01,3870,0,3325,0,grass
18.012,3876,0,3339,0,grass
18.021,3877,0,3342,0,grass
18.026,3860,0,3349,0,grass
18.03,3849,0,3361,0,grass
18.032,3827,0,3366,0,grass
18.041,3834,0,3379,0,grass
18.045,3836,0,3372,0,grass
18.047,3819,0,3379,0,grass
18.052,3815,0,3377,0,grass
18.059,3801,0,3369,0,grass
18.066,3795,0,3369,0,grass
18.066,3804,0,3368,0,grass
18.075,3814,0,3365,0,grass
18.079,3825,0,3358,0,grass
18.082,3839,0,3356,0,grass
18.09,3839,0,3333,0,grass
18.096,3837,0,3344,0,grass
18.101,3837,0,3317,0,grass
18.101,3842,0,3316,0,grass
18.108,3844,0,3311,0,grass
18.115,3837,0,3313,0,grass
18.121,3837,0,3332,0,grass
18.125,3843,0,3348,0,grass
18.128,3829,0,3359,0,grass
18.135,3823,0,3369,0,grass
18.135,3801,0,3373,0,grass
18.146,3763,0,3388,0,grass
18.149,3756,0,3440,0,grass
18.156,3761,0,3444,0,grass
18.157,3769,0,3458,0,grass
18.163,3791,0,3450,0,grass
18.17,3814,0,3430,0,grass
18.17,3833,0,3368,0,grass
18.178,3828,0,3369,0,grass
18.184,3861,0,3374,0,grass
18.191,3891,0,3357,0,grass
18.195,3918,0,3335,0,grass
18.198,3914,0,3348,0,grass
18.204,3924,0,3350,0,grass
18.211,3921,0,3358,0,grass
18.212,3914,0,3357,0,grass
18.22,3908,0,3338,0,grass
18.225,3894,0,3348,0,grass
18.231,3886,0,3351,0,grass
18.232,3851,0,3382,0,grass
18.24,3819,0,3411,0,grass
18.246,3815,0,3430,0,grass
18.251,3819,0,3426,0,grass
18.253,3821,0,3417,0,grass
18.26,3820,0,3399,0,grass
18.265,3823,0,3386,0,grass
18.267,3872,0,3397,0,grass
18.274,3897,0,3401,0,grass
18.281,3916,0,3422,0,grass
18.281,3935,0,3415,0,grass
18.291,3941,0,3419,0,grass
18.295,3939,0,3405,0,grass
18.301,3940,0,3401,0,grass
18.302,3932,0,3285,0,grass
18.309,3884,0,3307,0,grass
18.316,3835,0,3297,0,grass
18.317,3773,0,3314,0,grass
18.323,3712,0,3412,0,grass
18.329,3696,0,3413,0,grass
18.336,3711,0,3415,0,grass
18.337,3721,0,3453,0,grass
18.344,3776,0,3485,0,grass
18.35,3816,0,3483,0,grass
18.35,3866,0,3503,0,grass
18.359,3906,0,3509,0,grass
18.366,3930,0,3506,0,grass
18.366,3943,0,3469,0,grass
18.374,3943,0,3402,0,grass
18.378,3945,0,3407,0,grass
18.385,3943,0,3298,0,grass
18.391,3942,0,3290,0,grass
18.392,3933,0,3284,0,grass
18.399,3950,0,3299,0,grass
18.405,3930,0,3301,0,grass
18.406,3910,0,3290,0,grass
18.413,3884,0,3361,0,grass
18.419,3834,0,3398,0,grass
18.426,3817,0,3435,0,grass
18.431,3826,0,3498,0,grass
18.434,3835,0,3546,0,grass
18.441,3852,0,3526,0,grass
18.441,3846,0,3519,0,grass
18.451,3889,0,3483,0,grass
18.454,3901,0,3505,0,grass
18.461,3921,0,3493,0,grass
18.461,3936,0,3477,0,grass
18.468,3934,0,3449,0,grass
18.476,3940,0,3420,0,grass
18.476,3940,0,3340,0,grass
18.484,3930,0,3202,0,grass
18.489,3914,0,3111,0,grass
18.491,3891,0,3044,0,grass
18.496,3862,0,3186,0,grass
18.503,3816,0,3259,0,grass
18.51,3814,0,3323,0,grass
18.511,3835,0,3349,0,grass
18.517,3876,0,3450,0,grass
18.525,3912,0,3478,0,grass
18.531,3939,0,3493,0,grass
18.531,3948,0,3499,0,grass
18.538,3949,0,3482,0,grass
18.545,3956,0,3475,0,grass
18.545,3960,0,3426,0,grass
18.554,3963,0,3343,0,grass
18.559,3963,0,3225,0,grass
18.566,3945,0,3052,0,grass
18.57,3933,0,3000,0,grass
18.573,3921,0,3156,0,grass
18.58,3920,0,3277,0,grass
18.581,3913,0,3405,0,grass
18.587,3903,0,3469,0,grass
18.594,3879,0,3491,0,grass
18.6,3861,0,3492,0,grass
18.601,3854,0,3421,0,grass
18.607,3853,0,3459,0,grass
18.614,3865,0,3514,0,grass
18.62,3881,0,3581,0,grass
18.622,3883,0,3639,0,grass
18.628,3890,0,3644,0,grass
18.635,3904,0,3451,0,grass
18.636,3875,0,2969,0,grass
18.645,3771,0,0,0,grass
18.649,3592,0,0,0,grass
18.653,3551,0,0,0,grass
18.657,3766,0,2409,0,grass
18.663,3921,0,3253,0,grass
18.671,3947,0,3565,0,grass
18.671,3963,0,3679,0,grass
18.68,3974,0,3699,0,grass
18.684,3968,0,3684,0,grass
18.69,3958,0,3648,0,grass
18.695,3954,0,3489,0,grass
18.698,3939,0,3405,0,grass
18.704,3923,0,3337,0,grass
18.71,3903,0,3294,0,grass
18.711,3891,0,3263,0,grass
18.718,3890,0,3295,0,grass
18.724,3879,0,3373,0,grass
18.729,3895,0,3469,0,grass
18.733,3902,0,3628,0,grass
18.741,3917,0,3662,0,grass
18.741,3930,0,3677,0,grass
18.747,3933,0,3618,0,grass
18.753,3935,0,3329,0,grass
18.76,3932,0,2309,0,grass
18.765,3913,0,183,0,grass
18.768,3889,0,0,0,grass
18.774,3865,0,2087,0,grass
18.774,3897,0,2973,0,grass
18.782,3927,0,3177,0,grass
18.788,3923,0,2876,0,grass
18.791,3873,0,2259,0,grass
18.8,3812,0,2084,0,grass
18.801,3820,0,2637,0,grass
18.809,3864,0,3121,0,grass
18.815,3918,0,3485,0,grass
18.816,3936,0,3666,0,grass
18.824,3949,0,3695,0,grass
18.83,3945,0,3702,0,grass
18.832,3950,0,3719,0,grass
18.837,3949,0,3707,0,grass
18.844,3950,0,3687,0,grass
18.85,3928,0,3703,0,grass
18.851,3923,0,3679,0,grass
18.858,3903,0,3604,0,grass
18.864,3919,0,3469,0,grass
18.866,3905,0,3242,0,grass
18.875,3879,0,3173,0,grass
18.879,3806,0,3326,0,grass
18.885,3847,0,3404,0,grass
18.885,3906,0,3425,0,grass
18.892,3955,0,3522,0,grass
18.9,3970,0,3490,0,grass
18.9,3949,0,3253,0,grass
18.907,3946,0,2773,0,grass
18.914,3924,0,2795,0,grass
18.92,3950,0,2972,0,grass
18.926,3969,0,3212,0,grass
18.927,3986,0,3523,0,grass
18.934,3978,0,3537,0,grass
18.936,3955,0,3460,0,grass
18.942,3932,0,3271,0,grass
18.95,3904,0,3053,0,grass
18.955,3910,0,3039,0,grass
18.958,3927,0,3288,0,grass
18.964,3948,0,3595,0,grass
18.97,3954,0,3658,0,grass
18.975,3959,0,3708,0,grass
18.979,3959,0,3714,0,grass
18.983,3955,0,3715,0,grass
18.988,3945,0,3689,0,grass
18.992,3935,0,3664,0,grass
19.0,3912,0,3625,0,grass
19.004,3883,0,3552,0,grass
19.009,3844,0,3496,0,grass
19.012,3863,0,3476,0,grass
19.018,3885,0,3442,0,grass
19.025,3888,0,3531,0,grass
19.031,3912,0,3553,0,grass
19.035,3936,0,3540,0,grass
19.038,3945,0,3536,0,grass
19.043,3944,0,3559,0,grass
19.046,3936,0,3385,0,grass
19.053,3923,0,2621,0,grass
19.059,3891,0,0,0,grass
19.065,3828,0,0,0,grass
19.066,3804,0,0,0,grass
19.073,3798,0,212,0,grass
19.079,3782,0,2115,0,grass
19.082,3770,0,3091,0,grass
19.091,3758,0,3262,0,grass
19.095,3779,0,3311,0,grass
19.099,3789,0,2194,0,grass
19.104,3761,0,0,0,grass
19.108,3640,0,0,0,grass
19.115,3402,0,0,0,grass
19.121,2879,0,0,0,grass
19.123,3380,0,389,0,grass
19.129,3758,0,2583,0,grass
19.132,3877,0,3260,0,grass
19.14,3917,0,3457,0,grass
19.143,3923,0,3517,0,grass
19.15,3912,0,3544,0,grass
19.153,3864,0,3469,0,grass
19.157,3820,0,3286,0,grass
19.165,3700,0,2413,0,grass
19.165,3536,0,0,0,grass
19.173,3236,0,0,0,grass
19.178,2993,0,0,0,grass
19.184,2914,0,0,0,grass
19.184,3064,0,0,0,grass
19.193,3416,0,750,0,grass
19.198,3540,0,2297,0,grass
19.206,3614,0,2545,0,grass
19.206,3692,0,2540,0,grass
19.213,3663,0,1058,0,grass
19.22,3607,0,0,0,grass
19.225,3510,0,0,0,grass
19.229,3232,0,0,0,grass
19.234,3338,0,0,0,grass
19.24,3592,0,0,0,grass
19.242,3487,0,0,0,grass
19.251,3327,0,0,0,grass
19.255,3109,0,0,0,grass
19.26,2174,0,0,0,grass
19.262,2385,0,0,0,grass
19.267,1985,0,0,0,grass
19.275,1384,0,0,0,grass
19.281,2145,0,0,0,grass
19.283,2853,0,0,0,grass
19.289,3169,0,0,0,grass
19.295,3188,0,0,0,grass
19.302,3000,0,0,0,grass
19.303,2147,0,0,0,grass
19.31,0,0,0,0,grass
19.31,0,0,0,0,grass
19.316,0,0,0,0,grass
19.324,0,0,0,0,grass
19.327,0,0,0,0,grass
19.336,0,0,0,0,grass
19.338,0,0,0,0,grass
19.344,0,0,0,0,grass
19.35,2329,0,0,0,grass
19.351,2956,0,0,0,grass
19.36,3052,0,0,0,grass
19.365,3140,0,0,0,grass
19.365,3264,0,0,0,grass
19.373,3283,0,0,0,grass
19.378,3450,0,0,0,grass
19.385,3572,0,0,0,grass
19.386,3582,0,0,0,grass
19.393,3481,0,0,0,grass
19.4,3254,0,0,0,grass
19.4,3451,0,0,0,grass
19.41,3245,0,0,0,grass
19.414,0,0,0,0,grass
19.42,0,0,0,0,grass
19.422,0,0,0,0,grass
19.428,1414,0,120,0,grass
19.435,2369,0,1003,0,grass
19.44,3376,0,2689,0,grass
19.442,3498,0,3385,0,grass
19.449,3411,0,3442,0,grass
19.455,3583,0,3443,0,grass
19.46,3709,0,3372,0,grass
19.461,3818,0,3073,0,grass
19.469,3848,0,1965,0,grass
19.472,3767,0,983,0,grass
19.477,3636,0,771,0,grass
19.485,3607,0,1561,0,grass
19.49,3712,0,2183,0,grass
19.493,3848,0,2302,0,grass
19.496,3904,0,2840,0,grass
19.504,3933,0,2235,0,grass
19.51,3927,0,2559,0,grass
19.513,3890,0,2942,0,grass
19.517,3832,0,2898,0,grass
19.524,3826,0,2821,0,grass
19.529,3865,0,2413,0,grass
19.531,3901,0,1937,0,grass
19.538,3910,0,2255,0,grass
19.545,3877,0,3088,0,grass
19.551,3838,0,3440,0,grass
19.553,3832,0,3494,0,grass
19.56,3831,0,3684,0,grass
19.561,3758,0,3715,0,grass
19.57,3761,0,3713,0,grass
19.572,3795,0,3675,0,grass
19.58,3693,0,3651,0,grass
19.583,3296,0,3678,0,grass
19.587,2317,0,3724,0,grass
19.595,2233,0,3712,0,grass
19.6,2946,0,3706,0,grass
19.603,3474,0,3710,0,grass
19.608,3700,0,3747,0,grass
19.612,3794,0,3750,0,grass
19.621,3824,0,3756,0,grass
19.622,3836,0,3781,0,grass
19.629,3846,0,3766,0,grass
19.636,3880,0,3746,0,grass
19.637,3922,0,3754,0,grass
19.643,3939,0,3767,0,grass
19.649,3946,0,3806,0,grass
19.649,3945,0,3805,0,grass
19.657,3954,0,3819,0,grass
19.663,3958,0,3801,0,grass
19.669,3969,0,3781,0,grass
19.67,3964,0,3787,0,grass
19.678,3955,0,3791,0,grass
19.685,3956,0,3794,0,grass
19.69,3969,0,3788,0,grass
19.694,3979,0,3770,0,grass
19.698,3983,0,3740,0,grass
19.704,3986,0,3751,0,grass
19.704,3999,0,3774,0,grass
19.712,4000,0,3800,0,grass
19.719,4004,0,3796,0,grass
19.725,4000,0,3785,0,grass
19.728,4010,0,3780,0,grass
19.732,4010,0,3776,0,grass
19.736,4010,0,3756,0,grass
19.744,4017,0,3765,0,grass
19.747,4018,0,3774,0,grass
19.754,4020,0,3792,0,grass
19.759,4022,0,3808,0,grass
19.762,4023,0,3809,0,grass
19.769,4024,0,3828,0,grass
19.775,4023,0,3831,0,grass
19.78,4022,0,3817,0,grass
19.782,4023,0,3787,0,grass
19.789,4021,0,3753,0,grass
19.795,4011,0,3790,0,grass
19.796,4003,0,3820,0,grass
19.805,3997,0,3815,0,grass
19.809,3997,0,3798,0,grass
19.813,3985,0,3796,0,grass
19.816,3991,0,3800,0,grass
19.823,3996,0,3805,0,grass
19.83,3994,0,3807,0,grass
19.83,3999,0,3799,0,grass
19.837,3992,0,3814,0,grass
19.844,3993,0,3817,0,grass
19.85,3998,0,3817,0,grass
19.85,3997,0,3785,0,grass
19.858,3994,0,3757,0,grass
19.864,3998,0,3748,0,grass
19.867,4011,0,3728,0,grass
19.875,3998,0,3768,0,grass
19.879,3999,0,3774,0,grass
19.884,3997,0,3767,0,grass
19.885,3996,0,3769,0,grass
19.893,4000,0,3764,0,grass
19.9,4009,0,3745,0,grass
19.901,4010,0,3743,0,grass
19.906,4014,0,3758,0,grass
19.914,4011,0,3782,0,grass
19.914,4008,0,3781,0,grass
19.922,4016,0,3770,0,grass
19.927,4016,0,3751,0,grass
19.935,4019,0,3753,0,grass
19.935,4016,0,3743,0,grass
19.941,4020,0,3769,0,grass
19.949,4021,0,3770,0,grass
19.949,4020,0,3766,0,grass
19.957,4021,0,3749,0,grass
19.965,4016,0,3752,0,grass
19.965,4020,0,3712,0,grass
19.973,4010,0,3690,0,grass
19.976,4007,0,3724,0,grass
19.983,4016,0,3746,0,grass
19.989,4015,0,3765,0,grass
19.99,4018,0,3798,0,grass
19.998,4015,0,3797,0,grass
20.004,4017,0,3786,0,grass
20.006,4020,0,3782,0,grass
20.014,4020,0,3776,0,grass
20.018,4017,0,3756,0,grass
20.025,4009,0,3766,0,grass
20.03,3999,0,3764,0,grass
20.031,3995,0,3642,0,grass
20.038,3989,0,3262,0,grass
20.044,3964,0,1569,0,grass
20.045,3941,0,0,0,grass
20.054,3918,0,0,0,grass
20.059,3882,0,0,0,grass
20.061,3825,0,0,0,grass
20.066,3775,0,0,0,grass
20.073,3813,0,0,0,grass
20.073,3833,0,0,0,grass
20.08,3890,0,0,501,grass
20.087,3939,0,0,3704,grass
20.094,3987,0,0,3826,grass
20.1,3998,0,0,3846,grass
20.101,4005,0,0,3811,grass
20.108,4004,0,0,3779,grass
20.111,3999,0,0,3446,grass
20.116,3989,0,0,2006,grass
20.124,3974,0,0,478,grass
20.124,3960,0,0,1587,grass
20.135,3931,0,0,480,grass
20.135,3928,0,0,469,grass
20.143,3942,0,0,0,grass
20.149,3977,0,0,0,grass
20.151,4001,0,0,0,grass
20.157,4006,0,0,0,grass
20.164,4010,0,0,0,grass
20.169,4009,0,0,0,grass
20.174,4001,0,0,0,grass
20.178,3988,0,0,0,grass
20.183,3980,0,0,0,grass
20.189,3969,0,1995,0,grass
20.193,3959,0,2788,0,grass
20.199,3949,0,2424,0,grass
20.203,3946,0,2436,0,grass
20.209,3960,0,2054,0,grass
20.215,3980,0,2713,0,grass
20.219,3992,0,3064,0,grass
20.225,4000,0,3289,0,grass
20.229,4011,0,3437,0,grass
20.235,4007,0,3505,0,grass
20.239,4008,0,3573,0,grass
20.244,4008,0,3636,0,grass
20.248,4012,0,3548,0,grass
20.254,4009,0,3282,0,grass
20.258,3996,0,2252,0,grass
20.264,3977,0,0,0,grass
20.27,3958,0,0,0,grass
20.275,3952,0,0,0,grass
20.279,3955,0,0,0,grass
20.284,3966,0,0,0,grass
20.289,3980,0,0,0,grass
20.295,3996,0,0,0,grass
20.299,4001,0,833,0,grass
20.304,4007,0,2088,0,grass
20.308,4008,0,2295,0,grass
20.314,4001,0,2370,0,grass
20.318,3998,0,2149,0,grass
20.324,3982,0,599,0,grass
20.33,3973,0,0,0,grass
20.334,3951,0,0,0,grass
20.338,3928,0,0,0,grass
20.344,3914,0,0,0,grass
20.35,3890,0,0,0,grass
20.354,3878,0,0,0,grass
20.358,3905,0,0,0,grass
20.364,3946,0,0,0,grass
20.37,3956,0,0,0,grass
20.373,3964,0,0,0,grass
20.379,3968,0,0,0,grass
20.383,3947,0,0,0,grass
20.388,3893,0,0,0,grass
20.394,3841,0,2836,0,grass
20.398,3838,0,2913,0,grass
20.404,3859,0,1807,0,grass
20.409,3889,0,0,0,grass
20.413,3912,0,0,0,grass
20.419,3917,0,0,0,grass
20.424,3907,0,0,0,grass
20.43,3877,0,2740,0,grass
20.433,3836,0,2955,0,grass
20.44,3787,0,3015,0,grass
20.444,3764,0,2512,0,grass
20.448,3709,0,0,0,grass
20.454,3696,0,0,0,grass
20.459,3538,0,0,0,grass
20.464,3436,0,0,0,grass
20.468,3228,0,0,0,grass
20.474,3155,0,0,0,grass
20.479,2988,0,0,0,grass
20.485,2059,0,0,789,grass
20.489,0,0,0,1498,grass
20.494,0,0,0,1495,grass
20.499,0,0,0,1845,grass
20.504,0,0,0,2935,grass
20.509,0,0,0,3368,grass
20.513,0,0,0,3565,grass
20.519,0,0,0,3577,grass
20.524,0,0,0,3438,grass
20.53,0,0,0,2691,grass
20.534,0,0,0,787,grass
20.539,0,0,0,3007,grass
20.543,0,0,0,3702,grass
20.549,0,0,0,3717,grass
20.553,0,0,0,3598,grass
20.559,0,0,0,3488,grass
20.563,0,0,0,3412,grass
20.569,0,0,0,3651,grass
20.573,0,0,0,3805,grass
20.579,0,0,0,3869,grass
20.585,0,0,0,3928,grass
20.588,0,0,0,3901,grass
20.593,0,0,0,3852,grass
20.6,0,0,0,3834,grass
20.603,0,0,0,3847,grass
20.608,0,0,0,3850,grass
20.614,0,0,0,3829,grass
20.618,0,0,0,3841,grass
20.624,0,0,0,3838,grass
20.628,0,0,0,3892,grass
20.634,0,0,0,3945,grass
20.639,0,0,0,3948,grass
20.644,0,0,0,3956,grass
20.649,0,0,0,3956,grass
20.654,0,0,0,3979,grass
20.658,0,0,0,3991,grass
20.664,0,0,0,4013,grass
20.668,0,0,0,3986,grass
20.673,0,0,0,3980,grass
20.679,0,0,0,3939,grass
20.683,0,0,0,3909,grass
20.689,0,0,0,3953,grass
20.693,0,0,0,3960,grass
20.699,0,0,0,3967,grass
20.703,0,0,0,3953,grass
20.709,0,0,0,3930,grass
20.713,0,0,0,3834,grass
20.719,0,0,0,3727,grass
20.724,0,0,0,3690,grass
20.728,0,0,0,3573,grass
20.734,0,0,0,3570,grass
20.739,0,0,0,3742,grass
20.74,0,0,0,3817,grass
20.748,0,0,0,3874,grass
20.753,0,0,0,3913,grass
20.756,0,0,0,3919,grass
20.76,0,0,0,3945,grass
20.767,0,0,0,3948,grass
20.773,0,0,0,3954,grass
20.774,0,0,0,3966,grass
20.78,0,0,0,3967,grass
20.788,0,0,0,3959,grass
20.794,0,0,0,3957,grass
20.794,0,0,0,3927,grass
20.801,0,0,0,3961,grass
20.808,0,0,0,3980,grass
20.808,0,0,0,3972,grass
20.817,0,0,0,3966,grass
20.824,0,0,0,3920,grass
20.829,0,0,0,3899,grass
20.834,0,0,0,3939,grass
20.836,0,0,0,3989,grass
20.843,0,0,0,3999,grass
20.844,0,0,0,4013,grass
20.85,0,0,0,4019,grass
20.857,0,0,0,4017,grass
20.863,0,0,0,4013,grass
20.864,0,0,0,3979,grass
20.871,0,0,0,3966,grass
20.877,0,0,0,3962,grass
20.883,0,0,0,3905,grass
20.884,0,0,0,3872,grass
20.893,0,0,0,3840,grass
20.898,0,0,0,3845,grass
20.899,0,0,0,3843,grass
20.905,0,0,0,3814,grass
20.913,0,0,0,3845,grass
20.917,0,0,0,3860,grass
20.922,0,0,0,3881,grass
20.926,0,0,0,3900,grass
20.933,0,0,0,3887,grass
20.933,0,0,0,3865,grass
20.943,0,0,0,3858,grass
20.947,0,0,0,3865,grass
20.953,0,0,0,3877,grass
20.954,0,0,0,3909,grass
20.962,0,0,0,3933,grass
20.968,0,0,0,3951,grass
20.968,0,0,0,3961,grass
20.975,0,0,0,3964,grass
20.981,0,0,0,3975,grass
20.988,0,0,0,3967,grass
20.993,0,0,0,3954,grass
20.996,0,0,0,3946,grass
21.002,0,0,0,3943,grass
21.008,0,0,0,3927,grass
21.009,0,0,0,3932,grass
21.017,0,0,0,3944,grass
21.023,0,0,0,3957,grass
21.024,0,0,0,3977,grass
21.03,0,0,0,3991,grass
21.037,0,0,0,3997,grass
21.042,0,0,0,4003,grass
21.045,0,0,0,4010,grass
21.051,0,0,0,4011,grass
21.058,0,0,0,4003,grass
21.058,0,0,0,4009,grass
21.066,0,0,0,3995,grass
21.073,0,0,0,3985,grass
21.074,0,0,0,3962,grass
21.079,0,0,0,3949,grass
21.087,0,0,0,3931,grass
21.093,0,0,0,3909,grass
21.094,0,0,0,3901,grass
21.1,0,0,0,3910,grass
21.108,0,0,0,3919,grass
21.113,0,0,0,3943,grass
21.114,0,0,0,3968,grass
21.122,0,0,0,3981,grass
21.128,0,0,0,3996,grass
21.132,0,0,0,3996,grass
21.138,0,0,0,3998,grass
21.155,0,0,0,4005,grass
21.155,0,0,0,4001,grass
21.155,0,0,0,3991,grass
21.158,0,0,0,3994,grass
21.163,0,0,0,3973,grass
21.169,0,0,0,3950,grass
21.171,0,0,0,3937,grass
21.177,0,0,0,3941,grass
21.183,0,0,0,3958,grass
21.188,0,0,0,3971,grass
21.19,0,0,0,3985,grass
21.197,0,0,0,3992,grass
21.197,0,0,0,3998,grass
21.205,0,0,0,3999,grass
21.211,0,0,0,3997,grass
21.218,0,0,0,3988,grass
21.222,0,0,0,3985,grass
21.226,0,0,0,3988,grass
21.232,0,0,0,3984,grass
21.234,0,0,0,3982,grass
21.24,0,0,0,3981,grass
21.247,0,0,0,3979,grass
21.252,0,0,0,3979,grass
21.255,0,0,0,3984,grass
21.259,0,0,0,3989,grass
21.268,0,0,0,3985,grass
21.273,0,0,0,3988,grass
21.274,0,0,0,3995,grass
21.28,0,0,0,3995,grass
21.288,0,0,0,3997,grass
21.294,0,0,0,3994,grass
21.295,0,0,0,3995,grass
21.301,0,0,0,3971,grass
21.308,0,0,0,3968,grass
21.309,0,0,0,3950,grass
21.315,0,0,0,3940,grass
21.323,0,0,0,3944,grass
21.323,0,0,0,3963,grass
21.332,0,0,0,3978,grass
21.336,0,0,0,3992,grass
21.343,0,0,0,3997,grass
21.348,0,0,0,3998,grass
21.35,0,0,0,3992,grass
21.357,0,0,0,3992,grass
21.359,0,0,0,3990,grass
21.364,0,0,0,3993,grass
21.371,0,0,0,3997,grass
21.377,0,0,0,3999,grass
21.383,0,0,0,4002,grass
21.385,0,0,0,4010,grass
21.392,0,0,0,4010,grass
21.398,0,0,0,4005,grass
21.399,0,0,0,4001,grass
21.407,0,0,0,3988,grass
21.412,0,0,0,3951,grass
21.414,0,0,0,3925,grass
21.423,0,0,0,3921,grass
21.426,0,0,0,3913,grass
21.433,0,0,0,3937,grass
21.434,0,0,0,3970,grass
21.44,0,0,0,3988,grass
21.447,0,0,0,4004,grass
21.453,0,0,0,4008,grass
21.454,0,0,0,4006,grass
21.462,0,0,0,4000,grass
21.468,0,0,0,3989,grass
21.472,0,0,0,3989,grass
21.475,0,0,0,3983,grass
21.482,0,0,0,3994,grass
21.488,0,0,0,3996,grass
21.489,0,0,0,4002,grass
21.496,0,0,0,4002,grass
21.503,0,0,0,3997,grass
21.503,0,0,0,3991,grass
21.512,0,0,0,3979,grass
21.516,0,0,0,3960,grass
21.523,0,0,0,3940,grass
21.524,0,0,0,3954,grass
21.532,0,0,0,3973,grass
21.537,0,0,0,3982,grass
21.539,0,0,0,3999,grass
21.544,0,0,0,4005,grass
21.551,0,0,0,4009,grass
21.558,0,0,0,4008,grass
21.559,0,0,0,4006,grass
21.567,0,0,0,4005,grass
21.572,0,0,0,4006,grass
21.574,0,0,0,3998,grass
21.582,0,0,0,3997,grass
21.586,0,0,0,4001,grass
21.593,0,0,0,4010,grass
21.593,0,0,0,4000,grass
21.601,0,0,0,4000,grass
21.607,0,0,0,3997,grass
21.609,0,0,0,3987,grass
21.617,0,0,0,3974,grass
21.623,0,0,0,3974,grass
21.628,0,0,0,3975,grass
21.628,0,0,0,3985,grass
21.635,0,0,0,3994,grass
21.641,0,0,0,3996,grass
21.648,0,0,0,4000,grass
21.648,0,0,0,4003,grass
21.656,0,0,0,4003,grass
21.662,0,0,0,4002,grass
21.662,0,0,0,3993,grass
21.67,0,0,0,4003,grass
21.676,0,0,0,4003,grass
21.679,0,0,0,4002,grass
21.687,0,0,0,4007,grass
21.692,0,0,0,4002,grass
21.697,0,0,0,3995,grass
21.703,0,0,0,3997,grass
21.704,0,0,0,4000,grass
21.712,0,0,0,4003,grass
21.718,0,0,0,4006,grass
21.723,0,0,0,4013,grass
21.725,0,0,0,4014,grass
21.732,0,0,0,4013,grass
21.738,0,0,0,4014,grass
21.739,0,0,0,4014,grass
21.746,0,0,0,4014,grass
21.753,0,0,0,4004,grass
21.753,0,0,0,4008,grass
21.761,0,0,0,4000,grass
21.766,0,0,0,4003,grass
21.768,0,0,0,3993,grass
21.777,0,0,0,3996,grass
21.781,0,0,0,3986,grass
21.787,0,0,0,3989,grass
21.788,0,0,0,3982,grass
21.794,0,0,0,3979,grass
21.801,0,0,0,3987,grass
21.808,0,0,0,3990,grass
21.809,0,0,0,4002,grass
21.815,0,0,0,4005,grass
21.823,0,0,0,3996,grass
21.823,0,0,0,3986,grass
21.831,0,0,0,3972,grass
21.836,0,0,0,3979,grass
21.838,0,0,0,3976,grass
21.847,0,0,0,3997,grass
21.85,0,0,0,4001,grass
21.857,0,0,0,4012,grass
21.863,0,0,0,4009,grass
21.868,0,0,0,4013,grass
21.871,0,0,0,4012,grass
21.878,0,0,0,4005,grass
21.878,0,0,0,3991,grass
21.885,0,0,0,3995,grass
21.892,0,0,0,3991,grass
21.892,0,0,0,4000,grass
21.899,0,0,0,4000,grass
21.905,0,0,0,4004,grass
21.912,0,0,0,3998,grass
21.917,0,0,0,3994,grass
21.921,0,0,0,3984,grass
21.926,0,0,0,3988,grass
21.928,0,0,0,3994,grass
21.933,0,0,0,3998,grass
21.941,0,0,0,3991,grass
21.948,0,0,0,3981,grass
21.949,0,0,0,3992,grass
21.957,0,0,0,3989,grass
21.961,0,0,0,3999,grass
21.967,0,0,0,4005,grass
21.968,0,0,0,4005,grass
21.976,0,0,0,3998,grass
21.981,0,0,0,3992,grass
21.983,0,0,0,3996,grass
21.989,0,0,0,3974,grass
21.997,0,0,0,3962,grass
22.002,0,0,0,3975,grass
22.007,0,0,0,3998,grass
22.009,0,0,0,4014,grass
22.016,0,0,0,4018,grass
22.023,0,0,0,4022,grass
22.023,0,0,0,4009,grass
22.03,0,0,0,4005,grass
22.037,0,0,0,4006,grass
22.037,0,0,0,3999,grass
22.046,0,0,0,3998,grass
22.051,0,0,0,3997,grass
22.053,0,0,0,3992,grass
22.058,0,0,0,4002,grass
22.066,0,0,0,4006,grass
22.072,0,0,0,4010,grass
22.073,0,0,0,4019,grass
22.079,0,0,0,4015,grass
22.087,0,0,0,4013,grass
22.093,0,0,0,4016,grass
22.094,0,0,0,3998,grass
22.1,0,0,0,3991,grass
22.107,0,0,0,3988,grass
22.108,0,0,0,3996,grass
22.116,0,0,0,3996,grass
22.121,0,0,0,3999,grass
22.128,0,0,0,3997,grass
22.128,0,0,0,3995,grass
22.135,0,0,0,3990,grass
22.141,0,0,0,3971,grass
22.143,0,0,0,3945,grass
22.148,0,0,0,3944,grass
22.157,0,0,0,3968,grass
22.162,0,0,0,3988,grass
22.167,0,0,0,4005,grass
22.169,0,0,0,4008,grass
22.176,0,0,0,4008,grass
22.182,0,0,0,4013,grass
22.184,0,0,0,4011,grass
22.19,0,0,0,4007,grass
22.197,0,0,0,4011,grass
22.198,0,0,0,3999,grass
22.206,0,0,0,3988,grass
22.211,0,0,0,3981,grass
22.214,0,0,0,3976,grass
22.223,0,0,0,3969,grass
22.225,0,0,0,3967,grass
22.232,0,0,0,3970,grass
22.232,0,0,0,3956,grass
22.24,0,0,0,3959,grass
22.245,0,0,0,3967,grass
22.253,0,0,0,3974,grass
22.256,0,0,0,3978,grass
22.261,0,0,0,3981,grass
22.266,0,0,0,3984,grass
22.272,0,0,0,3996,grass
22.273,0,0,0,4003,grass
22.28,0,0,0,4009,grass
22.287,0,0,0,3980,grass
22.288,0,0,0,3947,grass
22.294,0,0,0,3908,grass
22.301,0,0,0,3885,grass
22.307,0,0,0,3900,grass
22.308,0,0,0,3926,grass
22.315,0,0,0,3958,grass
22.322,0,0,0,3965,grass
22.323,0,0,0,3961,grass
22.331,0,0,0,3959,grass
22.336,0,0,0,3928,grass
22.339,0,0,0,3886,grass
22.343,0,0,0,3856,grass
22.35,0,0,0,3811,grass
22.356,0,0,0,3771,grass
22.361,0,0,0,3777,grass
22.364,0,0,0,3767,grass
22.371,0,0,0,3759,grass
22.378,0,0,0,3765,grass
22.378,0,0,0,3792,grass
22.385,0,0,0,3806,grass
22.391,0,0,0,3850,grass
22.393,0,0,0,3843,grass
22.401,0,0,0,3824,grass
22.405,0,0,0,3812,grass
22.412,0,0,0,3806,grass
22.417,0,0,0,3828,grass
22.421,0,0,0,3872,grass
22.426,0,0,0,3888,grass
22.428,0,0,0,3860,grass
22.433,0,0,0,3820,grass
22.441,0,0,0,3739,grass
22.447,0,0,0,3490,grass
22.447,0,0,0,3062,grass
22.455,0,0,0,0,grass
22.462,0,0,0,0,grass
22.462,0,0,0,0,grass
22.47,0,0,0,0,grass
22.476,0,0,0,0,grass
22.482,0,0,0,0,grass
22.487,0,0,0,653,grass
22.489,0,0,0,0,grass
22.496,0,0,0,760,grass
22.502,0,0,0,2539,grass
22.504,0,0,0,3072,grass
22.509,0,0,0,3298,grass
22.516,0,0,0,3243,grass
22.518,0,0,0,2485,grass
22.523,0,0,0,2351,grass
22.532,0,0,0,3074,grass
22.537,0,0,0,3451,grass
22.542,0,0,0,3567,grass
22.544,0,0,0,3684,grass
22.551,0,0,0,3741,grass
22.557,0,0,0,3727,grass
22.558,0,0,0,3746,grass
22.565,0,0,0,3765,grass
22.572,0,0,0,3789,grass
22.573,0,0,0,3789,grass
22.582,0,0,0,3721,grass
22.586,0,0,0,3720,grass
22.59,0,0,0,3777,grass
22.593,0,0,0,3884,grass
22.6,0,0,0,3950,grass
22.607,0,0,0,3936,grass
22.612,0,0,0,3940,grass
22.613,0,0,0,3920,grass
22.621,0,0,0,3885,grass
22.627,0,0,0,3856,grass
22.628,0,0,0,3822,grass
22.634,0,0,0,3661,grass
22.641,0,0,0,3218,grass
22.647,0,0,0,3003,grass
22.648,0,0,0,3241,grass
22.655,0,0,0,3782,grass
22.662,0,0,0,3951,grass
22.664,0,0,0,3983,grass
22.672,0,0,0,3989,grass
22.676,0,0,0,3974,grass
22.677,0,0,0,3981,grass
22.687,0,0,0,3984,grass
22.69,0,0,0,3994,grass
22.697,0,0,0,4004,grass
22.697,0,0,0,4019,grass
22.704,0,0,0,4017,grass
22.711,0,0,0,4004,grass
22.714,0,0,0,3988,grass
22.718,0,0,0,3994,grass
22.725,0,0,0,3957,grass
22.732,0,0,0,3993,grass
22.732,0,0,0,4000,grass
22.742,0,0,0,3980,grass
22.745,0,0,0,3963,grass
22.752,0,0,0,3950,grass
22.753,0,0,0,3982,grass
22.759,0,0,0,3966,grass
22.766,0,0,0,3997,grass
22.766,0,0,0,4000,grass
22.774,0,0,0,3991,grass
22.782,0,0,0,3990,grass
22.782,0,0,0,4009,grass
22.792,0,0,0,4008,grass
22.797,0,0,0,4013,grass
22.801,0,0,0,3995,grass
22.805,0,0,0,3981,grass
22.808,0,1093,0,3966,grass
22.816,0,0,0,3991,grass
22.822,0,0,0,4000,grass
22.824,0,0,0,4002,grass
22.829,0,0,0,3990,grass
22.836,0,1828,0,3977,grass
22.842,0,2780,0,3995,grass
22.845,0,1971,0,3997,grass
22.85,0,1109,0,4003,grass
22.857,0,2012,0,4003,grass
22.858,0,1948,0,4000,grass
22.864,0,2852,0,3993,grass
22.871,0,3006,0,3991,grass
22.873,0,2887,0,3974,grass
22.878,0,2358,0,4004,grass
22.885,0,0,0,3981,grass
22.892,0,1003,0,3981,grass
22.892,0,2771,0,3958,grass
22.901,0,3033,0,3921,grass
22.906,0,2970,0,3932,grass
22.908,0,2699,0,3963,grass
22.913,0,1901,0,3978,grass
22.92,0,2975,0,3952,grass
22.927,0,3112,0,3915,grass
22.927,0,2879,0,3928,grass
22.935,0,2924,0,3969,grass
22.94,0,2945,0,3963,grass
22.943,0,3021,0,3972,grass
22.948,0,3248,0,3964,grass
22.955,0,3215,0,3950,grass
22.961,0,3226,0,3985,grass
22.963,0,3205,0,4019,grass
22.968,0,3038,0,4024,grass
22.975,0,3199,0,4016,grass
22.981,0,3440,0,4015,grass
22.982,0,3535,0,4004,grass
22.989,0,3558,0,4005,grass
22.996,0,3335,0,4016,grass
22.997,0,3556,0,4004,grass
23.003,0,3411,0,4003,grass
23.01,0,2769,0,4018,grass
23.017,0,3142,0,4006,grass
23.017,0,3154,0,3986,grass
23.024,0,3206,0,3989,grass
23.031,0,3268,0,3991,grass
23.037,0,3260,0,4007,grass
23.038,0,3218,0,4010,grass
23.045,0,2550,0,4017,grass
23.051,0,2459,0,4025,grass
23.052,0,3236,0,4025,grass
23.058,0,3516,0,4017,grass
23.065,0,3631,0,4012,grass
23.071,0,3511,0,4021,grass
23.072,0,3327,0,4029,grass
23.079,0,3296,0,3992,grass
23.086,0,3083,0,4026,grass
23.087,0,3357,0,4017,grass
23.096,0,3528,0,4016,grass
23.1,0,3592,0,4005,grass
23.107,0,3584,0,4018,grass
23.107,0,3513,0,4016,grass
23.114,0,3434,0,4027,grass
23.121,0,3429,0,4028,grass
23.127,0,3479,0,4027,grass
23.128,0,3484,0,4005,grass
23.134,0,3572,0,4029,grass
23.142,0,3559,0,4039,grass
23.146,0,3442,0,4040,grass
23.148,0,3331,0,4042,grass
23.155,0,3353,0,4036,grass
23.162,0,3245,0,4043,grass
23.166,0,3038,0,4028,grass
23.169,0,2728,0,4041,grass
23.176,0,0,0,4049,grass
23.176,0,1635,0,4043,grass
23.186,0,3098,0,4035,grass
23.19,0,3451,0,4032,grass
23.196,0,3392,0,4024,grass
23.197,0,3380,0,4038,grass
23.205,0,3417,0,4047,grass
23.21,0,3523,0,4042,grass
23.212,0,3598,0,4040,grass
23.218,0,3613,0,4029,grass
23.225,0,3458,0,4045,grass
23.231,0,2716,0,4037,grass
23.232,0,2582,0,4025,grass
23.238,0,3121,0,4021,grass
23.246,0,3443,0,4019,grass
23.246,0,3482,0,4023,grass
23.256,0,3032,0,4027,grass
23.261,0,1917,0,4031,grass
23.267,0,947,0,4025,grass
23.267,0,2601,0,4017,grass
23.273,0,2909,0,3992,grass
23.281,0,2596,0,4007,grass
23.281,0,0,0,4025,grass
23.29,0,0,0,4025,grass
23.294,0,0,0,4024,grass
23.301,0,0,0,4009,grass
23.306,0,0,0,4000,grass
23.311,0,0,0,3984,grass
23.315,0,0,0,3992,grass
23.318,0,0,0,3994,grass
23.325,2528,0,0,3991,grass
23.329,0,0,0,3997,grass
23.336,4014,0,0,3963,grass
23.337,4009,0,0,3930,grass
23.343,3871,0,0,3911,grass
23.351,0,0,0,3881,grass
23.356,0,0,0,3694,grass
23.361,0,0,0,3316,grass
23.364,0,0,0,3402,grass
23.371,0,0,0,3562,grass
23.377,2929,0,0,3682,grass
23.381,3793,0,0,3933,grass
23.384,3566,0,0,4005,grass
23.392,3796,0,0,4031,grass
23.392,3673,0,0,4048,grass
23.401,3660,0,0,4049,grass
23.405,3120,0,0,4045,grass
23.408,0,0,0,4039,grass
23.412,0,0,0,4030,grass
23.419,0,0,0,4030,grass
23.426,0,0,0,4019,grass
23.426,0,0,0,4017,grass
23.433,0,0,0,4004,grass
23.44,0,0,0,4008,grass
23.446,0,0,0,4005,grass
23.45,0,0,0,4014,grass
23.454,0,0,0,4024,grass
23.461,0,0,0,4031,grass
23.461,0,0,0,4037,grass
23.471,0,0,0,4043,grass
23.474,0,0,0,4041,grass
23.481,0,0,0,4039,grass
23.485,0,0,0,4039,grass
23.489,0,0,0,4037,grass
23.496,0,0,0,4029,grass
23.496,0,0,0,4023,grass
23.506,0,0,0,4008,grass
23.509,0,0,0,4014,grass
23.512,0,0,0,4021,grass
23.521,0,0,0,4024,grass
23.525,0,0,0,4033,grass
23.53,0,0,0,4034,grass
23.53,0,0,0,4032,grass
23.537,0,2139,0,4037,grass
23.544,0,0,0,4028,grass
23.551,0,0,0,4027,grass
23.555,0,0,0,4018,grass
23.558,0,0,0,4006,grass
23.565,0,0,0,3997,grass
23.568,0,0,0,3962,grass
23.572,0,0,0,3928,grass
23.58,0,0,0,3926,grass
23.586,0,0,0,3959,grass
23.591,0,0,0,3973,grass
23.593,0,0,0,3991,grass
23.6,0,0,0,4010,grass
23.6,0,0,0,4000,grass
23.607,0,0,0,3992,grass
23.614,0,0,0,3984,grass
23.621,0,0,0,3968,grass
23.625,0,0,0,3960,grass
23.628,0,0,0,3973,grass
23.634,0,0,0,3992,grass
23.637,0,0,0,4005,grass
23.641,0,0,0,4007,grass
23.65,0,0,0,4006,grass
23.655,0,0,0,4000,grass
23.658,0,0,0,3993,grass
23.662,0,0,0,3969,grass
23.669,0,0,0,3924,grass
23.676,0,0,0,3878,grass
23.681,0,0,0,3814,grass
23.683,0,0,0,3782,grass
23.69,0,0,0,3721,grass
23.696,0,0,0,3637,grass
23.697,0,0,0,3551,grass
23.706,0,0,0,3434,grass
23.711,0,0,0,2662,grass
23.712,0,0,0,553,grass
23.718,0,0,0,0,grass
23.726,0,0,0,0,grass
23.731,0,0,0,0,grass
23.732,0,0,0,0,grass
23.738,0,0,0,0,grass
23.746,0,0,0,0,grass
23.75,0,0,0,0,grass
23.752,0,0,0,0,grass
23.76,0,0,0,0,grass
23.766,0,0,0,0,grass
23.771,0,0,0,0,grass
23.773,0,0,0,0,grass
23.78,0,0,0,0,grass
23.781,0,0,0,0,grass
23.787,0,0,0,0,grass
23.794,0,0,0,0,grass
23.801,0,0,0,0,grass
23.805,0,0,0,0,grass
23.808,0,0,0,0,grass
23.815,0,0,0,0,grass
23.821,0,0,0,0,grass
23.826,0,0,0,0,grass
23.83,0,0,0,0,grass
23.836,0,0,0,0,grass
23.838,0,0,0,0,grass
23.843,0,0,0,0,grass
23.851,0,0,0,0,grass
23.856,1651,0,0,0,grass
23.857,0,0,0,0,grass
23.864,0,0,0,0,grass
23.871,0,0,0,0,grass
23.875,0,0,0,0,grass
23.878,1226,0,0,0,grass
23.885,3498,0,0,0,grass
23.891,3558,0,0,0,grass
23.892,3277,0,0,0,grass
23.899,0,0,0,0,grass
23.905,0,0,0,0,grass
23.906,0,0,0,0,grass
23.916,0,0,0,0,grass
23.919,0,0,0,0,grass
23.926,0,0,0,0,grass
23.926,0,0,0,0,grass
23.933,0,0,0,0,grass
23.94,0,0,0,0,grass
23.946,0,0,0,0,grass
23.95,0,0,0,0,grass
23.954,0,0,0,0,grass
23.961,0,0,0,0,grass
23.961,0,0,0,0,grass
23.968,0,0,0,0,grass
23.974,0,0,0,0,grass
23.981,0,0,0,0,grass
23.986,0,0,0,0,grass
23.989,0,0,0,0,grass
23.996,0,0,0,0,grass
23.996,2737,0,0,0,grass
24.002,3404,0,0,0,grass
24.009,3456,0,0,0,grass
24.015,2686,0,0,0,grass
24.02,0,0,0,0,grass
24.026,0,0,0,0,grass
24.031,0,0,0,0,grass
24.031,0,0,0,0,grass
24.037,0,0,0,0,grass
24.044,0,0,0,0,grass
24.05,0,0,0,0,grass
24.051,0,0,859,0,grass
24.058,0,0,892,0,grass
24.065,3661,0,0,0,grass
24.065,3872,0,0,0,grass
24.073,3810,0,0,0,grass
24.079,2374,0,0,0,grass
24.086,0,0,0,0,grass
24.09,0,0,0,0,grass
24.093,0,0,0,0,grass
24.1,0,0,0,0,grass
24.106,0,0,0,0,grass
24.107,0,0,0,0,grass
24.114,0,0,0,0,grass
24.12,0,0,0,0,grass
24.125,0,0,0,0,grass
24.127,0,0,0,0,grass
24.135,0,0,0,0,grass
24.141,0,0,0,0,grass
24.142,0,0,0,0,grass
24.148,0,0,0,0,grass
24.155,0,0,0,0,grass
24.155,0,0,0,0,grass
24.164,0,0,0,0,grass
24.169,0,0,0,0,grass
24.175,0,0,0,0,grass
24.176,0,0,0,0,grass
24.183,0,0,0,0,grass
24.19,0,0,0,0,grass
24.195,0,0,0,0,grass
24.197,0,0,0,0,grass
24.205,0,0,0,0,grass
24.21,0,0,0,0,grass
24.211,0,0,0,0,grass
24.218,0,0,0,0,grass
24.225,0,0,0,0,grass
24.226,0,0,0,0,grass
24.236,376,0,0,0,grass
24.239,1078,0,0,0,grass
24.246,1357,0,0,0,grass
24.246,0,0,0,0,grass
24.252,0,0,0,0,grass
24.259,0,0,0,0,grass
24.265,0,0,0,0,grass
24.266,0,0,0,0,grass
24.275,0,0,0,0,grass
24.281,0,0,0,0,grass
24.281,0,0,0,0,grass
24.287,0,0,0,0,grass
24.294,2434,0,0,0,grass
24.296,3012,0,0,0,grass
24.301,3353,0,0,0,grass
24.308,3434,0,0,0,grass
24.316,3241,0,0,0,grass
24.316,2634,0,0,0,grass
24.323,1650,0,0,0,grass
24.328,0,0,0,0,grass
24.331,0,0,0,0,grass
24.339,0,0,0,0,grass
24.343,0,0,0,0,grass
24.349,0,0,0,0,grass
24.356,0,0,0,0,grass
24.356,0,0,0,0,grass
24.364,2093,0,0,0,grass
24.37,2575,0,0,0,grass
24.371,2858,0,0,0,grass
24.378,3082,0,0,0,grass
24.384,2534,0,0,0,grass
24.39,1737,0,0,0,grass
24.391,0,0,0,0,grass
24.399,0,0,0,0,grass
24.405,0,0,0,0,grass
24.41,0,0,0,0,grass
24.413,0,0,0,0,grass
24.42,0,0,0,0,grass
24.425,0,0,0,0,grass
24.431,1713,0,0,0,grass
24.435,2350,0,0,0,grass
24.44,3032,0,0,0,grass
24.445,3425,0,0,0,grass
24.447,3523,0,0,0,grass
24.454,3535,0,0,0,grass
24.46,3577,0,0,0,grass
24.462,3559,0,0,0,grass
24.47,3559,0,0,0,grass
24.475,3655,0,0,0,grass
24.48,3702,0,0,0,grass
24.481,3690,0,0,0,grass
24.489,3692,0,0,0,grass
24.496,3602,0,0,0,grass
24.5,3331,0,0,0,grass
24.502,2593,0,0,0,grass
24.51,1928,0,0,0,grass
24.515,429,0,0,0,grass
24.516,765,0,0,0,grass
24.523,0,0,0,0,grass
24.53,0,0,0,0,grass
24.53,0,0,0,0,grass
24.54,0,0,0,0,grass
24.544,0,0,0,0,grass
24.547,2167,0,0,0,grass
24.551,3311,0,0,0,grass
24.558,3605,0,0,0,grass
24.565,3691,0,0,0,grass
24.565,3718,0,0,0,grass
24.572,3698,0,0,0,grass
24.578,3679,0,0,0,grass
24.581,3674,0,0,0,grass
24.586,3674,0,0,0,grass
24.593,3671,0,0,0,grass
24.599,3681,0,0,0,grass
24.601,3718,0,0,0,grass
24.606,3718,0,0,0,grass
24.614,3746,0,0,0,grass
24.62,3752,0,0,0,grass
24.621,3770,0,0,0,grass
24.63,3781,0,0,0,grass
24.634,3778,0,0,0,grass
24.64,3741,0,0,0,grass
24.645,3735,0,0,0,grass
24.648,3694,0,0,0,grass
24.655,3643,0,0,0,grass
24.655,3589,0,0,0,grass
24.662,3476,0,0,0,grass
24.669,3093,0,0,0,grass
24.675,2621,0,0,0,grass
24.679,2560,0,0,0,grass
24.685,2288,0,0,0,grass
24.69,2620,0,0,0,grass
24.691,2808,0,0,0,grass
24.697,3225,0,0,0,grass
24.705,3333,0,0,0,grass
24.708,3483,0,0,0,grass
24.714,3603,0,0,0,grass
24.72,3699,0,0,0,grass
24.725,3768,0,0,0,grass
24.73,3784,0,0,0,grass
24.732,3810,0,0,0,grass
24.739,3827,0,0,0,grass
24.739,3800,0,0,0,grass
24.746,3780,0,0,0,grass
24.753,3772,0,0,0,grass
24.76,3759,0,0,0,grass
24.764,3747,0,0,0,grass
24.766,3730,0,0,0,grass
24.773,3698,0,0,0,grass
24.776,3652,0,0,0,grass
24.78,3643,0,0,0,grass
24.789,3638,0,0,0,grass
24.794,3645,0,0,0,grass
24.797,3657,0,0,0,grass
24.801,3654,0,0,0,grass
24.808,3676,0,0,0,grass
24.815,3706,0,0,0,grass
24.816,3733,0,0,0,grass
24.822,3752,0,0,0,grass
24.829,3782,0,0,0,grass
24.835,3838,0,0,0,grass
24.836,3854,0,0,0,grass
24.843,3872,0,0,0,grass
24.849,3881,0,0,0,grass
24.851,3868,0,0,0,grass
24.857,3816,0,0,0,grass
24.864,3686,0,0,0,grass
24.87,3483,0,0,0,grass
24.871,2884,0,0,0,grass
24.877,2517,0,0,0,grass
24.884,2542,0,0,0,grass
24.884,2809,0,0,0,grass
24.893,3019,0,0,0,grass
24.898,3244,0,0,0,grass
24.9,3553,0,0,0,grass
24.905,3696,0,0,0,grass
24.912,3796,0,0,0,grass
24.919,3862,0,0,0,grass
24.92,3899,0,0,0,grass
24.929,3913,0,0,0,grass
24.933,3919,0,0,0,grass
24.94,3910,0,0,0,grass
24.94,3886,0,0,0,grass
24.947,3858,0,0,0,grass
24.953,3853,0,0,0,grass
24.956,3849,0,0,0,grass
24.961,3842,0,0,0,grass
24.968,3805,0,0,0,grass
24.974,3736,0,0,0,grass
24.975,3686,0,0,0,grass
24.981,3706,0,0,0,grass
24.988,3680,0,0,0,grass
24.995,3694,0,0,0,grass
24.996,3693,0,0,0,grass
25.002,3716,0,0,0,grass
25.009,3748,0,0,0,grass
25.01,3774,0,0,0,grass
25.016,3751,0,0,0,grass
25.023,3590,0,0,0,grass
25.029,3407,0,0,0,grass
25.031,2510,0,0,0,grass
25.037,0,0,0,0,grass
25.044,0,0,0,0,grass
25.049,2790,0,0,0,grass
25.051,3772,0,0,0,grass
25.058,3894,0,0,0,grass
25.065,3948,0,0,0,grass
25.065,3964,0,0,0,grass
25.073,3962,0,0,0,grass
25.079,3953,0,0,0,grass
25.082,3924,0,0,0,grass
25.086,3830,0,0,0,grass
25.093,3748,0,0,0,grass
25.099,3634,0,0,0,grass
25.1,3565,0,0,0,grass
25.106,3558,0,0,0,grass
25.113,3559,0,0,0,grass
25.113,3643,0,0,0,grass
25.12,3743,0,0,0,grass
25.127,3799,0,0,0,grass
25.134,3845,0,0,0,grass
25.138,3835,0,0,0,grass
25.141,3811,0,0,0,grass
25.148,3720,0,0,0,grass
25.15,3613,0,0,0,grass
25.155,2643,0,0,0,grass
25.163,0,0,0,0,grass
25.17,0,0,0,0,grass
25.171,0,0,0,0,grass
25.179,0,0,0,0,grass
25.183,3402,0,0,0,grass
25.187,3474,0,0,0,grass
25.19,3494,0,0,0,grass
25.197,3588,0,0,0,grass
25.204,3757,0,0,0,grass
25.205,3885,0,0,0,grass
25.211,3918,0,377,0,grass
25.218,3938,0,0,0,grass
25.224,3932,0,0,0,grass
25.226,3947,0,0,0,grass
25.233,3993,0,0,0,grass
25.239,3993,0,463,0,grass
25.245,3974,0,1317,0,grass
25.245,3911,0,0,0,grass
25.252,3489,0,0,0,grass
25.259,3698,0,0,0,grass
25.259,3776,0,0,0,grass
25.268,3771,0,0,0,grass
25.273,3759,0,0,0,grass
25.279,3480,0,0,0,grass
25.28,2641,0,0,0,grass
25.289,2981,0,0,0,grass
25.294,3709,0,0,0,grass
25.299,3873,0,0,0,grass
25.301,3901,0,0,0,grass
25.308,3890,0,0,0,grass
25.314,3874,0,0,0,grass
25.315,3879,0,1247,0,grass
25.322,3916,0,0,0,grass
25.329,3944,0,0,0,grass
25.33,3937,0,0,0,grass
25.339,3873,0,0,0,grass
25.343,3612,0,0,0,grass
25.347,2006,0,0,0,grass
25.35,3309,0,0,0,grass
25.357,3732,0,0,0,grass
25.363,3852,0,0,0,grass
25.369,3872,0,0,0,grass
25.37,3859,0,0,0,grass
25.377,3584,0,0,0,grass
25.384,1585,0,0,0,grass
25.384,0,0,0,0,grass
25.391,0,0,0,0,grass
25.398,0,0,0,0,grass
25.4,0,0,0,0,grass
25.405,1385,0,0,0,grass
25.412,3247,0,0,0,grass
25.419,3239,0,0,0,grass
25.419,3299,0,0,0,grass
25.428,3205,0,0,0,grass
25.433,3356,0,0,0,grass
25.436,3604,0,0,0,grass
25.44,3578,0,0,0,grass
25.447,2872,0,0,0,grass
25.454,0,0,0,0,grass
25.459,0,0,0,0,grass
25.46,0,0,0,0,grass
25.468,0,0,0,0,grass
25.474,0,0,0,0,grass
25.475,1000,0,0,0,grass
25.482,0,0,0,0,grass
25.488,0,0,0,0,grass
25.492,0,0,0,0,grass
25.498,0,0,0,0,grass
25.502,0,0,0,0,grass
25.509,0,0,0,0,grass
25.509,2426,0,0,0,grass
25.519,3606,0,0,0,grass
25.523,3701,0,0,0,grass
25.529,3589,0,0,0,grass
25.533,0,0,0,0,grass
25.537,0,0,0,0,grass
25.544,0,0,0,0,grass
25.544,0,0,0,0,grass
25.551,0,0,0,0,grass
25.558,0,0,0,0,grass
25.564,0,0,0,0,grass
25.565,0,0,0,0,grass
25.572,0,0,0,0,grass
25.578,0,0,0,0,grass
25.584,0,0,0,0,grass
25.586,0,0,0,0,grass
25.592,0,0,0,0,grass
25.599,0,0,0,0,grass
25.599,0,0,0,0,grass
25.609,0,0,0,0,grass
25.613,0,0,0,0,grass
25.616,0,0,0,0,grass
25.62,0,0,0,0,grass
25.627,0,0,0,0,grass
25.634,0,0,0,0,grass
25.636,0,0,0,0,grass
25.641,0,0,0,0,grass
25.649,0,0,0,0,grass
25.649,0,0,0,0,grass
25.659,0,0,0,0,grass
25.662,0,0,0,0,grass
25.669,0,0,0,0,grass
25.669,0,0,0,0,grass
25.679,0,0,0,0,grass
25.683,0,0,0,0,grass
25.685,0,0,0,0,grass
25.69,0,0,0,0,grass
25.697,0,0,0,0,grass
25.704,0,0,0,0,grass
25.704,0,0,0,0,grass
25.712,0,0,0,0,grass
25.717,0,0,0,0,grass
25.724,0,0,0,0,grass
25.725,0,0,0,0,grass
25.732,0,0,0,0,grass
25.738,0,0,0,0,grass
25.74,0,0,0,0,grass
25.745,0,0,0,0,grass
25.752,0,0,0,0,grass
25.758,0,0,0,0,grass
25.759,0,0,0,0,grass
25.766,0,0,0,0,grass
25.773,0,0,0,0,grass
25.775,0,0,0,0,grass
25.784,0,0,0,0,grass
25.787,0,0,0,0,grass
25.794,0,0,0,0,grass
25.799,0,0,0,0,grass
25.801,0,0,0,0,grass
25.807,0,0,0,0,grass
25.814,0,0,0,0,grass
25.815,0,0,0,0,grass
25.822,0,0,0,0,grass
25.829,0,0,0,0,grass
25.831,0,0,0,0,grass
25.836,0,0,0,0,grass
25.843,0,0,0,0,grass
25.844,0,0,0,0,grass
25.853,1119,0,0,0,grass
25.857,1114,0,0,0,grass
25.863,0,0,0,0,grass
25.863,0,0,0,0,grass
25.87,0,0,0,0,grass
25.877,0,0,0,0,grass
25.884,0,0,0,0,grass
25.885,0,0,0,0,grass
25.891,0,0,0,0,grass
25.898,0,0,0,0,grass
25.899,0,0,0,0,grass
25.905,0,0,0,0,grass
25.912,0,0,0,0,grass
25.919,0,0,0,0,grass
25.92,1076,0,0,0,grass
25.926,1946,0,913,0,grass
25.932,1931,0,2791,0,grass
25.939,1724,0,3184,0,grass
25.94,2055,0,3509,0,grass
25.947,2672,0,3561,0,grass
25.954,2950,0,3545,0,grass
25.954,2942,0,3472,0,grass
25.96,2542,0,3292,0,grass
25.967,0,0,3357,0,grass
25.974,0,0,3456,0,grass
25.979,0,0,3447,0,grass
25.981,0,0,3370,0,grass
25.988,0,0,3355,0,grass
25.988,0,0,3281,0,grass
25.995,2008,0,3204,0,grass
26.003,3122,0,3330,0,grass
26.008,3416,0,3341,0,grass
26.012,3647,0,3439,0,grass
26.017,3761,0,3548,0,grass
26.028,3852,0,3605,0,grass
26.028,3879,0,3641,0,grass
26.034,3904,0,3624,0,grass
26.038,3922,0,3572,0,grass
26.044,3927,0,3505,0,grass
26.049,3936,0,3436,0,grass
26.051,3943,0,3545,0,grass
26.058,3944,0,3612,0,grass
26.063,3947,0,3614,0,grass
26.065,3953,0,3596,0,grass
26.072,3963,0,3554,0,grass
26.079,3967,0,3461,0,grass
26.084,3964,0,3329,0,grass
26.085,3956,0,3445,0,grass
26.092,3951,0,3417,0,grass
26.099,3936,0,3424,0,grass
26.099,3941,0,3469,0,grass
26.107,3952,0,3453,0,grass
26.113,3968,0,3460,0,grass
26.114,3985,0,3480,0,grass
26.12,3990,0,3501,0,grass
26.127,3985,0,3490,0,grass
26.133,3985,0,3491,0,grass
26.135,3968,0,3506,0,grass
26.141,3946,0,3541,0,grass
26.148,3952,0,3532,0,grass
26.153,3983,0,3255,0,grass
26.158,3986,0,3424,0,grass
26.163,3994,0,3324,0,grass
26.166,3996,0,3418,0,grass
26.169,4005,0,3494,0,grass
26.175,4006,0,3555,0,grass
26.183,4006,0,3585,0,grass
26.183,4006,0,3718,0,grass
26.191,4005,0,3761,0,grass
26.197,4009,0,3748,0,grass
26.204,4015,0,3764,0,grass
26.204,4021,0,3739,0,grass
26.211,4022,0,3740,0,grass
26.218,4022,0,3721,0,grass
26.218,4020,0,3702,0,grass
26.226,4016,0,3713,0,grass
26.232,4007,0,3654,0,grass
26.238,4011,0,3515,0,grass
26.243,3999,0,3371,0,grass
26.245,4000,0,3431,0,grass
26.252,3998,0,3568,0,grass
26.259,4005,0,3581,0,grass
26.259,4017,0,3480,0,grass
26.268,4020,0,3318,0,grass
26.273,4025,0,3143,0,grass
26.278,4019,0,3462,0,grass
26.28,4015,0,3653,0,grass
26.289,4022,0,3687,0,grass
26.289,4025,0,3656,0,grass
26.295,4022,0,3699,0,grass
26.301,4024,0,3713,0,grass
26.308,4024,0,3704,0,grass
26.314,4029,0,3693,0,grass
26.317,4018,0,3633,0,grass
26.322,4020,0,3476,0,grass
26.329,4012,0,3524,0,grass
26.332,4014,0,3565,0,grass
26.338,4013,0,3481,0,grass
26.342,4018,0,3306,0,grass
26.348,4024,0,2870,0,grass
26.349,4024,0,2253,0,grass
26.356,4024,0,2218,0,grass
26.363,4015,0,2943,0,grass
26.364,4015,0,3509,0,grass
26.37,4015,0,3553,0,grass
26.378,4024,0,3462,0,grass
26.383,4024,0,3421,0,grass
26.384,4014,0,3494,0,grass
26.391,4014,0,3456,0,grass
26.398,4016,0,3461,0,grass
26.403,4018,0,3547,0,grass
26.405,4019,0,3593,0,grass
26.412,4023,0,3474,0,grass
26.418,4019,0,3132,0,grass
26.419,4021,0,2083,0,grass
26.426,4017,0,0,0,grass
26.433,4009,0,0,0,grass
26.434,3990,0,0,0,grass
26.442,3987,0,0,0,grass
26.447,3992,0,1041,0,grass
26.453,3998,0,2580,0,grass
26.458,4015,0,1302,0,grass
26.46,4024,0,0,0,grass
26.467,4025,0,0,0,grass
26.474,4019,0,0,0,grass
26.474,4024,0,0,0,grass
26.481,4021,0,0,3154,grass
26.488,4022,0,0,3424,grass
26.488,4016,0,0,3399,grass
26.497,4007,0,0,3327,grass
26.502,3979,0,0,3485,grass
26.508,3941,0,0,3583,grass
26.509,3908,0,0,3618,grass
26.516,3875,0,0,3655,grass
26.523,3897,0,0,3574,grass
26.524,3937,0,0,3152,grass
26.532,3973,0,0,0,grass
26.537,3990,0,0,0,grass
26.544,4006,0,0,0,grass
26.545,4004,0,0,0,grass
26.551,4009,0,0,0,grass
26.558,4012,0,0,0,grass
26.558,4013,0,0,0,grass
26.569,4003,0,0,0,grass
26.572,3996,0,0,0,grass
26.579,3986,0,0,0,grass
26.579,3995,0,0,0,grass
26.586,3994,0,0,0,grass
26.592,4011,0,0,0,grass
26.594,4014,0,0,0,grass
26.6,4015,0,0,0,grass
26.607,4012,0,0,0,grass
26.614,4015,0,1887,0,grass
26.614,4019,0,2938,0,grass
26.62,4022,0,3060,0,grass
26.627,4018,0,2879,0,grass
26.632,4019,0,2498,0,grass
26.637,4013,0,1241,0,grass
26.641,3995,0,1200,0,grass
26.648,3971,0,0,0,grass
26.648,3954,0,0,0,grass
26.658,3931,0,0,0,grass
26.662,3938,0,0,0,grass
26.668,3963,0,0,0,grass
26.672,3984,0,0,0,grass
26.676,3998,0,0,0,grass
26.682,4002,0,0,0,grass
26.688,3999,0,0,0,grass
26.69,3994,0,0,0,grass
26.697,3992,0,0,0,grass
26.703,3991,0,0,0,grass
26.708,3990,0,0,0,grass
26.71,3986,0,0,0,grass
26.718,3988,0,0,0,grass
26.724,3989,0,0,0,grass
26.725,3990,0,0,0,grass
26.732,3993,0,0,0,grass
26.738,3996,0,0,0,grass
26.738,4004,0,0,0,grass
26.748,3996,0,0,0,grass
26.752,3996,0,0,0,grass
26.758,3969,0,0,0,grass
26.759,3950,0,0,0,grass
26.766,3954,0,0,0,grass
26.773,3953,0,0,0,grass
26.775,3961,0,0,0,grass
26.78,3957,0,0,0,grass
26.787,3951,0,0,0,grass
26.793,3938,0,0,0,grass
26.798,3922,0,0,0,grass
26.803,3905,0,0,0,grass
26.808,3872,0,0,0,grass
26.809,3818,0,0,0,grass
26.818,3782,0,0,0,grass
26.822,3798,0,0,0,grass
26.828,3758,0,0,0,grass
26.833,3822,0,0,0,grass
26.836,3896,0,0,0,grass
26.842,3922,0,0,0,grass
26.844,3936,0,0,0,grass
26.849,3935,0,0,0,grass
26.857,3928,0,0,0,grass
26.863,3916,0,0,0,grass
26.863,3897,0,0,0,grass
26.873,3747,0,0,0,grass
26.877,2915,0,0,0,grass
26.882,1906,0,0,0,grass
26.884,430,0,0,0,grass
26.891,0,0,0,0,grass
26.898,0,0,0,0,grass
26.899,0,0,0,0,grass
26.905,0,0,0,0,grass
26.912,0,0,0,0,grass
26.918,0,0,0,0,grass
26.919,0,0,0,0,grass
26.927,0,0,0,0,grass
26.933,0,0,0,0,grass
26.934,0,0,0,0,grass
26.94,0,0,0,0,grass
26.947,0,0,0,0,grass
26.953,0,0,0,0,grass
26.958,0,0,0,0,grass
26.96,0,0,0,2531,grass
26.967,0,0,0,3023,grass
26.969,0,0,0,3235,grass
26.977,0,0,0,3418,grass
26.982,0,0,0,3536,grass
26.988,0,0,0,3533,grass
26.993,0,0,0,3440,grass
26.995,0,0,0,3372,grass
27.002,0,0,0,3550,grass
27.002,0,0,0,3597,grass
27.009,0,0,0,3658,grass
27.016,0,0,0,3779,grass
27.023,0,0,0,3690,grass
27.024,0,0,0,3783,grass
27.033,0,0,0,3864,grass
27.037,0,0,0,3894,grass
27.037,0,0,0,3898,grass
27.048,0,0,0,3884,grass
27.052,0,0,0,3825,grass
27.058,0,0,0,3708,grass
27.063,0,0,0,3350,grass
27.065,0,0,0,0,grass
27.072,0,0,0,0,grass
27.078,0,0,0,3038,grass
27.079,0,0,0,3535,grass
27.086,0,0,0,3729,grass
27.092,0,0,0,3722,grass
27.094,0,0,0,3574,grass
27.099,0,0,0,3369,grass
27.106,0,0,0,2560,grass
27.113,0,0,0,0,grass
27.118,0,0,0,0,grass
27.12,0,0,0,0,grass
27.127,0,0,0,0,grass
27.133,0,0,0,0,grass
27.134,0,0,0,0,grass
27.141,0,0,0,1671,grass
27.148,0,0,0,3429,grass
27.149,0,0,0,3722,grass
27.155,0,0,0,3800,grass
27.162,0,0,0,3828,grass
27.168,0,0,0,3772,grass
27.169,0,0,0,3728,grass
27.176,0,0,0,3686,grass
27.183,0,0,0,3699,grass
27.183,0,0,0,3703,grass
27.193,0,0,0,3775,grass
27.196,0,0,0,3824,grass
27.203,0,0,0,3882,grass
27.208,0,0,0,3910,grass
27.211,0,0,0,3920,grass
27.217,0,0,0,3918,grass
27.217,0,0,0,3908,grass
27.224,0,0,0,3884,grass
27.233,0,0,0,3891,grass
27.235,0,0,0,3906,grass
27.242,0,0,0,3904,grass
27.245,0,0,0,3879,grass
27.252,0,0,0,3856,grass
27.252,0,0,0,3784,grass
27.259,0,0,0,3555,grass
27.266,0,0,0,2975,grass
27.273,0,0,0,1966,grass
27.273,0,0,0,0,grass
27.28,0,0,0,2771,grass
27.287,0,0,0,3559,grass
27.287,0,0,0,3758,grass
27.298,0,0,0,3842,grass
27.301,0,0,0,3880,grass
27.307,0,0,0,3886,grass
27.308,0,0,0,3869,grass
27.315,0,0,0,3862,grass
27.321,0,0,0,3796,grass
27.328,0,0,0,3610,grass
27.329,0,0,0,3365,grass
27.338,0,0,0,3396,grass
27.342,0,0,0,3471,grass
27.344,0,0,0,3518,grass
27.349,0,0,0,3567,grass
27.356,0,0,0,3516,grass
27.362,0,0,0,3639,grass
27.363,0,0,0,3590,grass
27.371,0,0,0,3714,grass
27.377,0,0,0,3708,grass
27.383,0,0,0,3694,grass
27.388,0,0,0,3770,grass
27.391,0,0,0,3731,grass
27.398,0,0,0,3746,grass
27.398,0,0,0,3742,grass
27.405,0,0,0,3779,grass
27.411,0,0,0,3807,grass
27.418,0,0,0,3812,grass
27.419,0,0,0,3840,grass
27.425,0,0,0,3844,grass
27.433,0,0,0,3859,grass
27.433,0,0,0,3862,grass
27.44,0,0,0,3872,grass
27.446,0,0,0,3894,grass
27.453,0,0,0,3906,grass
27.454,0,0,0,3920,grass
27.46,0,0,0,3907,grass
27.467,0,0,0,3906,grass
27.468,0,0,0,3904,grass
27.474,0,0,0,3867,grass
27.483,0,0,0,3840,grass
27.488,0,0,0,3826,grass
27.489,0,0,0,3829,grass
27.495,0,0,0,3837,grass
27.502,0,0,0,3862,grass
27.507,0,0,0,3896,grass
27.509,0,0,0,3906,grass
27.516,0,0,0,3898,grass
27.523,0,0,0,3867,grass
27.523,0,0,0,3827,grass
27.529,0,0,0,3737,grass
27.537,0,0,0,3473,grass
27.543,0,0,0,3435,grass
27.544,0,0,0,3391,grass
27.551,0,0,0,3459,grass
27.557,0,0,0,3603,grass
27.558,0,0,0,3763,grass
27.564,0,0,0,3833,grass
27.572,0,0,0,3877,grass
27.578,0,0,0,3909,grass
27.579,0,0,0,3919,grass
27.585,0,0,0,3927,grass
27.592,0,0,0,3921,grass
27.592,0,0,0,3918,grass
27.602,0,0,0,3908,grass
27.606,0,0,0,3909,grass
27.611,0,0,0,3895,grass
27.613,0,0,0,3885,grass
27.62,0,0,0,3882,grass
27.627,0,0,0,3863,grass
27.632,0,0,0,3863,grass
27.634,0,0,0,3844,grass
27.641,0,0,0,3828,grass
27.647,0,0,0,3828,grass
27.649,0,0,0,3827,grass
27.655,0,0,0,3843,grass
27.662,0,0,0,3860,grass
27.663,0,0,0,3878,grass
27.672,0,0,0,3899,grass
27.678,0,0,0,3923,grass
27.682,0,0,0,3914,grass
27.687,0,0,0,3910,grass
27.69,0,0,0,3865,grass
27.697,0,0,0,3824,grass
27.703,0,0,0,3739,grass
27.705,0,0,0,3701,grass
27.712,0,0,0,3736,grass
27.717,0,0,0,3808,grass
27.719,0,0,0,3860,grass
27.724,0,0,0,3882,grass
27.731,0,0,0,3900,grass
27.737,0,0,0,3900,grass
27.738,0,0,0,3888,grass
27.745,0,0,0,3874,grass
27.752,0,0,0,3869,grass
27.753,0,0,0,3874,grass
27.761,0,0,0,3886,grass
27.766,0,0,0,3913,grass
27.772,0,0,0,3928,grass
27.773,0,0,0,3925,grass
27.781,0,0,0,3927,grass
27.786,0,0,0,3925,grass
27.788,0,0,0,3915,grass
27.794,0,0,0,3901,grass
27.802,0,0,0,3880,grass
27.808,0,0,0,3875,grass
27.808,0,0,0,3873,grass
27.814,0,0,0,3871,grass
27.822,0,0,0,3874,grass
27.822,0,0,0,3872,grass
27.832,0,0,0,3871,grass
27.835,0,0,0,3880,grass
27.84,0,0,0,3887,grass
27.843,0,0,0,3901,grass
27.85,0,0,0,3915,grass
27.856,0,0,0,3919,grass
27.858,0,0,0,3917,grass
27.863,0,0,0,3907,grass
27.87,0,0,0,3879,grass
27.877,0,0,0,3847,grass
27.877,0,0,0,3817,grass
27.884,0,0,0,3808,grass
27.891,0,0,0,3808,grass
27.897,0,0,0,3830,grass
27.898,0,0,0,3849,grass
27.906,0,0,0,3885,grass
27.912,0,0,0,3931,grass
27.912,0,0,0,3950,grass
27.92,0,0,0,3947,grass
27.925,0,0,0,3954,grass
27.929,0,0,0,3939,grass
27.936,0,0,0,3940,grass
27.939,0,0,0,3925,grass
27.946,0,0,0,3917,grass
27.952,0,0,0,3922,grass
27.953,0,0,0,3931,grass
27.962,0,0,0,3934,grass
27.967,0,0,0,3942,grass
27.968,0,0,0,3956,grass
27.974,0,0,0,3939,grass
27.981,0,0,0,3920,grass
27.987,0,0,0,3912,grass
27.988,0,0,0,3846,grass
27.995,0,0,0,3812,grass
28.002,0,0,0,3794,grass
28.002,0,0,0,3803,grass
28.012,0,0,0,3836,grass
28.016,0,0,0,3867,grass
28.022,0,0,0,3913,grass
28.023,0,0,0,3933,grass
28.03,0,0,0,3944,grass
28.036,0,0,0,3948,grass
28.038,0,0,0,3945,grass
28.043,0,0,0,3944,grass
28.051,0,0,0,3935,grass
28.057,0,0,0,3924,grass
28.058,0,0,0,3920,grass
28.064,0,0,0,3934,grass
28.071,0,0,0,3939,grass
28.077,0,0,0,3951,grass
28.082,0,0,0,3964,grass
28.085,0,0,0,3944,grass
28.091,0,0,0,3940,grass
28.092,0,0,0,3926,grass
28.099,0,0,0,3922,grass
28.106,0,0,0,3922,grass
28.108,0,0,0,3919,grass
28.116,0,0,0,3923,grass
28.12,0,0,0,3919,grass
28.126,0,0,0,3934,grass
28.128,0,0,0,3931,grass
28.135,0,0,0,3941,grass
28.141,0,0,0,3952,grass
28.146,0,0,0,3948,grass
28.148,0,0,0,3953,grass
28.155,0,0,0,3941,grass
28.162,0,0,0,3927,grass
28.162,0,0,0,3911,grass
28.169,0,0,0,3896,grass
28.177,0,0,0,3890,grass
28.177,0,0,0,3886,grass
28.185,0,0,0,3886,grass
28.19,0,0,0,3872,grass
28.197,0,0,0,3884,grass
28.198,0,0,0,3892,grass
28.204,0,0,0,3902,grass
28.211,0,0,0,3896,grass
28.216,0,0,0,3905,grass
28.218,0,0,0,3898,grass
28.225,0,0,0,3901,grass
28.231,0,0,0,3911,grass
28.235,0,0,0,3925,grass
28.238,0,0,0,3934,grass
28.246,0,0,0,3953,grass
28.252,0,0,0,3963,grass
28.253,0,0,0,3957,grass
28.259,0,0,0,3948,grass
28.266,0,0,0,3932,grass
28.272,0,0,0,3924,grass
28.273,0,0,0,3924,grass
28.28,0,0,0,3935,grass
28.287,0,0,0,3937,grass
28.288,0,0,0,3933,grass
28.294,0,0,0,3922,grass
28.301,0,0,0,3933,grass
28.307,0,0,0,3934,grass
28.308,0,0,0,3934,grass
28.314,0,0,0,3944,grass
28.322,0,0,0,3942,grass
28.323,0,0,0,3951,grass
28.332,0,0,0,3937,grass
28.335,0,0,0,3905,grass
28.34,0,0,0,3857,grass
28.343,0,0,0,3825,grass
28.349,0,0,0,3800,grass
28.356,0,0,0,3823,grass
28.357,0,0,0,3757,grass
28.363,0,0,0,3752,grass
28.37,0,0,0,3757,grass
28.377,0,0,0,3837,grass
28.378,0,0,0,3896,grass
28.384,0,0,0,3945,grass
28.391,0,0,0,3969,grass
28.397,0,0,0,3979,grass
28.398,0,0,0,3976,grass
28.405,0,0,0,3973,grass
28.411,0,0,0,3973,grass
28.413,0,0,0,3961,grass
28.419,0,0,0,3959,grass
28.426,0,0,0,3959,grass
28.432,0,0,0,3957,grass
28.435,0,0,0,3958,grass
28.439,0,0,0,3955,grass
28.446,0,0,0,3961,grass
28.446,0,0,0,3959,grass
28.454,0,0,0,3964,grass
28.46,0,0,0,3972,grass
28.466,0,0,0,3971,grass
28.467,0,0,0,3961,grass
28.475,0,0,0,3946,grass
28.481,0,0,0,3916,grass
28.481,0,0,0,3887,grass
28.488,0,0,0,3882,grass
28.495,0,0,0,3902,grass
28.501,0,0,0,3918,grass
28.502,0,0,0,3939,grass
28.509,0,0,0,3902,grass
28.516,0,0,0,3877,grass
28.516,0,0,0,3852,grass
28.526,0,0,0,3856,grass
28.53,0,0,0,3878,grass
28.537,0,0,0,3896,grass
28.541,0,0,0,3940,grass
28.543,0,0,0,3952,grass
28.55,0,0,0,3964,grass
28.556,0,0,0,3953,grass
28.557,0,0,0,3953,grass
28.564,0,0,0,3950,grass
28.571,0,0,0,3955,grass
28.572,0,0,0,3944,grass
28.578,0,0,0,3950,grass
28.586,0,0,0,3951,grass
28.591,0,0,0,3964,grass
28.593,0,0,0,3965,grass
28.599,0,0,0,3960,grass
28.606,0,0,0,3953,grass
28.606,0,0,0,3932,grass
28.615,0,0,0,3925,grass
28.62,0,0,0,3923,grass
28.626,0,0,0,3911,grass
28.627,0,0,0,3879,grass
28.636,0,0,0,3875,grass
28.64,0,0,0,3885,grass
28.643,0,0,0,3909,grass
28.648,0,0,0,3934,grass
28.655,0,0,0,3964,grass
28.662,0,0,0,3950,grass
28.666,0,0,0,3947,grass
28.669,0,0,0,3910,grass
28.675,0,0,0,3846,grass
28.681,0,0,0,3717,grass
28.682,0,0,0,3481,grass
28.69,0,0,0,2819,grass
28.696,0,0,0,3327,grass
28.701,0,0,0,3706,grass
28.704,0,0,0,3820,grass
28.71,0,0,0,3859,grass
28.712,0,0,0,3907,grass
28.718,0,0,0,3923,grass
28.726,0,0,0,3931,grass
28.731,0,0,0,3933,grass
28.736,0,0,0,3933,grass
28.738,0,0,0,3938,grass
28.745,0,0,0,3915,grass
28.751,0,0,0,3899,grass
28.752,0,0,0,3877,grass
28.759,0,0,0,3857,grass
28.766,0,0,0,3879,grass
28.766,0,0,0,3885,grass
28.774,0,0,0,3843,grass
28.78,0,0,0,3845,grass
28.784,0,0,0,3821,grass
28.79,0,0,0,3829,grass
28.793,0,0,0,3787,grass
28.8,0,0,0,3774,grass
28.806,0,0,0,3745,grass
28.808,0,0,0,3728,grass
28.817,0,0,0,3806,grass
28.821,0,0,0,3820,grass
28.826,0,0,0,3720,grass
28.829,0,0,0,3301,grass
28.836,0,0,0,1192,grass
28.841,0,0,0,0,grass
28.842,0,0,0,1516,grass
28.849,0,0,0,1957,grass
28.852,0,0,0,1655,grass
28.857,0,0,0,0,grass
28.866,0,0,0,0,grass
28.87,0,0,0,1567,grass
28.875,0,0,0,1964,grass
28.877,0,0,0,2107,grass
28.884,0,0,0,2025,grass
28.89,0,0,0,1712,grass
28.896,0,0,0,1728,grass
28.898,0,0,0,2081,grass
28.905,0,0,0,3203,grass
28.911,0,0,0,3641,grass
28.912,0,0,0,3753,grass
28.918,0,0,0,3804,grass
28.925,0,0,0,3789,grass
28.927,0,0,0,3762,grass
28.936,0,0,0,3749,grass
28.939,0,0,0,3711,grass
28.946,0,0,0,3629,grass
28.946,0,0,0,3208,grass
28.953,0,0,0,2734,grass
28.96,0,0,0,3049,grass
28.966,0,0,0,3408,grass
28.971,0,0,0,3759,grass
28.974,0,0,0,3811,grass
28.981,0,0,0,3822,grass
28.981,0,0,0,3790,grass
28.988,0,0,0,3849,grass
28.995,0,0,0,3924,grass
29.001,0,0,0,3941,grass
29.005,0,0,0,3923,grass
29.009,0,0,0,3924,grass
29.016,0,0,0,3913,grass
29.017,0,0,0,3935,grass
29.023,0,0,0,3942,grass
29.029,0,0,0,3903,grass
29.036,0,0,0,3832,grass
29.04,0,0,0,3868,grass
29.043,0,0,0,3897,grass
29.05,0,0,0,3951,grass
29.05,0,0,0,3969,grass
29.057,0,0,0,3941,grass
29.064,0,0,0,3893,grass
29.067,0,0,0,3887,grass
29.076,0,0,0,3921,grass
29.078,0,0,0,3947,grass
29.085,0,0,0,3983,grass
29.085,0,0,0,3988,grass
29.092,0,0,0,3973,grass
29.099,0,0,0,3960,grass
29.106,0,0,0,3970,grass
29.11,0,0,0,3984,grass
29.113,0,0,0,3992,grass
29.121,0,0,0,3994,grass
29.121,0,0,0,3986,grass
29.127,0,0,0,3960,grass
29.136,0,0,0,3947,grass
29.141,0,0,0,3963,grass
29.145,0,0,0,3978,grass
29.148,0,0,0,3980,grass
29.155,0,0,0,3982,grass
29.155,0,0,0,3980,grass
29.162,0,0,0,3986,grass
29.168,0,0,0,3999,grass
29.176,0,0,0,3998,grass
29.18,0,0,0,3989,grass
29.182,0,0,0,3960,grass
29.189,0,0,0,3942,grass
29.192,0,0,0,3964,grass
29.197,0,0,0,3980,grass
29.205,0,0,0,3962,grass
29.21,0,0,0,3966,grass
29.213,0,0,0,3963,grass
29.217,0,0,0,3971,grass
29.224,0,0,0,3983,grass
29.231,0,0,0,3993,grass
29.231,0,0,0,3984,grass
29.238,0,0,0,3985,grass
29.245,0,0,0,3984,grass
29.247,0,0,0,3983,grass
29.255,0,0,0,3983,grass
29.259,0,0,0,3993,grass
29.266,0,0,0,3994,grass
29.266,0,0,0,3993,grass
29.273,0,0,0,3993,grass
29.279,0,0,0,3985,grass
29.281,0,0,0,3991,grass
29.29,0,0,0,4002,grass
29.293,0,0,0,4003,grass
29.3,0,0,0,3997,grass
29.3,0,0,0,3985,grass
29.309,0,0,0,3988,grass
29.316,0,0,0,3984,grass
29.321,0,0,0,3985,grass
29.325,0,0,0,3985,grass
29.331,0,0,0,3960,grass
29.336,0,0,0,3972,grass
29.339,0,0,0,3968,grass
29.343,0,0,0,3966,grass
29.349,0,0,0,3964,grass
29.356,0,0,0,3952,grass
29.356,0,0,0,3943,grass
29.363,0,0,0,3932,grass
29.37,0,0,0,3930,grass
29.376,0,0,0,3926,grass
29.377,0,0,0,3909,grass
29.384,0,0,0,3932,grass
29.391,0,0,0,3967,grass
29.392,0,0,0,3996,grass
29.398,0,0,0,4021,grass
29.404,0,0,0,4018,grass
29.411,0,0,0,4020,grass
29.412,0,1296,0,4027,grass
29.418,0,2406,0,4021,grass
29.426,0,0,0,4033,grass
29.426,0,0,0,4033,grass
29.433,0,0,0,4027,grass
29.439,0,0,0,4010,grass
29.441,0,818,0,3987,grass
29.446,0,0,0,4010,grass
29.453,0,0,0,4026,grass
29.46,0,0,0,3997,grass
29.461,0,0,0,3966,grass
29.467,0,0,0,3947,grass
29.474,0,0,0,3947,grass
29.481,0,0,0,3968,grass
29.482,0,0,0,4000,grass
29.488,0,1187,0,4013,grass
29.495,0,2299,0,4011,grass
29.496,0,2517,0,4020,grass
29.504,0,2259,0,4034,grass
29.509,0,2234,0,4026,grass
29.512,0,2590,0,4030,grass
29.521,0,1711,0,4035,grass
29.523,0,1790,0,4042,grass
29.53,0,2573,0,4035,grass
29.531,0,2792,0,4037,grass
29.537,0,2577,0,4039,grass
29.543,0,2098,0,4043,grass
29.55,0,0,0,4039,grass
29.551,0,0,0,4041,grass
29.557,0,0,0,4033,grass
29.564,0,0,0,4038,grass
29.57,0,0,0,4043,grass
29.571,0,0,0,4045,grass
29.578,0,0,0,4037,grass
29.585,0,0,0,4034,grass
29.585,0,1747,0,4027,grass
29.593,0,0,0,4033,grass
29.599,0,0,0,4037,grass
29.601,0,0,0,4037,grass
29.606,0,0,0,4043,grass
29.613,0,0,0,4029,grass
29.619,0,0,0,4009,grass
29.621,0,0,0,4010,grass
29.627,0,0,0,4027,grass
29.634,0,0,0,4027,grass
29.64,0,0,0,4033,grass
29.641,0,726,0,4020,grass
29.649,0,590,0,4013,grass
29.655,0,0,0,4020,grass
29.66,0,0,0,4025,grass
29.664,0,0,0,4027,grass
29.669,0,0,0,4026,grass
29.671,0,0,0,4028,grass
29.68,0,0,0,4024,grass
29.685,0,0,0,4016,grass
29.689,0,0,0,4012,grass
29.694,0,0,0,4006,grass
29.696,0,0,0,3999,grass
29.703,0,0,0,3983,grass
29.71,0,0,0,3975,grass
29.711,0,0,0,3978,grass
29.717,0,0,0,3950,grass
29.724,0,0,0,3934,grass
29.731,0,0,0,3794,grass
29.731,0,0,0,3215,grass
29.738,0,0,0,0,grass
29.745,0,0,0,0,grass
29.746,0,0,0,2877,grass
29.755,0,0,0,3760,grass
29.759,0,0,0,3969,grass
29.766,0,0,0,4008,grass
29.766,0,0,0,4024,grass
29.773,0,0,0,4035,grass
29.779,0,0,0,4034,grass
29.781,0,0,0,4034,grass
29.786,0,0,0,4034,grass
29.793,0,0,0,4030,grass
29.8,0,0,0,4026,grass
29.801,0,0,0,4009,grass
29.807,0,0,0,4015,grass
29.814,0,0,0,4021,grass
29.816,0,0,0,4026,grass
29.824,0,0,0,4029,grass
29.828,0,0,0,4036,grass
29.835,0,0,0,4043,grass
29.838,0,0,0,4040,grass
29.842,0,0,0,4037,grass
29.849,0,0,0,4040,grass
29.851,0,0,0,4036,grass
29.859,0,0,0,4032,grass
29.863,0,0,0,4029,grass
29.869,0,0,0,4025,grass
29.871,0,0,0,4024,grass
29.877,0,0,0,4020,grass
29.884,0,0,0,4016,grass
29.89,0,0,0,4021,grass
29.891,0,0,0,4019,grass
29.898,0,0,0,4019,grass
29.905,0,0,0,4026,grass
29.911,0,0,0,4015,grass
29.911,0,0,0,4015,grass
29.919,0,0,0,4013,grass
29.925,0,0,0,4021,grass
29.926,0,0,0,4021,grass
29.932,0,0,0,4012,grass
29.939,0,0,0,3992,grass
29.945,0,0,0,3976,grass
29.946,0,0,0,3914,grass
29.953,0,0,0,3886,grass
29.96,0,0,0,3865,grass
29.96,0,0,0,3889,grass
29.969,0,0,0,3930,grass
29.974,0,0,0,3958,grass
29.977,0,0,0,3976,grass
29.981,0,0,0,3967,grass
29.988,0,0,0,3973,grass
29.994,0,0,0,3961,grass
29.996,0,0,0,3949,grass
30.002,0,0,0,3931,grass
30.01,0,0,0,3928,grass
30.015,0,0,0,3917,grass
30.016,0,0,0,3925,grass
30.023,0,0,0,3916,grass
30.029,0,0,0,3900,grass
30.031,0,0,0,3883,grass
30.039,0,0,0,3875,grass
30.043,0,0,0,3837,grass
30.05,0,0,0,3793,grass
30.055,0,0,0,3711,grass
30.057,0,0,0,3589,grass
30.064,0,0,0,3415,grass
30.066,0,0,0,3291,grass
30.071,0,0,0,3205,grass
30.078,0,0,0,1749,grass
30.085,0,0,0,0,grass
30.085,0,0,0,0,grass
30.092,0,0,0,0,grass
30.099,0,0,0,0,grass
30.101,0,0,0,0,grass
30.106,0,0,0,0,grass
30.113,0,0,0,0,grass
30.12,0,0,0,0,grass
30.12,0,0,0,0,grass
30.128,0,0,0,0,grass
30.133,0,0,0,0,grass
30.139,0,0,0,0,grass
30.141,0,0,0,0,grass
30.148,0,0,0,0,grass
30.154,0,0,0,0,grass
30.156,0,0,0,0,grass
30.161,0,0,0,0,grass
30.169,0,0,0,0,grass
30.175,0,0,0,0,grass
30.176,0,0,0,0,grass
30.182,0,0,0,0,grass
30.189,0,0,0,0,grass
30.192,0,0,0,0,grass
30.199,0,0,0,0,grass
30.203,0,0,0,0,grass
30.21,0,0,0,0,grass
30.215,0,0,0,0,grass
30.217,0,0,0,0,grass
30.224,0,0,0,0,grass
30.226,0,0,0,0,grass
30.231,0,0,0,0,grass
30.239,0,0,0,0,grass
30.245,0,0,0,0,grass
30.245,0,0,0,0,grass
30.252,0,0,0,0,grass
30.258,0,0,0,0,grass
30.261,0,0,0,0,grass
30.266,0,0,0,0,grass
30.273,0,0,0,0,grass
30.279,0,0,0,0,grass
30.281,0,0,0,0,grass
30.286,0,0,0,0,grass
30.293,0,0,0,0,grass
30.3,0,0,0,0,grass
30.3,0,0,0,0,grass
30.307,0,0,0,0,grass
30.314,0,0,0,0,grass
30.316,0,0,0,0,grass
30.324,0,0,0,0,grass
30.328,0,0,0,0,grass
30.335,0,0,0,0,grass
30.339,0,0,0,0,grass
30.343,0,0,0,0,grass
30.349,0,0,0,0,grass
30.355,0,0,0,0,grass
30.356,0,0,0,0,grass
30.363,0,0,0,0,grass
30.37,0,0,0,0,grass
30.374,0,0,0,0,grass
30.377,0,0,0,0,grass
30.384,0,0,0,0,grass
30.384,0,0,0,0,grass
30.391,0,0,0,0,grass
30.397,0,0,0,0,grass
30.405,0,0,0,0,grass
30.405,0,0,0,0,grass
30.411,0,0,0,0,grass
30.419,0,0,0,0,grass
30.425,0,0,0,0,grass
30.427,0,0,0,0,grass
30.432,0,0,0,0,grass
30.439,0,0,0,0,grass
30.444,0,0,0,0,grass
30.446,0,0,0,0,grass
30.453,0,0,0,0,grass
30.46,0,0,0,0,grass
30.46,0,0,0,0,grass
30.47,0,0,0,0,grass
30.473,0,0,0,0,grass
30.477,0,0,0,0,grass
30.481,0,0,0,0,grass
30.488,0,0,0,0,grass
30.495,0,0,0,0,grass
30.495,0,0,0,0,grass
30.502,0,0,0,0,grass
30.508,0,0,0,0,grass
30.515,0,0,0,0,grass
30.515,0,0,0,0,grass
30.523,0,0,0,0,grass
30.53,0,0,0,0,grass
30.53,0,0,0,0,grass
30.539,0,0,0,0,grass
30.543,0,0,0,0,grass
30.549,0,0,0,0,grass
30.551,0,0,0,0,grass
30.557,0,0,0,0,grass
30.564,0,0,0,0,grass
30.564,0,0,0,0,grass
30.574,0,0,0,0,grass
30.578,0,0,0,0,grass
30.584,0,0,0,0,grass
30.589,0,0,0,0,grass
30.592,0,0,0,0,grass
30.599,0,0,0,0,grass
30.599,0,0,0,0,grass
30.606,0,0,0,0,grass
30.613,0,0,0,0,grass
30.62,0,0,0,0,grass
30.624,0,0,0,0,grass
30.628,0,0,0,0,grass
30.633,0,0,0,0,grass
30.639,0,0,0,0,grass
30.64,0,0,0,0,grass
30.647,0,0,0,0,grass
30.655,0,0,0,0,grass
30.655,0,0,0,0,grass
30.663,0,0,0,0,grass
30.668,0,0,0,0,grass
30.674,0,0,0,0,grass
30.675,0,0,0,0,grass
30.682,0,0,0,0,grass
30.69,0,0,0,0,grass
30.69,0,0,0,0,grass
30.697,0,0,0,0,grass
30.703,0,0,0,0,grass
30.71,0,0,0,0,grass
30.714,0,0,0,0,grass
30.717,0,0,0,0,grass
30.723,0,0,0,0,grass
30.729,0,0,0,0,grass
30.731,0,0,0,0,grass
30.74,0,0,0,0,grass
30.744,0,0,0,0,grass
30.746,0,0,0,0,grass
30.752,0,0,0,0,grass
30.759,0,0,0,0,grass
30.764,0,0,0,0,grass
30.765,0,0,0,0,grass
30.772,0,0,0,0,grass
30.78,0,0,0,0,grass
30.784,0,0,0,0,grass
30.788,0,0,0,0,grass
30.793,0,0,0,0,grass
30.796,0,0,0,0,grass
30.8,0,0,0,0,grass
30.807,0,0,0,0,grass
30.814,0,0,0,0,grass
30.819,0,0,0,0,grass
30.821,0,0,0,0,grass
30.828,0,0,0,0,grass
30.835,0,0,0,0,grass
30.84,0,0,0,0,grass
30.842,0,0,0,0,grass
30.849,0,0,0,0,grass
30.85,0,0,0,0,grass
30.859,0,0,0,0,grass
30.863,0,0,0,0,grass
30.869,0,0,0,0,grass
30.87,0,0,0,0,grass
30.877,0,0,0,0,grass
30.883,0,0,0,0,grass
30.885,0,0,0,0,grass
30.891,0,0,0,0,grass
30.897,0,0,0,0,grass
30.904,0,0,0,0,grass
30.904,0,0,0,0,grass
30.911,0,0,0,0,grass
30.918,0,0,0,0,grass
30.921,0,0,0,0,grass
30.928,0,0,0,0,grass
30.932,0,0,0,0,grass
30.939,0,0,0,0,grass
30.94,0,0,0,0,grass
30.949,0,0,0,0,grass
30.953,0,0,0,0,grass
30.959,0,0,0,0,grass
30.96,0,0,0,0,grass
30.967,0,0,0,0,grass
30.974,0,0,0,0,grass
30.983,0,0,0,0,grass
30.983,0,0,0,0,grass
30.988,0,0,0,0,grass
30.994,0,0,0,0,grass
30.995,0,0,0,0,grass
31.004,0,0,0,0,grass
31.009,0,0,0,0,grass
31.011,0,0,0,0,grass
31.018,0,0,0,0,grass
31.022,0,0,0,0,grass
31.029,0,0,0,0,grass
31.034,0,0,0,0,grass
31.039,0,0,0,0,grass
31.043,0,0,0,0,grass
31.045,0,0,0,0,grass
31.05,0,0,0,0,grass
31.057,0,0,0,0,grass
31.064,0,0,0,0,grass
31.066,0,0,0,0,grass
31.072,0,0,0,0,grass
31.078,0,0,0,0,grass
31.084,0,0,0,0,grass
31.086,0,0,0,0,grass
31.092,0,0,0,0,grass
31.099,0,0,0,0,grass
31.1,0,0,0,0,grass
31.108,0,0,0,0,grass
31.112,0,0,0,0,grass
31.119,0,0,0,0,grass
31.12,0,0,0,0,grass
31.127,0,0,0,0,grass
31.133,0,0,0,0,grass
31.135,0,0,0,0,grass
31.14,0,0,0,0,grass
31.147,0,0,0,0,grass
31.154,0,0,0,0,grass
31.154,0,0,0,0,grass
31.164,0,0,0,0,grass
31.168,0,0,0,0,grass
31.174,0,0,0,0,grass
31.175,0,0,0,0,grass
31.182,0,0,0,0,grass
31.189,0,0,0,0,grass
31.19,0,0,0,0,grass
31.196,0,0,0,0,grass
31.203,0,0,0,0,grass
31.209,0,0,0,0,grass
31.21,0,0,0,0,grass
31.218,0,0,0,0,grass
31.223,0,0,0,0,grass
31.229,0,0,0,0,grass
31.231,0,0,0,0,grass
31.237,0,0,0,0,grass
31.244,0,0,0,0,grass
31.245,0,0,0,0,grass
31.254,0,0,0,0,grass
31.258,0,0,0,0,grass
31.258,0,0,0,0,grass
31.266,0,0,0,0,grass
31.273,0,0,0,0,grass
31.278,0,0,0,0,grass
31.284,0,0,0,0,grass
31.286,0,0,0,0,grass
31.293,0,0,0,0,grass
31.293,0,0,0,0,grass
31.301,0,0,0,0,grass
31.307,0,0,0,0,grass
31.313,0,0,0,0,grass
31.317,0,0,0,0,grass
31.321,0,0,0,0,grass
31.329,0,0,0,0,grass
31.329,0,0,0,0,grass
31.339,0,0,0,0,grass
31.344,0,0,0,0,grass
31.345,0,0,0,0,grass
31.353,0,0,0,0,grass
31.357,0,0,0,0,grass
31.363,0,0,0,0,grass
31.365,0,0,0,0,grass
31.37,0,0,0,0,grass
31.378,0,0,0,0,grass
31.383,0,0,0,0,grass
31.386,0,0,0,0,grass
31.39,0,0,0,0,grass
31.398,0,0,0,0,grass
31.404,0,0,0,0,grass
31.408,0,0,0,0,grass
31.411,0,0,0,0,grass
31.418,0,0,0,0,grass
31.419,0,0,0,0,grass
31.429,0,0,0,0,grass
31.432,0,0,0,0,grass
31.436,0,0,0,0,grass
31.439,0,0,0,0,grass
31.447,0,0,0,0,grass
31.452,0,0,0,0,grass
31.454,0,0,0,0,grass
31.46,0,0,0,0,grass
31.467,0,0,0,0,grass
31.474,0,0,0,0,grass
31.474,0,0,0,0,grass
31.484,0,0,0,0,grass
31.488,0,0,0,0,grass
31.489,0,0,0,0,grass
31.498,0,0,0,0,grass
31.501,0,0,0,0,grass
31.509,0,0,0,0,grass
31.509,0,0,0,0,grass
31.515,0,0,0,0,grass
31.522,0,0,0,0,grass
31.527,0,0,0,0,grass
31.533,0,0,0,0,grass
31.536,0,0,0,0,grass
31.543,0,0,0,0,grass
31.544,0,0,0,0,grass
31.55,0,0,0,0,grass
31.557,0,0,0,0,grass
31.563,0,0,0,0,grass
31.568,0,0,0,0,grass
31.572,0,0,0,0,grass
31.578,0,0,0,0,grass
31.578,0,0,0,0,grass
31.585,0,0,0,0,grass
31.592,0,0,0,0,grass
31.599,295,0,0,0,grass
31.603,0,0,0,0,grass
31.606,0,0,0,0,grass
31.612,0,0,0,0,grass
31.612,2283,0,0,0,grass
31.62,3253,0,0,0,grass
31.626,2338,0,0,0,grass
31.633,0,0,0,0,grass
31.638,0,0,0,0,grass
31.64,0,0,0,0,grass
31.647,0,0,0,0,grass
31.647,0,0,0,0,grass
31.658,0,0,0,0,grass
31.661,0,0,0,0,grass
31.668,0,0,0,0,grass
31.673,0,0,0,0,grass
31.675,0,0,0,0,grass
31.682,0,0,0,0,grass
31.689,0,0,0,0,grass
31.69,2398,0,0,0,grass
31.698,3696,0,2040,0,grass
31.704,3860,0,2169,0,grass
31.708,3859,0,2113,0,grass
31.711,3690,0,0,0,grass
31.717,1611,0,0,0,grass
31.724,0,0,0,0,grass
31.724,0,0,0,0,grass
31.731,0,0,0,0,grass
31.738,0,0,0,0,grass
31.744,0,0,0,0,grass
31.745,0,0,0,0,grass
31.751,1732,0,0,0,grass
31.758,2908,0,0,0,grass
31.758,2921,0,822,0,grass
31.767,1529,0,711,0,grass
31.772,0,0,0,0,grass
31.778,0,0,0,0,grass
31.779,0,0,0,0,grass
31.788,0,0,0,0,grass
31.793,0,0,0,0,grass
31.798,0,0,0,0,grass
31.8,0,0,0,0,grass
31.808,0,0,0,0,grass
31.814,0,0,0,0,grass
31.814,0,0,0,0,grass
31.821,0,0,0,0,grass
31.828,0,0,0,0,grass
31.829,0,0,0,0,grass
31.838,0,0,0,0,grass
31.842,0,0,0,0,grass
31.848,0,0,0,0,grass
31.849,0,0,0,0,grass
31.856,0,0,0,0,grass
31.862,0,0,0,0,grass
31.864,0,0,0,0,grass
31.869,0,0,0,0,grass
31.877,0,0,0,0,grass
31.883,0,0,0,0,grass
31.884,0,0,0,0,grass
31.89,1914,0,0,0,grass
31.897,3028,0,0,0,grass
31.903,3340,0,0,0,grass
31.904,3453,0,0,0,grass
31.911,3280,0,0,0,grass
31.918,2409,0,0,0,grass
31.918,0,0,0,0,grass
31.927,0,0,0,0,grass
31.932,0,0,0,0,grass
31.935,0,0,0,0,grass
31.939,0,0,0,0,grass
31.948,0,0,0,0,grass
31.952,0,0,0,0,grass
31.956,0,0,0,0,grass
31.96,0,0,0,0,grass
31.967,0,0,0,0,grass
31.973,0,0,0,0,grass
31.974,0,0,0,0,grass
31.981,0,0,0,0,grass
31.987,0,0,0,0,grass
31.989,0,0,0,0,grass
31.994,0,0,0,0,grass
32.001,0,0,0,0,grass
32.008,0,0,0,0,grass
32.008,0,0,0,0,grass
32.016,0,0,0,0,grass
32.022,0,0,0,0,grass
32.028,0,0,0,0,grass
32.033,0,0,0,0,grass
32.036,0,0,0,0,grass
32.043,0,0,0,0,grass
32.048,0,0,0,0,grass
32.05,0,0,0,0,grass
32.057,0,0,0,0,grass
32.062,0,0,0,0,grass
32.067,0,0,0,0,grass
32.071,0,0,0,0,grass
32.078,0,0,0,0,grass
32.084,0,0,0,0,grass
32.088,0,0,0,0,grass
32.092,0,0,0,0,grass
32.094,0,0,0,0,grass
32.102,0,0,0,0,grass
32.106,0,0,0,0,grass
32.113,0,0,0,0,grass
32.118,0,0,0,0,grass
32.119,0,0,0,0,grass
32.126,0,0,0,0,grass
32.133,0,0,0,0,grass
32.137,0,0,0,0,grass
32.14,0,0,0,0,grass
32.148,0,0,0,0,grass
32.153,0,0,0,0,grass
32.154,0,0,0,0,grass
32.161,0,0,0,0,grass
32.168,0,0,0,0,grass
32.169,0,0,0,0,grass
32.175,0,0,0,0,grass
32.182,0,0,0,0,grass
32.182,0,0,0,0,grass
32.193,0,0,0,0,grass
32.197,0,0,0,0,grass
32.203,0,0,0,0,grass
32.207,0,0,0,0,grass
32.21,0,0,0,0,grass
32.216,0,0,0,0,grass
32.223,0,0,0,0,grass
32.224,0,0,0,0,grass
32.231,0,0,0,0,grass
32.237,0,0,0,0,grass
32.243,0,0,0,0,grass
32.248,0,0,0,0,grass
32.251,0,0,0,0,grass
32.255,0,0,0,0,grass
32.258,0,0,0,0,grass
32.265,0,0,0,0,grass
32.272,0,0,0,0,grass
32.277,0,0,0,0,grass
32.282,0,0,0,0,grass
32.286,0,0,0,0,grass
32.293,0,0,0,0,grass
32.293,0,0,0,0,grass
32.303,0,0,0,0,grass
32.307,0,0,0,0,grass
32.313,0,0,0,0,grass
32.315,0,0,1057,0,grass
32.323,0,0,2824,0,grass
32.328,0,0,2832,0,grass
32.332,0,0,2446,0,grass
32.335,0,0,1155,0,grass
32.341,0,0,0,0,grass
32.344,0,0,0,0,grass
32.349,0,0,0,0,grass
32.355,0,0,0,0,grass
32.362,0,0,0,0,grass
32.364,0,0,0,0,grass
32.369,0,0,2134,0,grass
32.376,0,0,3014,0,grass
32.382,0,0,3228,0,grass
32.383,0,0,3322,0,grass
32.39,0,0,3307,0,grass
32.397,2120,0,3293,0,grass
32.398,2305,0,3280,0,grass
32.408,2292,0,3344,0,grass
32.411,2144,0,3428,0,grass
32.418,2096,0,3278,0,grass
32.418,2179,0,3092,0,grass
32.426,2465,0,2765,0,grass
32.432,3312,0,2424,0,grass
32.434,3300,0,2758,0,grass
32.442,3020,0,3245,0,grass
32.446,3089,0,3285,0,grass
32.453,3410,0,3241,0,grass
32.453,3646,0,3074,0,grass
32.46,3683,0,2903,0,grass
32.466,3676,0,3013,0,grass
32.473,3603,0,3077,0,grass
32.474,3546,0,3282,0,grass
32.48,3622,0,3459,0,grass
32.487,3774,0,3490,0,grass
32.493,3827,0,3502,0,grass
32.494,3824,0,3520,0,grass
32.502,3769,0,3551,0,grass
32.507,3723,0,3545,0,grass
32.509,3731,0,3527,0,grass
32.515,3664,0,3498,0,grass
32.522,3485,0,3521,0,grass
32.528,3423,0,3502,0,grass
32.529,3374,0,3452,0,grass
32.536,3503,0,3304,0,grass
32.543,3568,0,3324,0,grass
32.543,3623,0,3322,0,grass
32.552,3732,0,3116,0,grass
32.557,3775,0,3324,0,grass
32.563,3814,0,3482,0,grass
32.568,3869,0,3424,0,grass
32.571,3914,0,3483,0,grass
32.577,3917,0,3573,0,grass
32.583,3920,0,3548,0,grass
32.588,3932,0,3395,0,grass
32.592,3893,0,3530,0,grass
32.594,3879,0,3568,0,grass
32.599,3920,0,3555,0,grass
32.606,3942,0,3588,0,grass
32.613,3945,0,3546,0,grass
32.613,3945,0,3486,0,grass
32.623,3939,0,3335,0,grass
32.626,3948,0,3290,0,grass
32.633,3962,0,3236,0,grass
32.633,3976,0,2946,0,grass
32.64,3980,0,2704,0,grass
32.647,3978,0,2777,0,grass
32.652,3992,0,1706,0,grass
32.654,4006,0,1287,0,grass
32.662,4004,0,2328,0,grass
32.667,3999,0,2727,0,grass
32.668,3999,0,2855,0,grass
32.675,3997,0,3247,0,grass
32.682,4005,0,3359,0,grass
32.682,4017,0,3244,0,grass
32.689,4022,0,2844,0,grass
32.695,4023,0,2654,0,grass
32.703,4016,0,2994,0,grass
32.707,4015,0,2969,0,grass
32.71,4011,0,2450,0,grass
32.717,4013,0,0,0,grass
32.717,4003,0,0,0,grass
32.724,3992,0,0,0,grass
32.73,3964,0,0,0,grass
32.738,3890,0,0,0,grass
32.742,3876,0,0,0,grass
32.746,3874,0,0,0,grass
32.751,3866,0,0,0,grass
32.758,3813,0,0,0,grass
32.758,3531,0,0,0,grass
32.765,3329,0,0,0,grass
32.773,3685,0,0,0,grass
32.777,3777,0,0,0,grass
32.779,3811,0,0,0,grass
32.786,3855,0,0,0,grass
32.793,3887,0,0,0,grass
32.793,3917,0,0,0,grass
32.8,3971,0,0,0,grass
32.807,3996,0,0,0,grass
32.812,3992,0,0,0,grass
32.814,3983,0,0,0,grass
32.821,3973,0,0,0,grass
32.828,3972,0,0,0,grass
32.828,3971,0,0,0,grass
32.834,3969,0,0,0,grass
32.842,3951,0,0,0,grass
32.847,3937,0,0,0,grass
32.849,3930,0,0,0,grass
32.857,3935,0,0,0,grass
32.862,3978,0,0,0,grass
32.863,3995,0,0,0,grass
32.869,4002,0,0,0,grass
32.877,4007,0,0,0,grass
32.882,4008,0,0,0,grass
32.883,4001,0,0,0,grass
32.89,3981,0,0,0,grass
32.897,3964,0,0,0,grass
32.898,3929,0,0,0,grass
32.907,3872,0,0,0,grass
32.911,3816,0,0,0,grass
32.917,3773,0,0,0,grass
32.918,3771,0,0,0,grass
32.925,3808,0,0,0,grass
32.932,3857,0,0,0,grass
32.933,3915,0,0,1550,grass
32.939,3958,0,0,545,grass
32.946,3995,0,0,0,grass
32.952,3997,0,0,0,grass
32.953,4006,0,0,0,grass
32.96,3993,0,0,0,grass
32.967,3985,0,0,0,grass
32.967,3985,0,0,0,grass
32.977,3994,0,0,0,grass
32.98,3990,0,0,0,grass
32.988,3983,0,0,0,grass
32.992,3983,0,0,0,grass
32.995,3958,0,0,0,grass
33.001,3940,0,0,0,grass
33.008,3947,0,0,0,grass
33.012,3954,0,0,0,grass
33.015,3974,0,0,0,grass
33.022,3981,0,0,0,grass
33.026,3974,0,0,0,grass
33.029,3950,0,0,0,grass
33.036,3862,0,0,0,grass
33.042,3730,0,0,0,grass
33.043,3589,0,0,0,grass
33.051,3515,0,0,0,grass
33.057,3603,0,0,0,grass
33.058,3710,0,0,0,grass
33.064,3733,0,0,0,grass
33.072,3801,0,0,0,grass
33.077,3855,0,0,0,grass
33.079,3901,0,0,0,grass
33.085,3929,0,0,0,grass
33.093,3933,0,0,0,grass
33.093,3911,0,0,0,grass
33.102,3887,0,0,0,grass
33.105,3868,0,0,0,grass
33.112,3867,0,0,0,grass
33.116,3834,0,0,0,grass
33.119,3824,0,0,0,grass
33.126,3841,0,0,0,grass
33.133,3834,0,0,0,grass
33.133,3821,0,0,0,grass
33.14,3788,0,0,0,grass
33.147,3528,0,0,0,grass
33.152,2531,0,0,0,grass
33.154,1595,0,0,0,grass
33.161,2431,0,0,0,grass
33.167,3197,0,0,0,grass
33.168,3421,0,0,0,grass
33.175,2729,0,0,0,grass
33.182,0,0,0,0,grass
33.182,0,0,0,0,grass
33.189,0,0,0,0,grass
33.195,0,0,0,0,grass
33.203,2741,0,0,0,grass
33.207,3509,0,0,0,grass
33.21,3724,0,0,0,grass
33.217,3849,0,0,0,grass
33.217,3858,0,0,0,grass
33.223,3773,0,0,0,grass
33.23,3590,0,0,0,grass
33.234,2395,0,0,0,grass
33.241,0,0,0,0,grass
33.244,0,0,0,0,grass
33.251,0,0,0,0,grass
33.251,0,0,0,0,grass
33.262,0,0,0,0,grass
33.265,0,0,0,0,grass
33.272,0,0,0,3230,grass
33.273,0,0,0,3375,grass
33.279,0,0,0,2999,grass
33.286,0,0,0,2377,grass
33.286,0,0,0,2192,grass
33.295,0,0,0,2646,grass
33.3,0,0,0,3112,grass
33.307,0,0,0,3475,grass
33.308,0,0,0,3541,grass
33.314,0,0,0,3452,grass
33.321,0,0,0,3162,grass
33.327,0,0,0,0,grass
33.329,0,0,0,0,grass
33.335,0,0,0,1704,grass
33.341,0,0,0,2732,grass
33.343,0,0,0,3141,grass
33.348,0,0,0,3391,grass
33.355,0,0,0,3465,grass
33.362,0,0,0,3492,grass
33.363,0,0,0,3505,grass
33.37,0,0,0,3657,grass
33.376,0,0,0,3707,grass
33.378,0,0,0,3814,grass
33.386,0,0,0,3901,grass
33.39,0,0,0,3918,grass
33.398,0,0,0,3934,grass
33.398,0,0,0,3918,grass
33.407,0,0,0,3917,grass
33.411,0,0,0,3915,grass
33.413,0,0,0,3921,grass
33.419,0,0,0,3934,grass
33.425,0,0,0,3926,grass
33.432,0,0,0,3926,grass
33.436,0,0,0,3898,grass
33.439,0,0,0,3859,grass
33.446,0,0,0,3885,grass
33.451,0,0,0,3909,grass
33.453,0,0,0,3925,grass
33.46,0,0,0,3942,grass
33.467,0,0,0,3955,grass
33.468,0,0,0,3945,grass
33.476,0,0,0,3936,grass
33.481,0,0,0,3871,grass
33.485,0,0,0,3732,grass
33.488,0,0,0,3671,grass
33.497,0,0,0,3786,grass
33.501,0,0,0,3764,grass
33.503,0,0,0,3724,grass
33.508,0,0,0,3693,grass
33.515,0,0,0,3560,grass
33.522,0,0,0,3239,grass
33.522,0,0,0,3161,grass
33.529,0,0,0,3354,grass
33.536,0,0,0,3431,grass
33.538,0,0,0,3667,grass
33.546,0,0,0,3774,grass
33.55,0,0,0,3846,grass
33.557,0,0,0,3868,grass
33.558,0,0,0,3887,grass
33.564,0,0,0,3863,grass
33.571,0,0,0,3851,grass
33.573,0,0,0,3893,grass
33.578,0,0,0,3926,grass
33.585,0,0,0,3948,grass
33.592,0,0,0,3942,grass
33.592,0,0,0,3969,grass
33.599,0,0,0,3976,grass
33.605,0,0,0,3967,grass
33.608,0,0,0,3961,grass
33.613,0,0,0,3970,grass
33.62,0,0,0,3990,grass
33.627,0,0,0,3987,grass
33.627,0,0,0,3972,grass
33.635,0,0,0,3935,grass
33.64,0,0,0,3905,grass
33.643,0,0,0,3836,grass
33.651,0,0,0,3742,grass
33.654,0,0,0,3731,grass
33.661,0,0,0,3792,grass
33.667,0,0,0,3808,grass
33.668,0,0,0,3852,grass
33.675,0,0,0,3907,grass
33.681,0,0,0,3925,grass
33.683,0,0,0,3933,grass
33.689,0,0,0,3937,grass
33.696,0,0,0,3935,grass
33.702,0,0,0,3927,grass
33.703,0,0,0,3912,grass
33.71,0,0,0,3897,grass
33.717,0,0,0,3894,grass
33.717,0,0,0,3901,grass
33.726,0,0,0,3892,grass
33.731,0,0,0,3863,grass
33.737,0,0,0,3883,grass
33.739,0,0,0,3897,grass
33.744,0,0,0,3899,grass
33.751,0,0,0,3906,grass
33.752,0,0,0,3902,grass
33.758,0,0,0,3906,grass
33.767,0,0,0,3912,grass
33.772,0,0,0,3922,grass
33.773,0,0,0,3926,grass
33.779,0,0,0,3926,grass
33.786,0,0,0,3936,grass
33.792,0,0,0,3935,grass
33.793,0,0,0,3929,grass
33.8,0,0,0,3962,grass
33.807,0,0,0,3980,grass
33.807,0,0,0,3975,grass
33.817,0,0,0,3988,grass
33.82,0,0,0,3985,grass
33.827,0,0,0,3987,grass
33.828,0,0,0,3984,grass
33.834,0,0,0,3986,grass
33.841,0,0,0,3983,grass
33.842,0,0,0,3975,grass
33.849,0,0,0,3974,grass
33.855,0,0,0,3959,grass
33.861,0,0,0,3935,grass
33.862,0,0,0,3915,grass
33.87,0,0,0,3869,grass
33.876,0,0,0,3864,grass
33.88,0,0,0,3895,grass
33.887,0,0,0,3913,grass
33.89,0,0,0,3939,grass
33.897,0,0,0,3972,grass
33.897,0,0,0,3970,grass
33.905,0,0,0,3986,grass
33.911,0,0,0,3986,grass
33.916,0,0,0,3976,grass
33.918,0,0,0,3969,grass
33.926,0,0,0,3925,grass
33.932,0,0,0,3887,grass
33.932,0,0,0,3857,grass
33.939,0,0,0,3868,grass
33.946,0,0,0,3894,grass
33.951,0,0,0,3917,grass
33.953,0,0,0,3960,grass
33.959,0,0,0,3984,grass
33.966,0,0,0,3991,grass
33.967,0,0,0,4002,grass
33.973,0,0,0,4006,grass
33.98,0,0,0,3993,grass
33.987,0,0,0,3992,grass
33.988,0,0,0,3975,grass
33.995,0,0,0,3934,grass
34.001,0,0,0,3889,grass
34.001,0,0,0,3877,grass
34.011,0,0,0,3876,grass
34.015,0,0,0,3894,grass
34.018,0,0,0,3916,grass
34.022,0,0,0,3947,grass
34.029,0,0,0,3968,grass
34.036,0,0,0,3970,grass
34.041,0,0,0,3983,grass
34.043,0,0,0,3986,grass
34.05,0,0,0,3972,grass
34.056,0,0,0,3971,grass
34.057,0,0,0,3962,grass
34.064,0,0,0,3972,grass
34.071,0,0,0,3975,grass
34.077,0,0,0,3972,grass
34.077,0,0,0,3980,grass
34.085,0,0,0,3972,grass
34.091,0,0,0,3969,grass
34.091,0,0,0,3947,grass
34.101,0,0,0,3929,grass
34.105,0,0,0,3899,grass
34.111,0,0,0,3895,grass
34.114,0,0,0,3904,grass
34.119,0,0,0,3935,grass
34.126,0,0,0,3965,grass
34.126,0,0,0,3977,grass
34.134,0,0,0,3986,grass
34.14,0,0,0,3999,grass
34.146,0,0,0,3999,grass
34.149,0,0,0,3995,grass
34.154,0,0,0,3992,grass
34.161,0,0,0,3988,grass
34.166,0,0,0,3987,grass
34.168,0,0,0,3984,grass
34.175,0,0,0,3977,grass
34.181,0,0,0,3968,grass
34.182,0,0,0,3973,grass
34.188,0,0,0,3976,grass
34.195,0,0,0,3970,grass
34.201,0,0,0,3981,grass
34.205,0,0,0,3982,grass
34.21,0,0,0,3992,grass
34.217,0,0,0,3982,grass
34.22,0,0,0,3974,grass
34.224,0,0,0,3972,grass
34.23,0,0,0,3964,grass
34.236,0,0,0,3941,grass
34.238,0,0,0,3910,grass
34.246,0,0,0,3913,grass
34.251,0,0,0,3938,grass
34.251,0,0,0,3962,grass
34.261,0,0,0,3974,grass
34.266,0,0,0,3984,grass
34.266,0,0,0,3983,grass
34.274,0,0,0,3983,grass
34.28,0,0,0,3987,grass
34.286,0,0,0,3974,grass
34.291,0,0,0,3969,grass
34.293,0,0,0,3965,grass
34.3,0,0,0,3965,grass
34.303,0,0,0,3972,grass
34.308,0,0,0,3986,grass
34.315,0,0,0,3987,grass
34.32,0,0,0,3988,grass
34.326,0,0,0,3989,grass
34.33,0,0,0,3989,grass
34.334,0,0,0,3984,grass
34.342,0,0,0,3988,grass
34.346,0,0,0,3991,grass
34.349,0,0,0,3979,grass
34.355,0,0,0,3991,grass
34.361,0,0,0,3992,grass
34.362,0,0,0,3990,grass
34.369,0,0,0,3986,grass
34.376,0,0,0,3966,grass
34.376,0,0,0,3911,grass
34.386,0,0,0,3921,grass
34.39,0,0,0,3928,grass
34.392,0,0,0,3938,grass
34.398,0,0,0,3961,grass
34.404,0,0,0,3983,grass
34.411,0,0,0,3977,grass
34.411,0,0,0,3999,grass
34.418,0,0,0,4007,grass
34.425,0,0,0,3994,grass
34.431,0,0,0,3989,grass
34.435,0,0,0,3989,grass
34.439,0,0,0,3996,grass
34.445,0,0,0,4003,grass
34.45,0,0,0,4000,grass
34.452,0,0,0,3994,grass
34.459,0,0,0,4006,grass
34.466,0,0,0,3993,grass
34.471,0,0,0,3972,grass
34.473,0,0,0,3990,grass
34.481,0,0,0,3975,grass
34.481,0,0,0,3965,grass
34.488,0,0,0,3951,grass
34.494,0,0,0,3960,grass
34.501,0,0,0,3966,grass
34.502,0,0,0,3988,grass
34.508,0,0,0,3982,grass
34.515,0,0,0,4002,grass
34.515,0,0,0,3999,grass
34.523,0,0,0,4004,grass
34.529,0,0,0,4003,grass
34.536,0,0,0,3996,grass
34.54,0,0,0,3988,grass
34.543,0,0,0,3987,grass
34.55,0,0,0,3978,grass
34.552,0,0,0,3970,grass
34.557,0,0,0,3975,grass
34.565,0,0,0,3975,grass
34.57,0,0,0,3986,grass
34.576,0,0,0,3982,grass
34.577,0,0,0,3982,grass
34.584,0,0,0,3976,grass
34.591,0,0,0,3959,grass
34.596,0,0,0,3958,grass
34.598,0,0,0,3956,grass
34.606,0,0,0,3959,grass
34.611,0,0,0,3966,grass
34.612,0,0,0,3970,grass
34.619,0,0,0,3990,grass
34.626,0,0,0,4000,grass
34.626,0,0,0,4007,grass
34.635,0,0,0,4008,grass
34.64,0,0,0,4006,grass
34.646,0,0,0,3997,grass
34.651,0,0,0,3987,grass
34.654,0,0,0,3972,grass
34.66,0,0,0,3968,grass
34.666,0,0,0,3973,grass
34.668,0,0,0,3970,grass
34.674,0,0,0,3988,grass
34.681,0,0,0,3995,grass
34.682,0,0,0,3996,grass
34.689,0,0,0,3995,grass
34.695,0,0,0,3992,grass
34.695,0,0,0,3991,grass
34.703,0,0,0,3978,grass
34.709,0,0,0,3975,grass
34.715,0,0,0,3958,grass
34.716,0,0,0,3954,grass
34.724,0,0,0,3962,grass
34.73,0,0,0,3977,grass
34.732,0,0,0,3963,grass
34.737,0,0,0,3970,grass
34.744,0,0,0,3975,grass
34.751,0,0,0,3975,grass
34.751,0,0,0,3957,grass
34.758,0,0,0,3971,grass
34.765,0,0,0,3982,grass
34.771,0,0,0,4001,grass
34.775,0,0,0,4015,grass
34.779,0,0,0,4018,grass
34.786,0,0,0,4012,grass
34.786,0,0,0,4012,grass
34.793,0,0,0,4013,grass
34.799,0,0,0,4005,grass
34.802,0,0,0,4004,grass
34.81,0,0,0,4003,grass
34.813,0,0,0,4005,grass
34.821,0,0,0,3995,grass
34.821,0,0,0,4005,grass
34.827,0,0,0,4007,grass
34.834,0,0,0,4008,grass
34.84,0,0,0,4009,grass
34.845,0,0,0,4001,grass
34.851,0,0,0,3988,grass
34.856,0,0,0,3979,grass
34.856,0,0,0,3969,grass
34.862,0,0,0,3962,grass
34.869,0,0,0,3968,grass
34.875,0,0,0,3987,grass
34.88,0,0,0,3985,grass
34.883,0,0,0,3987,grass
34.89,0,0,0,4004,grass
34.89,0,0,0,4010,grass
34.897,0,0,0,4005,grass
34.904,0,0,0,3992,grass
34.911,0,0,0,3972,grass
34.916,0,0,0,3972,grass
34.918,0,0,0,3986,grass
34.925,0,0,0,3998,grass
34.925,0,0,0,4010,grass
34.932,0,0,0,4007,grass
34.939,0,0,0,4019,grass
34.946,0,0,0,4023,grass
34.95,0,0,0,4023,grass
34.952,0,0,0,4022,grass
34.959,0,0,0,4024,grass
34.965,0,0,0,4016,grass
34.966,0,0,0,4008,grass
34.973,0,0,0,4000,grass
34.98,0,0,0,4000,grass
34.981,0,0,0,4004,grass
34.987,0,0,0,3995,grass
34.994,0,0,0,4005,grass
35.001,0,0,0,3997,grass
35.005,0,0,0,3998,grass
35.008,0,0,0,4002,grass
35.015,0,0,0,3991,grass
35.016,0,0,0,3980,grass
35.024,0,0,0,3969,grass
35.029,0,0,0,3972,grass
35.036,0,0,0,3992,grass
35.036,0,0,0,3999,grass
35.043,0,0,0,4005,grass
35.05,0,0,0,3991,grass
35.056,0,0,0,3971,grass
35.06,0,0,0,3939,grass
35.063,0,0,0,3928,grass
35.07,0,0,0,3957,grass
35.074,0,0,0,3950,grass
35.078,0,0,0,3965,grass
35.084,0,0,0,3992,grass
35.091,0,0,0,3995,grass
35.091,0,0,0,4007,grass
35.098,0,0,0,4007,grass
35.106,0,0,0,4001,grass
35.107,0,0,0,3998,grass
35.115,0,0,0,3967,grass
35.119,0,0,0,3976,grass
35.123,0,0,0,3959,grass
35.126,0,0,0,3953,grass
35.134,0,0,0,3935,grass
35.139,0,0,0,3933,grass
35.141,0,0,0,3907,grass
35.147,0,0,0,3894,grass
35.154,0,0,0,3894,grass
35.16,0,0,0,3887,grass
35.165,0,0,0,3877,grass
35.167,0,0,0,3873,grass
35.176,0,0,0,3820,grass
35.176,0,0,0,3772,grass
35.184,0,0,0,3801,grass
35.188,0,0,0,3804,grass
35.196,0,0,0,3843,grass
35.2,0,0,0,3852,grass
35.202,0,0,0,3798,grass
35.209,0,0,0,3654,grass
35.213,0,0,0,3257,grass
35.216,0,0,0,1682,grass
35.223,0,0,0,99,grass
35.23,0,0,0,0,grass
35.23,0,0,0,0,grass
35.237,0,0,0,0,grass
35.244,0,0,0,0,grass
35.246,0,0,0,0,grass
35.251,0,0,0,0,grass
35.258,0,0,0,493,grass
35.264,0,0,0,1138,grass
35.266,0,0,0,495,grass
35.272,0,0,0,0,grass
35.279,0,0,0,0,grass
35.285,0,0,0,0,grass
35.287,0,0,0,0,grass
35.293,0,0,0,0,grass
35.3,0,0,0,1277,grass
35.3,0,0,0,1469,grass
35.31,0,0,0,2336,grass
35.313,0,0,0,3033,grass
35.321,0,0,0,3122,grass
35.324,0,0,0,3069,grass
35.327,0,0,0,3111,grass
35.334,0,0,0,3544,grass
35.341,0,0,0,3564,grass
35.342,0,0,0,3377,grass
35.349,0,0,0,3354,grass
35.355,0,0,0,3653,grass
35.36,0,0,0,3724,grass
35.365,0,0,0,3687,grass
35.369,0,0,0,3653,grass
35.373,0,0,0,3658,grass
35.376,0,0,0,3404,grass
35.383,0,0,0,3492,grass
35.389,0,0,0,3677,grass
35.391,0,0,0,3812,grass
35.397,0,0,0,3876,grass
35.404,0,0,0,3930,grass
35.41,0,0,0,3914,grass
35.411,0,0,0,3947,grass
35.418,0,0,0,3910,grass
35.424,0,0,0,3951,grass
35.429,0,0,0,3969,grass
35.431,0,0,0,3981,grass
35.438,0,0,0,3990,grass
35.445,0,0,0,3994,grass
35.445,0,0,0,3967,grass
35.454,0,0,0,3953,grass
35.459,0,0,0,3963,grass
35.465,0,0,0,3985,grass
35.466,0,0,0,4003,grass
35.473,0,0,0,4003,grass
35.48,0,0,0,3990,grass
35.485,0,0,0,3965,grass
35.487,0,0,0,3961,grass
35.494,0,0,0,3964,grass
35.5,0,0,0,3978,grass
35.501,0,0,0,3973,grass
35.508,0,0,0,3972,grass
35.515,0,0,0,3964,grass
35.515,0,0,0,3942,grass
35.522,0,0,0,3910,grass
35.53,0,0,0,3937,grass
35.53,0,0,0,3968,grass
35.538,0,0,0,3974,grass
35.543,0,0,0,3984,grass
35.55,0,0,0,4008,grass
35.554,0,0,0,4027,grass
35.559,0,0,0,4015,grass
35.563,0,0,0,3993,grass
35.57,0,0,0,3947,grass
35.57,0,0,0,3966,grass
35.578,0,0,0,4009,grass
35.584,0,0,0,4022,grass
35.59,0,0,0,4016,grass
35.591,0,0,0,4001,grass
35.598,0,0,0,3991,grass
35.605,0,0,0,3993,grass
35.605,0,0,0,4008,grass
35.612,0,0,0,4011,grass
35.619,0,0,0,4006,grass
35.621,0,0,0,4001,grass
35.63,0,0,0,3991,grass
35.633,0,0,0,3971,grass
35.64,0,0,0,3956,grass
35.64,0,0,0,3966,grass
35.647,0,0,0,4002,grass
35.654,0,0,0,4002,grass
35.654,0,0,0,4003,grass
35.665,0,0,0,3962,grass
35.667,0,0,0,3985,grass
35.674,0,876,0,4002,grass
35.679,0,1373,0,4010,grass
35.681,0,1738,0,3993,grass
35.688,0,1540,0,4010,grass
35.694,0,1413,0,4015,grass
35.695,0,1350,0,4013,grass
35.702,0,1473,0,4016,grass
35.709,0,2215,0,4022,grass
35.715,0,2138,0,4014,grass
35.72,0,1250,0,4015,grass
35.723,0,2283,0,4013,grass
35.727,0,0,0,3977,grass
35.735,0,0,0,4010,grass
35.737,0,661,0,4006,grass
35.744,0,2609,0,3991,grass
35.744,0,2721,0,3969,grass
35.752,0,1739,0,3944,grass
35.76,0,0,0,3968,grass
35.767,0,0,0,3980,grass
35.77,0,0,0,4009,grass
35.773,0,0,0,4026,grass
35.779,0,2648,0,4035,grass
35.785,0,2855,0,4038,grass
35.788,0,2983,0,4048,grass
35.794,0,3406,0,4039,grass
35.8,0,3416,0,4039,grass
35.802,0,3064,0,4047,grass
35.807,0,3142,0,4048,grass
35.814,0,2989,0,4034,grass
35.82,0,2006,0,4037,grass
35.82,0,2794,0,4013,grass
35.829,0,2904,0,4009,grass
35.834,0,1581,0,4031,grass
35.835,0,0,0,4038,grass
35.841,0,0,0,4026,grass
35.848,0,1005,0,4035,grass
35.855,0,1525,0,4037,grass
35.86,0,2807,0,4032,grass
35.862,0,2822,0,4026,grass
35.869,0,3041,0,4025,grass
35.871,0,3234,0,4019,grass
35.879,0,3158,0,4023,grass
35.883,0,2569,0,4034,grass
35.89,0,2084,0,4033,grass
35.89,0,2584,0,4034,grass
35.897,0,2855,0,4023,grass
35.903,0,3370,0,4029,grass
35.905,0,3482,0,4035,grass
35.911,0,3196,0,4038,grass
35.918,0,2996,0,4037,grass
35.924,0,2742,0,4039,grass
35.93,0,2120,0,4033,grass
35.932,0,1701,0,4029,grass
35.939,0,1494,0,4015,grass
35.945,0,845,0,4038,grass
35.945,0,0,0,4045,grass
35.952,0,0,0,4050,grass
35.959,0,1575,0,4054,grass
35.959,0,2327,0,4042,grass
35.969,0,2777,0,4040,grass
35.973,0,2685,0,4040,grass
35.98,0,2100,0,4043,grass
35.981,0,2013,0,4035,grass
35.987,0,2111,0,4012,grass
35.994,0,2126,0,4007,grass
35.994,0,0,0,4010,grass
36.002,0,0,0,3982,grass
36.008,0,0,0,4033,grass
36.015,0,2105,0,4018,grass
36.019,0,2750,0,4029,grass
36.022,0,2830,0,4031,grass
36.029,0,2007,0,4042,grass
36.029,0,1650,0,4047,grass
36.039,0,1690,0,4032,grass
36.043,0,2272,0,4026,grass
36.05,0,2806,0,4012,grass
36.055,0,2116,0,4009,grass
36.057,0,0,0,4013,grass
36.063,0,0,0,4000,grass
36.063,0,0,0,3980,grass
36.071,0,0,0,3961,grass
36.077,0,0,0,3954,grass
36.085,0,0,0,3964,grass
36.085,3101,0,0,3960,grass
36.091,0,0,0,3934,grass
36.098,3944,0,0,3912,grass
36.1,3840,0,0,3862,grass
36.105,3203,0,0,3841,grass
36.114,0,0,0,3790,grass
36.119,0,0,0,3333,grass
36.124,0,0,0,2806,grass
36.126,0,0,0,0,grass
36.133,1035,0,0,1363,grass
36.14,3047,0,0,3875,grass
36.143,1492,0,0,3989,grass
36.147,2740,0,0,4024,grass
36.154,3030,0,0,4041,grass
36.155,1676,0,0,4038,grass
36.164,942,0,0,4038,grass
36.167,0,0,0,4037,grass
36.174,0,0,0,4031,grass
36.179,0,0,0,4026,grass
36.181,0,0,0,4012,grass
36.188,0,0,0,3988,grass
36.194,0,0,0,3961,grass
36.195,0,0,0,3957,grass
36.202,0,0,0,3996,grass
36.209,0,0,0,4010,grass
36.21,0,0,0,4030,grass
36.216,0,0,0,4032,grass
36.223,0,0,0,4042,grass
36.229,0,0,0,4034,grass
36.231,0,0,0,4029,grass
36.237,0,0,0,4016,grass
36.244,0,0,0,4009,grass
36.244,0,0,0,4005,grass
36.255,0,0,0,3996,grass
36.257,0,0,0,3985,grass
36.265,0,0,0,3967,grass
36.268,0,0,0,3958,grass
36.272,0,0,0,3978,grass
36.278,0,0,0,3989,grass
36.284,0,0,0,3995,grass
36.285,0,0,0,4000,grass
36.293,0,0,0,4004,grass
36.299,0,0,0,4006,grass
36.301,0,0,0,3980,grass
36.307,0,0,0,3937,grass
36.314,0,0,0,3901,grass
36.319,0,0,0,3897,grass
36.32,0,0,0,3877,grass
36.327,0,0,0,3873,grass
36.335,0,0,0,3879,grass
36.335,0,0,0,3857,grass
36.342,0,0,0,3827,grass
36.348,0,0,0,3832,grass
36.354,0,0,0,3821,grass
36.355,0,0,0,3829,grass
36.362,0,0,0,3826,grass
36.369,0,0,0,3823,grass
36.374,0,0,0,3798,grass
36.376,0,0,0,3813,grass
36.383,0,0,0,3838,grass
36.389,0,0,0,3873,grass
36.39,0,0,0,3903,grass
36.397,0,0,0,3915,grass
36.403,0,0,0,3916,grass
36.405,0,0,0,3897,grass
36.413,0,0,0,3889,grass
36.417,0,0,0,3858,grass
36.424,0,0,0,3821,grass
36.424,0,0,0,3777,grass
36.434,0,0,0,3656,grass
36.438,0,0,0,3422,grass
36.44,0,0,0,3173,grass
36.445,0,0,0,2316,grass
36.453,0,0,0,218,grass
36.459,0,0,0,0,grass
36.46,0,0,0,0,grass
36.466,0,0,0,0,grass
36.473,0,0,0,0,grass
36.479,0,0,0,0,grass
36.48,0,0,0,0,grass
36.488,0,0,0,0,grass
36.494,0,0,0,0,grass
36.495,0,0,0,0,grass
36.501,0,0,0,0,grass
36.508,0,0,0,0,grass
36.514,0,0,0,0,grass
36.515,0,0,0,0,grass
36.522,0,0,0,0,grass
36.529,0,0,0,0,grass
36.53,0,0,0,0,grass
36.535,0,0,0,0,grass
36.542,0,0,0,0,grass
36.549,653,0,0,0,grass
36.551,2097,0,0,0,grass
36.556,918,0,0,0,grass
36.563,1036,0,0,0,grass
36.568,0,0,0,0,grass
36.57,0,0,0,0,grass
36.577,0,0,0,0,grass
36.584,0,0,0,0,grass
36.585,0,0,0,0,grass
36.591,0,0,0,0,grass
36.598,0,0,0,0,grass
36.604,753,0,0,0,grass
36.605,3405,0,0,0,grass
36.612,3645,0,0,0,grass
36.619,3673,0,0,0,grass
36.619,3538,0,0,0,grass
36.627,3150,0,0,0,grass
36.632,0,0,0,0,grass
36.639,2401,0,0,0,grass
36.64,3159,0,0,0,grass
36.647,3244,0,0,0,grass
36.653,3018,0,0,0,grass
36.655,0,0,0,0,grass
36.66,0,0,0,0,grass
36.668,0,0,0,0,grass
36.674,0,0,0,0,grass
36.674,0,0,0,0,grass
36.681,0,0,0,0,grass
36.688,0,0,0,0,grass
36.692,0,0,0,0,grass
36.698,0,0,0,0,grass
36.702,0,0,0,0,grass
36.706,0,0,0,0,grass
36.709,0,0,0,0,grass
36.716,0,0,0,0,grass
36.723,0,0,0,0,grass
36.729,0,0,0,0,grass
36.734,2325,0,0,0,grass
36.737,3256,0,0,0,grass
36.744,3697,0,0,0,grass
36.744,3828,0,0,0,grass
36.751,3323,0,0,0,grass
36.758,0,0,0,0,grass
36.758,0,0,0,0,grass
36.769,0,0,0,0,grass
36.772,0,0,0,0,grass
36.779,1837,0,0,0,grass
36.784,2459,0,0,0,grass
36.786,2544,0,0,0,grass
36.792,1735,0,0,0,grass
36.799,0,0,0,0,grass
36.8,2006,0,0,0,grass
36.806,3163,0,0,0,grass
36.813,3257,0,0,0,grass
36.818,3219,0,0,0,grass
36.82,2877,0,0,0,grass
36.827,0,0,0,0,grass
36.834,0,0,0,0,grass
36.834,0,0,0,0,grass
36.844,0,0,0,0,grass
36.848,0,0,0,0,grass
36.852,0,0,0,0,grass
36.856,0,0,0,0,grass
36.862,0,0,0,0,grass
36.869,0,0,0,0,grass
36.869,0,0,0,0,grass
36.877,0,0,0,0,grass
36.882,0,0,0,0,grass
36.885,0,0,0,0,grass
36.89,0,0,0,0,grass
36.897,0,0,0,0,grass
36.904,2220,0,0,0,grass
36.904,2325,0,0,0,grass
36.912,0,0,0,0,grass
36.917,0,0,0,0,grass
36.919,0,0,0,0,grass
36.924,0,0,0,0,grass
36.931,0,0,0,0,grass
36.938,0,0,0,0,grass
36.938,0,0,0,0,grass
36.945,0,0,0,0,grass
36.952,0,0,0,0,grass
36.959,0,0,0,0,grass
36.963,0,0,0,0,grass
36.966,0,0,0,0,grass
36.973,0,0,0,0,grass
36.973,0,0,0,0,grass
36.98,0,0,0,0,grass
36.987,0,0,0,0,grass
36.994,0,0,0,0,grass
36.998,0,0,0,0,grass
37.001,0,0,0,0,grass
37.007,0,0,0,0,grass
37.014,0,0,0,0,grass
37.015,0,0,0,0,grass
37.022,2117,0,0,0,grass
37.028,2696,0,0,0,grass
37.029,2765,0,0,0,grass
37.035,2849,0,0,0,grass
37.042,2934,0,0,0,grass
37.048,3086,0,0,0,grass
37.049,3105,0,0,0,grass
37.058,2872,0,0,0,grass
37.063,2831,0,0,0,grass
37.068,2799,0,0,0,grass
37.07,2724,0,0,0,grass
37.077,2657,0,0,0,grass
37.083,2656,0,0,0,grass
37.084,2651,0,0,0,grass
37.091,2584,0,0,0,grass
37.098,2526,0,0,0,grass
37.103,1265,0,0,0,grass
37.105,0,0,0,0,grass
37.113,0,0,0,0,grass
37.119,0,0,0,0,grass
37.119,0,0,0,0,grass
37.126,0,0,0,0,grass
37.133,0,0,0,0,grass
37.139,0,0,0,0,grass
37.143,0,0,0,0,grass
37.147,0,0,0,0,grass
37.154,2630,0,0,0,grass
37.159,2851,0,0,0,grass
37.162,2890,0,0,0,grass
37.167,3135,0,0,0,grass
37.17,2842,0,0,0,grass
37.174,2788,0,0,0,grass
37.181,2749,0,0,0,grass
37.189,2750,0,0,0,grass
37.189,2765,0,0,0,grass
37.196,2788,0,0,0,grass
37.202,2805,0,0,0,grass
37.204,2689,0,0,0,grass
37.209,2694,0,0,0,grass
37.216,2814,0,0,0,grass
37.224,3190,0,0,0,grass
37.224,3432,0,0,0,grass
37.231,3515,0,0,0,grass
37.237,3567,0,0,0,grass
37.244,3572,0,0,0,grass
37.247,3538,0,0,0,grass
37.254,3507,0,0,0,grass
37.258,3462,0,0,0,grass
37.259,3272,0,0,0,grass
37.265,2846,0,0,0,grass
37.272,2344,0,0,0,grass
37.274,0,0,0,0,grass
37.279,0,0,0,0,grass
37.286,0,0,0,0,grass
37.293,0,0,0,0,grass
37.293,0,0,0,0,grass
37.301,0,0,0,0,grass
37.306,0,0,0,0,grass
37.313,2523,0,0,0,grass
37.317,2938,0,0,0,grass
37.32,3246,0,0,0,grass
37.327,3462,0,0,0,grass
37.333,3519,0,0,0,grass
37.334,3511,0,0,0,grass
37.341,3554,0,0,0,grass
37.348,3577,0,0,0,grass
37.349,3597,0,0,0,grass
37.355,3553,0,0,0,grass
37.362,3488,0,0,0,grass
37.368,3315,0,0,0,grass
37.37,2871,0,0,0,grass
37.376,2756,0,0,0,grass
37.383,2702,0,0,0,grass
37.384,2765,0,0,0,grass
37.393,2894,0,0,0,grass
37.398,3262,0,0,0,grass
37.403,3283,0,0,0,grass
37.404,3277,0,0,0,grass
37.413,3406,0,0,0,grass
37.418,3480,0,0,0,grass
37.424,3550,0,0,0,grass
37.427,3622,0,0,0,grass
37.432,3702,0,0,0,grass
37.438,3681,0,0,0,grass
37.44,3566,0,0,0,grass
37.449,3438,0,0,0,grass
37.453,3122,0,0,0,grass
37.456,2760,0,0,0,grass
37.459,2626,0,0,0,grass
37.466,2760,0,0,0,grass
37.473,2854,0,0,0,grass
37.473,2876,0,0,0,grass
37.48,3201,0,0,0,grass
37.488,3211,0,0,0,grass
37.488,3225,0,0,0,grass
37.496,3365,0,0,0,grass
37.501,3484,0,0,0,grass
37.507,3548,0,0,0,grass
37.513,3627,0,0,0,grass
37.514,3676,0,0,0,grass
37.522,3683,0,0,0,grass
37.528,3657,0,0,0,grass
37.528,3677,0,0,0,grass
37.535,3660,0,0,0,grass
37.543,3609,0,0,0,grass
37.544,3553,0,0,0,grass
37.549,3484,0,0,0,grass
37.556,3343,0,0,0,grass
37.563,3144,0,0,0,grass
37.564,2864,0,0,0,grass
37.57,2787,0,0,0,grass
37.577,2810,0,0,0,grass
37.583,3025,0,0,0,grass
37.584,3244,0,0,0,grass
37.591,3464,0,0,0,grass
37.598,3599,0,0,0,grass
37.6,3699,0,0,0,grass
37.605,3771,0,0,0,grass
37.612,3822,0,0,0,grass
37.614,3829,0,0,0,grass
37.619,3826,0,0,0,grass
37.627,3755,0,0,0,grass
37.632,3626,0,0,0,grass
37.638,3458,0,0,0,grass
37.639,3158,0,0,0,grass
37.646,2897,0,0,0,grass
37.653,2859,0,0,0,grass
37.657,3050,0,0,0,grass
37.66,3190,0,0,0,grass
37.667,3328,0,0,0,grass
37.673,3453,0,0,0,grass
37.674,3498,0,0,0,grass
37.681,3562,0,0,0,grass
37.688,3598,0,0,0,grass
37.689,3679,0,0,0,grass
37.695,3737,0,0,0,grass
37.702,3745,0,0,0,grass
37.708,3770,0,0,0,grass
37.709,3781,0,0,0,grass
37.716,3772,0,0,0,grass
37.723,3774,0,0,0,grass
37.728,3779,0,0,0,grass
37.73,3749,0,0,0,grass
37.738,3681,0,0,0,grass
37.743,3571,0,0,0,grass
37.744,3382,0,0,0,grass
37.751,3131,0,0,0,grass
37.757,3208,0,0,0,grass
37.76,3296,0,0,0,grass
37.764,3428,0,0,0,grass
37.771,3559,0,0,0,grass
37.774,3599,0,0,0,grass
37.778,3559,0,0,0,grass
37.787,3491,0,0,0,grass
37.792,3469,0,0,0,grass
37.798,3403,0,0,0,grass
37.799,3416,0,0,0,grass
37.806,3510,0,0,0,grass
37.813,3515,0,0,0,grass
37.818,3671,0,0,0,grass
37.82,3766,0,0,0,grass
37.827,3806,0,0,0,grass
37.833,3828,0,0,0,grass
37.834,3828,0,0,0,grass
37.841,3784,0,0,0,grass
37.848,3735,0,0,0,grass
37.849,3651,0,0,0,grass
37.855,3614,0,0,0,grass
37.861,3606,0,0,0,grass
37.864,3619,0,0,0,grass
37.869,3625,0,0,0,grass
37.876,3643,0,0,0,grass
37.883,3697,0,0,0,grass
37.883,3733,0,0,0,grass
37.89,3753,0,0,0,grass
37.898,3761,0,0,0,grass
37.898,3753,0,0,0,grass
37.906,3702,0,0,0,grass
37.91,3612,0,0,0,grass
37.917,3503,0,0,0,grass
37.919,3414,0,0,0,grass
37.924,3092,0,0,0,grass
37.932,2441,0,0,0,grass
37.937,1472,0,0,0,grass
37.938,2974,0,0,0,grass
37.945,3218,0,0,0,grass
37.952,3380,0,0,0,grass
37.954,3438,0,0,0,grass
37.962,3584,0,0,0,grass
37.966,3659,0,0,0,grass
37.973,3732,0,0,0,grass
37.974,3829,0,0,0,grass
37.98,3879,0,0,0,grass
37.987,3909,0,0,0,grass
37.987,3906,0,0,0,grass
37.997,3877,0,0,0,grass
38.001,3850,0,0,0,grass
38.008,3903,0,0,0,grass
38.008,3938,0,0,0,grass
38.014,3921,0,0,0,grass
38.023,3868,0,0,0,grass
38.024,3799,0,0,0,grass
38.031,3746,0,0,0,grass
38.035,3700,0,0,0,grass
38.042,3643,0,0,0,grass
38.047,3591,0,0,0,grass
38.05,3603,0,0,0,grass
38.056,3643,0,0,0,grass
38.063,3620,0,0,0,grass
38.063,3630,0,0,0,grass
38.071,3619,0,0,0,grass
38.078,3616,0,0,0,grass
38.08,3881,0,0,0,grass
38.088,3944,0,0,0,grass
38.091,3975,0,0,0,grass
38.098,3945,0,0,0,grass
38.103,3882,0,0,0,grass
38.105,3700,0,0,0,grass
38.111,3580,0,0,0,grass
38.114,3519,0,0,0,grass
38.119,3656,0,0,0,grass
38.125,3802,0,0,0,grass
38.133,3826,0,0,0,grass
38.133,3837,0,0,0,grass
38.141,3808,0,0,0,grass
38.147,3768,0,0,0,grass
38.149,3711,0,0,0,grass
38.157,3660,0,0,0,grass
38.16,3627,0,0,0,grass
38.167,3570,0,0,0,grass
38.167,3582,0,0,0,grass
38.174,3645,0,0,0,grass
38.181,3681,0,0,0,grass
38.187,3687,0,0,0,grass
38.188,3683,0,0,0,grass
38.195,3652,0,0,0,grass
38.202,3582,0,0,0,grass
38.202,3360,0,0,0,grass
38.209,2850,0,0,0,grass
38.215,1680,0,0,0,grass
38.223,2284,0,0,0,grass
38.227,2900,0,0,0,grass
38.23,3242,0,0,0,grass
38.236,3195,0,0,0,grass
38.242,3248,0,0,0,grass
38.244,3354,0,0,0,grass
38.252,3496,0,0,0,grass
38.257,3571,0,0,0,grass
38.26,3642,0,0,0,grass
38.265,3671,0,0,0,grass
38.272,3740,0,0,0,grass
38.278,3812,0,0,0,grass
38.279,3844,0,0,0,grass
38.285,3830,0,0,0,grass
38.292,3772,0,0,0,grass
38.292,3616,0,0,0,grass
38.3,3123,0,0,0,grass
38.306,2169,0,0,0,grass
38.308,0,0,0,0,grass
38.317,444,0,0,0,grass
38.323,2526,0,0,0,grass
38.327,2803,0,0,0,grass
38.333,2697,0,0,0,grass
38.334,2860,0,0,0,grass
38.341,3202,0,0,0,grass
38.347,3296,0,0,0,grass
38.352,3200,0,0,0,grass
38.355,2948,0,0,0,grass
38.362,2647,0,0,0,grass
38.362,0,0,0,0,grass
38.369,0,0,0,0,grass
38.376,0,0,0,0,grass
38.382,0,0,0,0,grass
38.387,0,0,0,0,grass
38.39,0,0,0,0,grass
38.397,0,0,0,0,grass
38.397,0,0,0,0,grass
38.405,0,0,0,0,grass
38.41,0,0,0,0,grass
38.418,0,0,0,0,grass
38.421,0,0,0,0,grass
38.424,0,0,0,0,grass
38.431,0,0,0,0,grass
38.433,0,0,0,0,grass
38.438,0,0,0,0,grass
38.446,0,0,0,0,grass
38.452,0,0,0,0,grass
38.457,0,0,0,0,grass
38.461,0,0,0,0,grass
38.466,0,0,0,0,grass
38.472,0,0,0,0,grass
38.474,0,0,0,0,grass
38.48,0,0,0,0,grass
38.487,0,0,0,0,grass
38.491,0,0,0,0,grass
38.493,0,0,0,0,grass
38.5,0,0,0,0,grass
38.508,0,0,0,0,grass
38.508,0,0,0,0,grass
38.516,0,0,0,0,grass
38.522,0,0,0,0,grass
38.524,0,0,0,0,grass
38.532,0,0,0,0,grass
38.535,0,0,0,0,grass
38.542,0,0,0,0,grass
38.542,0,0,0,0,grass
38.549,0,0,0,0,grass
38.556,0,0,0,0,grass
38.561,0,0,0,0,grass
38.563,2144,0,0,0,grass
38.57,1991,0,0,0,grass
38.577,0,0,0,0,grass
38.577,0,0,0,0,grass
38.584,0,0,0,0,grass
38.59,0,0,0,0,grass
38.597,0,0,0,0,grass
38.601,0,0,0,0,grass
38.605,2514,0,0,0,grass
38.612,2793,0,0,0,grass
38.612,3315,0,0,0,grass
38.619,3407,0,0,0,grass
38.625,3260,0,0,0,grass
38.632,3065,0,0,0,grass
38.636,2931,0,0,0,grass
38.64,3253,0,0,0,grass
38.646,3397,0,0,0,grass
38.646,3397,0,0,0,grass
38.657,3351,0,0,0,grass
38.661,3129,0,0,0,grass
38.667,2108,0,0,0,grass
38.671,1568,0,0,0,grass
38.674,2035,0,0,0,grass
38.681,3257,0,0,0,grass
38.686,3607,0,0,0,grass
38.688,3828,0,0,0,grass
38.696,3854,0,0,0,grass
38.702,3852,0,0,0,grass
38.707,3739,0,0,0,grass
38.711,3685,0,0,0,grass
38.716,3794,0,0,0,grass
38.718,3853,0,0,0,grass
38.723,3869,0,0,0,grass
38.731,3716,0,0,0,grass
38.737,3351,0,0,0,grass
38.742,3132,0,0,0,grass
38.744,3169,0,0,0,grass
38.751,3221,0,0,0,grass
38.757,3357,0,0,0,grass
38.762,3316,0,0,0,grass
38.765,3388,0,0,0,grass
38.772,3369,0,0,0,grass
38.777,3164,0,0,0,grass
38.778,3450,0,0,0,grass
38.785,3793,0,0,0,grass
38.788,3883,0,0,0,grass
38.793,3938,0,0,0,grass
38.801,3947,0,0,0,grass
38.806,3962,0,0,0,grass
38.812,3973,0,0,0,grass
38.814,3990,0,0,0,grass
38.82,4000,0,0,0,grass
38.827,3997,0,0,0,grass
38.828,4002,0,0,0,grass
38.834,3998,0,0,0,grass
38.841,3988,0,0,0,grass
38.846,3980,0,0,0,grass
38.848,3991,0,0,0,grass
38.855,3987,0,0,0,grass
38.862,3992,0,0,0,grass
38.863,3993,0,0,0,grass
38.869,3992,0,0,0,grass
38.876,3999,0,0,0,grass
38.882,3991,0,0,0,grass
38.883,4005,0,0,0,grass
38.89,4012,0,0,0,grass
38.897,4007,0,0,0,grass
38.897,4003,0,0,0,grass
38.905,4003,0,0,0,grass
38.91,4003,0,0,0,grass
38.913,4002,0,0,0,grass
38.921,3999,0,0,0,grass
38.924,3987,0,0,0,grass
38.931,3973,0,0,0,grass
38.933,3970,0,0,0,grass
38.938,3991,0,0,0,grass
38.946,3997,0,0,0,grass
38.952,3997,0,0,0,grass
38.955,4000,0,1924,0,grass
38.962,4002,0,2006,0,grass
38.966,4001,0,2182,0,grass
38.972,4008,0,2510,0,grass
38.973,4014,0,2182,0,grass
38.98,4013,0,1632,0,grass
38.987,4001,0,1820,0,grass
38.988,3991,0,0,0,grass
38.996,3984,0,0,0,grass
39.001,3992,0,0,0,grass
39.004,3982,0,0,0,grass
39.008,3958,0,0,0,grass
39.017,3954,0,0,0,grass
39.021,3984,0,0,0,grass
39.027,3995,0,0,0,grass
39.032,4006,0,0,0,grass
39.036,4001,0,0,0,grass
39.041,4000,0,0,0,grass
39.046,4007,0,0,0,grass
39.05,4018,0,0,0,grass
39.057,4029,0,0,0,grass
39.062,4026,0,0,0,grass
39.067,4029,0,2010,0,grass
39.07,4027,0,2296,0,grass
39.073,4024,0,2231,0,grass
39.081,4019,0,1969,0,grass
39.085,4016,0,1829,0,grass
39.09,4021,0,0,0,grass
39.097,4014,0,0,0,grass
39.098,4010,0,0,0,grass
39.105,4011,0,0,0,grass
39.111,4016,0,0,0,grass
39.113,4017,0,0,0,grass
39.119,4020,0,0,0,grass
39.125,4018,0,0,0,grass
39.128,4014,0,0,0,grass
39.132,4019,0,0,0,grass
39.141,4020,0,0,0,grass
39.146,4019,0,0,0,grass
39.149,4012,0,0,0,grass
39.153,4014,0,0,0,grass
39.162,4021,0,0,0,grass
39.167,4014,0,0,0,grass
39.168,4014,0,0,0,grass
39.176,4018,0,0,0,grass
39.181,4026,0,0,0,grass
39.187,4026,0,0,0,grass
39.188,4021,0,0,0,grass
39.195,4020,0,0,0,grass
39.202,4016,0,0,0,grass
39.202,4012,0,0,0,grass
39.21,3999,0,0,0,grass
39.216,3983,0,0,0,grass
39.219,3962,0,0,0,grass
39.223,3973,0,0,0,grass
39.23,3964,0,0,0,grass
39.237,3947,0,0,0,grass
39.237,3948,0,0,0,grass
39.244,3965,0,0,0,grass
39.252,3995,0,0,0,grass
39.252,4011,0,0,0,grass
39.26,4022,0,0,3667,grass
39.265,4023,0,0,3842,grass
39.271,4016,0,0,3773,grass
39.273,4003,0,0,3738,grass
39.278,3975,0,0,3671,grass
39.285,3945,0,0,3534,grass
39.292,3920,0,0,3186,grass
39.292,3919,0,0,2902,grass
39.299,3916,0,0,0,grass
39.306,3937,0,0,0,grass
39.308,3976,0,0,0,grass
39.313,4000,0,0,0,grass
39.32,4011,0,0,0,grass
39.327,4018,0,0,0,grass
39.328,4016,0,0,0,grass
39.334,4010,0,0,0,grass
39.341,4019,0,0,0,grass
39.347,4007,0,0,0,grass
39.348,4014,0,0,0,grass
39.355,4011,0,0,0,grass
39.361,4012,0,0,0,grass
39.363,4014,0,0,0,grass
39.368,4018,0,0,0,grass
39.375,4010,0,0,0,grass
39.378,4022,0,0,0,grass
39.382,4018,0,0,0,grass
39.391,4026,0,0,0,grass
39.396,4026,0,0,0,grass
39.399,4025,0,0,0,grass
39.403,4018,0,0,0,grass
39.41,4019,0,0,0,grass
39.416,4006,0,0,0,grass
39.417,3993,0,0,0,grass
39.424,3987,0,0,0,grass
39.431,3989,0,0,0,grass
39.433,3994,0,0,0,grass
39.438,4003,0,0,0,grass
39.445,4003,0,0,0,grass
39.452,4014,0,0,0,grass
39.453,4023,0,0,0,grass
39.462,4022,0,0,0,grass
39.466,4025,0,0,0,grass
39.472,4019,0,0,0,grass
39.473,4013,0,0,0,grass
39.48,4008,0,0,0,grass
39.486,3995,0,0,0,grass
39.487,3977,0,0,0,grass
39.493,3963,0,0,0,grass
39.5,3963,0,0,0,grass
39.507,3962,0,0,0,grass
39.507,3974,0,0,0,grass
39.514,3968,0,0,0,grass
39.521,3952,0,0,0,grass
39.522,3938,0,0,0,grass
39.528,3918,0,0,0,grass
39.535,3891,0,0,0,grass
39.542,3889,0,0,0,grass
39.543,3909,0,0,0,grass
39.549,3952,0,0,0,grass
39.556,3972,0,0,0,grass
39.557,3987,0,0,0,grass
39.566,3991,0,0,0,grass
39.57,3990,0,0,0,grass
39.576,3985,0,0,0,grass
39.577,3971,0,0,0,grass
39.584,3961,0,0,0,grass
39.591,3966,0,0,0,grass
39.597,3976,0,0,0,grass
39.598,3973,0,0,0,grass
39.605,3982,0,0,0,grass
39.611,3975,0,0,0,grass
39.612,3965,0,0,0,grass
39.618,3935,0,0,0,grass
39.625,3938,0,0,0,grass
39.632,3936,0,0,0,grass
39.632,3939,0,0,0,grass
39.639,3906,0,0,0,grass
39.646,3782,0,0,0,grass
39.646,3704,0,0,0,grass
39.655,3484,0,0,0,grass
39.66,3329,0,0,0,grass
39.667,2003,0,0,0,grass
39.668,0,0,0,0,grass
39.674,0,0,0,0,grass
39.681,0,0,0,0,grass
39.686,0,0,0,0,grass
39.688,0,0,0,0,grass
39.695,0,0,0,0,grass
39.701,0,0,0,0,grass
39.703,0,0,0,0,grass
39.709,0,0,0,0,grass
39.716,0,0,0,0,grass
39.722,0,0,0,0,grass
39.723,0,0,0,0,grass
39.73,0,0,0,0,grass
39.737,0,0,0,0,grass
39.737,0,0,0,1422,grass
39.745,0,0,0,2743,grass
39.75,0,0,0,3118,grass
39.754,0,0,0,3407,grass
39.757,0,0,0,3687,grass
39.764,0,0,0,3776,grass
39.771,0,0,0,3860,grass
39.772,0,0,0,3912,grass
39.778,0,0,0,3925,grass
39.785,0,0,0,3911,grass
39.791,0,0,0,3881,grass
39.792,0,0,0,3836,grass
39.799,0,0,0,3821,grass
39.806,0,0,0,3859,grass
39.807,0,0,0,3862,grass
39.813,0,0,0,3891,grass
39.82,0,0,0,3914,grass
39.827,0,0,0,3887,grass
39.827,0,0,0,3838,grass
39.834,0,0,0,3856,grass
39.841,0,0,0,3936,grass
39.847,0,0,0,3966,grass
39.848,0,0,0,3976,grass
39.855,0,0,0,3970,grass
39.861,0,0,0,3940,grass
39.862,0,0,0,3843,grass
39.868,0,0,0,3678,grass
39.875,0,0,0,3479,grass
39.882,0,0,0,3503,grass
39.883,0,0,0,3591,grass
39.889,0,0,0,3589,grass
39.897,0,0,0,3599,grass
39.897,0,0,0,3701,grass
39.903,0,0,0,3740,grass
39.91,0,0,0,3735,grass
39.912,0,0,0,3824,grass
39.92,0,0,0,3889,grass
39.924,0,0,0,3930,grass
39.931,0,0,0,3957,grass
39.931,0,0,0,3958,grass
39.938,0,0,0,3938,grass
39.945,0,0,0,3896,grass
39.952,0,0,0,3823,grass
39.955,0,0,0,3851,grass
39.959,0,0,0,3930,grass
39.965,0,0,0,3965,grass
39.967,0,0,0,3968,grass
39.973,0,0,0,3960,grass
39.98,0,0,0,3938,grass
39.987,0,0,0,3911,grass
39.988,0,0,0,3954,grass
39.996,0,0,0,3978,grass
40.0,0,0,0,4000,grass
