time,fsr1,fsr2,fsr3,fsr4,label
0.0,0,2123,0,4003,hard_ground_13
0.0,0,2124,0,4004,hard_ground_13
0.0,0,2121,0,4006,hard_ground_13
0.0,0,2125,0,4005,hard_ground_13
0.0,0,2124,0,4004,hard_ground_13
0.0,0,2120,0,4005,hard_ground_13
0.0,0,2121,0,4004,hard_ground_13
0.0,0,2119,0,4005,hard_ground_13
0.0,0,2121,0,4003,hard_ground_13
0.0,0,2120,0,4003,hard_ground_13
0.0,0,2119,0,4004,hard_ground_13
0.0,0,2117,0,4001,hard_ground_13
0.0,0,2121,0,4007,hard_ground_13
0.0,0,2116,0,4003,hard_ground_13
0.0,0,2113,0,4004,hard_ground_13
0.0,0,2109,0,4002,hard_ground_13
0.0,0,2114,0,3999,hard_ground_13
0.0,0,2122,0,4008,hard_ground_13
0.0,0,2118,0,4007,hard_ground_13
0.0,0,2130,0,4003,hard_ground_13
0.0,0,2118,0,4005,hard_ground_13
0.0,0,2105,0,4003,hard_ground_13
0.0,0,2108,0,4003,hard_ground_13
0.0,0,2103,0,4000,hard_ground_13
0.0,0,2122,0,4002,hard_ground_13
0.0,0,2124,0,4009,hard_ground_13
0.006,0,2126,0,4003,hard_ground_13
0.006,0,2125,0,4004,hard_ground_13
0.006,0,2117,0,4001,hard_ground_13
0.007,0,2122,0,4008,hard_ground_13
0.007,0,2125,0,4005,hard_ground_13
0.008,0,2117,0,4007,hard_ground_13
0.008,0,2118,0,4007,hard_ground_13
0.009,0,2113,0,4003,hard_ground_13
0.01,0,2119,0,4006,hard_ground_13
0.01,0,2127,0,4003,hard_ground_13
0.01,0,2134,0,4004,hard_ground_13
0.01,0,2131,0,4003,hard_ground_13
0.01,0,2123,0,4004,hard_ground_13
0.01,0,2117,0,4003,hard_ground_13
0.01,0,2110,0,4000,hard_ground_13
0.01,0,2107,0,4003,hard_ground_13
0.01,0,2095,0,4002,hard_ground_13
0.01,0,2099,0,4005,hard_ground_13
0.01,0,2103,0,4002,hard_ground_13
0.01,0,2094,0,4005,hard_ground_13
0.01,0,2093,0,4009,hard_ground_13
0.01,0,2103,0,4004,hard_ground_13
0.01,0,2087,0,4003,hard_ground_13
0.01,0,2111,0,4006,hard_ground_13
0.01,0,2096,0,4004,hard_ground_13
0.01,0,2104,0,4003,hard_ground_13
0.01,0,2108,0,4003,hard_ground_13
0.01,0,2113,0,4001,hard_ground_13
0.01,0,2108,0,4001,hard_ground_13
0.01,0,2099,0,3995,hard_ground_13
0.01,0,2090,0,4005,hard_ground_13
0.01,0,2085,0,4004,hard_ground_13
0.01,0,2094,0,4005,hard_ground_13
0.01,0,2105,0,4000,hard_ground_13
0.01,0,2100,0,4007,hard_ground_13
0.01,0,2094,0,4002,hard_ground_13
0.01,0,2071,0,4003,hard_ground_13
0.015,0,2090,0,4004,hard_ground_13
0.015,0,2086,0,4002,hard_ground_13
0.015,0,2091,0,4002,hard_ground_13
0.015,0,2097,0,4006,hard_ground_13
0.016,0,2086,0,4004,hard_ground_13
0.016,0,2084,0,4006,hard_ground_13
0.016,0,2080,0,4009,hard_ground_13
0.016,0,2074,0,4001,hard_ground_13
0.016,0,2090,0,4004,hard_ground_13
0.016,0,2103,0,4007,hard_ground_13
0.016,0,2101,0,4004,hard_ground_13
0.016,0,2108,0,4001,hard_ground_13
0.016,0,2111,0,4003,hard_ground_13
0.016,0,2113,0,4005,hard_ground_13
0.016,0,2096,0,4003,hard_ground_13
0.016,0,2095,0,4004,hard_ground_13
0.016,0,2100,0,4004,hard_ground_13
0.016,0,2107,0,4002,hard_ground_13
0.016,0,2105,0,4005,hard_ground_13
0.016,0,2095,0,4003,hard_ground_13
0.016,0,2091,0,4002,hard_ground_13
0.016,0,2078,0,4002,hard_ground_13
0.016,0,2084,0,4003,hard_ground_13
0.016,0,2091,0,4006,hard_ground_13
0.016,0,2101,0,4004,hard_ground_13
0.016,0,2095,0,4004,hard_ground_13
0.016,0,2099,0,4004,hard_ground_13
0.016,0,2093,0,4003,hard_ground_13
0.016,0,2093,0,4003,hard_ground_13
0.016,0,2101,0,4006,hard_ground_13
0.016,0,2115,0,4004,hard_ground_13
0.016,0,2118,0,4003,hard_ground_13
0.016,0,2114,0,4002,hard_ground_13
0.016,0,2115,0,4006,hard_ground_13
0.016,0,2103,0,4008,hard_ground_13
0.02,0,2105,0,4005,hard_ground_13
0.02,0,2107,0,4005,hard_ground_13
0.02,0,2115,0,4005,hard_ground_13
0.02,0,2116,0,4010,hard_ground_13
0.02,0,2113,0,4007,hard_ground_13
0.02,0,2110,0,4004,hard_ground_13
0.02,0,2110,0,4006,hard_ground_13
0.02,0,2114,0,4005,hard_ground_13
0.02,0,2119,0,4008,hard_ground_13
0.02,0,2119,0,4007,hard_ground_13
0.02,0,2130,0,4009,hard_ground_13
0.02,0,2121,0,4004,hard_ground_13
0.022,0,2108,0,4004,hard_ground_13
0.022,0,2117,0,4007,hard_ground_13
0.022,0,2147,0,4004,hard_ground_13
0.022,0,2151,0,4007,hard_ground_13
0.022,0,2121,0,4003,hard_ground_13
0.022,0,2141,0,4004,hard_ground_13
0.022,0,2133,0,4007,hard_ground_13
0.022,0,2132,0,4009,hard_ground_13
0.022,0,2137,0,4006,hard_ground_13
0.022,0,2139,0,4005,hard_ground_13
0.022,0,2131,0,4006,hard_ground_13
0.022,0,2128,0,4004,hard_ground_13
0.022,0,2130,0,4001,hard_ground_13
0.022,0,2121,0,4005,hard_ground_13
0.022,0,2124,0,4007,hard_ground_13
0.022,0,2123,0,4007,hard_ground_13
0.022,0,2122,0,4005,hard_ground_13
0.022,0,2130,0,4003,hard_ground_13
0.022,0,2130,0,4004,hard_ground_13
0.022,0,2124,0,4006,hard_ground_13
0.022,0,2124,0,4002,hard_ground_13
0.025,0,2143,0,4008,hard_ground_13
0.025,0,2149,0,4004,hard_ground_13
0.025,0,2145,0,4004,hard_ground_13
0.025,0,2153,0,4004,hard_ground_13
0.025,0,2141,0,4005,hard_ground_13
0.025,0,2132,0,4005,hard_ground_13
0.025,0,2157,0,4003,hard_ground_13
0.025,0,2141,0,4006,hard_ground_13
0.025,0,2135,0,4006,hard_ground_13
0.025,0,2126,0,4004,hard_ground_13
0.025,0,2111,0,4004,hard_ground_13
0.025,0,2109,0,4006,hard_ground_13
0.025,0,2115,0,4003,hard_ground_13
0.025,0,2122,0,4007,hard_ground_13
0.025,0,2128,0,4004,hard_ground_13
0.025,0,2124,0,4002,hard_ground_13
0.025,0,2121,0,4000,hard_ground_13
0.025,0,2118,0,4006,hard_ground_13
0.025,0,2115,0,4005,hard_ground_13
0.025,0,2118,0,4006,hard_ground_13
0.025,0,2117,0,4004,hard_ground_13
0.025,0,2102,0,4006,hard_ground_13
0.025,0,2105,0,4001,hard_ground_13
0.025,0,2114,0,4003,hard_ground_13
0.025,0,2114,0,4006,hard_ground_13
0.025,0,2124,0,4000,hard_ground_13
0.025,0,2120,0,4006,hard_ground_13
0.029,0,2136,0,4008,hard_ground_13
0.029,0,2121,0,4004,hard_ground_13
0.029,0,2122,0,4004,hard_ground_13
0.029,0,2125,0,4005,hard_ground_13
0.029,0,2135,0,4001,hard_ground_13
0.029,0,2122,0,4005,hard_ground_13
0.029,0,2135,0,4006,hard_ground_13
0.03,0,2135,0,4008,hard_ground_13
0.03,0,2137,0,4004,hard_ground_13
0.03,0,2132,0,4007,hard_ground_13
0.03,0,2134,0,4005,hard_ground_13
0.03,0,2136,0,4007,hard_ground_13
0.03,0,2137,0,4005,hard_ground_13
0.03,0,2130,0,4006,hard_ground_13
0.03,0,2141,0,4005,hard_ground_13
0.03,0,2134,0,4009,hard_ground_13
0.03,0,2143,0,4005,hard_ground_13
0.03,0,2152,0,4007,hard_ground_13
0.03,0,2153,0,4011,hard_ground_13
0.03,0,2158,0,4005,hard_ground_13
0.03,0,2158,0,4002,hard_ground_13
0.03,0,2162,0,4004,hard_ground_13
0.03,0,2170,0,4003,hard_ground_13
0.03,0,2162,0,4009,hard_ground_13
0.03,0,2157,0,4006,hard_ground_13
0.03,0,2158,0,4005,hard_ground_13
0.03,0,2157,0,4007,hard_ground_13
0.03,0,2153,0,4004,hard_ground_13
0.03,0,2150,0,4004,hard_ground_13
0.03,0,2157,0,4004,hard_ground_13
0.03,0,2147,0,4007,hard_ground_13
0.03,0,2148,0,4006,hard_ground_13
0.03,0,2144,0,4005,hard_ground_13
0.03,0,2139,0,4012,hard_ground_13
0.03,0,2137,0,4003,hard_ground_13
0.03,0,2120,0,4005,hard_ground_13
0.03,0,2142,0,4007,hard_ground_13
0.03,0,2138,0,4005,hard_ground_13
0.03,0,2141,0,4005,hard_ground_13
0.03,0,2137,0,4003,hard_ground_13
0.03,0,2160,0,4010,hard_ground_13
0.03,0,2153,0,4006,hard_ground_13
0.03,0,2148,0,4007,hard_ground_13
0.03,0,2142,0,4006,hard_ground_13
0.035,0,2155,0,4008,hard_ground_13
0.035,0,2155,0,4007,hard_ground_13
0.036,0,2150,0,4001,hard_ground_13
0.036,0,2153,0,4007,hard_ground_13
0.036,0,2148,0,4004,hard_ground_13
0.036,0,2144,0,4004,hard_ground_13
0.037,0,2158,0,4006,hard_ground_13
0.037,0,2158,0,3999,hard_ground_13
0.037,0,2159,0,4008,hard_ground_13
0.037,0,2162,0,4003,hard_ground_13
0.037,0,2165,0,4005,hard_ground_13
0.037,0,2159,0,4005,hard_ground_13
0.037,0,2145,0,4009,hard_ground_13
0.037,0,2155,0,4008,hard_ground_13
0.037,0,2158,0,4007,hard_ground_13
0.037,0,2148,0,4006,hard_ground_13
0.037,0,2148,0,4008,hard_ground_13
0.037,0,2151,0,4006,hard_ground_13
0.037,0,2147,0,4010,hard_ground_13
0.037,0,2159,0,4004,hard_ground_13
0.037,0,2147,0,4009,hard_ground_13
0.037,0,2166,0,4008,hard_ground_13
0.037,0,2165,0,4005,hard_ground_13
0.037,0,2157,0,4004,hard_ground_13
0.037,0,2167,0,4003,hard_ground_13
0.037,0,2160,0,4003,hard_ground_13
0.037,0,2162,0,4004,hard_ground_13
0.037,0,2153,0,4003,hard_ground_13
0.037,0,2156,0,4005,hard_ground_13
0.037,0,2159,0,4003,hard_ground_13
0.037,0,2157,0,4007,hard_ground_13
0.037,0,2160,0,4007,hard_ground_13
0.037,0,2151,0,4003,hard_ground_13
0.04,0,2149,0,4010,hard_ground_13
0.04,0,2147,0,4004,hard_ground_13
0.041,0,2148,0,4006,hard_ground_13
0.041,0,2142,0,4008,hard_ground_13
0.041,0,2141,0,4008,hard_ground_13
0.041,0,2145,0,4005,hard_ground_13
0.041,0,2133,0,4007,hard_ground_13
0.041,0,2161,0,4009,hard_ground_13
0.041,0,2175,0,4007,hard_ground_13
0.041,0,2153,0,4005,hard_ground_13
0.041,0,2160,0,4001,hard_ground_13
0.041,0,2155,0,4005,hard_ground_13
0.041,0,2158,0,4006,hard_ground_13
0.041,0,2151,0,4003,hard_ground_13
0.041,0,2129,0,4001,hard_ground_13
0.041,0,2130,0,4004,hard_ground_13
0.041,0,2130,0,4007,hard_ground_13
0.041,0,2119,0,4004,hard_ground_13
0.043,0,2140,0,4007,hard_ground_13
0.043,0,2125,0,4007,hard_ground_13
0.043,0,2124,0,4004,hard_ground_13
0.043,0,2110,0,4003,hard_ground_13
0.043,0,2117,0,4003,hard_ground_13
0.043,0,2126,0,4003,hard_ground_13
0.043,0,2117,0,4006,hard_ground_13
0.043,0,2088,0,4007,hard_ground_13
0.043,0,2099,0,4005,hard_ground_13
0.043,0,2098,0,4007,hard_ground_13
0.043,0,2109,0,4004,hard_ground_13
0.043,0,2130,0,4003,hard_ground_13
0.043,0,2124,0,4006,hard_ground_13
0.043,0,2126,0,4007,hard_ground_13
0.043,0,2124,0,4008,hard_ground_13
0.045,0,2119,0,4007,hard_ground_13
0.045,0,2124,0,4006,hard_ground_13
0.045,0,2123,0,4004,hard_ground_13
0.045,0,2118,0,4006,hard_ground_13
0.045,0,2127,0,4007,hard_ground_13
0.045,0,2122,0,4005,hard_ground_13
0.045,0,2119,0,4007,hard_ground_13
0.045,0,2096,0,4005,hard_ground_13
0.045,0,2124,0,4007,hard_ground_13
0.045,0,2124,0,4005,hard_ground_13
0.045,0,2139,0,4004,hard_ground_13
0.045,0,2140,0,4007,hard_ground_13
0.045,0,2141,0,4006,hard_ground_13
0.045,0,2133,0,4007,hard_ground_13
0.045,0,2138,0,4012,hard_ground_13
0.045,0,2140,0,4006,hard_ground_13
0.045,0,2143,0,4005,hard_ground_13
0.045,0,2146,0,4006,hard_ground_13
0.045,0,2154,0,4008,hard_ground_13
0.045,0,2168,0,4007,hard_ground_13
0.045,0,2155,0,4002,hard_ground_13
0.045,0,2163,0,4007,hard_ground_13
0.045,0,2158,0,4004,hard_ground_13
0.045,0,2155,0,4003,hard_ground_13
0.045,0,2158,0,4006,hard_ground_13
0.045,0,2163,0,4007,hard_ground_13
0.045,0,2157,0,4003,hard_ground_13
0.045,0,2157,0,4002,hard_ground_13
0.045,0,2156,0,4008,hard_ground_13
0.045,0,2160,0,4005,hard_ground_13
0.045,0,2166,0,4006,hard_ground_13
0.045,0,2164,0,4005,hard_ground_13
0.05,0,2159,0,4007,hard_ground_13
0.05,0,2163,0,4013,hard_ground_13
0.05,0,2168,0,4007,hard_ground_13
0.05,0,2164,0,4001,hard_ground_13
0.05,0,2168,0,4000,hard_ground_13
0.05,0,2172,0,4006,hard_ground_13
0.05,0,2163,0,4005,hard_ground_13
0.05,0,2167,0,4008,hard_ground_13
0.05,0,2168,0,4006,hard_ground_13
0.05,0,2167,0,4004,hard_ground_13
0.052,0,2173,0,4006,hard_ground_13
0.052,0,2175,0,4001,hard_ground_13
0.052,0,2183,0,4002,hard_ground_13
0.052,0,2185,0,4003,hard_ground_13
0.052,0,2184,0,4008,hard_ground_13
0.052,0,2187,0,4005,hard_ground_13
0.052,0,2191,0,4003,hard_ground_13
0.052,0,2184,0,4006,hard_ground_13
0.052,0,2185,0,4003,hard_ground_13
0.052,0,2196,0,4009,hard_ground_13
0.052,0,2189,0,4006,hard_ground_13
0.052,0,2186,0,4006,hard_ground_13
0.052,0,2188,0,4006,hard_ground_13
0.052,0,2179,0,4006,hard_ground_13
0.052,0,2196,0,4007,hard_ground_13
0.052,0,2185,0,4007,hard_ground_13
0.052,0,2182,0,4006,hard_ground_13
0.052,0,2191,0,4006,hard_ground_13
0.052,0,2188,0,4005,hard_ground_13
0.052,0,2188,0,4009,hard_ground_13
0.052,0,2191,0,4007,hard_ground_13
0.052,0,2193,0,4004,hard_ground_13
0.055,0,2191,0,4000,hard_ground_13
0.055,0,2196,0,4003,hard_ground_13
0.055,0,2193,0,4001,hard_ground_13
0.055,0,2203,0,4002,hard_ground_13
0.055,0,2195,0,4007,hard_ground_13
0.055,0,2192,0,4007,hard_ground_13
0.055,0,2178,0,4009,hard_ground_13
0.055,0,2191,0,4004,hard_ground_13
0.055,0,2190,0,4004,hard_ground_13
0.055,0,2196,0,4004,hard_ground_13
0.057,0,2194,0,4007,hard_ground_13
0.057,0,2190,0,4005,hard_ground_13
0.057,0,2200,0,4003,hard_ground_13
0.057,0,2187,0,4006,hard_ground_13
0.057,0,2185,0,4005,hard_ground_13
0.057,0,2202,0,4006,hard_ground_13
0.057,0,2195,0,4004,hard_ground_13
0.057,0,2198,0,4007,hard_ground_13
0.057,0,2195,0,4005,hard_ground_13
0.057,0,2191,0,4003,hard_ground_13
0.057,0,2204,0,4008,hard_ground_13
0.057,0,2208,0,4007,hard_ground_13
0.057,0,2206,0,4006,hard_ground_13
0.057,0,2207,0,4006,hard_ground_13
0.057,0,2210,0,4004,hard_ground_13
0.057,0,2204,0,4006,hard_ground_13
0.057,0,2207,0,4008,hard_ground_13
0.057,0,2205,0,4005,hard_ground_13
0.057,0,2211,0,4004,hard_ground_13
0.057,0,2206,0,4005,hard_ground_13
0.057,0,2212,0,4004,hard_ground_13
0.057,0,2206,0,4003,hard_ground_13
0.06,0,2200,0,4004,hard_ground_13
0.06,0,2200,0,4006,hard_ground_13
0.06,0,2199,0,4005,hard_ground_13
0.06,0,2197,0,4009,hard_ground_13
0.06,0,2187,0,4006,hard_ground_13
0.06,0,2183,0,4005,hard_ground_13
0.06,0,2188,0,4005,hard_ground_13
0.06,0,2191,0,4007,hard_ground_13
0.06,0,2195,0,4002,hard_ground_13
0.06,0,2202,0,4004,hard_ground_13
0.06,0,2202,0,4005,hard_ground_13
0.06,0,2204,0,4006,hard_ground_13
0.06,0,2200,0,4005,hard_ground_13
0.06,0,2195,0,4004,hard_ground_13
0.06,0,2193,0,4004,hard_ground_13
0.06,0,2191,0,4003,hard_ground_13
0.06,0,2192,0,4005,hard_ground_13
0.06,0,2199,0,4003,hard_ground_13
0.06,0,2197,0,4002,hard_ground_13
0.06,0,2195,0,4004,hard_ground_13
0.06,0,2190,0,4001,hard_ground_13
0.06,0,2198,0,4004,hard_ground_13
0.06,0,2197,0,4001,hard_ground_13
0.06,0,2187,0,4004,hard_ground_13
0.06,0,2194,0,4006,hard_ground_13
0.064,0,2201,0,4005,hard_ground_13
0.064,0,2197,0,4007,hard_ground_13
0.064,0,2188,0,4002,hard_ground_13
0.064,0,2193,0,4005,hard_ground_13
0.064,0,2191,0,4010,hard_ground_13
0.064,0,2188,0,4003,hard_ground_13
0.064,0,2197,0,4003,hard_ground_13
0.064,0,2189,0,4002,hard_ground_13
0.064,0,2190,0,4002,hard_ground_13
0.065,0,2197,0,4003,hard_ground_13
0.065,0,2193,0,4004,hard_ground_13
0.065,0,2189,0,4007,hard_ground_13
0.065,0,2198,0,4004,hard_ground_13
0.065,0,2202,0,4003,hard_ground_13
0.065,0,2198,0,4006,hard_ground_13
0.065,0,2203,0,4003,hard_ground_13
0.065,0,2200,0,4004,hard_ground_13
0.065,0,2204,0,4004,hard_ground_13
0.065,0,2203,0,4005,hard_ground_13
0.065,0,2202,0,4003,hard_ground_13
0.065,0,2195,0,4000,hard_ground_13
0.065,0,2203,0,4005,hard_ground_13
0.065,0,2195,0,4009,hard_ground_13
0.065,0,2209,0,4003,hard_ground_13
0.065,0,2209,0,4008,hard_ground_13
0.065,0,2212,0,4000,hard_ground_13
0.072,0,2204,0,4004,hard_ground_13
0.078,0,2205,0,4003,hard_ground_13
0.078,0,2214,0,4003,hard_ground_13
0.084,0,2216,0,4001,hard_ground_13
0.092,0,2216,0,4007,hard_ground_13
0.097,0,2213,0,4006,hard_ground_13
0.099,0,2217,0,4008,hard_ground_13
0.105,0,2217,0,4002,hard_ground_13
0.112,0,2215,0,4009,hard_ground_13
0.113,0,2209,0,4002,hard_ground_13
0.121,0,2216,0,4006,hard_ground_13
0.127,0,2213,0,4006,hard_ground_13
0.129,0,2218,0,4006,hard_ground_13
0.137,0,2221,0,4003,hard_ground_13
0.14,0,2222,0,4004,hard_ground_13
0.148,0,2218,0,4004,hard_ground_13
0.148,0,2223,0,4001,hard_ground_13
0.155,0,2216,0,3999,hard_ground_13
0.161,0,2215,0,4002,hard_ground_13
0.163,0,2216,0,4000,hard_ground_13
0.172,0,2214,0,4003,hard_ground_13
0.175,0,2214,0,4000,hard_ground_13
0.182,0,2214,0,4005,hard_ground_13
0.182,0,2216,0,4001,hard_ground_13
0.19,0,2216,0,4002,hard_ground_13
0.196,0,2204,0,3998,hard_ground_13
0.203,0,2220,0,4005,hard_ground_13
0.207,0,2225,0,4002,hard_ground_13
0.209,0,2216,0,3998,hard_ground_13
0.217,0,2217,0,4003,hard_ground_13
0.217,0,2206,0,3998,hard_ground_13
0.224,0,2208,0,4001,hard_ground_13
0.23,0,2217,0,3996,hard_ground_13
0.237,0,2220,0,3997,hard_ground_13
0.238,0,2215,0,4001,hard_ground_13
0.247,0,2219,0,4003,hard_ground_13
0.251,0,2215,0,3995,hard_ground_13
0.257,0,2218,0,3997,hard_ground_13
0.258,0,2216,0,3998,hard_ground_13
0.267,0,2203,0,4003,hard_ground_13
0.272,0,2219,0,3999,hard_ground_13
0.272,0,2223,0,3998,hard_ground_13
0.279,0,2225,0,4000,hard_ground_13
0.286,0,2204,0,3996,hard_ground_13
0.288,0,2209,0,4000,hard_ground_13
0.293,0,2216,0,4001,hard_ground_13
0.3,0,2208,0,3998,hard_ground_13
0.307,0,2202,0,4000,hard_ground_13
0.307,0,2205,0,4001,hard_ground_13
0.315,0,2212,0,4002,hard_ground_13
0.321,0,2204,0,4001,hard_ground_13
0.323,0,2204,0,4003,hard_ground_13
0.328,0,2201,0,4002,hard_ground_13
0.337,0,2213,0,4006,hard_ground_13
0.341,0,2210,0,4002,hard_ground_13
0.343,0,2203,0,4003,hard_ground_13
0.348,0,2210,0,4003,hard_ground_13
0.356,0,2217,0,4002,hard_ground_13
0.362,0,2202,0,4013,hard_ground_13
0.362,0,2211,0,4005,hard_ground_13
0.371,0,2209,0,4006,hard_ground_13
0.376,0,2210,0,4007,hard_ground_13
0.378,0,2210,0,4005,hard_ground_13
0.383,0,2203,0,4003,hard_ground_13
0.39,0,2209,0,3999,hard_ground_13
0.397,0,2210,0,4006,hard_ground_13
0.4,0,2212,0,4004,hard_ground_13
0.406,0,2211,0,4006,hard_ground_13
0.411,0,2206,0,4004,hard_ground_13
0.414,0,2210,0,4004,hard_ground_13
0.418,0,2208,0,4005,hard_ground_13
0.426,0,2204,0,4005,hard_ground_13
0.431,0,2196,0,4006,hard_ground_13
0.433,0,2198,0,4002,hard_ground_13
0.439,0,2200,0,4003,hard_ground_13
0.446,0,2197,0,4006,hard_ground_13
0.452,0,2198,0,4002,hard_ground_13
0.456,0,2196,0,4004,hard_ground_13
0.46,0,2194,0,4008,hard_ground_13
0.466,0,2195,0,4000,hard_ground_13
0.468,0,2195,0,4009,hard_ground_13
0.476,0,2201,0,4006,hard_ground_13
0.48,0,2203,0,4003,hard_ground_13
0.483,0,2195,0,4002,hard_ground_13
0.487,0,2199,0,4004,hard_ground_13
0.495,0,2201,0,4006,hard_ground_13
0.501,0,2194,0,3999,hard_ground_13
0.501,0,2191,0,3998,hard_ground_13
0.509,0,2191,0,4002,hard_ground_13
0.515,0,2188,0,4002,hard_ground_13
0.522,0,2185,0,4005,hard_ground_13
0.522,0,2173,0,4007,hard_ground_13
0.53,0,2178,0,4003,hard_ground_13
0.536,0,2177,0,4004,hard_ground_13
0.538,0,2174,0,4004,hard_ground_13
0.543,0,2167,0,4006,hard_ground_13
0.55,0,2166,0,4012,hard_ground_13
0.557,0,2178,0,4004,hard_ground_13
0.557,0,2174,0,4002,hard_ground_13
0.565,0,2177,0,4004,hard_ground_13
0.571,0,2175,0,4003,hard_ground_13
0.574,0,2174,0,4003,hard_ground_13
0.578,0,2174,0,4003,hard_ground_13
0.585,0,2174,0,4007,hard_ground_13
0.591,0,2159,0,4003,hard_ground_13
0.592,0,2171,0,4007,hard_ground_13
0.6,0,2177,0,4003,hard_ground_13
0.606,0,2180,0,4003,hard_ground_13
0.61,0,2183,0,4005,hard_ground_13
0.613,0,2168,0,4008,hard_ground_13
0.619,0,2162,0,4003,hard_ground_13
0.626,0,2158,0,4009,hard_ground_13
0.627,0,2151,0,4006,hard_ground_13
0.635,0,2155,0,4006,hard_ground_13
0.641,0,2143,0,4007,hard_ground_13
0.643,0,2152,0,4004,hard_ground_13
0.651,0,2156,0,4001,hard_ground_13
0.654,0,2152,0,4006,hard_ground_13
0.661,0,2154,0,4004,hard_ground_13
0.666,0,2154,0,4008,hard_ground_13
0.67,0,2147,0,4005,hard_ground_13
0.675,0,2161,0,4002,hard_ground_13
0.682,0,2162,0,4000,hard_ground_13
0.682,0,2161,0,4004,hard_ground_13
0.689,0,2164,0,4004,hard_ground_13
0.696,0,2155,0,4007,hard_ground_13
0.7,0,2145,0,4006,hard_ground_13
0.703,0,2159,0,4008,hard_ground_13
0.71,0,2149,0,4007,hard_ground_13
0.716,0,2130,0,4000,hard_ground_13
0.717,0,2128,0,4007,hard_ground_13
0.723,0,2130,0,4009,hard_ground_13
0.731,0,2125,0,4006,hard_ground_13
0.735,0,2128,0,4007,hard_ground_13
0.738,0,2133,0,4005,hard_ground_13
0.744,0,2118,0,4007,hard_ground_13
0.751,0,2122,0,4000,hard_ground_13
0.751,0,2117,0,4005,hard_ground_13
0.759,0,2118,0,4005,hard_ground_13
0.765,0,2125,0,4004,hard_ground_13
0.765,0,2163,0,4008,hard_ground_13
0.774,0,2166,0,4005,hard_ground_13
0.779,0,2163,0,4002,hard_ground_13
0.786,0,2159,0,4002,hard_ground_13
0.79,0,2123,0,4005,hard_ground_13
0.793,0,2121,0,4007,hard_ground_13
0.801,0,2123,0,4004,hard_ground_13
0.801,0,2149,0,4005,hard_ground_13
0.807,0,2175,0,4005,hard_ground_13
0.814,0,2170,0,4005,hard_ground_13
0.821,0,2165,0,4005,hard_ground_13
0.825,0,2144,0,4005,hard_ground_13
0.828,0,2139,0,4001,hard_ground_13
0.834,0,2138,0,4003,hard_ground_13
0.841,0,2146,0,4005,hard_ground_13
0.842,0,2132,0,4002,hard_ground_13
0.85,0,2140,0,4005,hard_ground_13
0.855,0,2134,0,4003,hard_ground_13
0.857,0,2130,0,4005,hard_ground_13
0.864,0,2134,0,4009,hard_ground_13
0.871,0,2126,0,4005,hard_ground_13
0.876,0,2135,0,4007,hard_ground_13
0.877,0,2134,0,4007,hard_ground_13
0.883,0,2120,0,4004,hard_ground_13
0.89,0,2145,0,4012,hard_ground_13
0.891,0,2131,0,4005,hard_ground_13
0.901,0,2161,0,4006,hard_ground_13
0.904,0,2152,0,4006,hard_ground_13
0.911,0,2153,0,4009,hard_ground_13
0.916,0,2151,0,4005,hard_ground_13
0.921,0,2140,0,4006,hard_ground_13
0.925,0,2146,0,4008,hard_ground_13
0.929,0,2160,0,4007,hard_ground_13
0.932,0,2156,0,4009,hard_ground_13
0.939,0,2156,0,4002,hard_ground_13
0.945,0,2147,0,4002,hard_ground_13
0.945,0,2143,0,4001,hard_ground_13
0.955,0,2133,0,4006,hard_ground_13
0.959,0,2131,0,4003,hard_ground_13
0.966,0,2137,0,4006,hard_ground_13
0.966,0,2144,0,4006,hard_ground_13
0.975,0,2149,0,4004,hard_ground_13
0.98,0,2160,0,4001,hard_ground_13
0.981,0,2154,0,4005,hard_ground_13
0.987,0,2150,0,4004,hard_ground_13
0.995,0,2144,0,4006,hard_ground_13
1.001,0,2155,0,4008,hard_ground_13
1.001,0,2161,0,4004,hard_ground_13
1.009,0,2155,0,4010,hard_ground_13
1.015,0,2158,0,4003,hard_ground_13
1.02,0,2160,0,4006,hard_ground_13
1.025,0,2168,0,4007,hard_ground_13
1.029,0,2158,0,4006,hard_ground_13
1.036,0,2158,0,4005,hard_ground_13
1.036,0,2159,0,4004,hard_ground_13
1.045,0,2161,0,3998,hard_ground_13
1.05,0,2160,0,4007,hard_ground_13
1.051,0,2166,0,4004,hard_ground_13
1.057,0,2162,0,4005,hard_ground_13
1.064,0,2156,0,4006,hard_ground_13
1.07,0,2148,0,4006,hard_ground_13
1.072,0,2169,0,4004,hard_ground_13
1.077,0,2160,0,4010,hard_ground_13
1.085,0,2168,0,4000,hard_ground_13
1.085,0,2157,0,4000,hard_ground_13
1.093,0,2164,0,4004,hard_ground_13
1.1,0,2161,0,4005,hard_ground_13
1.105,0,2159,0,4006,hard_ground_13
1.109,0,2168,0,4002,hard_ground_13
1.112,0,2166,0,4006,hard_ground_13
1.119,0,2162,0,4004,hard_ground_13
1.119,0,2173,0,4007,hard_ground_13
1.127,0,2159,0,4001,hard_ground_13
1.133,0,2164,0,4004,hard_ground_13
1.14,0,2156,0,4013,hard_ground_13
1.144,0,2162,0,4006,hard_ground_13
1.148,0,2167,0,4002,hard_ground_13
1.154,0,2158,0,4006,hard_ground_13
1.16,0,2158,0,4002,hard_ground_13
1.161,0,2164,0,4008,hard_ground_13
1.168,0,2181,0,4001,hard_ground_13
1.175,0,2188,0,4007,hard_ground_13
1.176,0,2191,0,4004,hard_ground_13
1.183,0,2184,0,4003,hard_ground_13
1.189,0,2197,0,4004,hard_ground_13
1.195,0,2214,0,4010,hard_ground_13
1.196,0,2063,0,4010,hard_ground_13
1.203,0,1730,0,4006,hard_ground_13
1.21,0,1283,0,4002,hard_ground_13
1.21,0,1745,0,4005,hard_ground_13
1.218,0,2879,0,4001,hard_ground_13
1.223,0,2985,0,4018,hard_ground_13
1.23,0,3053,0,4029,hard_ground_13
1.231,0,3188,0,4036,hard_ground_13
1.237,0,3143,0,4040,hard_ground_13
1.244,0,3059,0,4037,hard_ground_13
1.25,0,3159,0,4042,hard_ground_13
1.251,0,3193,0,4046,hard_ground_13
1.259,0,3397,0,4043,hard_ground_13
1.265,0,3412,0,4046,hard_ground_13
1.265,0,3345,0,4047,hard_ground_13
1.272,0,3254,0,4041,hard_ground_13
1.279,0,3206,0,4040,hard_ground_13
1.285,0,3208,0,4030,hard_ground_13
1.29,0,2952,0,4029,hard_ground_13
1.293,0,3095,0,4022,hard_ground_13
1.3,0,3197,0,4016,hard_ground_13
1.301,0,3137,0,4029,hard_ground_13
1.308,0,3304,0,4021,hard_ground_13
1.313,0,3428,0,4035,hard_ground_13
1.316,0,3458,0,4042,hard_ground_13
1.325,0,3496,0,4044,hard_ground_13
1.327,0,3479,0,4034,hard_ground_13
1.335,0,3429,0,4031,hard_ground_13
1.335,0,3505,0,4018,hard_ground_13
1.342,0,3646,0,4001,hard_ground_13
1.348,0,3677,0,3996,hard_ground_13
1.351,0,3688,0,4016,hard_ground_13
1.36,0,3646,0,4034,hard_ground_13
1.362,0,3701,0,4047,hard_ground_13
1.369,0,3728,0,4051,hard_ground_13
1.369,0,3749,0,4044,hard_ground_13
1.377,0,3724,0,4036,hard_ground_13
1.383,0,3705,0,4031,hard_ground_13
1.39,0,3617,0,4020,hard_ground_13
1.394,0,3453,0,4013,hard_ground_13
1.397,0,3193,0,3994,hard_ground_13
1.404,0,2827,0,3980,hard_ground_13
1.406,0,2804,0,3997,hard_ground_13
1.411,0,3288,0,4006,hard_ground_13
1.42,0,3670,0,4023,hard_ground_13
1.425,0,3791,0,4038,hard_ground_13
1.426,0,3873,0,4043,hard_ground_13
1.432,0,3885,0,4051,hard_ground_13
1.439,0,3870,0,4043,hard_ground_13
1.444,0,3890,0,4041,hard_ground_13
1.447,0,3870,0,4045,hard_ground_13
1.452,0,3765,0,4037,hard_ground_13
1.46,0,3714,0,4022,hard_ground_13
1.46,0,3317,0,4004,hard_ground_13
1.47,0,1397,0,3961,hard_ground_13
1.473,0,0,0,3838,hard_ground_13
1.476,0,0,0,3944,hard_ground_13
1.48,0,2339,0,4003,hard_ground_13
1.489,0,3329,0,4017,hard_ground_13
1.494,0,3581,0,4012,hard_ground_13
1.494,0,3710,0,4033,hard_ground_13
1.501,0,3733,0,4027,hard_ground_13
1.508,0,3741,0,4022,hard_ground_13
1.515,0,3719,0,4018,hard_ground_13
1.519,0,3721,0,4018,hard_ground_13
1.522,0,3704,0,4002,hard_ground_13
1.529,0,3658,0,4018,hard_ground_13
1.529,0,3650,0,4010,hard_ground_13
1.537,0,3676,0,4023,hard_ground_13
1.543,0,3642,0,4019,hard_ground_13
1.55,0,3546,0,4007,hard_ground_13
1.554,0,3562,0,3991,hard_ground_13
1.557,0,3582,0,3991,hard_ground_13
1.564,0,3646,0,3997,hard_ground_13
1.564,0,3708,0,4003,hard_ground_13
1.572,0,3678,0,4027,hard_ground_13
1.577,0,3710,0,4034,hard_ground_13
1.584,0,3763,0,4035,hard_ground_13
1.588,0,3885,0,4030,hard_ground_13
1.592,0,3881,0,4025,hard_ground_13
1.598,0,3884,0,4023,hard_ground_13
1.602,0,3866,0,4022,hard_ground_13
1.605,0,3814,0,4016,hard_ground_13
1.613,0,3721,0,4006,hard_ground_13
1.619,0,3468,0,3981,hard_ground_13
1.62,0,3048,0,3982,hard_ground_13
1.626,0,603,0,3998,hard_ground_13
1.633,0,0,0,4013,hard_ground_13
1.635,0,3090,0,4027,hard_ground_13
1.64,0,3581,0,4020,hard_ground_13
1.648,0,3716,0,4000,hard_ground_13
1.654,0,3755,0,3947,hard_ground_13
1.654,0,3694,0,3942,hard_ground_13
1.661,0,3643,0,3926,hard_ground_13
1.668,0,3703,0,3921,hard_ground_13
1.674,0,3748,0,3906,hard_ground_13
1.679,0,3846,0,3926,hard_ground_13
1.681,0,3855,0,3953,hard_ground_13
1.689,0,3830,0,3987,hard_ground_13
1.689,0,3789,0,3998,hard_ground_13
1.696,0,3764,0,4019,hard_ground_13
1.702,0,3775,0,4019,hard_ground_13
1.709,0,3798,0,4018,hard_ground_13
1.713,0,3814,0,4012,hard_ground_13
1.716,0,3779,0,4005,hard_ground_13
1.724,0,3667,0,3985,hard_ground_13
1.724,0,3326,0,3979,hard_ground_13
1.732,0,2678,0,3953,hard_ground_13
1.737,0,2713,0,3910,hard_ground_13
1.744,0,3175,0,3837,hard_ground_13
1.748,0,3367,0,3886,hard_ground_13
1.751,0,3398,0,3898,hard_ground_13
1.758,0,3329,0,3971,hard_ground_13
1.76,0,3427,0,3991,hard_ground_13
1.765,0,3537,0,3981,hard_ground_13
1.773,0,3665,0,3932,hard_ground_13
1.779,0,3723,0,3906,hard_ground_13
1.781,0,3714,0,3796,hard_ground_13
1.786,0,3657,0,3787,hard_ground_13
1.793,0,3585,0,3891,hard_ground_13
1.798,0,3536,0,3940,hard_ground_13
1.802,0,3529,0,3942,hard_ground_13
1.807,0,3515,0,3937,hard_ground_13
1.814,0,3549,0,3921,hard_ground_13
1.814,0,3591,0,3917,hard_ground_13
1.824,0,3619,0,3936,hard_ground_13
1.827,0,3658,0,3956,hard_ground_13
1.834,0,3739,0,3970,hard_ground_13
1.835,0,3768,0,3979,hard_ground_13
1.842,0,3764,0,3987,hard_ground_13
1.848,0,3739,0,3993,hard_ground_13
1.85,0,3708,0,3998,hard_ground_13
1.855,0,3605,0,3990,hard_ground_13
1.862,0,3487,0,3991,hard_ground_13
1.869,0,3528,0,3980,hard_ground_13
1.87,0,3602,0,3976,hard_ground_13
1.876,0,3635,0,3991,hard_ground_13
1.883,0,3736,0,4013,hard_ground_13
1.883,0,3790,0,4016,hard_ground_13
1.892,0,3829,0,4021,hard_ground_13
1.897,0,3845,0,4017,hard_ground_13
1.904,0,3839,0,4014,hard_ground_13
1.908,0,3810,0,4011,hard_ground_13
1.911,0,3774,0,4009,hard_ground_13
1.917,0,3681,0,4004,hard_ground_13
1.923,0,3566,0,3990,hard_ground_13
1.924,0,3492,0,3985,hard_ground_13
1.932,0,3525,0,3980,hard_ground_13
1.938,0,3588,0,3985,hard_ground_13
1.941,0,3684,0,3985,hard_ground_13
1.945,0,3757,0,3997,hard_ground_13
1.953,0,3802,0,4004,hard_ground_13
1.954,0,3800,0,4001,hard_ground_13
1.96,0,3799,0,3996,hard_ground_13
1.968,0,3772,0,4002,hard_ground_13
1.973,0,3724,0,3995,hard_ground_13
1.973,0,3644,0,3990,hard_ground_13
1.981,0,3642,0,3983,hard_ground_13
1.987,0,3667,0,3984,hard_ground_13
1.991,0,3701,0,3987,hard_ground_13
1.994,0,3758,0,3992,hard_ground_13
2.002,0,3790,0,3995,hard_ground_13
2.008,0,3806,0,3998,hard_ground_13
2.01,0,3803,0,3997,hard_ground_13
2.015,0,3792,0,3990,hard_ground_13
2.022,0,3755,0,3988,hard_ground_13
2.024,0,3717,0,3993,hard_ground_13
2.03,0,3637,0,3986,hard_ground_13
2.038,0,3614,0,3982,hard_ground_13
2.043,0,3621,0,3985,hard_ground_13
2.044,0,3632,0,3987,hard_ground_13
2.05,0,3677,0,3994,hard_ground_13
2.057,0,3737,0,4007,hard_ground_13
2.063,0,3777,0,4007,hard_ground_13
2.068,0,3794,0,4010,hard_ground_13
2.07,0,3791,0,4011,hard_ground_13
2.078,0,3790,0,4010,hard_ground_13
2.078,0,3758,0,4017,hard_ground_13
2.088,0,3745,0,4010,hard_ground_13
2.091,0,3726,0,4008,hard_ground_13
2.098,0,3737,0,4007,hard_ground_13
2.102,0,3754,0,4011,hard_ground_13
2.106,0,3772,0,4007,hard_ground_13
2.112,0,3771,0,4011,hard_ground_13
2.118,0,3766,0,4015,hard_ground_13
2.119,0,3723,0,4005,hard_ground_13
2.126,0,3669,0,3997,hard_ground_13
2.133,0,3616,0,3988,hard_ground_13
2.135,0,3593,0,3983,hard_ground_13
2.143,0,3627,0,3989,hard_ground_13
2.147,0,3679,0,3985,hard_ground_13
2.153,0,3749,0,3994,hard_ground_13
2.154,0,3789,0,3990,hard_ground_13
2.161,0,3817,0,4000,hard_ground_13
2.168,0,3847,0,4001,hard_ground_13
2.169,0,3854,0,3999,hard_ground_13
2.175,0,3846,0,3996,hard_ground_13
2.182,0,3817,0,3989,hard_ground_13
2.188,0,3760,0,3988,hard_ground_13
2.188,0,3665,0,3978,hard_ground_13
2.197,0,3632,0,3962,hard_ground_13
2.202,0,3609,0,3967,hard_ground_13
2.204,0,3634,0,3982,hard_ground_13
2.209,0,3678,0,3990,hard_ground_13
2.216,0,3752,0,4001,hard_ground_13
2.223,0,3791,0,4005,hard_ground_13
2.223,0,3808,0,4010,hard_ground_13
2.23,0,3795,0,4018,hard_ground_13
2.237,0,3777,0,4015,hard_ground_13
2.237,0,3720,0,4015,hard_ground_13
2.248,0,3635,0,4012,hard_ground_13
2.251,0,3569,0,4009,hard_ground_13
2.258,0,3582,0,4002,hard_ground_13
2.262,0,3611,0,4009,hard_ground_13
2.265,0,3621,0,4010,hard_ground_13
2.272,0,3714,0,4002,hard_ground_13
2.272,0,3758,0,4013,hard_ground_13
2.283,0,3802,0,4012,hard_ground_13
2.286,0,3840,0,4015,hard_ground_13
2.292,0,3852,0,4010,hard_ground_13
2.296,0,3852,0,4009,hard_ground_13
2.307,0,3845,0,4004,hard_ground_13
2.308,0,3825,0,3994,hard_ground_13
2.313,0,3770,0,3983,hard_ground_13
2.316,0,3669,0,3978,hard_ground_13
2.32,0,3614,0,3966,hard_ground_13
2.328,0,3570,0,3947,hard_ground_13
2.329,0,3599,0,3953,hard_ground_13
2.337,0,3641,0,3962,hard_ground_13
2.341,0,3724,0,3974,hard_ground_13
2.345,0,3778,0,3988,hard_ground_13
2.349,0,3806,0,4000,hard_ground_13
2.357,0,3829,0,3999,hard_ground_13
2.362,0,3837,0,4011,hard_ground_13
2.367,0,3827,0,4022,hard_ground_13
2.37,0,3828,0,4018,hard_ground_13
2.377,0,3809,0,4015,hard_ground_13
2.383,0,3764,0,4011,hard_ground_13
2.384,0,3697,0,4009,hard_ground_13
2.39,0,3633,0,4006,hard_ground_13
2.397,0,3585,0,3998,hard_ground_13
2.402,0,3590,0,4003,hard_ground_13
2.407,0,3624,0,4000,hard_ground_13
2.411,0,3678,0,4007,hard_ground_13
2.415,0,3713,0,4009,hard_ground_13
2.418,0,3745,0,4005,hard_ground_13
2.425,0,3770,0,4011,hard_ground_13
2.432,0,3773,0,4005,hard_ground_13
2.437,0,3781,0,4012,hard_ground_13
2.439,0,3774,0,4012,hard_ground_13
2.446,0,3777,0,4005,hard_ground_13
2.452,0,3770,0,4004,hard_ground_13
2.453,0,3783,0,3999,hard_ground_13
2.461,0,3783,0,3997,hard_ground_13
2.466,0,3811,0,3997,hard_ground_13
2.468,0,3819,0,3996,hard_ground_13
2.474,0,3821,0,4000,hard_ground_13
2.482,0,3810,0,3998,hard_ground_13
2.487,0,3783,0,4006,hard_ground_13
2.488,0,3731,0,3995,hard_ground_13
2.494,0,3698,0,3998,hard_ground_13
2.502,0,3692,0,3991,hard_ground_13
2.503,0,3716,0,3995,hard_ground_13
2.511,0,3733,0,4002,hard_ground_13
2.515,0,3764,0,4011,hard_ground_13
2.523,0,3765,0,4014,hard_ground_13
2.523,0,3770,0,4018,hard_ground_13
2.532,0,3775,0,4015,hard_ground_13
2.536,0,3760,0,4014,hard_ground_13
2.542,0,3759,0,4015,hard_ground_13
2.543,0,3738,0,4016,hard_ground_13
2.552,0,3724,0,4016,hard_ground_13
2.557,0,3717,0,4017,hard_ground_13
2.558,0,3710,0,4016,hard_ground_13
2.564,0,3709,0,4014,hard_ground_13
2.571,0,3711,0,4013,hard_ground_13
2.573,0,3714,0,4013,hard_ground_13
2.582,0,3722,0,4011,hard_ground_13
2.585,0,3727,0,4009,hard_ground_13
2.592,0,3733,0,4009,hard_ground_13
2.592,0,3751,0,4005,hard_ground_13
2.599,0,3755,0,4008,hard_ground_13
2.605,0,3789,0,4006,hard_ground_13
2.612,0,3766,0,4010,hard_ground_13
2.613,0,3784,0,4010,hard_ground_13
2.621,0,3786,0,4004,hard_ground_13
2.626,0,3792,0,4000,hard_ground_13
2.628,0,3787,0,4003,hard_ground_13
2.633,0,3768,0,3997,hard_ground_13
2.64,0,3751,0,3992,hard_ground_13
2.646,0,3716,0,3985,hard_ground_13
2.648,0,3715,0,3985,hard_ground_13
2.654,0,3764,0,3999,hard_ground_13
2.661,0,3796,0,4007,hard_ground_13
2.667,0,3807,0,4010,hard_ground_13
2.671,0,3777,0,4009,hard_ground_13
2.675,0,3711,0,3992,hard_ground_13
2.682,0,3630,0,3967,hard_ground_13
2.682,0,3559,0,3964,hard_ground_13
2.692,0,3569,0,3985,hard_ground_13
2.696,0,3664,0,4005,hard_ground_13
2.702,0,3773,0,4010,hard_ground_13
2.707,0,3812,0,4021,hard_ground_13
2.71,0,3827,0,4022,hard_ground_13
2.717,0,3812,0,4022,hard_ground_13
2.718,0,3790,0,4022,hard_ground_13
2.724,0,3732,0,4018,hard_ground_13
2.731,0,3685,0,4018,hard_ground_13
2.736,0,3714,0,4018,hard_ground_13
2.738,0,3743,0,4020,hard_ground_13
2.745,0,3778,0,4019,hard_ground_13
2.751,0,3785,0,4020,hard_ground_13
2.753,0,3761,0,4016,hard_ground_13
2.758,0,3742,0,4016,hard_ground_13
2.765,0,3696,0,4009,hard_ground_13
2.768,0,3661,0,4002,hard_ground_13
2.772,0,3676,0,3998,hard_ground_13
2.782,0,3676,0,3997,hard_ground_13
2.786,0,3582,0,4012,hard_ground_13
2.786,0,3483,0,3984,hard_ground_13
2.797,0,3389,0,3968,hard_ground_13
2.8,0,3458,0,3957,hard_ground_13
2.806,0,3597,0,3963,hard_ground_13
2.807,0,3742,0,3974,hard_ground_13
2.816,0,3799,0,4002,hard_ground_13
2.821,0,3818,0,4010,hard_ground_13
2.826,0,3823,0,4012,hard_ground_13
2.831,0,3771,0,4004,hard_ground_13
2.835,0,3664,0,4000,hard_ground_13
2.842,0,3489,0,3993,hard_ground_13
2.842,0,3407,0,3998,hard_ground_13
2.849,0,3550,0,4011,hard_ground_13
2.855,0,3721,0,4012,hard_ground_13
2.861,0,3799,0,4023,hard_ground_13
2.866,0,3831,0,4029,hard_ground_13
2.871,0,3843,0,4028,hard_ground_13
2.877,0,3836,0,4024,hard_ground_13
2.878,0,3833,0,4018,hard_ground_13
2.887,0,3806,0,4017,hard_ground_13
2.891,0,3764,0,4014,hard_ground_13
2.896,0,3751,0,4018,hard_ground_13
2.897,0,3752,0,4013,hard_ground_13
2.904,0,3757,0,4020,hard_ground_13
2.911,0,3785,0,4016,hard_ground_13
2.911,0,3762,0,4014,hard_ground_13
2.921,0,3747,0,4003,hard_ground_13
2.926,0,3720,0,3997,hard_ground_13
2.927,0,3674,0,3994,hard_ground_13
2.936,0,3533,0,3992,hard_ground_13
2.939,0,3407,0,3973,hard_ground_13
2.946,0,3243,0,3942,hard_ground_13
2.951,0,3278,0,3937,hard_ground_13
2.956,0,3425,0,3951,hard_ground_13
2.96,0,3691,0,3986,hard_ground_13
2.964,0,3772,0,4004,hard_ground_13
2.967,0,3828,0,4020,hard_ground_13
2.976,0,3857,0,4024,hard_ground_13
2.981,0,3835,0,4017,hard_ground_13
2.986,0,3750,0,3991,hard_ground_13
2.988,0,3534,0,3955,hard_ground_13
2.994,0,3434,0,3961,hard_ground_13
3.001,0,3660,0,3991,hard_ground_13
3.002,0,3762,0,4016,hard_ground_13
3.009,0,3830,0,4023,hard_ground_13
3.015,0,3850,0,4033,hard_ground_13
3.021,0,3864,0,4028,hard_ground_13
3.022,0,3850,0,4035,hard_ground_13
3.031,0,3817,0,4022,hard_ground_13
3.036,0,3743,0,4020,hard_ground_13
3.036,0,3670,0,4015,hard_ground_13
3.046,0,3621,0,4012,hard_ground_13
3.05,0,3635,0,4015,hard_ground_13
3.056,0,3670,0,4012,hard_ground_13
3.06,0,3712,0,4006,hard_ground_13
3.064,0,3737,0,4004,hard_ground_13
3.071,0,3706,0,4014,hard_ground_13
3.071,0,3703,0,4005,hard_ground_13
3.079,0,3708,0,4007,hard_ground_13
3.084,0,3679,0,3999,hard_ground_13
3.087,0,3640,0,4002,hard_ground_13
3.092,0,3645,0,3997,hard_ground_13
3.099,0,3595,0,3988,hard_ground_13
3.105,0,3594,0,3975,hard_ground_13
3.105,0,3552,0,3978,hard_ground_13
3.116,0,3638,0,3978,hard_ground_13
3.119,0,3699,0,3983,hard_ground_13
3.126,0,3704,0,3981,hard_ground_13
3.13,0,3628,0,3972,hard_ground_13
3.133,0,3432,0,3950,hard_ground_13
3.14,0,2754,0,3940,hard_ground_13
3.146,0,1779,0,3924,hard_ground_13
3.147,0,1944,0,3924,hard_ground_13
3.156,0,2107,0,3969,hard_ground_13
3.161,0,3055,0,3984,hard_ground_13
3.162,0,3254,0,3996,hard_ground_13
3.168,0,3493,0,4004,hard_ground_13
3.175,0,3563,0,4007,hard_ground_13
3.181,0,3413,0,3982,hard_ground_13
3.182,0,2962,0,3960,hard_ground_13
3.189,0,2359,0,3941,hard_ground_13
3.196,0,2098,0,3905,hard_ground_13
3.196,0,2083,0,3890,hard_ground_13
3.205,0,2060,0,3880,hard_ground_13
3.21,0,2029,0,3892,hard_ground_13
3.216,0,2055,0,3896,hard_ground_13
3.221,0,2090,0,3905,hard_ground_13
3.223,0,2062,0,3895,hard_ground_13
3.23,0,1999,0,3858,hard_ground_13
3.236,0,0,0,3813,hard_ground_13
3.237,0,0,0,3801,hard_ground_13
3.245,0,0,0,3703,hard_ground_13
3.251,0,0,0,3407,hard_ground_13
3.251,0,0,0,2891,hard_ground_13
3.258,0,0,0,1170,hard_ground_13
3.265,0,0,0,1227,hard_ground_13
3.266,0,0,0,2000,hard_ground_13
3.272,0,0,1345,2960,hard_ground_13
3.28,0,0,2018,2936,hard_ground_13
3.286,0,0,2415,3032,hard_ground_13
3.287,0,0,2589,3080,hard_ground_13
3.293,0,0,2788,2997,hard_ground_13
3.3,0,0,3108,2909,hard_ground_13
3.305,0,0,3053,0,hard_ground_13
3.309,0,0,2811,0,hard_ground_13
3.314,0,0,2122,0,hard_ground_13
3.321,0,0,0,0,hard_ground_13
3.321,0,0,0,0,hard_ground_13
3.328,0,0,0,0,hard_ground_13
3.334,0,0,0,0,hard_ground_13
3.34,0,0,0,1425,hard_ground_13
3.344,0,0,1456,2305,hard_ground_13
3.348,0,0,1084,2726,hard_ground_13
3.356,0,0,564,2530,hard_ground_13
3.356,0,0,0,1127,hard_ground_13
3.362,0,0,0,0,hard_ground_13
3.369,0,0,0,0,hard_ground_13
3.376,0,0,0,0,hard_ground_13
3.38,0,0,0,1920,hard_ground_13
3.383,0,0,1487,3080,hard_ground_13
3.39,0,0,2066,3482,hard_ground_13
3.39,0,0,2081,3558,hard_ground_13
3.4,0,0,1402,3646,hard_ground_13
3.405,0,0,0,3711,hard_ground_13
3.407,0,0,0,3688,hard_ground_13
3.411,0,0,0,3705,hard_ground_13
3.418,0,0,0,3793,hard_ground_13
3.425,0,0,0,3915,hard_ground_13
3.43,0,0,400,3945,hard_ground_13
3.432,0,1832,593,3961,hard_ground_13
3.439,0,2374,919,3982,hard_ground_13
3.445,0,2460,0,3977,hard_ground_13
3.447,0,2245,0,3972,hard_ground_13
3.455,0,2341,0,3967,hard_ground_13
3.46,0,2811,0,3967,hard_ground_13
3.461,0,2826,0,3981,hard_ground_13
3.47,0,2835,0,4000,hard_ground_13
3.473,0,3064,0,4011,hard_ground_13
3.481,0,3082,0,4017,hard_ground_13
3.481,0,3324,0,3996,hard_ground_13
3.49,0,3437,0,3967,hard_ground_13
3.494,0,3475,0,3977,hard_ground_13
3.496,0,3427,0,3997,hard_ground_13
3.505,0,3247,0,4008,hard_ground_13
3.509,0,3093,0,4004,hard_ground_13
3.515,0,3170,0,3987,hard_ground_13
3.52,0,3289,0,3976,hard_ground_13
3.522,0,3500,0,3978,hard_ground_13
3.529,0,3669,0,3995,hard_ground_13
3.535,0,3731,0,4011,hard_ground_13
3.536,0,3765,0,4005,hard_ground_13
3.543,0,3778,0,4015,hard_ground_13
3.55,0,3775,0,4012,hard_ground_13
3.555,0,3786,0,4003,hard_ground_13
3.557,0,3788,0,3993,hard_ground_13
3.564,0,3781,0,3996,hard_ground_13
3.57,0,3786,0,3989,hard_ground_13
3.571,0,3795,0,3979,hard_ground_13
3.578,0,3775,0,3999,hard_ground_13
3.584,0,3763,0,3993,hard_ground_13
3.586,0,3781,0,4012,hard_ground_13
3.592,0,3783,0,4020,hard_ground_13
3.598,0,3784,0,4028,hard_ground_13
3.605,0,3809,0,4029,hard_ground_13
3.605,0,3842,0,4024,hard_ground_13
3.615,0,3826,0,4019,hard_ground_13
3.619,0,3792,0,4019,hard_ground_13
3.622,0,3766,0,4025,hard_ground_13
3.626,0,3775,0,4018,hard_ground_13
3.633,0,3806,0,4018,hard_ground_13
3.64,0,3843,0,4014,hard_ground_13
3.645,0,3845,0,4017,hard_ground_13
3.647,0,3794,0,4030,hard_ground_13
3.654,0,3759,0,4035,hard_ground_13
3.66,0,3753,0,4035,hard_ground_13
3.661,0,3790,0,4033,hard_ground_13
3.668,0,3824,0,4031,hard_ground_13
3.675,0,3836,0,4032,hard_ground_13
3.676,0,3823,0,4037,hard_ground_13
3.682,0,3809,0,4040,hard_ground_13
3.689,0,3813,0,4044,hard_ground_13
3.691,0,3814,0,4053,hard_ground_13
3.696,0,3814,0,4047,hard_ground_13
3.705,0,3811,0,4042,hard_ground_13
3.71,0,3809,0,4047,hard_ground_13
3.71,0,3814,0,4049,hard_ground_13
3.718,0,3821,0,4050,hard_ground_13
3.723,0,3821,0,4051,hard_ground_13
3.73,0,3810,0,4047,hard_ground_13
3.731,0,3787,0,4048,hard_ground_13
3.737,0,3762,0,4052,hard_ground_13
3.744,0,3762,0,4050,hard_ground_13
3.745,0,3770,0,4045,hard_ground_13
3.751,0,3784,0,4045,hard_ground_13
3.758,0,3814,0,4049,hard_ground_13
3.764,0,3813,0,4049,hard_ground_13
3.765,0,3811,0,4050,hard_ground_13
3.772,0,3775,0,4051,hard_ground_13
3.779,0,3729,0,4050,hard_ground_13
3.78,0,3700,0,4050,hard_ground_13
3.786,0,3727,0,4036,hard_ground_13
3.793,0,3766,0,4035,hard_ground_13
3.8,0,3764,0,4040,hard_ground_13
3.804,0,3749,0,4042,hard_ground_13
3.807,0,3729,0,4044,hard_ground_13
3.814,0,3759,0,4043,hard_ground_13
3.82,0,3788,0,4049,hard_ground_13
3.822,0,3817,0,4046,hard_ground_13
3.828,0,3850,0,4044,hard_ground_13
3.834,0,3864,0,4050,hard_ground_13
3.839,0,3873,0,4053,hard_ground_13
3.841,0,3862,0,4048,hard_ground_13
3.849,0,3848,0,4053,hard_ground_13
3.855,0,3834,0,4052,hard_ground_13
3.855,0,3829,0,4049,hard_ground_13
3.862,0,3849,0,4045,hard_ground_13
3.87,0,3852,0,4046,hard_ground_13
3.87,0,3819,0,4044,hard_ground_13
3.876,0,3789,0,4048,hard_ground_13
3.883,0,3724,0,4047,hard_ground_13
3.89,0,3744,0,4044,hard_ground_13
3.89,0,3777,0,4045,hard_ground_13
3.897,0,3809,0,4040,hard_ground_13
3.904,0,3810,0,4047,hard_ground_13
3.906,0,3823,0,4047,hard_ground_13
3.913,0,3816,0,4050,hard_ground_13
3.918,0,3819,0,4052,hard_ground_13
3.924,0,3824,0,4054,hard_ground_13
3.925,0,3793,0,4059,hard_ground_13
3.932,0,3792,0,4052,hard_ground_13
3.938,0,3810,0,4052,hard_ground_13
3.944,0,3820,0,4050,hard_ground_13
3.946,0,3822,0,4050,hard_ground_13
3.953,0,3797,0,4053,hard_ground_13
3.959,0,3749,0,4052,hard_ground_13
3.96,0,3725,0,4052,hard_ground_13
3.966,0,3717,0,4051,hard_ground_13
3.974,0,3736,0,4048,hard_ground_13
3.974,0,3736,0,4048,hard_ground_13
3.984,0,3746,0,4050,hard_ground_13
3.988,0,3747,0,4048,hard_ground_13
3.994,0,3741,0,4048,hard_ground_13
3.999,0,3749,0,4045,hard_ground_13
4.002,3810,3759,0,4050,hard_ground_13
4.008,0,3759,0,4057,hard_ground_13
4.011,0,3729,0,4047,hard_ground_13
4.015,0,3707,0,4039,hard_ground_13
4.022,0,3463,0,4045,hard_ground_13
4.029,0,2611,0,4043,hard_ground_13
4.034,0,3623,0,4040,hard_ground_13
4.038,0,3410,0,4028,hard_ground_13
4.044,0,2626,0,4028,hard_ground_13
4.049,0,0,0,4015,hard_ground_13
4.049,0,0,0,4007,hard_ground_13
4.059,0,0,0,3992,hard_ground_13
4.064,0,0,0,3978,hard_ground_13
4.066,0,0,0,3991,hard_ground_13
4.071,0,0,0,4009,hard_ground_13
4.078,0,2331,0,4023,hard_ground_13
4.084,0,3391,0,4041,hard_ground_13
4.085,0,3585,0,4043,hard_ground_13
4.092,0,3680,0,4048,hard_ground_13
4.098,0,3714,0,4049,hard_ground_13
4.1,0,3719,0,4045,hard_ground_13
4.108,0,3665,0,4047,hard_ground_13
4.112,0,3474,0,4050,hard_ground_13
4.119,0,3334,0,4042,hard_ground_13
4.119,0,3208,0,4042,hard_ground_13
4.126,0,2686,0,4043,hard_ground_13
4.133,0,2225,0,4046,hard_ground_13
4.133,0,1014,0,4041,hard_ground_13
4.141,0,0,0,4043,hard_ground_13
4.147,0,0,0,4039,hard_ground_13
4.154,0,0,0,4043,hard_ground_13
4.158,0,0,0,4041,hard_ground_13
4.161,0,0,0,4043,hard_ground_13
4.168,0,0,0,4042,hard_ground_13
4.174,0,0,0,4041,hard_ground_13
4.175,0,0,0,4041,hard_ground_13
4.182,0,0,0,4041,hard_ground_13
4.189,0,0,0,4041,hard_ground_13
4.193,0,0,0,4034,hard_ground_13
4.196,0,0,0,4039,hard_ground_13
4.203,0,2103,0,4037,hard_ground_13
4.209,0,2826,0,4033,hard_ground_13
4.21,0,3032,0,4031,hard_ground_13
4.217,0,3263,0,4041,hard_ground_13
4.223,0,3379,0,4042,hard_ground_13
4.224,0,3435,0,4041,hard_ground_13
4.23,0,3438,0,4040,hard_ground_13
4.238,0,3436,0,4034,hard_ground_13
4.244,0,3457,0,4033,hard_ground_13
4.245,0,3558,0,4037,hard_ground_13
4.252,0,3606,0,4025,hard_ground_13
4.258,0,3622,0,4034,hard_ground_13
4.259,0,3672,0,4034,hard_ground_13
4.268,0,3697,0,4037,hard_ground_13
4.272,0,3698,0,4035,hard_ground_13
4.279,0,3652,0,4030,hard_ground_13
4.281,0,3631,0,4022,hard_ground_13
4.286,0,3602,0,4025,hard_ground_13
4.293,0,3561,0,4016,hard_ground_13
4.294,0,3493,0,4019,hard_ground_13
4.3,0,3488,0,4010,hard_ground_13
4.307,0,3511,0,4019,hard_ground_13
4.314,0,3518,0,4013,hard_ground_13
4.319,0,3594,0,4021,hard_ground_13
4.321,0,3636,0,4021,hard_ground_13
4.328,0,3651,0,4023,hard_ground_13
4.334,0,3668,0,4033,hard_ground_13
4.334,0,3669,0,4030,hard_ground_13
4.342,0,3675,0,4024,hard_ground_13
4.349,0,3671,0,4031,hard_ground_13
4.349,0,3642,0,4025,hard_ground_13
4.357,0,3617,0,4027,hard_ground_13
4.362,0,3552,0,4026,hard_ground_13
4.368,0,3496,0,4027,hard_ground_13
4.369,0,3483,0,4025,hard_ground_13
4.376,0,3473,0,4026,hard_ground_13
4.383,0,3503,0,4023,hard_ground_13
4.384,0,3492,0,4024,hard_ground_13
4.39,0,3489,0,4027,hard_ground_13
4.397,0,3484,0,4035,hard_ground_13
4.403,0,3245,0,4027,hard_ground_13
4.408,0,2781,0,4026,hard_ground_13
4.411,0,2397,0,4019,hard_ground_13
4.418,0,2408,0,4024,hard_ground_13
4.423,0,2522,0,4021,hard_ground_13
4.425,0,2541,0,4020,hard_ground_13
4.432,0,2325,0,4013,hard_ground_13
4.438,0,2629,0,4016,hard_ground_13
4.439,0,2925,0,4013,hard_ground_13
4.446,0,3054,0,4011,hard_ground_13
4.453,0,3012,0,4011,hard_ground_13
4.454,0,2685,0,4002,hard_ground_13
4.462,0,2493,0,3992,hard_ground_13
4.466,0,1730,0,3970,hard_ground_13
4.473,0,0,0,3967,hard_ground_13
4.474,0,0,0,3957,hard_ground_13
4.48,0,2297,0,3951,hard_ground_13
4.487,0,2962,0,3949,hard_ground_13
4.493,0,3185,0,3926,hard_ground_13
4.497,0,3080,0,3929,hard_ground_13
4.501,0,3028,0,3885,hard_ground_13
4.508,0,2821,0,3812,hard_ground_13
4.508,0,2430,0,3669,hard_ground_13
4.518,0,2317,0,3391,hard_ground_13
4.522,0,629,0,339,hard_ground_13
4.528,0,0,0,0,hard_ground_13
4.529,0,2218,0,0,hard_ground_13
4.536,0,2241,0,0,hard_ground_13
4.543,0,1666,0,0,hard_ground_13
4.547,0,0,0,0,hard_ground_13
4.553,2460,0,0,1424,hard_ground_13
4.556,2865,0,0,0,hard_ground_13
4.563,3838,0,0,0,hard_ground_13
4.568,3915,0,0,0,hard_ground_13
4.571,3949,0,0,0,hard_ground_13
4.577,3834,0,0,0,hard_ground_13
4.579,3403,0,0,0,hard_ground_13
4.584,0,0,0,0,hard_ground_13
4.592,0,0,263,0,hard_ground_13
4.594,0,0,1533,0,hard_ground_13
4.598,0,0,1988,0,hard_ground_13
4.608,0,0,2374,0,hard_ground_13
4.612,3110,0,2656,0,hard_ground_13
4.615,3645,0,2934,0,hard_ground_13
4.619,3804,0,3204,0,hard_ground_13
4.626,3876,0,2880,0,hard_ground_13
4.633,3874,0,2548,0,hard_ground_13
4.634,3709,0,2278,0,hard_ground_13
4.64,0,0,2269,0,hard_ground_13
4.647,0,0,2411,0,hard_ground_13
4.653,0,0,2470,0,hard_ground_13
4.654,2591,0,2428,0,hard_ground_13
4.661,3645,0,2413,0,hard_ground_13
4.668,3734,0,2534,0,hard_ground_13
4.668,3729,0,2638,0,hard_ground_13
4.676,3758,0,2888,0,hard_ground_13
4.681,3896,0,2936,0,hard_ground_13
4.688,3917,0,2938,0,hard_ground_13
4.689,3954,0,2944,0,hard_ground_13
4.696,3946,0,2925,0,hard_ground_13
4.702,3919,0,2935,0,hard_ground_13
4.708,3896,0,2918,0,hard_ground_13
4.709,3829,0,2796,0,hard_ground_13
4.716,3699,0,2402,0,hard_ground_13
4.718,3446,0,1511,0,hard_ground_13
4.723,3467,0,1915,0,hard_ground_13
4.73,3846,0,2624,0,hard_ground_13
4.737,3922,0,3110,0,hard_ground_13
4.737,3954,0,3393,0,hard_ground_13
4.747,3959,0,3505,0,hard_ground_13
4.751,3940,0,3502,0,hard_ground_13
4.757,3910,0,3345,0,hard_ground_13
4.758,3886,0,3115,0,hard_ground_13
4.765,3752,0,2496,0,hard_ground_13
4.772,3520,0,333,0,hard_ground_13
4.772,2921,0,0,0,hard_ground_13
4.78,2597,0,0,0,hard_ground_13
4.786,1505,0,0,0,hard_ground_13
4.792,1363,0,0,0,hard_ground_13
4.793,0,0,0,0,hard_ground_13
4.802,2341,0,2276,0,hard_ground_13
4.807,3143,0,3086,0,hard_ground_13
4.811,3553,0,3395,0,hard_ground_13
4.817,3852,0,3572,0,hard_ground_13
4.821,3898,0,3594,0,hard_ground_13
4.828,3922,0,3427,0,hard_ground_13
4.831,3960,0,3338,0,hard_ground_13
4.834,3969,0,3157,0,hard_ground_13
4.841,3911,0,1729,0,hard_ground_13
4.848,3669,0,2467,0,hard_ground_13
4.848,2357,0,2922,0,hard_ground_13
4.857,655,0,3161,0,hard_ground_13
4.862,3240,0,3228,0,hard_ground_13
4.864,3807,0,3283,0,hard_ground_13
4.869,3850,0,3362,0,hard_ground_13
4.876,3888,0,3473,0,hard_ground_13
4.882,3912,0,3591,0,hard_ground_13
4.884,3970,0,3664,0,hard_ground_13
4.89,3975,0,3652,0,hard_ground_13
4.897,3961,0,3556,0,hard_ground_13
4.897,3902,0,3444,0,hard_ground_13
4.906,3821,0,2853,0,hard_ground_13
4.91,3576,0,0,0,hard_ground_13
4.914,3168,0,0,0,hard_ground_13
4.918,2681,0,0,0,hard_ground_13
4.925,0,0,0,0,hard_ground_13
4.931,0,0,0,0,hard_ground_13
4.937,2848,0,2335,0,hard_ground_13
4.938,3403,0,2943,0,hard_ground_13
4.945,3721,0,3422,0,hard_ground_13
4.952,3829,0,3527,0,hard_ground_13
4.953,3860,0,3574,0,hard_ground_13
4.96,3891,0,3570,0,hard_ground_13
4.966,3905,0,3541,0,hard_ground_13
4.968,3895,0,3516,0,hard_ground_13
4.973,3862,0,3425,0,hard_ground_13
4.981,3803,0,3150,0,hard_ground_13
4.986,3616,0,3036,0,hard_ground_13
4.988,3390,0,2948,0,hard_ground_13
4.995,3395,0,3069,0,hard_ground_13
5.001,3530,0,3244,0,hard_ground_13
5.007,3681,0,3451,0,hard_ground_13
5.012,3794,0,3531,0,hard_ground_13
5.015,3832,0,3559,0,hard_ground_13
5.022,3878,0,3561,0,hard_ground_13
5.022,3900,0,3564,0,hard_ground_13
5.029,3889,0,3562,0,hard_ground_13
5.035,3869,0,3535,0,hard_ground_13
5.038,3818,0,3526,0,hard_ground_13
5.043,3749,0,3475,0,hard_ground_13
5.05,3598,0,3434,0,hard_ground_13
5.057,3488,0,3409,0,hard_ground_13
5.057,3537,0,3375,0,hard_ground_13
5.064,3539,0,3393,0,hard_ground_13
5.07,3544,0,3446,0,hard_ground_13
5.073,3648,0,3485,0,hard_ground_13
5.078,3738,0,3527,0,hard_ground_13
5.084,3826,0,3534,0,hard_ground_13
5.091,3878,0,3545,0,hard_ground_13
5.091,3896,0,3541,0,hard_ground_13
5.1,3903,0,3548,0,hard_ground_13
5.105,3901,0,3544,0,hard_ground_13
5.108,3884,0,3539,0,hard_ground_13
5.116,3881,0,3514,0,hard_ground_13
5.119,3877,0,3499,0,hard_ground_13
5.126,3880,0,3485,0,hard_ground_13
5.128,3885,0,3495,0,hard_ground_13
5.133,3875,0,3467,0,hard_ground_13
5.141,3883,0,3498,0,hard_ground_13
5.147,3890,0,3521,0,hard_ground_13
5.15,3893,0,3530,0,hard_ground_13
5.154,3891,0,3532,0,hard_ground_13
5.161,3910,0,3537,0,hard_ground_13
5.167,3915,0,3541,0,hard_ground_13
5.168,3914,0,3545,0,hard_ground_13
5.175,3920,0,3547,0,hard_ground_13
5.182,3889,0,3519,0,hard_ground_13
5.182,3905,0,3522,0,hard_ground_13
5.191,3893,0,3505,0,hard_ground_13
5.196,3891,0,3510,0,hard_ground_13
5.202,3887,0,3514,0,hard_ground_13
5.202,3876,0,3515,0,hard_ground_13
5.209,3854,0,3522,0,hard_ground_13
5.217,3763,0,3533,0,hard_ground_13
5.221,3622,0,3559,0,hard_ground_13
5.223,3589,0,3571,0,hard_ground_13
5.231,3617,0,3548,0,hard_ground_13
5.231,3621,0,3540,0,hard_ground_13
5.237,3640,0,3526,0,hard_ground_13
5.244,3658,0,3535,0,hard_ground_13
5.251,3644,0,3540,0,hard_ground_13
5.256,3701,0,3530,0,hard_ground_13
5.258,3803,0,3538,0,hard_ground_13
5.265,3866,0,3533,0,hard_ground_13
5.267,3889,0,3536,0,hard_ground_13
5.272,3904,0,3535,0,hard_ground_13
5.28,3903,0,3520,0,hard_ground_13
5.286,3911,0,3527,0,hard_ground_13
5.288,3918,0,3504,0,hard_ground_13
5.296,3912,0,3514,0,hard_ground_13
5.3,3918,0,3492,0,hard_ground_13
5.305,3921,0,3501,0,hard_ground_13
5.308,3934,0,3518,0,hard_ground_13
5.314,3931,0,3513,0,hard_ground_13
5.32,3947,0,3533,0,hard_ground_13
5.322,3941,0,3541,0,hard_ground_13
5.327,3940,0,3542,0,hard_ground_13
5.334,3937,0,3547,0,hard_ground_13
5.341,3930,0,3546,0,hard_ground_13
5.342,3930,0,3542,0,hard_ground_13
5.348,3922,0,3538,0,hard_ground_13
5.355,3911,0,3530,0,hard_ground_13
5.361,3901,0,3552,0,hard_ground_13
5.362,3895,0,3536,0,hard_ground_13
5.369,3875,0,3547,0,hard_ground_13
5.376,3870,0,3537,0,hard_ground_13
5.376,3866,0,3559,0,hard_ground_13
5.385,3874,0,3554,0,hard_ground_13
5.39,3867,0,3550,0,hard_ground_13
5.393,3851,0,3551,0,hard_ground_13
5.397,3816,0,3548,0,hard_ground_13
5.404,3788,0,3546,0,hard_ground_13
5.41,3786,0,3550,0,hard_ground_13
5.412,3810,0,3552,0,hard_ground_13
5.418,3834,0,3547,0,hard_ground_13
5.425,3847,0,3536,0,hard_ground_13
5.431,3858,0,3528,0,hard_ground_13
5.432,3869,0,3522,0,hard_ground_13
5.439,3876,0,3516,0,hard_ground_13
5.445,3894,0,3517,0,hard_ground_13
5.447,3906,0,3523,0,hard_ground_13
5.452,3924,0,3504,0,hard_ground_13
5.46,3955,0,3538,0,hard_ground_13
5.466,3971,0,3529,0,hard_ground_13
5.467,3973,0,3532,0,hard_ground_13
5.473,3977,0,3525,0,hard_ground_13
5.48,3978,0,3546,0,hard_ground_13
5.482,3974,0,3526,0,hard_ground_13
5.49,3973,0,3533,0,hard_ground_13
5.494,3962,0,3526,0,hard_ground_13
5.498,3925,0,3530,0,hard_ground_13
5.501,3915,0,3557,0,hard_ground_13
5.509,3895,0,3569,0,hard_ground_13
5.515,3872,0,3578,0,hard_ground_13
5.517,3860,0,3585,0,hard_ground_13
5.525,3857,0,3590,0,hard_ground_13
5.529,3825,0,3599,0,hard_ground_13
5.536,3839,0,3596,0,hard_ground_13
5.536,3862,0,3592,0,hard_ground_13
5.543,3871,0,3565,0,hard_ground_13
5.549,3881,0,3586,0,hard_ground_13
5.551,3893,0,3589,0,hard_ground_13
5.557,3898,0,3572,0,hard_ground_13
5.564,3896,0,3568,0,hard_ground_13
5.57,3895,0,3537,0,hard_ground_13
5.571,3896,0,3533,0,hard_ground_13
5.577,3908,0,3520,0,hard_ground_13
5.585,3914,0,3482,0,hard_ground_13
5.59,3930,0,3493,0,hard_ground_13
5.591,3943,0,3488,0,hard_ground_13
5.598,3957,0,3488,0,hard_ground_13
5.605,3957,0,3506,0,hard_ground_13
5.609,3969,0,3522,0,hard_ground_13
5.612,3980,0,3544,0,hard_ground_13
5.619,3974,0,3537,0,hard_ground_13
5.626,3965,0,3558,0,hard_ground_13
5.627,3969,0,3570,0,hard_ground_13
5.633,3931,0,3534,0,hard_ground_13
5.64,3911,0,3543,0,hard_ground_13
5.641,3901,0,3553,0,hard_ground_13
5.65,3887,0,3565,0,hard_ground_13
5.654,3884,0,3590,0,hard_ground_13
5.661,3884,0,3600,0,hard_ground_13
5.661,3886,0,3594,0,hard_ground_13
5.668,3895,0,3599,0,hard_ground_13
5.674,3901,0,3610,0,hard_ground_13
5.676,3894,0,3613,0,hard_ground_13
5.682,3904,0,3598,0,hard_ground_13
5.689,3930,0,3584,0,hard_ground_13
5.696,3932,0,3577,0,hard_ground_13
5.697,3945,0,3567,0,hard_ground_13
5.703,3931,0,3538,0,hard_ground_13
5.71,3927,0,3525,0,hard_ground_13
5.716,3910,0,3525,0,hard_ground_13
5.716,3907,0,3487,0,hard_ground_13
5.723,3913,0,3504,0,hard_ground_13
5.731,3908,0,3517,0,hard_ground_13
5.732,3908,0,3531,0,hard_ground_13
5.737,3914,0,3511,0,hard_ground_13
5.744,3935,0,3485,0,hard_ground_13
5.75,3944,0,3473,0,hard_ground_13
5.751,3963,0,3493,0,hard_ground_13
5.758,3976,0,3521,0,hard_ground_13
5.765,3984,0,3532,0,hard_ground_13
5.767,3989,0,3535,0,hard_ground_13
5.775,3995,0,3545,0,hard_ground_13
5.779,3984,0,3522,0,hard_ground_13
5.785,3993,0,3510,0,hard_ground_13
5.79,3975,0,3515,0,hard_ground_13
5.795,3964,0,3522,0,hard_ground_13
5.8,3946,0,3533,0,hard_ground_13
5.804,3931,0,3533,0,hard_ground_13
5.81,3922,0,3560,0,hard_ground_13
5.814,3929,0,3582,0,hard_ground_13
5.818,3924,0,3607,0,hard_ground_13
5.821,3908,0,3617,0,hard_ground_13
5.829,3902,0,3612,0,hard_ground_13
5.834,3886,0,3603,0,hard_ground_13
5.837,3867,0,3564,0,hard_ground_13
5.845,3870,0,3549,0,hard_ground_13
5.849,3858,0,3541,0,hard_ground_13
5.855,3859,0,3553,0,hard_ground_13
5.855,3875,0,3585,0,hard_ground_13
5.862,3911,0,3576,0,hard_ground_13
5.869,3933,0,3565,0,hard_ground_13
5.871,3939,0,3527,0,hard_ground_13
5.876,3929,0,3446,0,hard_ground_13
5.883,3909,0,3345,0,hard_ground_13
5.89,3902,0,3371,0,hard_ground_13
5.89,3927,0,3461,0,hard_ground_13
5.899,3960,0,3565,0,hard_ground_13
5.904,3975,0,3641,0,hard_ground_13
5.91,3981,0,3666,0,hard_ground_13
5.911,3977,0,3693,0,hard_ground_13
5.918,3980,0,3667,0,hard_ground_13
5.924,3968,0,3634,0,hard_ground_13
5.926,3962,0,3581,0,hard_ground_13
5.932,3961,0,3564,0,hard_ground_13
5.939,3955,0,3555,0,hard_ground_13
5.945,3953,0,3554,0,hard_ground_13
5.946,3950,0,3570,0,hard_ground_13
5.953,3947,0,3594,0,hard_ground_13
5.959,3952,0,3623,0,hard_ground_13
5.961,3950,0,3656,0,hard_ground_13
5.966,3951,0,3688,0,hard_ground_13
5.973,3949,0,3709,0,hard_ground_13
5.98,3951,0,3704,0,hard_ground_13
5.981,3949,0,3670,0,hard_ground_13
5.987,3943,0,3622,0,hard_ground_13
5.994,3948,0,3552,0,hard_ground_13
5.995,3943,0,3404,0,hard_ground_13
6.004,3918,0,3353,0,hard_ground_13
6.01,3857,0,3487,0,hard_ground_13
6.012,3800,0,3536,0,hard_ground_13
6.015,3865,0,3575,0,hard_ground_13
6.022,3915,0,3459,0,hard_ground_13
6.029,3925,0,3360,0,hard_ground_13
6.029,3887,0,3341,0,hard_ground_13
6.037,3849,0,3399,0,hard_ground_13
6.043,3814,0,3520,0,hard_ground_13
6.05,3867,0,3537,0,hard_ground_13
6.054,3890,0,3571,0,hard_ground_13
6.057,3915,0,3625,0,hard_ground_13
6.063,3952,0,3713,0,hard_ground_13
6.065,3975,0,3753,0,hard_ground_13
6.07,3987,0,3780,0,hard_ground_13
6.079,4002,0,3786,0,hard_ground_13
6.084,3998,0,3794,0,hard_ground_13
6.087,3993,0,3774,0,hard_ground_13
6.091,3986,0,3733,0,hard_ground_13
6.098,3982,0,3716,0,hard_ground_13
6.104,3983,0,3670,0,hard_ground_13
6.105,3988,0,3662,0,hard_ground_13
6.112,3986,0,3659,0,hard_ground_13
6.119,3983,0,3691,0,hard_ground_13
6.12,3983,0,3681,0,hard_ground_13
6.129,3994,0,3675,0,hard_ground_13
6.133,3993,0,3675,0,hard_ground_13
6.14,3991,0,3611,0,hard_ground_13
6.14,3989,0,3409,0,hard_ground_13
6.147,3978,0,3081,0,hard_ground_13
6.154,3944,0,3113,0,hard_ground_13
6.16,3908,0,3419,0,hard_ground_13
6.161,3921,0,3588,0,hard_ground_13
6.168,3947,0,3681,0,hard_ground_13
6.174,3974,0,3683,0,hard_ground_13
6.174,3973,0,3672,0,hard_ground_13
6.181,3951,0,3650,0,hard_ground_13
6.188,3928,0,3646,0,hard_ground_13
6.19,3931,0,3702,0,hard_ground_13
6.195,3967,0,3711,0,hard_ground_13
6.203,3994,0,3717,0,hard_ground_13
6.209,4001,0,3725,0,hard_ground_13
6.21,4000,0,3722,0,hard_ground_13
6.216,3996,0,3722,0,hard_ground_13
6.223,3994,0,3724,0,hard_ground_13
6.229,3979,0,3691,0,hard_ground_13
6.23,3962,0,3662,0,hard_ground_13
6.237,3957,0,3636,0,hard_ground_13
6.244,3950,0,3629,0,hard_ground_13
6.244,3951,0,3664,0,hard_ground_13
6.253,3961,0,3695,0,hard_ground_13
6.258,3973,0,3709,0,hard_ground_13
6.264,3981,0,3720,0,hard_ground_13
6.265,3985,0,3716,0,hard_ground_13
6.272,3969,0,3701,0,hard_ground_13
6.279,3951,0,3669,0,hard_ground_13
6.28,3927,0,3617,0,hard_ground_13
6.286,3909,0,3514,0,hard_ground_13
6.293,3915,0,3247,0,hard_ground_13
6.299,3923,0,3165,0,hard_ground_13
6.3,3943,0,3250,0,hard_ground_13
6.307,3966,0,3603,0,hard_ground_13
6.313,3991,0,3697,0,hard_ground_13
6.315,4001,0,3742,0,hard_ground_13
6.323,4004,0,3738,0,hard_ground_13
6.327,4003,0,3690,0,hard_ground_13
6.334,4001,0,3628,0,hard_ground_13
6.334,3981,0,3524,0,hard_ground_13
6.342,3970,0,3562,0,hard_ground_13
6.348,3966,0,3668,0,hard_ground_13
6.35,3968,0,3722,0,hard_ground_13
6.358,3980,0,3744,0,hard_ground_13
6.362,3988,0,3747,0,hard_ground_13
6.369,3998,0,3754,0,hard_ground_13
6.369,4002,0,3742,0,hard_ground_13
6.376,3982,0,3693,0,hard_ground_13
6.383,3931,0,3653,0,hard_ground_13
6.385,3920,0,3549,0,hard_ground_13
6.39,3930,0,3238,0,hard_ground_13
6.397,3900,0,3173,0,hard_ground_13
6.403,3862,0,3321,0,hard_ground_13
6.405,3862,0,3393,0,hard_ground_13
6.411,3868,0,3555,0,hard_ground_13
6.418,3866,0,3586,0,hard_ground_13
6.423,3802,0,3553,0,hard_ground_13
6.425,3704,0,3494,0,hard_ground_13
6.432,3531,0,3189,0,hard_ground_13
6.438,3527,0,2989,0,hard_ground_13
6.44,3453,0,2551,0,hard_ground_13
6.445,3299,0,1443,0,hard_ground_13
6.454,3437,0,0,0,hard_ground_13
6.459,3630,0,0,0,hard_ground_13
6.46,3669,0,0,0,hard_ground_13
6.466,3690,0,2119,0,hard_ground_13
6.473,3472,0,2572,0,hard_ground_13
6.474,0,0,0,0,hard_ground_13
6.483,0,0,0,0,hard_ground_13
6.487,0,0,0,0,hard_ground_13
6.494,0,0,0,0,hard_ground_13
6.494,0,0,0,0,hard_ground_13
6.501,0,0,0,3384,hard_ground_13
6.507,0,0,0,3693,hard_ground_13
6.513,0,0,0,3808,hard_ground_13
6.515,0,2346,0,3854,hard_ground_13
6.524,0,2850,0,3851,hard_ground_13
6.529,0,2996,0,3832,hard_ground_13
6.529,0,2741,0,3829,hard_ground_13
6.536,0,2551,0,3822,hard_ground_13
6.543,0,2039,0,3762,hard_ground_13
6.548,0,1534,0,3736,hard_ground_13
6.549,0,1260,0,3769,hard_ground_13
6.557,0,1449,0,3727,hard_ground_13
6.563,0,1314,0,3677,hard_ground_13
6.564,0,1360,0,3634,hard_ground_13
6.57,0,1397,0,3530,hard_ground_13
6.577,0,1175,0,3444,hard_ground_13
6.583,0,1118,0,3152,hard_ground_13
6.585,0,0,0,1829,hard_ground_13
6.591,0,0,0,1698,hard_ground_13
6.598,0,0,0,0,hard_ground_13
6.603,0,0,0,0,hard_ground_13
6.605,0,0,0,0,hard_ground_13
6.612,0,0,0,0,hard_ground_13
6.619,0,0,1208,0,hard_ground_13
6.619,1966,1510,1414,0,hard_ground_13
6.626,2836,0,998,0,hard_ground_13
6.633,2843,0,1078,0,hard_ground_13
6.634,2957,0,1857,0,hard_ground_13
6.643,3076,0,2337,0,hard_ground_13
6.647,3415,0,2573,0,hard_ground_13
6.654,3585,0,2423,0,hard_ground_13
6.654,3602,0,2477,0,hard_ground_13
6.661,3646,0,2535,0,hard_ground_13
6.667,3626,0,2663,0,hard_ground_13
6.669,3695,0,3050,0,hard_ground_13
6.674,3765,0,3167,0,hard_ground_13
6.683,3787,0,3266,0,hard_ground_13
6.688,3740,0,3318,0,hard_ground_13
6.688,3758,0,3391,0,hard_ground_13
6.695,3806,0,3446,0,hard_ground_13
6.702,3892,0,3465,0,hard_ground_13
6.709,3885,0,3503,0,hard_ground_13
6.712,3837,0,3569,0,hard_ground_13
6.716,3756,0,3713,0,hard_ground_13
6.723,3782,0,3734,0,hard_ground_13
6.723,3841,0,3780,0,hard_ground_13
6.73,3869,0,3811,0,hard_ground_13
6.737,3889,0,3808,0,hard_ground_13
6.743,3868,0,3817,0,hard_ground_13
6.748,3850,0,3803,0,hard_ground_13
6.751,3893,0,3793,0,hard_ground_13
6.758,3922,0,3793,0,hard_ground_13
6.763,3939,0,3818,0,hard_ground_13
6.765,3938,0,3847,0,hard_ground_13
6.772,3934,0,3872,0,hard_ground_13
6.778,3928,0,3891,0,hard_ground_13
6.78,3927,0,3897,0,hard_ground_13
6.786,3931,0,3885,0,hard_ground_13
6.793,3955,0,3848,0,hard_ground_13
6.797,3963,0,3854,0,hard_ground_13
6.8,3961,0,3867,0,hard_ground_13
6.807,3963,0,3874,0,hard_ground_13
6.813,3966,0,3876,0,hard_ground_13
6.813,3972,0,3886,0,hard_ground_13
6.822,3983,0,3901,0,hard_ground_13
6.827,3984,0,3904,0,hard_ground_13
6.83,3987,0,3905,0,hard_ground_13
6.834,3981,0,3898,0,hard_ground_13
6.841,3987,0,3894,0,hard_ground_13
6.848,3990,0,3885,0,hard_ground_13
6.848,3992,0,3873,0,hard_ground_13
6.855,3992,0,3881,0,hard_ground_13
6.862,3986,0,3872,0,hard_ground_13
6.868,3978,0,3893,0,hard_ground_13
6.869,3983,0,3894,0,hard_ground_13
6.876,3997,0,3901,0,hard_ground_13
6.883,4007,0,3906,0,hard_ground_13
6.887,4014,0,3917,0,hard_ground_13
6.89,4021,0,3925,0,hard_ground_13
6.897,4025,0,3926,0,hard_ground_13
6.903,4026,0,3935,0,hard_ground_13
6.904,4025,0,3943,0,hard_ground_13
6.911,4030,0,3939,0,hard_ground_13
6.917,4028,0,3925,0,hard_ground_13
6.919,4029,0,3921,0,hard_ground_13
6.924,4028,0,3909,0,hard_ground_13
6.931,4025,0,3893,0,hard_ground_13
6.938,4021,0,3900,0,hard_ground_13
6.939,4024,0,3899,0,hard_ground_13
6.945,4026,0,3906,0,hard_ground_13
6.952,4029,0,3921,0,hard_ground_13
6.953,4030,0,3917,0,hard_ground_13
6.963,4033,0,3922,0,hard_ground_13
6.966,4031,0,3923,0,hard_ground_13
6.973,4031,0,3907,0,hard_ground_13
6.973,4032,0,3908,0,hard_ground_13
6.98,4035,0,3910,0,hard_ground_13
6.987,4033,0,3923,0,hard_ground_13
6.993,4033,0,3920,0,hard_ground_13
6.997,4026,0,3917,0,hard_ground_13
7.001,4026,0,3906,0,hard_ground_13
7.008,4027,0,3908,0,hard_ground_13
7.011,4024,0,3907,0,hard_ground_13
7.015,4027,0,3901,0,hard_ground_13
7.021,4026,0,3897,0,hard_ground_13
7.027,4023,0,3898,0,hard_ground_13
7.03,4024,0,3906,0,hard_ground_13
7.037,4019,0,3906,0,hard_ground_13
7.042,4018,0,3912,0,hard_ground_13
7.046,4017,0,3910,0,hard_ground_13
7.049,4019,0,3916,0,hard_ground_13
7.056,4018,0,3918,0,hard_ground_13
7.063,4022,0,3925,0,hard_ground_13
7.068,4026,0,3941,0,hard_ground_13
7.07,4029,0,3933,0,hard_ground_13
7.077,4033,0,3925,0,hard_ground_13
7.082,4015,0,3910,0,hard_ground_13
7.084,3999,0,3885,0,hard_ground_13
7.091,4009,0,3830,0,hard_ground_13
7.097,3994,0,3846,0,hard_ground_13
7.099,4003,0,3827,0,hard_ground_13
7.105,4006,0,3799,0,hard_ground_13
7.112,4007,0,3823,0,hard_ground_13
7.113,4006,0,3828,0,hard_ground_13
7.122,4012,0,3886,0,hard_ground_13
7.126,4025,0,3920,0,hard_ground_13
7.133,4033,0,3939,0,hard_ground_13
7.133,4038,0,3945,0,hard_ground_13
7.14,4040,0,3931,0,hard_ground_13
7.146,4041,0,3910,0,hard_ground_13
7.148,4033,0,3896,0,hard_ground_13
7.154,4028,0,3790,0,hard_ground_13
7.161,4012,0,3577,0,hard_ground_13
7.168,3999,0,2939,0,hard_ground_13
7.168,3990,0,2661,0,hard_ground_13
7.174,3972,0,3447,0,hard_ground_13
7.181,3982,0,3589,0,hard_ground_13
7.187,3991,0,3574,0,hard_ground_13
7.188,4002,0,3476,0,hard_ground_13
7.195,4003,0,3518,0,hard_ground_13
7.202,4013,0,3707,0,hard_ground_13
7.202,4023,0,3782,0,hard_ground_13
7.212,4027,0,3812,0,hard_ground_13
7.216,4029,0,3825,0,hard_ground_13
7.218,4032,0,3824,0,hard_ground_13
7.223,4029,0,3803,0,hard_ground_13
7.23,4024,0,3770,0,hard_ground_13
7.237,4018,0,3748,0,hard_ground_13
7.237,4013,0,3744,0,hard_ground_13
7.244,4009,0,3722,0,hard_ground_13
7.25,4014,0,3681,0,hard_ground_13
7.257,4016,0,3605,0,hard_ground_13
7.262,4023,0,3622,0,hard_ground_13
7.265,4027,0,3650,0,hard_ground_13
7.272,4028,0,3682,0,hard_ground_13
7.272,4030,0,3733,0,hard_ground_13
7.282,4033,0,3694,0,hard_ground_13
7.285,4030,0,3622,0,hard_ground_13
7.292,4030,0,3485,0,hard_ground_13
7.296,4029,0,3456,0,hard_ground_13
7.299,4020,0,3397,0,hard_ground_13
7.306,4009,0,3278,0,hard_ground_13
7.311,4016,0,2625,0,hard_ground_13
7.313,4018,0,2112,0,hard_ground_13
7.32,4021,0,2630,0,hard_ground_13
7.326,4027,0,2980,0,hard_ground_13
7.331,4027,0,3097,0,hard_ground_13
7.335,4024,0,3171,3655,hard_ground_13
7.341,4023,0,3248,3929,hard_ground_13
7.341,4027,0,3183,3960,hard_ground_13
7.352,4028,0,2130,3832,hard_ground_13
7.355,4025,0,0,0,hard_ground_13
7.362,4021,0,0,2703,hard_ground_13
7.366,4012,0,0,3780,hard_ground_13
7.369,4015,0,0,3947,hard_ground_13
7.376,4023,0,2566,3957,hard_ground_13
7.376,4028,0,2882,3884,hard_ground_13
7.384,4029,0,2441,3798,hard_ground_13
7.39,4022,0,2308,3879,hard_ground_13
7.397,4014,0,2347,3873,hard_ground_13
7.4,4006,0,2517,3850,hard_ground_13
7.407,4003,0,2614,3836,hard_ground_13
7.412,4001,0,2346,3745,hard_ground_13
7.417,4008,0,2329,3807,hard_ground_13
7.418,4010,0,2646,3859,hard_ground_13
7.424,4016,0,2901,3877,hard_ground_13
7.431,4016,0,3065,3820,hard_ground_13
7.434,4015,0,3117,3627,hard_ground_13
7.438,4016,0,3233,0,hard_ground_13
7.445,4015,0,3264,0,hard_ground_13
7.448,4023,0,3325,0,hard_ground_13
7.452,4020,0,3462,0,hard_ground_13
7.461,4019,0,3576,0,hard_ground_13
7.467,4017,0,3587,0,hard_ground_13
7.471,4021,0,3675,0,hard_ground_13
7.474,4023,0,3685,0,hard_ground_13
7.481,4030,0,3666,0,hard_ground_13
7.484,4030,0,3627,0,hard_ground_13
7.489,4035,0,3589,0,hard_ground_13
7.494,4026,0,3618,0,hard_ground_13
7.501,4015,0,3604,0,hard_ground_13
7.506,4018,0,3600,0,hard_ground_13
7.512,4011,0,3585,0,hard_ground_13
7.515,4014,0,3530,0,hard_ground_13
7.521,4010,0,3526,0,hard_ground_13
7.522,4020,0,3539,0,hard_ground_13
7.528,4024,0,3555,0,hard_ground_13
7.535,4030,0,3550,0,hard_ground_13
7.541,4037,0,3582,0,hard_ground_13
7.543,4037,0,3621,0,hard_ground_13
7.549,4035,0,3622,0,hard_ground_13
7.557,4031,0,3607,0,hard_ground_13
7.561,4029,0,3530,0,hard_ground_13
7.566,4028,0,3199,0,hard_ground_13
7.57,4026,0,3186,0,hard_ground_13
7.574,4025,0,3246,1709,hard_ground_13
7.582,4025,0,3499,3441,hard_ground_13
7.584,4028,0,3511,3291,hard_ground_13
7.591,4031,0,3379,0,hard_ground_13
7.591,4034,0,3178,0,hard_ground_13
7.601,4036,0,2900,0,hard_ground_13
7.605,4031,0,2889,0,hard_ground_13
7.611,4024,0,3078,0,hard_ground_13
7.612,4014,0,3199,0,hard_ground_13
7.62,4007,0,3278,2943,hard_ground_13
7.625,4012,0,3373,3403,hard_ground_13
7.627,4015,0,3298,1191,hard_ground_13
7.633,4012,0,3158,0,hard_ground_13
7.64,4005,0,2771,0,hard_ground_13
7.646,4003,0,2740,2320,hard_ground_13
7.647,3978,0,2463,2822,hard_ground_13
7.653,3878,0,2684,3586,hard_ground_13
7.661,3796,0,2985,3755,hard_ground_13
7.661,3802,0,3033,3747,hard_ground_13
7.671,3820,0,2943,3700,hard_ground_13
7.674,3762,0,2703,3662,hard_ground_13
7.681,3755,0,2759,3524,hard_ground_13
7.682,3644,0,3174,3658,hard_ground_13
7.688,3476,0,3360,3794,hard_ground_13
7.695,3210,0,3324,3844,hard_ground_13
7.701,3038,0,3138,3835,hard_ground_13
7.702,2618,0,2927,3825,hard_ground_13
7.709,0,0,2544,3799,hard_ground_13
7.716,0,0,2318,3775,hard_ground_13
7.721,0,0,2744,3857,hard_ground_13
7.723,0,0,2980,3914,hard_ground_13
7.73,0,0,2810,3957,hard_ground_13
7.736,0,0,1561,3975,hard_ground_13
7.737,0,0,0,3963,hard_ground_13
7.744,0,0,0,3953,hard_ground_13
7.75,0,0,0,3943,hard_ground_13
7.756,0,0,0,3967,hard_ground_13
7.758,0,0,0,3982,hard_ground_13
7.764,0,0,0,3962,hard_ground_13
7.771,0,2112,0,3946,hard_ground_13
7.772,0,2503,0,3950,hard_ground_13
7.779,0,3140,0,3955,hard_ground_13
7.786,0,3133,0,3953,hard_ground_13
7.786,0,3132,0,3935,hard_ground_13
7.793,0,3005,0,3925,hard_ground_13
7.801,0,3042,0,3886,hard_ground_13
7.801,0,3146,0,3858,hard_ground_13
7.809,0,3224,0,3892,hard_ground_13
7.813,0,3347,0,3921,hard_ground_13
7.82,0,3434,0,3933,hard_ground_13
7.826,0,3446,0,3931,hard_ground_13
7.827,0,3425,0,3909,hard_ground_13
7.834,0,3482,0,3888,hard_ground_13
7.841,0,3498,0,3858,hard_ground_13
7.841,0,3530,0,3869,hard_ground_13
7.848,0,3539,0,3868,hard_ground_13
7.855,0,3561,0,3900,hard_ground_13
7.861,0,3513,0,3927,hard_ground_13
7.865,0,3470,0,3920,hard_ground_13
7.869,0,3411,0,3898,hard_ground_13
7.876,0,3368,0,3916,hard_ground_13
7.876,0,3393,0,3934,hard_ground_13
7.883,0,3528,0,3942,hard_ground_13
7.889,0,3613,0,3965,hard_ground_13
7.896,0,3650,0,3979,hard_ground_13
7.896,0,3630,0,3976,hard_ground_13
7.904,0,3583,0,3983,hard_ground_13
7.91,0,3467,0,3989,hard_ground_13
7.916,0,3246,0,3989,hard_ground_13
7.917,0,3330,0,3959,hard_ground_13
7.924,0,3382,0,3935,hard_ground_13
7.931,0,3507,0,3949,hard_ground_13
7.931,0,3545,0,3952,hard_ground_13
7.939,0,3554,0,3958,hard_ground_13
7.945,0,3565,0,3946,hard_ground_13
7.946,0,3569,0,3916,hard_ground_13
7.952,0,3567,0,3910,hard_ground_13
7.961,0,3529,0,3910,hard_ground_13
7.966,0,3500,0,3928,hard_ground_13
7.966,0,3464,0,3938,hard_ground_13
7.975,0,3309,0,3934,hard_ground_13
7.98,0,3168,0,3913,hard_ground_13
7.983,0,3155,0,3897,hard_ground_13
7.987,0,3218,0,3906,hard_ground_13
7.994,0,3383,0,3941,hard_ground_13
8.0,0,3459,0,3961,hard_ground_13
8.005,0,3517,0,3978,hard_ground_13
8.008,0,3531,0,3986,hard_ground_13
8.016,0,3500,0,3990,hard_ground_13
8.016,0,3442,0,3989,hard_ground_13
8.025,0,3404,0,3988,hard_ground_13
8.028,0,3415,0,3998,hard_ground_13
8.036,0,3556,0,3998,hard_ground_13
8.036,0,3656,0,4001,hard_ground_13
8.042,0,3669,0,3997,hard_ground_13
8.049,0,3704,0,4001,hard_ground_13
8.055,0,3660,0,3994,hard_ground_13
8.056,0,3542,0,3996,hard_ground_13
8.063,0,2906,0,3982,hard_ground_13
8.07,0,2198,0,3918,hard_ground_13
8.075,0,2775,0,3717,hard_ground_13
8.077,0,3464,0,3695,hard_ground_13
8.084,0,3665,0,3897,hard_ground_13
8.09,0,3737,0,3975,hard_ground_13
8.091,0,3764,0,3994,hard_ground_13
8.098,0,3751,0,4000,hard_ground_13
8.105,0,3737,0,3997,hard_ground_13
8.106,0,3653,0,3994,hard_ground_13
8.114,0,3482,0,3984,hard_ground_13
8.118,0,3117,0,3961,hard_ground_13
8.125,0,2174,0,3948,hard_ground_13
8.126,0,1926,0,3935,hard_ground_13
8.133,0,3045,0,3932,hard_ground_13
8.139,0,3481,0,3953,hard_ground_13
8.145,0,3641,0,3975,hard_ground_13
8.146,0,3709,0,3974,hard_ground_13
8.153,0,3722,0,3955,hard_ground_13
8.16,0,3713,0,3944,hard_ground_13
8.161,0,3671,0,3934,hard_ground_13
8.168,0,3567,0,3946,hard_ground_13
8.174,0,3509,0,3958,hard_ground_13
8.176,0,3578,0,3975,hard_ground_13
8.181,0,3693,0,3979,hard_ground_13
8.188,0,3750,0,3976,hard_ground_13
8.195,0,3772,0,3978,hard_ground_13
8.2,0,3782,0,3985,hard_ground_13
8.202,0,3755,0,3979,hard_ground_13
8.209,0,3706,0,3967,hard_ground_13
8.215,0,3561,0,3963,hard_ground_13
8.216,0,3499,0,3961,hard_ground_13
8.223,0,3605,0,3964,hard_ground_13
8.229,0,3672,0,3971,hard_ground_13
8.231,0,3726,0,3988,hard_ground_13
8.237,0,3752,0,3992,hard_ground_13
8.244,0,3748,0,4000,hard_ground_13
8.246,0,3754,0,3996,hard_ground_13
8.251,0,3722,0,3993,hard_ground_13
8.258,0,3658,0,3988,hard_ground_13
8.265,0,3541,0,3971,hard_ground_13
8.265,0,3401,0,3966,hard_ground_13
8.275,0,3387,0,3968,hard_ground_13
8.278,0,3490,0,3977,hard_ground_13
8.283,0,3663,0,3982,hard_ground_13
8.289,0,3731,0,4001,hard_ground_13
8.292,0,3765,0,4001,hard_ground_13
8.299,0,3759,0,4008,hard_ground_13
8.305,0,3762,0,4002,hard_ground_13
8.306,0,3748,0,4006,hard_ground_13
8.315,0,3716,0,4000,hard_ground_13
8.32,0,3679,0,3984,hard_ground_13
8.321,0,3626,0,3980,hard_ground_13
8.327,0,3618,0,3975,hard_ground_13
8.334,0,3679,0,3980,hard_ground_13
8.34,0,3716,0,3977,hard_ground_13
8.345,0,3751,0,3988,hard_ground_13
8.348,0,3760,0,3994,hard_ground_13
8.355,0,3756,0,3994,hard_ground_13
8.355,0,3725,0,3997,hard_ground_13
8.364,0,3691,0,3991,hard_ground_13
8.368,0,3619,0,3980,hard_ground_13
8.375,0,3601,0,3988,hard_ground_13
8.376,0,3666,0,3989,hard_ground_13
8.384,0,3740,0,3994,hard_ground_13
8.389,0,3767,0,3995,hard_ground_13
8.391,0,3788,0,4002,hard_ground_13
8.396,0,3791,0,3993,hard_ground_13
8.403,0,3780,0,3991,hard_ground_13
8.405,0,3747,0,3983,hard_ground_13
8.41,0,3691,0,3976,hard_ground_13
8.417,0,3610,0,3955,hard_ground_13
8.424,0,3492,0,3966,hard_ground_13
8.424,0,3490,0,3965,hard_ground_13
8.434,0,3612,0,3978,hard_ground_13
8.438,0,3692,0,3991,hard_ground_13
8.44,0,3734,0,4003,hard_ground_13
8.449,0,3768,0,4006,hard_ground_13
8.454,0,3778,0,4009,hard_ground_13
8.459,0,3771,0,4008,hard_ground_13
8.465,0,3750,0,4009,hard_ground_13
8.466,0,3683,0,4002,hard_ground_13
8.473,0,3572,0,3999,hard_ground_13
8.48,0,3452,0,3994,hard_ground_13
8.484,0,3463,0,3992,hard_ground_13
8.487,0,3505,0,3989,hard_ground_13
8.494,0,3622,0,3990,hard_ground_13
8.499,0,3700,0,3997,hard_ground_13
8.504,0,3747,0,4000,hard_ground_13
8.508,0,3772,0,4004,hard_ground_13
8.514,0,3805,0,4003,hard_ground_13
8.517,0,3819,0,4002,hard_ground_13
8.524,0,3810,0,3996,hard_ground_13
8.528,0,3773,0,3994,hard_ground_13
8.532,0,3736,0,3983,hard_ground_13
8.535,0,3684,0,3974,hard_ground_13
8.543,0,3650,0,3965,hard_ground_13
8.549,0,3665,0,3971,hard_ground_13
8.554,0,3682,0,3969,hard_ground_13
8.556,0,3698,0,3987,hard_ground_13
8.563,0,3717,0,3989,hard_ground_13
8.569,0,3739,0,3984,hard_ground_13
8.571,0,3738,0,3991,hard_ground_13
8.578,0,3743,0,3996,hard_ground_13
8.584,0,3758,0,4007,hard_ground_13
8.584,0,3769,0,4019,hard_ground_13
8.594,0,3782,0,4008,hard_ground_13
8.598,0,3791,0,4011,hard_ground_13
8.604,0,3771,0,4007,hard_ground_13
8.607,0,3758,0,4009,hard_ground_13
8.612,0,3712,0,4000,hard_ground_13
8.618,0,3480,0,3991,hard_ground_13
8.621,0,3270,0,3984,hard_ground_13
8.626,0,3090,0,3978,hard_ground_13
8.632,0,3171,0,3988,hard_ground_13
8.635,0,3411,0,3996,hard_ground_13
8.64,0,3617,0,4000,hard_ground_13
8.649,0,3717,0,4004,hard_ground_13
8.654,0,3759,0,4010,hard_ground_13
8.654,0,3778,0,4017,hard_ground_13
8.664,0,3805,0,4017,hard_ground_13
8.667,0,3813,0,4022,hard_ground_13
8.673,0,3811,0,4012,hard_ground_13
8.678,0,3792,0,4009,hard_ground_13
8.681,0,3752,0,3994,hard_ground_13
8.688,0,3708,0,3973,hard_ground_13
8.694,0,3652,0,3951,hard_ground_13
8.695,0,3656,0,3945,hard_ground_13
8.702,0,3695,0,3958,hard_ground_13
8.709,0,3742,0,3972,hard_ground_13
8.714,0,3765,0,3991,hard_ground_13
8.717,0,3795,0,3999,hard_ground_13
8.723,0,3796,0,4009,hard_ground_13
8.729,0,3755,0,4007,hard_ground_13
8.729,0,3732,0,4010,hard_ground_13
8.737,0,3658,0,4004,hard_ground_13
8.744,0,3492,0,4003,hard_ground_13
8.744,0,3471,0,3999,hard_ground_13
8.754,0,3572,0,4004,hard_ground_13
8.757,0,3702,0,4009,hard_ground_13
8.76,0,3756,0,4014,hard_ground_13
8.765,0,3781,0,4018,hard_ground_13
8.772,0,3798,0,4014,hard_ground_13
8.778,0,3771,0,4010,hard_ground_13
8.778,0,3743,0,4002,hard_ground_13
8.785,0,3700,0,3994,hard_ground_13
8.794,0,3618,0,3988,hard_ground_13
8.794,0,3559,0,3979,hard_ground_13
8.802,0,3603,0,3981,hard_ground_13
8.806,0,3676,0,3989,hard_ground_13
8.813,0,3747,0,3991,hard_ground_13
8.819,0,3764,0,4006,hard_ground_13
8.82,0,3773,0,4011,hard_ground_13
8.827,0,3774,0,4008,hard_ground_13
8.833,0,3767,0,4012,hard_ground_13
8.834,0,3747,0,4006,hard_ground_13
8.841,0,3711,0,4007,hard_ground_13
8.848,0,3684,0,4000,hard_ground_13
8.849,0,3695,0,4003,hard_ground_13
8.858,0,3733,0,4008,hard_ground_13
8.862,0,3770,0,4008,hard_ground_13
8.869,0,3786,0,4013,hard_ground_13
8.869,0,3788,0,4015,hard_ground_13
8.876,0,3783,0,4010,hard_ground_13
8.882,0,3755,0,4005,hard_ground_13
8.885,0,3720,0,4001,hard_ground_13
8.893,0,3623,0,3990,hard_ground_13
8.896,0,3516,0,3993,hard_ground_13
8.904,0,3499,0,3992,hard_ground_13
8.904,0,3596,0,4006,hard_ground_13
8.911,0,3699,0,4013,hard_ground_13
8.917,0,3750,0,4015,hard_ground_13
8.923,0,3776,0,4023,hard_ground_13
8.925,0,3781,0,4027,hard_ground_13
8.931,0,3772,0,4026,hard_ground_13
8.938,0,3748,0,4023,hard_ground_13
8.943,0,3703,0,4014,hard_ground_13
8.947,0,3632,0,4016,hard_ground_13
8.952,0,3530,0,4010,hard_ground_13
8.956,0,3513,0,4004,hard_ground_13
8.959,0,3610,0,3997,hard_ground_13
8.967,0,3698,0,4001,hard_ground_13
8.972,0,3735,0,4004,hard_ground_13
8.974,0,3759,0,4003,hard_ground_13
8.98,0,3772,0,4005,hard_ground_13
8.987,0,3769,0,4007,hard_ground_13
8.993,0,3769,0,4010,hard_ground_13
8.995,0,3775,0,4004,hard_ground_13
9.001,0,3765,0,4007,hard_ground_13
9.007,0,3756,0,4006,hard_ground_13
9.009,0,3745,0,4004,hard_ground_13
9.017,0,3726,0,3993,hard_ground_13
9.022,0,3723,0,3982,hard_ground_13
9.028,0,3721,0,3991,hard_ground_13
9.033,0,3737,0,3997,hard_ground_13
9.035,0,3744,0,4001,hard_ground_13
9.043,0,3757,0,4005,hard_ground_13
9.043,0,3760,0,4011,hard_ground_13
9.052,0,3747,0,4015,hard_ground_13
9.056,0,3739,0,4017,hard_ground_13
9.063,0,3693,0,4013,hard_ground_13
9.068,0,3595,0,4009,hard_ground_13
9.073,0,3479,0,4001,hard_ground_13
9.077,0,3493,0,4001,hard_ground_13
9.083,0,3584,0,4006,hard_ground_13
9.084,0,3649,0,4006,hard_ground_13
9.092,0,3688,0,4014,hard_ground_13
9.098,0,3727,0,4014,hard_ground_13
9.098,0,3760,0,4010,hard_ground_13
9.105,0,3774,0,4016,hard_ground_13
9.113,0,3769,0,4010,hard_ground_13
9.118,0,3762,0,4012,hard_ground_13
9.123,0,3755,0,4009,hard_ground_13
9.126,0,3754,0,4000,hard_ground_13
9.133,0,3749,0,3997,hard_ground_13
9.137,0,3771,0,4003,hard_ground_13
9.139,0,3784,0,4004,hard_ground_13
9.147,0,3792,0,4013,hard_ground_13
9.147,0,3811,0,4006,hard_ground_13
9.154,0,3829,0,4003,hard_ground_13
9.161,0,3814,0,4003,hard_ground_13
9.167,0,3755,0,4004,hard_ground_13
9.167,0,3660,0,3996,hard_ground_13
9.178,0,3605,0,3983,hard_ground_13
9.183,0,3584,0,3984,hard_ground_13
9.188,0,3622,0,3997,hard_ground_13
9.19,0,3723,0,4005,hard_ground_13
9.195,0,3774,0,4016,hard_ground_13
9.202,0,3801,0,4007,hard_ground_13
9.208,0,3809,0,4012,hard_ground_13
9.209,0,3743,0,4010,hard_ground_13
9.217,0,3612,0,4004,hard_ground_13
9.223,0,3381,0,3997,hard_ground_13
9.223,0,3305,0,4004,hard_ground_13
9.233,0,3592,0,4011,hard_ground_13
9.236,0,3741,0,4015,hard_ground_13
9.239,0,3795,0,4022,hard_ground_13
9.247,0,3821,0,4028,hard_ground_13
9.251,0,3836,0,4027,hard_ground_13
9.258,0,3812,0,4026,hard_ground_13
9.258,0,3798,0,4021,hard_ground_13
9.265,0,3743,0,4020,hard_ground_13
9.271,0,3717,0,4009,hard_ground_13
9.273,0,3701,0,4009,hard_ground_13
9.278,0,3701,0,4014,hard_ground_13
9.285,0,3731,0,4012,hard_ground_13
9.292,0,3754,0,4020,hard_ground_13
9.297,0,3760,0,4016,hard_ground_13
9.299,0,3752,0,4016,hard_ground_13
9.307,0,3755,0,4012,hard_ground_13
9.312,0,3763,0,4012,hard_ground_13
9.317,0,3772,0,4001,hard_ground_13
9.32,0,3749,0,3991,hard_ground_13
9.327,0,3719,0,3992,hard_ground_13
9.327,0,3589,0,3983,hard_ground_13
9.334,0,3429,0,3979,hard_ground_13
9.341,0,3275,0,3969,hard_ground_13
9.348,0,3446,0,3969,hard_ground_13
9.348,0,3606,0,3994,hard_ground_13
9.355,0,3739,0,3990,hard_ground_13
9.361,0,3780,0,4006,hard_ground_13
9.367,0,3791,0,4005,hard_ground_13
9.372,0,3727,0,4006,hard_ground_13
9.376,0,3718,0,4000,hard_ground_13
9.382,0,3765,0,4007,hard_ground_13
9.382,0,3780,0,4016,hard_ground_13
9.392,0,3793,0,4021,hard_ground_13
9.396,0,3804,0,4025,hard_ground_13
9.398,0,3795,0,4027,hard_ground_13
9.403,0,3788,0,4025,hard_ground_13
9.41,0,3765,0,4023,hard_ground_13
9.417,0,3719,0,4013,hard_ground_13
9.419,0,3697,0,4012,hard_ground_13
9.424,0,3686,0,4010,hard_ground_13
9.431,0,3700,0,4009,hard_ground_13
9.437,0,3722,0,4007,hard_ground_13
9.442,0,3759,0,4006,hard_ground_13
9.445,0,3773,0,4011,hard_ground_13
9.452,0,3794,0,4016,hard_ground_13
9.457,0,3790,0,4021,hard_ground_13
9.459,0,3786,0,4019,hard_ground_13
9.466,0,3789,0,4014,hard_ground_13
9.472,0,3780,0,4007,hard_ground_13
9.474,0,3755,0,3985,hard_ground_13
9.48,0,3625,0,3969,hard_ground_13
9.487,0,3389,0,3954,hard_ground_13
9.488,0,3290,0,3951,hard_ground_13
9.497,0,3438,0,3954,hard_ground_13
9.502,0,3633,0,3966,hard_ground_13
9.507,0,3733,0,3984,hard_ground_13
9.508,0,3771,0,3988,hard_ground_13
9.517,0,3757,0,3985,hard_ground_13
9.521,0,3700,0,3987,hard_ground_13
9.527,0,3610,0,3981,hard_ground_13
9.528,0,3573,0,3983,hard_ground_13
9.535,0,3672,0,3988,hard_ground_13
9.542,0,3757,0,4006,hard_ground_13
9.542,0,3825,0,4017,hard_ground_13
9.552,0,3840,0,4019,hard_ground_13
9.556,0,3847,0,4019,hard_ground_13
9.558,0,3832,0,4017,hard_ground_13
9.566,0,3789,0,4011,hard_ground_13
9.57,0,3767,0,3992,hard_ground_13
9.577,0,3671,0,3971,hard_ground_13
9.577,0,3618,0,3982,hard_ground_13
9.584,0,3594,0,3978,hard_ground_13
9.59,0,3607,0,3993,hard_ground_13
9.597,0,3634,0,4002,hard_ground_13
9.598,0,3652,0,4007,hard_ground_13
9.605,0,3645,0,4011,hard_ground_13
9.611,0,3623,0,4004,hard_ground_13
9.617,0,3543,0,3985,hard_ground_13
9.618,0,3310,0,3960,hard_ground_13
9.625,0,3164,0,3918,hard_ground_13
9.632,0,2899,0,3866,hard_ground_13
9.633,0,2520,0,3727,hard_ground_13
9.639,0,2428,0,3611,hard_ground_13
9.646,0,2534,0,3839,hard_ground_13
9.652,0,3138,0,3893,hard_ground_13
9.653,0,3372,0,3916,hard_ground_13
9.66,0,3264,0,3915,hard_ground_13
9.663,0,2817,0,3845,hard_ground_13
9.667,0,1670,0,3668,hard_ground_13
9.676,0,0,0,3305,hard_ground_13
9.681,0,0,0,3287,hard_ground_13
9.687,0,0,0,3195,hard_ground_13
9.688,0,0,0,2858,hard_ground_13
9.695,0,0,0,3377,hard_ground_13
9.701,0,0,0,3579,hard_ground_13
9.707,0,0,0,3662,hard_ground_13
9.709,0,0,488,3683,hard_ground_13
9.716,0,0,2196,3807,hard_ground_13
9.722,0,0,2469,3817,hard_ground_13
9.722,0,0,2658,3819,hard_ground_13
9.73,0,0,2685,3812,hard_ground_13
9.737,0,0,2390,3666,hard_ground_13
9.737,0,0,1226,3260,hard_ground_13
9.745,0,0,0,1444,hard_ground_13
9.75,0,0,0,3183,hard_ground_13
9.756,0,0,1729,3671,hard_ground_13
9.757,0,0,2677,3769,hard_ground_13
9.764,0,0,2969,3806,hard_ground_13
9.771,0,1018,3147,3836,hard_ground_13
9.773,0,1575,2836,3834,hard_ground_13
9.778,0,921,1148,3838,hard_ground_13
9.785,0,0,0,3812,hard_ground_13
9.791,0,0,0,3750,hard_ground_13
9.792,0,1874,0,3814,hard_ground_13
9.799,0,2801,0,3895,hard_ground_13
9.806,0,3189,0,3942,hard_ground_13
9.806,0,3409,0,3974,hard_ground_13
9.813,0,3619,0,3992,hard_ground_13
9.82,0,3652,0,3996,hard_ground_13
9.822,0,3683,0,3977,hard_ground_13
9.827,0,3717,0,3927,hard_ground_13
9.834,0,3725,0,3894,hard_ground_13
9.841,0,3709,0,3963,hard_ground_13
9.841,0,3679,0,3991,hard_ground_13
9.848,0,3668,0,4012,hard_ground_13
9.855,0,3700,0,4013,hard_ground_13
9.857,0,3709,0,4005,hard_ground_13
9.866,0,3748,0,4021,hard_ground_13
9.869,0,3734,0,4015,hard_ground_13
9.876,0,3717,0,4012,hard_ground_13
9.876,0,3678,0,4005,hard_ground_13
9.882,0,3630,0,3995,hard_ground_13
9.889,0,3622,0,3989,hard_ground_13
9.896,0,3630,0,4005,hard_ground_13
9.901,0,3688,0,4003,hard_ground_13
9.903,0,3753,0,4009,hard_ground_13
9.91,0,3754,0,4018,hard_ground_13
9.91,0,3778,0,4025,hard_ground_13
9.918,0,3766,0,4029,hard_ground_13
9.924,0,3764,0,4023,hard_ground_13
9.931,0,3758,0,4019,hard_ground_13
9.935,0,3776,0,4021,hard_ground_13
9.941,0,3791,0,4017,hard_ground_13
9.945,0,3814,0,4013,hard_ground_13
9.951,0,3814,0,4018,hard_ground_13
9.952,0,3795,0,4018,hard_ground_13
9.959,0,3770,0,4022,hard_ground_13
9.966,0,3797,0,4017,hard_ground_13
9.971,0,3816,0,4010,hard_ground_13
9.973,0,3834,0,3994,hard_ground_13
9.98,0,3835,0,4003,hard_ground_13
9.986,0,3827,0,4008,hard_ground_13
9.987,0,3802,0,4019,hard_ground_13
9.993,0,3773,0,4025,hard_ground_13
10.0,0,3799,0,4025,hard_ground_13
10.006,0,3809,0,4021,hard_ground_13
10.007,0,3806,0,4022,hard_ground_13
10.014,0,3788,0,4025,hard_ground_13
10.021,0,3793,0,4031,hard_ground_13
10.022,0,3814,0,4033,hard_ground_13
10.029,0,3844,0,4028,hard_ground_13
10.035,0,3863,0,4032,hard_ground_13
10.037,0,3857,0,4031,hard_ground_13
10.042,0,3834,0,4041,hard_ground_13
10.05,0,3816,0,4044,hard_ground_13
10.056,0,3851,0,4046,hard_ground_13
10.057,0,3857,0,4042,hard_ground_13
10.063,0,3858,0,4038,hard_ground_13
10.07,0,3855,0,4040,hard_ground_13
10.076,0,3812,0,4047,hard_ground_13
10.077,0,3782,0,4048,hard_ground_13
10.084,0,3785,0,4045,hard_ground_13
10.09,0,3777,0,4047,hard_ground_13
10.092,0,3788,0,4042,hard_ground_13
10.098,0,3808,0,4041,hard_ground_13
10.104,0,3796,0,4045,hard_ground_13
10.111,0,3767,0,4047,hard_ground_13
10.112,0,3793,0,4050,hard_ground_13
10.121,0,3799,0,4047,hard_ground_13
10.126,0,3798,0,4049,hard_ground_13
10.126,0,3793,0,4050,hard_ground_13
10.132,0,3764,0,4041,hard_ground_13
10.139,0,3771,0,4037,hard_ground_13
10.145,0,3800,0,4042,hard_ground_13
10.146,0,3815,0,4040,hard_ground_13
10.153,0,3815,0,4049,hard_ground_13
10.16,0,3780,0,4050,hard_ground_13
10.16,0,3781,0,4047,hard_ground_13
10.171,0,3784,0,4041,hard_ground_13
10.174,0,3798,0,4039,hard_ground_13
10.18,0,3811,0,4041,hard_ground_13
10.185,0,3817,0,4034,hard_ground_13
10.188,0,3797,0,4040,hard_ground_13
10.195,0,3775,0,4039,hard_ground_13
10.2,0,3775,0,4039,hard_ground_13
10.202,0,3787,0,4040,hard_ground_13
10.209,0,3802,0,4040,hard_ground_13
10.215,0,3813,0,4042,hard_ground_13
10.221,0,3841,0,4044,hard_ground_13
10.223,0,3834,0,4048,hard_ground_13
10.23,0,3848,0,4051,hard_ground_13
10.236,0,3822,0,4048,hard_ground_13
10.24,0,3819,0,4049,hard_ground_13
10.244,0,3830,0,4045,hard_ground_13
10.251,0,3841,0,4038,hard_ground_13
10.251,0,3815,0,4041,hard_ground_13
10.257,0,3759,0,4040,hard_ground_13
10.264,0,3717,0,4042,hard_ground_13
10.27,0,3730,0,4043,hard_ground_13
10.272,0,3751,0,4038,hard_ground_13
10.278,0,3766,0,4041,hard_ground_13
10.285,0,3750,0,4039,hard_ground_13
10.285,0,3740,0,4042,hard_ground_13
10.295,0,3779,0,4037,hard_ground_13
10.299,0,3782,0,4042,hard_ground_13
10.305,0,3788,0,4047,hard_ground_13
10.306,0,3776,0,4054,hard_ground_13
10.313,0,3785,0,4053,hard_ground_13
10.32,0,3782,0,4049,hard_ground_13
10.321,0,3823,0,4052,hard_ground_13
10.327,0,3840,0,4048,hard_ground_13
10.334,0,3851,0,4045,hard_ground_13
10.34,0,3826,0,4048,hard_ground_13
10.345,0,3768,0,4044,hard_ground_13
10.347,0,3720,0,4045,hard_ground_13
10.355,0,3702,0,4046,hard_ground_13
10.355,0,3705,0,4046,hard_ground_13
10.363,0,3706,0,4041,hard_ground_13
10.369,0,3694,0,4044,hard_ground_13
10.376,0,3695,0,4045,hard_ground_13
10.379,0,3712,0,4044,hard_ground_13
10.383,0,3698,0,4046,hard_ground_13
10.389,0,3698,0,4041,hard_ground_13
10.395,0,3749,0,4041,hard_ground_13
10.396,0,3738,0,4048,hard_ground_13
10.403,0,3758,0,4046,hard_ground_13
10.41,0,3773,0,4049,hard_ground_13
10.415,0,3778,0,4053,hard_ground_13
10.417,0,3781,0,4043,hard_ground_13
10.424,0,3777,0,4034,hard_ground_13
10.43,0,3771,0,4043,hard_ground_13
10.431,0,3766,0,4043,hard_ground_13
10.438,0,3785,0,4047,hard_ground_13
10.445,0,3802,0,4047,hard_ground_13
10.445,0,3809,0,4049,hard_ground_13
10.454,0,3817,0,4045,hard_ground_13
10.459,0,3818,0,4049,hard_ground_13
10.465,0,3804,0,4047,hard_ground_13
10.466,0,3808,0,4056,hard_ground_13
10.475,0,3802,0,4055,hard_ground_13
10.479,0,3825,0,4047,hard_ground_13
10.485,0,3850,0,4040,hard_ground_13
10.487,0,3830,0,4041,hard_ground_13
10.494,0,3822,0,4039,hard_ground_13
10.5,3891,3789,0,4041,hard_ground_13
10.501,0,3770,0,4041,hard_ground_13
10.507,0,3741,0,4018,hard_ground_13
10.514,0,3542,0,3996,hard_ground_13
10.515,0,1129,0,4024,hard_ground_13
10.524,3983,0,0,4012,hard_ground_13
10.528,4013,2585,0,3990,hard_ground_13
10.535,4035,0,0,3998,hard_ground_13
10.535,4019,0,0,4004,hard_ground_13
10.542,4003,0,0,4002,hard_ground_13
10.549,3898,0,0,3994,hard_ground_13
10.551,0,0,0,4002,hard_ground_13
10.559,0,0,0,4008,hard_ground_13
10.563,0,0,0,4018,hard_ground_13
10.57,0,0,0,4023,hard_ground_13
10.57,0,0,0,4029,hard_ground_13
10.577,3343,0,0,4040,hard_ground_13
10.583,3938,0,0,4041,hard_ground_13
10.59,3982,0,0,4045,hard_ground_13
10.593,3987,0,0,4048,hard_ground_13
10.598,3959,0,0,4049,hard_ground_13
10.605,3909,0,0,4053,hard_ground_13
10.609,3848,0,0,4039,hard_ground_13
10.615,3764,0,0,4035,hard_ground_13
10.618,3193,0,0,4016,hard_ground_13
10.624,0,0,0,4006,hard_ground_13
10.629,0,0,0,3996,hard_ground_13
10.634,0,0,0,3991,hard_ground_13
10.639,0,0,0,4018,hard_ground_13
10.642,0,0,0,4021,hard_ground_13
10.646,0,2755,0,4030,hard_ground_13
10.654,0,3434,0,4040,hard_ground_13
10.66,0,3518,0,4038,hard_ground_13
10.661,0,3471,0,4043,hard_ground_13
10.667,0,3430,0,4044,hard_ground_13
10.674,0,3404,0,4044,hard_ground_13
10.675,0,3421,0,4043,hard_ground_13
10.684,0,3369,0,4040,hard_ground_13
10.688,0,3506,0,4031,hard_ground_13
10.693,0,3444,0,4026,hard_ground_13
10.695,0,3223,0,4028,hard_ground_13
10.702,0,3275,0,4029,hard_ground_13
10.708,0,3500,0,4032,hard_ground_13
10.714,0,3611,0,4035,hard_ground_13
10.719,0,3631,0,4042,hard_ground_13
10.722,0,3682,0,4042,hard_ground_13
10.73,0,3696,0,4039,hard_ground_13
10.73,0,3727,0,4044,hard_ground_13
10.737,0,3741,0,4035,hard_ground_13
10.743,0,3748,0,4033,hard_ground_13
10.749,0,3719,0,4027,hard_ground_13
10.75,0,3680,0,4017,hard_ground_13
10.759,0,3572,0,4009,hard_ground_13
10.764,0,3598,0,4012,hard_ground_13
10.766,0,3616,0,4012,hard_ground_13
10.773,0,3547,0,4012,hard_ground_13
10.779,0,3485,0,4014,hard_ground_13
10.784,0,3273,0,4016,hard_ground_13
10.786,0,2885,0,4010,hard_ground_13
10.794,0,2220,0,4013,hard_ground_13
10.798,0,2409,0,4006,hard_ground_13
10.802,0,3130,0,4000,hard_ground_13
10.806,0,3342,0,4000,hard_ground_13
10.813,0,3490,0,3997,hard_ground_13
10.819,0,3496,0,4010,hard_ground_13
10.821,0,3383,0,4017,hard_ground_13
10.827,0,3248,0,4018,hard_ground_13
10.834,0,3143,0,4005,hard_ground_13
10.835,0,2389,0,3979,hard_ground_13
10.841,0,979,0,3955,hard_ground_13
10.848,0,0,0,3941,hard_ground_13
10.854,0,0,0,3919,hard_ground_13
10.858,0,0,0,3950,hard_ground_13
10.861,0,0,0,3988,hard_ground_13
10.868,0,0,0,3990,hard_ground_13
10.87,0,1461,0,3996,hard_ground_13
10.878,0,0,0,3987,hard_ground_13
10.882,0,0,0,3971,hard_ground_13
10.889,0,0,0,3830,hard_ground_13
10.894,0,0,0,3376,hard_ground_13
10.896,0,0,0,3559,hard_ground_13
10.903,0,0,0,2686,hard_ground_13
10.909,0,0,0,3300,hard_ground_13
10.91,2955,0,0,3408,hard_ground_13
10.919,3628,0,0,3363,hard_ground_13
10.924,3824,0,0,3019,hard_ground_13
10.925,3700,1353,0,1365,hard_ground_13
10.934,3090,0,0,0,hard_ground_13
10.938,3110,0,0,0,hard_ground_13
10.944,2859,0,0,0,hard_ground_13
10.945,0,0,0,0,hard_ground_13
10.953,0,0,0,0,hard_ground_13
10.959,3291,0,0,0,hard_ground_13
10.963,3622,0,0,0,hard_ground_13
10.968,3671,0,0,0,hard_ground_13
10.973,3620,0,2319,0,hard_ground_13
10.976,3234,0,2559,0,hard_ground_13
10.98,2515,0,2609,0,hard_ground_13
10.987,0,0,2899,0,hard_ground_13
10.993,1920,0,3004,0,hard_ground_13
10.995,2889,0,2629,0,hard_ground_13
11.0,3405,0,2606,0,hard_ground_13
11.007,3625,0,2564,0,hard_ground_13
11.013,3754,0,2561,0,hard_ground_13
11.015,3652,0,2490,0,hard_ground_13
11.021,3069,0,2349,0,hard_ground_13
11.028,0,0,2043,0,hard_ground_13
11.028,0,0,2221,0,hard_ground_13
11.036,110,0,2520,0,hard_ground_13
11.042,3363,0,2599,0,hard_ground_13
11.045,3726,0,2679,0,hard_ground_13
11.05,3873,0,3211,0,hard_ground_13
11.057,3924,0,3273,0,hard_ground_13
11.063,3950,0,3357,0,hard_ground_13
11.065,3956,0,3385,0,hard_ground_13
11.07,3973,0,3470,0,hard_ground_13
11.077,3971,0,3503,0,hard_ground_13
11.084,3963,0,3437,0,hard_ground_13
11.085,3938,0,2967,0,hard_ground_13
11.091,3853,0,2540,0,hard_ground_13
11.098,3603,0,503,0,hard_ground_13
11.104,1589,0,0,0,hard_ground_13
11.105,3387,0,0,0,hard_ground_13
11.112,3830,0,1746,0,hard_ground_13
11.118,3939,0,2868,0,hard_ground_13
11.121,3949,0,3302,0,hard_ground_13
11.125,3952,0,3520,0,hard_ground_13
11.132,3948,0,3526,0,hard_ground_13
11.138,3934,0,3431,0,hard_ground_13
11.14,3885,0,2999,0,hard_ground_13
11.149,3791,0,2270,0,hard_ground_13
11.153,3340,0,0,0,hard_ground_13
11.158,0,0,0,0,hard_ground_13
11.16,0,0,0,0,hard_ground_13
11.167,0,0,0,0,hard_ground_13
11.174,0,0,1855,0,hard_ground_13
11.174,3568,0,2887,0,hard_ground_13
11.181,3646,0,3089,0,hard_ground_13
11.188,3715,0,3321,0,hard_ground_13
11.193,3800,0,3578,0,hard_ground_13
11.198,3891,0,3631,0,hard_ground_13
11.202,3917,0,3580,0,hard_ground_13
11.209,3899,0,3424,0,hard_ground_13
11.209,3865,0,2859,0,hard_ground_13
11.218,3354,0,0,0,hard_ground_13
11.222,0,0,0,0,hard_ground_13
11.225,3225,0,489,0,hard_ground_13
11.229,3748,0,3173,0,hard_ground_13
11.236,3886,0,3544,0,hard_ground_13
11.243,3942,0,3695,0,hard_ground_13
11.246,3959,0,3704,0,hard_ground_13
11.25,3941,0,3690,0,hard_ground_13
11.257,3941,0,3614,0,hard_ground_13
11.263,3957,0,3508,0,hard_ground_13
11.264,3951,0,3399,0,hard_ground_13
11.271,3901,0,3140,0,hard_ground_13
11.278,3746,0,1914,0,hard_ground_13
11.278,2770,0,0,0,hard_ground_13
11.286,0,0,0,0,hard_ground_13
11.292,0,0,0,0,hard_ground_13
11.294,0,0,0,0,hard_ground_13
11.299,0,0,1845,0,hard_ground_13
11.306,2827,0,2453,0,hard_ground_13
11.312,3749,0,3293,0,hard_ground_13
11.314,3819,0,3377,0,hard_ground_13
11.321,3866,0,3481,0,hard_ground_13
11.327,3869,0,3533,0,hard_ground_13
11.333,3868,0,3573,0,hard_ground_13
11.336,3876,0,3586,0,hard_ground_13
11.34,3870,0,3501,0,hard_ground_13
11.347,3849,0,3414,0,hard_ground_13
11.349,3822,0,3347,0,hard_ground_13
11.358,3779,0,3180,0,hard_ground_13
11.361,3563,0,3038,0,hard_ground_13
11.367,3214,0,3069,0,hard_ground_13
11.369,3577,0,3288,0,hard_ground_13
11.378,3799,0,3365,0,hard_ground_13
11.382,3840,0,3491,0,hard_ground_13
11.385,3884,0,3591,0,hard_ground_13
11.389,3924,0,3632,0,hard_ground_13
11.396,3929,0,3624,0,hard_ground_13
11.403,3924,0,3632,0,hard_ground_13
11.403,3894,0,3577,0,hard_ground_13
11.413,3842,0,3497,0,hard_ground_13
11.417,3791,0,3430,0,hard_ground_13
11.423,3717,0,3364,0,hard_ground_13
11.427,3596,0,3329,0,hard_ground_13
11.431,3556,0,3306,0,hard_ground_13
11.438,3549,0,3319,0,hard_ground_13
11.438,3682,0,3366,0,hard_ground_13
11.445,3713,0,3435,0,hard_ground_13
11.451,3780,0,3503,0,hard_ground_13
11.458,3827,0,3585,0,hard_ground_13
11.462,3867,0,3599,0,hard_ground_13
11.465,3893,0,3592,0,hard_ground_13
11.473,3904,0,3590,0,hard_ground_13
11.473,3885,0,3570,0,hard_ground_13
11.483,3876,0,3535,0,hard_ground_13
11.486,3869,0,3475,0,hard_ground_13
11.492,3873,0,3423,0,hard_ground_13
11.497,3890,0,3426,0,hard_ground_13
11.5,3894,0,3432,0,hard_ground_13
11.507,3904,0,3452,0,hard_ground_13
11.507,3915,0,3523,0,hard_ground_13
11.514,3923,0,3563,0,hard_ground_13
11.523,3936,0,3585,0,hard_ground_13
11.527,3936,0,3604,0,hard_ground_13
11.532,3944,0,3605,0,hard_ground_13
11.535,3933,0,3605,0,hard_ground_13
11.542,3912,0,3586,0,hard_ground_13
11.544,3886,0,3546,0,hard_ground_13
11.549,3882,0,3502,0,hard_ground_13
11.556,3871,0,3464,0,hard_ground_13
11.563,3871,0,3431,0,hard_ground_13
11.563,3869,0,3441,0,hard_ground_13
11.57,3861,0,3483,0,hard_ground_13
11.576,3881,0,3538,0,hard_ground_13
11.579,3919,0,3569,0,hard_ground_13
11.586,3910,0,3577,0,hard_ground_13
11.59,3896,0,3559,0,hard_ground_13
11.597,3845,0,3586,0,hard_ground_13
11.597,3785,0,3601,0,hard_ground_13
11.604,3687,0,3616,0,hard_ground_13
11.611,3666,0,3609,0,hard_ground_13
11.617,3677,0,3584,0,hard_ground_13
11.619,3688,0,3529,0,hard_ground_13
11.625,3715,0,3497,0,hard_ground_13
11.632,3744,0,3506,0,hard_ground_13
11.633,3770,0,3530,0,hard_ground_13
11.639,3833,0,3539,0,hard_ground_13
11.646,3879,0,3568,0,hard_ground_13
11.652,3929,0,3569,0,hard_ground_13
11.654,3958,0,3594,0,hard_ground_13
11.662,3969,0,3598,0,hard_ground_13
11.667,3966,0,3597,0,hard_ground_13
11.672,3969,0,3567,0,hard_ground_13
11.674,3973,0,3551,0,hard_ground_13
11.682,3966,0,3541,0,hard_ground_13
11.687,3968,0,3515,0,hard_ground_13
11.688,3961,0,3461,0,hard_ground_13
11.694,3944,0,3504,0,hard_ground_13
11.702,3936,0,3506,0,hard_ground_13
11.703,3915,0,3558,0,hard_ground_13
11.712,3871,0,3592,0,hard_ground_13
11.715,3845,0,3623,0,hard_ground_13
11.723,3830,0,3623,0,hard_ground_13
11.723,3829,0,3637,0,hard_ground_13
11.729,3840,0,3626,0,hard_ground_13
11.736,3846,0,3618,0,hard_ground_13
11.738,3810,0,3617,0,hard_ground_13
11.743,3818,0,3608,0,hard_ground_13
11.75,3831,0,3587,0,hard_ground_13
11.757,3875,0,3563,0,hard_ground_13
11.757,3883,0,3568,0,hard_ground_13
11.767,3890,0,3569,0,hard_ground_13
11.771,3890,0,3564,0,hard_ground_13
11.777,3893,0,3556,0,hard_ground_13
11.778,3915,0,3548,0,hard_ground_13
11.785,3924,0,3544,0,hard_ground_13
11.792,3931,0,3545,0,hard_ground_13
11.792,3935,0,3555,0,hard_ground_13
11.802,3933,0,3534,0,hard_ground_13
11.806,3939,0,3544,0,hard_ground_13
11.808,3956,0,3553,0,hard_ground_13
11.813,3955,0,3581,0,hard_ground_13
11.82,3948,0,3574,0,hard_ground_13
11.827,3944,0,3553,0,hard_ground_13
11.827,3939,0,3545,0,hard_ground_13
11.835,3951,0,3507,0,hard_ground_13
11.84,3956,0,3532,0,hard_ground_13
11.847,3951,0,3530,0,hard_ground_13
11.852,3958,0,3545,0,hard_ground_13
11.854,3962,0,3562,0,hard_ground_13
11.861,3968,0,3585,0,hard_ground_13
11.863,3964,0,3585,0,hard_ground_13
11.869,3961,0,3587,0,hard_ground_13
11.877,3937,0,3617,0,hard_ground_13
11.882,3911,0,3614,0,hard_ground_13
11.884,3895,0,3628,0,hard_ground_13
11.889,3847,0,3630,0,hard_ground_13
11.896,3807,0,3634,0,hard_ground_13
11.902,3795,0,3619,0,hard_ground_13
11.903,3767,0,3598,0,hard_ground_13
11.912,3755,0,3588,0,hard_ground_13
11.917,3791,0,3589,0,hard_ground_13
11.922,3831,0,3603,0,hard_ground_13
11.924,3862,0,3614,0,hard_ground_13
11.931,3920,0,3616,0,hard_ground_13
11.937,3933,0,3604,0,hard_ground_13
11.938,3938,0,3589,0,hard_ground_13
11.945,3938,0,3541,0,hard_ground_13
11.951,3943,0,3506,0,hard_ground_13
11.957,3956,0,3485,0,hard_ground_13
11.958,3960,0,3483,0,hard_ground_13
11.965,3973,0,3452,0,hard_ground_13
11.972,3978,0,3468,0,hard_ground_13
11.975,3985,0,3479,0,hard_ground_13
11.981,3982,0,3500,0,hard_ground_13
11.986,3985,0,3529,0,hard_ground_13
11.989,3978,0,3566,0,hard_ground_13
11.993,3969,0,3602,0,hard_ground_13
12.0,3977,0,3623,0,hard_ground_13
12.007,3964,0,3631,0,hard_ground_13
12.009,3950,0,3625,0,hard_ground_13
12.014,3930,0,3647,0,hard_ground_13
12.021,3903,0,3609,0,hard_ground_13
12.024,3885,0,3608,0,hard_ground_13
12.032,3874,0,3604,0,hard_ground_13
12.035,3885,0,3601,0,hard_ground_13
12.042,3880,0,3624,0,hard_ground_13
12.042,3904,0,3625,0,hard_ground_13
12.05,3922,0,3634,0,hard_ground_13
12.055,3919,0,3620,0,hard_ground_13
12.061,3907,0,3622,0,hard_ground_13
12.065,3918,0,3619,0,hard_ground_13
12.07,3922,0,3605,0,hard_ground_13
12.077,3932,0,3581,0,hard_ground_13
12.077,3932,0,3555,0,hard_ground_13
12.084,3925,0,3529,0,hard_ground_13
12.09,3926,0,3513,0,hard_ground_13
12.097,3934,0,3496,0,hard_ground_13
12.099,3942,0,3503,0,hard_ground_13
12.104,3949,0,3523,0,hard_ground_13
12.111,3954,0,3529,0,hard_ground_13
12.111,3959,0,3526,0,hard_ground_13
12.118,3949,0,3532,0,hard_ground_13
12.125,3968,0,3521,0,hard_ground_13
12.131,3982,0,3515,0,hard_ground_13
12.132,3984,0,3520,0,hard_ground_13
12.14,3984,0,3511,0,hard_ground_13
12.146,3993,0,3498,0,hard_ground_13
12.146,3990,0,3521,0,hard_ground_13
12.155,3990,0,3536,0,hard_ground_13
12.16,3989,0,3535,0,hard_ground_13
12.166,3981,0,3600,0,hard_ground_13
12.171,3963,0,3571,0,hard_ground_13
12.174,3963,0,3577,0,hard_ground_13
12.18,3952,0,3588,0,hard_ground_13
12.186,3945,0,3589,0,hard_ground_13
12.188,3939,0,3608,0,hard_ground_13
12.196,3930,0,3637,0,hard_ground_13
12.201,3927,0,3644,0,hard_ground_13
12.203,3904,0,3642,0,hard_ground_13
12.209,3903,0,3640,0,hard_ground_13
12.215,3886,0,3629,0,hard_ground_13
12.217,3876,0,3610,0,hard_ground_13
12.224,3863,0,3582,0,hard_ground_13
12.23,3856,0,3563,0,hard_ground_13
12.236,3862,0,3567,0,hard_ground_13
12.237,3891,0,3565,0,hard_ground_13
12.243,3909,0,3580,0,hard_ground_13
12.25,3921,0,3502,0,hard_ground_13
12.256,3923,0,3428,0,hard_ground_13
12.257,3914,0,3339,0,hard_ground_13
12.264,3916,0,3308,0,hard_ground_13
12.271,3937,0,3430,0,hard_ground_13
12.271,3960,0,3557,0,hard_ground_13
12.28,3970,0,3642,0,hard_ground_13
12.285,3978,0,3697,0,hard_ground_13
12.287,3981,0,3729,0,hard_ground_13
12.292,3982,0,3733,0,hard_ground_13
12.299,3984,0,3719,0,hard_ground_13
12.305,3985,0,3677,0,hard_ground_13
12.307,3982,0,3641,0,hard_ground_13
12.313,3967,0,3594,0,hard_ground_13
12.32,3966,0,3562,0,hard_ground_13
12.326,3963,0,3565,0,hard_ground_13
12.327,3953,0,3585,0,hard_ground_13
12.334,3959,0,3622,0,hard_ground_13
12.34,3962,0,3662,0,hard_ground_13
12.342,3961,0,3693,0,hard_ground_13
12.351,3964,0,3715,0,hard_ground_13
12.354,3964,0,3732,0,hard_ground_13
12.36,3967,0,3716,0,hard_ground_13
12.361,3971,0,3667,0,hard_ground_13
12.368,3969,0,3595,0,hard_ground_13
12.375,3957,0,3284,0,hard_ground_13
12.381,3917,0,2931,0,hard_ground_13
12.386,3831,0,3120,0,hard_ground_13
12.389,3753,0,3235,0,hard_ground_13
12.396,3777,0,3381,0,hard_ground_13
12.396,3840,0,3343,0,hard_ground_13
12.406,3907,0,3288,0,hard_ground_13
12.41,3911,0,3281,0,hard_ground_13
12.416,3898,0,3321,0,hard_ground_13
12.418,3902,0,3547,0,hard_ground_13
12.425,3926,0,3649,0,hard_ground_13
12.431,3950,0,3696,0,hard_ground_13
12.436,3978,0,3718,0,hard_ground_13
12.438,3993,0,3743,0,hard_ground_13
12.444,3990,0,3749,0,hard_ground_13
12.451,3991,0,3776,0,hard_ground_13
12.452,3987,0,3781,0,hard_ground_13
12.458,3978,0,3773,0,hard_ground_13
12.465,3978,0,3752,0,hard_ground_13
12.466,3981,0,3694,0,hard_ground_13
12.476,3977,0,3635,0,hard_ground_13
12.479,3968,0,3582,0,hard_ground_13
12.486,3958,0,3592,0,hard_ground_13
12.487,3947,0,3624,0,hard_ground_13
12.493,3964,0,3656,0,hard_ground_13
12.499,3986,0,3661,0,hard_ground_13
12.501,3986,0,3695,0,hard_ground_13
12.507,3984,0,3701,0,hard_ground_13
12.515,3988,0,3698,0,hard_ground_13
12.521,3987,0,3634,0,hard_ground_13
12.525,3980,0,3409,0,hard_ground_13
12.529,3967,0,2922,0,hard_ground_13
12.534,3948,0,2919,0,hard_ground_13
12.537,3951,0,3268,0,hard_ground_13
12.542,3965,0,3542,0,hard_ground_13
12.549,3980,0,3621,0,hard_ground_13
12.555,3987,0,3643,0,hard_ground_13
12.56,3991,0,3642,0,hard_ground_13
12.562,3980,0,3668,0,hard_ground_13
12.57,3978,0,3683,0,hard_ground_13
12.576,3976,0,3696,0,hard_ground_13
12.577,3986,0,3693,0,hard_ground_13
12.583,3993,0,3705,0,hard_ground_13
12.59,3990,0,3702,0,hard_ground_13
12.591,3988,0,3697,0,hard_ground_13
12.599,3982,0,3695,0,hard_ground_13
12.604,3981,0,3718,0,hard_ground_13
12.611,3992,0,3776,0,hard_ground_13
12.611,3998,0,3715,0,hard_ground_13
12.617,4002,0,3691,0,hard_ground_13
12.625,3992,0,3672,0,hard_ground_13
12.63,3982,0,3664,0,hard_ground_13
12.632,3969,0,3643,0,hard_ground_13
12.638,3959,0,3649,0,hard_ground_13
12.646,3961,0,3638,0,hard_ground_13
12.646,3968,0,3633,0,hard_ground_13
12.652,3950,0,3655,0,hard_ground_13
12.66,3944,0,3663,0,hard_ground_13
12.664,3939,0,3666,0,hard_ground_13
12.667,3945,0,3657,0,hard_ground_13
12.673,3952,0,3596,0,hard_ground_13
12.68,3950,0,3524,0,hard_ground_13
12.681,3957,0,3537,0,hard_ground_13
12.688,3961,0,3591,0,hard_ground_13
12.694,3982,0,3668,0,hard_ground_13
12.697,3993,0,3721,0,hard_ground_13
12.701,3990,0,3686,0,hard_ground_13
12.708,3989,0,3634,0,hard_ground_13
12.715,3979,0,3521,0,hard_ground_13
12.72,3978,0,3421,0,hard_ground_13
12.725,3977,0,3462,0,hard_ground_13
12.73,3974,0,3649,0,hard_ground_13
12.73,3988,0,3728,0,hard_ground_13
12.738,3995,0,3763,0,hard_ground_13
12.743,4002,0,3771,0,hard_ground_13
12.75,4003,0,3757,0,hard_ground_13
12.75,4006,0,3735,0,hard_ground_13
12.758,3991,0,3651,0,hard_ground_13
12.763,3970,0,3631,0,hard_ground_13
12.77,3965,0,3367,0,hard_ground_13
12.771,3957,0,2945,0,hard_ground_13
12.78,3942,0,2636,0,hard_ground_13
12.785,3916,0,2867,0,hard_ground_13
12.786,3900,0,3026,0,hard_ground_13
12.792,3898,0,3279,0,hard_ground_13
12.799,3893,0,3366,0,hard_ground_13
12.805,3898,0,3378,0,hard_ground_13
12.81,3821,0,3394,0,hard_ground_13
12.812,3757,0,3308,0,hard_ground_13
12.82,3627,0,3220,0,hard_ground_13
12.825,3356,0,2846,0,hard_ground_13
12.828,2823,0,1270,0,hard_ground_13
12.833,2882,0,0,0,hard_ground_13
12.84,2777,0,0,0,hard_ground_13
12.845,3034,0,1499,0,hard_ground_13
12.847,3181,0,2859,0,hard_ground_13
12.854,2871,0,2906,0,hard_ground_13
12.854,2149,0,1651,0,hard_ground_13
12.865,0,0,0,0,hard_ground_13
12.868,0,0,0,0,hard_ground_13
12.875,0,0,0,0,hard_ground_13
12.879,0,0,0,0,hard_ground_13
12.882,0,0,0,2917,hard_ground_13
12.889,0,596,0,3562,hard_ground_13
12.889,0,2403,0,3715,hard_ground_13
12.897,0,2710,0,3775,hard_ground_13
12.902,0,3110,0,3779,hard_ground_13
12.91,0,3106,0,3768,hard_ground_13
12.915,0,2950,0,3748,hard_ground_13
12.916,0,2157,0,3735,hard_ground_13
12.925,0,545,0,3702,hard_ground_13
12.925,0,0,0,3695,hard_ground_13
12.931,0,0,0,3668,hard_ground_13
12.937,0,0,0,3655,hard_ground_13
12.944,0,0,0,3540,hard_ground_13
12.949,0,0,0,3359,hard_ground_13
12.952,0,0,0,2799,hard_ground_13
12.958,0,0,0,2688,hard_ground_13
12.965,0,1247,0,1547,hard_ground_13
12.965,0,333,0,0,hard_ground_13
12.973,0,0,0,0,hard_ground_13
12.979,0,599,0,0,hard_ground_13
12.984,0,0,0,0,hard_ground_13
12.986,0,0,0,0,hard_ground_13
12.993,0,0,1534,0,hard_ground_13
13.0,0,1562,2733,0,hard_ground_13
13.004,0,1612,3131,0,hard_ground_13
13.009,0,0,2943,0,hard_ground_13
13.013,2485,0,2486,0,hard_ground_13
13.017,3030,0,1698,0,hard_ground_13
13.021,3159,0,2608,0,hard_ground_13
13.028,3335,0,1205,0,hard_ground_13
13.034,3562,0,2379,0,hard_ground_13
13.035,3642,0,2649,0,hard_ground_13
13.041,3638,0,3072,0,hard_ground_13
13.049,3641,0,3314,0,hard_ground_13
13.049,3577,0,3375,0,hard_ground_13
13.056,3693,0,3369,0,hard_ground_13
13.063,3638,0,3329,0,hard_ground_13
13.07,3637,0,3128,0,hard_ground_13
13.073,3645,0,3176,0,hard_ground_13
13.076,3702,0,3222,0,hard_ground_13
13.083,3709,0,3456,0,hard_ground_13
13.089,3767,0,3534,0,hard_ground_13
13.092,3826,0,3583,0,hard_ground_13
13.097,3908,0,3574,0,hard_ground_13
13.104,3932,0,3666,0,hard_ground_13
13.109,3937,0,3780,0,hard_ground_13
13.111,3938,0,3827,0,hard_ground_13
13.118,3932,0,3865,0,hard_ground_13
13.125,3927,0,3890,0,hard_ground_13
13.125,3942,0,3882,0,hard_ground_13
13.132,3949,0,3881,0,hard_ground_13
13.139,3959,0,3892,0,hard_ground_13
13.14,3957,0,3889,0,hard_ground_13
13.146,3951,0,3888,0,hard_ground_13
13.153,3939,0,3871,0,hard_ground_13
13.159,3919,0,3893,0,hard_ground_13
13.161,3915,0,3882,0,hard_ground_13
13.166,3924,0,3853,0,hard_ground_13
13.174,3921,0,3842,0,hard_ground_13
13.174,3906,0,3842,0,hard_ground_13
13.182,3887,0,3857,0,hard_ground_13
13.188,3906,0,3871,0,hard_ground_13
13.194,3923,0,3896,0,hard_ground_13
13.199,3952,0,3905,0,hard_ground_13
13.201,3974,0,3909,0,hard_ground_13
13.208,3978,0,3918,0,hard_ground_13
13.214,3990,0,3920,0,hard_ground_13
13.215,3991,0,3923,0,hard_ground_13
13.223,4000,0,3923,0,hard_ground_13
13.229,3998,0,3920,0,hard_ground_13
13.231,3998,0,3913,0,hard_ground_13
13.236,4002,0,3910,0,hard_ground_13
13.243,4004,0,3896,0,hard_ground_13
13.249,3998,0,3885,0,hard_ground_13
13.251,3994,0,3882,0,hard_ground_13
13.257,3996,0,3880,0,hard_ground_13
13.264,4001,0,3881,0,hard_ground_13
13.264,4008,0,3894,0,hard_ground_13
13.272,4011,0,3902,0,hard_ground_13
13.277,4013,0,3897,0,hard_ground_13
13.284,4021,0,3909,0,hard_ground_13
13.284,4027,0,3915,0,hard_ground_13
13.292,4025,0,3939,0,hard_ground_13
13.298,4029,0,3914,0,hard_ground_13
13.304,4026,0,3923,0,hard_ground_13
13.305,4021,0,3910,0,hard_ground_13
13.313,4019,0,3897,0,hard_ground_13
13.319,4015,0,3897,0,hard_ground_13
13.319,4006,0,3886,0,hard_ground_13
13.327,4012,0,3882,0,hard_ground_13
13.333,4013,0,3883,0,hard_ground_13
13.335,4015,0,3890,0,hard_ground_13
13.34,4022,0,3893,0,hard_ground_13
13.347,4023,0,3890,0,hard_ground_13
13.353,4022,0,3902,0,hard_ground_13
13.355,4020,0,3907,0,hard_ground_13
13.361,4023,0,3910,0,hard_ground_13
13.368,4026,0,3917,0,hard_ground_13
13.369,4027,0,3911,0,hard_ground_13
13.379,4028,0,3911,0,hard_ground_13
13.382,4027,0,3913,0,hard_ground_13
13.389,4026,0,3908,0,hard_ground_13
13.39,4032,0,3895,0,hard_ground_13
13.396,4029,0,3884,0,hard_ground_13
13.402,4025,0,3885,0,hard_ground_13
13.408,4026,0,3885,0,hard_ground_13
13.409,4019,0,3897,0,hard_ground_13
13.417,4017,0,3887,0,hard_ground_13
13.423,4014,0,3886,0,hard_ground_13
13.426,4016,0,3877,0,hard_ground_13
13.431,4017,0,3891,0,hard_ground_13
13.437,4015,0,3883,0,hard_ground_13
13.444,4014,0,3895,0,hard_ground_13
13.444,4022,0,3910,0,hard_ground_13
13.451,4020,0,3917,0,hard_ground_13
13.459,4024,0,3914,0,hard_ground_13
13.459,4017,0,3900,0,hard_ground_13
13.465,4019,0,3903,0,hard_ground_13
13.472,4015,0,3885,0,hard_ground_13
13.479,4015,0,3907,0,hard_ground_13
13.483,4015,0,3900,0,hard_ground_13
13.486,4019,0,3893,0,hard_ground_13
13.492,4023,0,3886,0,hard_ground_13
13.494,4026,0,3875,0,hard_ground_13
13.5,4024,0,3859,0,hard_ground_13
13.507,4019,0,3873,0,hard_ground_13
13.513,4018,0,3859,0,hard_ground_13
13.515,4023,0,3864,0,hard_ground_13
13.524,4023,0,3874,0,hard_ground_13
13.527,4027,0,3894,0,hard_ground_13
13.533,4030,0,3906,0,hard_ground_13
13.534,4036,0,3904,0,hard_ground_13
13.543,4035,0,3898,0,hard_ground_13
13.548,4037,0,3893,0,hard_ground_13
13.549,4034,0,3895,0,hard_ground_13
13.555,4033,0,3899,0,hard_ground_13
13.563,4031,0,3906,0,hard_ground_13
13.568,4031,0,3888,0,hard_ground_13
13.571,4029,0,3852,0,hard_ground_13
13.576,4025,0,3805,0,hard_ground_13
13.583,4019,0,3794,0,hard_ground_13
13.584,4024,0,3787,0,hard_ground_13
13.59,4020,0,3725,0,hard_ground_13
13.597,4029,0,3568,0,hard_ground_13
13.603,4031,0,3609,0,hard_ground_13
13.605,4031,0,3564,3839,hard_ground_13
13.611,4027,0,3576,0,hard_ground_13
13.618,4019,0,3203,0,hard_ground_13
13.618,4023,0,2767,0,hard_ground_13
13.626,4013,0,1094,0,hard_ground_13
13.632,4010,0,2206,0,hard_ground_13
13.638,4006,0,3236,0,hard_ground_13
13.639,4017,0,3424,0,hard_ground_13
13.645,4027,0,3470,0,hard_ground_13
13.652,4033,0,3431,3767,hard_ground_13
13.658,4037,0,3416,3801,hard_ground_13
13.659,4040,0,3450,3474,hard_ground_13
13.668,4034,0,3225,0,hard_ground_13
13.673,4029,0,2627,0,hard_ground_13
13.674,4025,0,2372,3497,hard_ground_13
13.68,4016,0,3012,3601,hard_ground_13
13.687,4009,0,3269,2441,hard_ground_13
13.688,4011,0,3136,0,hard_ground_13
13.697,4015,0,2432,0,hard_ground_13
13.703,4024,0,0,0,hard_ground_13
13.708,4027,0,2572,1647,hard_ground_13
13.709,4031,0,3214,3803,hard_ground_13
13.716,4036,0,3483,3917,hard_ground_13
13.722,4034,0,3349,3810,hard_ground_13
13.728,4036,0,2926,3535,hard_ground_13
13.729,4026,0,1542,3719,hard_ground_13
13.738,4025,0,0,3687,hard_ground_13
13.743,4010,0,1868,3755,hard_ground_13
13.743,4007,0,2084,3784,hard_ground_13
13.75,4007,0,1319,3568,hard_ground_13
13.757,4018,0,0,3657,hard_ground_13
13.763,4019,0,0,3688,hard_ground_13
13.764,4027,0,0,3703,hard_ground_13
13.772,4022,0,2110,3689,hard_ground_13
13.777,4024,0,2399,3657,hard_ground_13
13.779,4031,0,2530,3532,hard_ground_13
13.784,4035,0,2578,2924,hard_ground_13
13.792,4033,0,2652,0,hard_ground_13
13.798,4043,0,2810,0,hard_ground_13
13.798,4036,0,3432,0,hard_ground_13
13.806,4040,0,3530,0,hard_ground_13
13.812,4033,0,3534,0,hard_ground_13
13.814,4034,0,3512,0,hard_ground_13
13.819,4035,0,3435,0,hard_ground_13
13.828,4033,0,3376,0,hard_ground_13
13.833,4032,0,3394,0,hard_ground_13
13.833,4032,0,3504,0,hard_ground_13
13.84,4031,0,3525,0,hard_ground_13
13.847,4032,0,3606,0,hard_ground_13
13.849,4035,0,3707,0,hard_ground_13
13.854,4036,0,3727,0,hard_ground_13
13.861,4038,0,3720,0,hard_ground_13
13.867,4040,0,3620,0,hard_ground_13
13.869,4041,0,3569,0,hard_ground_13
13.875,4033,0,3216,0,hard_ground_13
13.883,4032,0,3131,0,hard_ground_13
13.883,4020,0,3236,0,hard_ground_13
13.891,4012,0,3239,0,hard_ground_13
13.896,4012,0,3418,0,hard_ground_13
13.903,4014,0,3482,0,hard_ground_13
13.903,4023,0,3486,0,hard_ground_13
13.91,4035,0,3352,0,hard_ground_13
13.916,4036,0,3303,0,hard_ground_13
13.923,4042,0,3480,0,hard_ground_13
13.928,4041,0,3554,0,hard_ground_13
13.93,4043,0,3590,0,hard_ground_13
13.934,4041,0,3605,0,hard_ground_13
13.939,4035,0,3551,0,hard_ground_13
13.944,4035,0,3440,0,hard_ground_13
13.951,4032,0,3253,0,hard_ground_13
13.953,4030,0,3177,0,hard_ground_13
13.962,4031,0,3161,0,hard_ground_13
13.966,4032,0,3385,0,hard_ground_13
13.973,4031,0,3467,0,hard_ground_13
13.974,4030,0,3485,0,hard_ground_13
13.981,4034,0,3522,0,hard_ground_13
13.988,4035,0,3546,0,hard_ground_13
13.993,4040,0,3497,0,hard_ground_13
13.994,4041,0,3509,0,hard_ground_13
14.002,4037,0,3575,0,hard_ground_13
14.007,4033,0,3586,0,hard_ground_13
14.013,4030,0,3537,0,hard_ground_13
14.015,4027,0,3436,0,hard_ground_13
14.021,4022,0,3361,0,hard_ground_13
14.028,4011,0,3021,0,hard_ground_13
14.03,4002,0,2417,0,hard_ground_13
14.037,3984,0,2798,0,hard_ground_13
14.043,3968,0,3334,0,hard_ground_13
14.043,3975,0,3451,0,hard_ground_13
14.053,3991,0,3458,0,hard_ground_13
14.058,3994,0,3521,0,hard_ground_13
14.062,3975,0,3556,2442,hard_ground_13
14.068,3955,0,3523,3138,hard_ground_13
14.072,3896,0,3421,3388,hard_ground_13
14.077,3662,0,2851,3426,hard_ground_13
14.083,2379,0,0,3401,hard_ground_13
14.087,1190,0,0,3379,hard_ground_13
14.092,0,0,0,3426,hard_ground_13
14.098,0,0,0,3505,hard_ground_13
14.104,1810,0,0,3710,hard_ground_13
14.105,2560,0,244,3862,hard_ground_13
14.112,3353,0,1817,3902,hard_ground_13
14.118,3569,0,2729,3884,hard_ground_13
14.118,3439,0,2893,3823,hard_ground_13
14.128,2981,0,3000,3805,hard_ground_13
14.131,0,0,2686,3757,hard_ground_13
14.138,0,0,2164,3457,hard_ground_13
14.141,0,0,0,3361,hard_ground_13
14.147,0,0,0,3369,hard_ground_13
14.152,0,0,0,3721,hard_ground_13
14.155,0,0,0,3850,hard_ground_13
14.16,0,920,0,3927,hard_ground_13
14.167,0,2070,0,3948,hard_ground_13
14.173,0,2138,0,3945,hard_ground_13
14.174,0,2184,0,3913,hard_ground_13
14.182,0,2270,0,3858,hard_ground_13
14.187,0,2285,0,3844,hard_ground_13
14.189,0,2503,0,3856,hard_ground_13
14.194,0,2678,0,3882,hard_ground_13
14.202,0,2782,0,3896,hard_ground_13
14.208,0,2835,0,3901,hard_ground_13
14.21,0,2842,0,3866,hard_ground_13
14.216,0,3057,0,3845,hard_ground_13
14.222,0,3092,0,3849,hard_ground_13
14.223,0,3058,0,3853,hard_ground_13
14.23,0,3157,0,3849,hard_ground_13
14.236,0,3386,0,3817,hard_ground_13
14.238,0,3558,0,3845,hard_ground_13
14.244,0,3600,0,3898,hard_ground_13
14.252,0,3635,0,3936,hard_ground_13
14.257,0,3611,0,3942,hard_ground_13
14.257,0,3586,0,3937,hard_ground_13
14.266,0,3579,0,3908,hard_ground_13
14.272,0,3591,0,3886,hard_ground_13
14.277,0,3546,0,3874,hard_ground_13
14.277,0,3535,0,3893,hard_ground_13
14.286,0,3481,0,3889,hard_ground_13
14.292,0,3428,0,3869,hard_ground_13
14.294,0,3315,0,3822,hard_ground_13
14.3,0,2952,0,3861,hard_ground_13
14.306,0,3050,0,3925,hard_ground_13
14.308,0,3431,0,3951,hard_ground_13
14.313,0,3499,0,3948,hard_ground_13
14.32,0,3553,0,3933,hard_ground_13
14.326,0,3569,0,3932,hard_ground_13
14.328,0,3555,0,3918,hard_ground_13
14.338,0,3539,0,3887,hard_ground_13
14.341,0,3478,0,3910,hard_ground_13
14.347,0,3407,0,3896,hard_ground_13
14.348,0,3291,0,3821,hard_ground_13
14.356,0,3199,0,3710,hard_ground_13
14.361,0,2851,0,3703,hard_ground_13
14.364,0,2833,0,3768,hard_ground_13
14.369,0,3015,0,3840,hard_ground_13
14.377,0,3276,0,3858,hard_ground_13
14.381,0,3363,0,3923,hard_ground_13
14.384,0,3529,0,3928,hard_ground_13
14.39,0,3582,0,3944,hard_ground_13
14.396,0,3551,0,3961,hard_ground_13
14.399,0,3526,0,3961,hard_ground_13
14.406,0,3465,0,3976,hard_ground_13
14.41,0,3463,0,3965,hard_ground_13
14.417,0,3585,0,3922,hard_ground_13
14.419,0,3644,0,3920,hard_ground_13
14.425,0,3704,0,3963,hard_ground_13
14.431,0,3717,0,3980,hard_ground_13
14.438,0,3673,0,3978,hard_ground_13
14.44,0,3424,0,3969,hard_ground_13
14.445,0,1189,0,3917,hard_ground_13
14.451,0,0,0,3817,hard_ground_13
14.454,0,0,0,3869,hard_ground_13
14.459,0,3320,0,3936,hard_ground_13
14.466,0,3687,0,3974,hard_ground_13
14.472,0,3780,0,3992,hard_ground_13
14.473,0,3812,0,3994,hard_ground_13
14.479,0,3794,0,3992,hard_ground_13
14.486,0,3694,0,3971,hard_ground_13
14.492,0,3537,0,3948,hard_ground_13
14.497,0,3078,0,3892,hard_ground_13
14.5,0,2240,0,3756,hard_ground_13
14.505,0,1863,0,3672,hard_ground_13
14.507,0,1857,0,3724,hard_ground_13
14.516,0,2932,0,3746,hard_ground_13
14.521,0,3432,0,3848,hard_ground_13
14.522,0,3584,0,3889,hard_ground_13
14.529,0,3704,0,3899,hard_ground_13
14.535,0,3715,0,3914,hard_ground_13
14.541,0,3713,0,3930,hard_ground_13
14.543,0,3714,0,3945,hard_ground_13
14.551,0,3736,0,3946,hard_ground_13
14.555,0,3767,0,3952,hard_ground_13
14.562,0,3780,0,3942,hard_ground_13
14.563,0,3781,0,3922,hard_ground_13
14.57,0,3745,0,3902,hard_ground_13
14.576,0,3719,0,3895,hard_ground_13
14.579,0,3647,0,3891,hard_ground_13
14.586,0,3587,0,3887,hard_ground_13
14.59,0,3573,0,3920,hard_ground_13
14.597,0,3546,0,3953,hard_ground_13
14.602,0,3682,0,3960,hard_ground_13
14.606,0,3752,0,3979,hard_ground_13
14.61,0,3797,0,3979,hard_ground_13
14.613,0,3812,0,3982,hard_ground_13
14.621,0,3805,0,3989,hard_ground_13
14.627,0,3762,0,3989,hard_ground_13
14.629,0,3746,0,3969,hard_ground_13
14.633,0,3667,0,3952,hard_ground_13
14.64,0,3547,0,3955,hard_ground_13
14.646,0,3473,0,3943,hard_ground_13
14.648,0,3408,0,3947,hard_ground_13
14.653,0,3468,0,3956,hard_ground_13
14.66,0,3635,0,3953,hard_ground_13
14.666,0,3705,0,3954,hard_ground_13
14.668,0,3753,0,3961,hard_ground_13
14.676,0,3767,0,3968,hard_ground_13
14.68,0,3771,0,3970,hard_ground_13
14.683,0,3773,0,3974,hard_ground_13
14.687,0,3758,0,3975,hard_ground_13
14.696,0,3727,0,3964,hard_ground_13
14.701,0,3717,0,3969,hard_ground_13
14.703,0,3721,0,3956,hard_ground_13
14.708,0,3719,0,3949,hard_ground_13
14.717,0,3719,0,3947,hard_ground_13
14.718,0,3731,0,3957,hard_ground_13
14.724,0,3741,0,3949,hard_ground_13
14.73,0,3719,0,3954,hard_ground_13
14.736,0,3717,0,3959,hard_ground_13
14.738,0,3703,0,3954,hard_ground_13
14.744,0,3699,0,3961,hard_ground_13
14.751,0,3706,0,3968,hard_ground_13
14.757,0,3750,0,3977,hard_ground_13
14.759,0,3785,0,3981,hard_ground_13
14.764,0,3794,0,3980,hard_ground_13
14.771,0,3781,0,3979,hard_ground_13
14.777,0,3718,0,3966,hard_ground_13
14.78,0,3698,0,3965,hard_ground_13
14.785,0,3687,0,3952,hard_ground_13
14.791,0,3682,0,3946,hard_ground_13
14.793,0,3691,0,3945,hard_ground_13
14.799,0,3700,0,3955,hard_ground_13
14.806,0,3735,0,3961,hard_ground_13
14.807,0,3741,0,3965,hard_ground_13
14.814,0,3756,0,3969,hard_ground_13
14.82,0,3755,0,3975,hard_ground_13
14.826,0,3769,0,3980,hard_ground_13
14.829,0,3767,0,3982,hard_ground_13
14.834,0,3762,0,3984,hard_ground_13
14.84,0,3726,0,3981,hard_ground_13
14.842,0,3697,0,3979,hard_ground_13
14.849,0,3690,0,3980,hard_ground_13
14.855,0,3670,0,3981,hard_ground_13
14.861,0,3676,0,3971,hard_ground_13
14.862,0,3705,0,3977,hard_ground_13
14.869,0,3713,0,3974,hard_ground_13
14.876,0,3763,0,3979,hard_ground_13
14.881,0,3776,0,3990,hard_ground_13
14.883,0,3792,0,3983,hard_ground_13
14.889,0,3800,0,3971,hard_ground_13
14.896,0,3806,0,3963,hard_ground_13
14.897,0,3799,0,3958,hard_ground_13
14.904,0,3789,0,3953,hard_ground_13
14.909,0,3738,0,3945,hard_ground_13
14.913,0,3719,0,3939,hard_ground_13
14.917,0,3714,0,3938,hard_ground_13
14.926,0,3692,0,3940,hard_ground_13
14.93,0,3704,0,3948,hard_ground_13
14.933,0,3698,0,3955,hard_ground_13
14.94,0,3729,0,3958,hard_ground_13
14.945,0,3768,0,3972,hard_ground_13
14.951,0,3783,0,3975,hard_ground_13
14.952,0,3804,0,3987,hard_ground_13
14.96,0,3796,0,3990,hard_ground_13
14.966,0,3782,0,3991,hard_ground_13
14.971,0,3760,0,3987,hard_ground_13
14.975,0,3707,0,3982,hard_ground_13
14.981,0,3684,0,3972,hard_ground_13
14.986,0,3672,0,3974,hard_ground_13
14.991,0,3667,0,3973,hard_ground_13
14.993,0,3676,0,3973,hard_ground_13
14.999,0,3693,0,3977,hard_ground_13
14.999,0,3720,0,3987,hard_ground_13
15.008,0,3747,0,3991,hard_ground_13
15.015,0,3785,0,3981,hard_ground_13
15.017,0,3794,0,3988,hard_ground_13
15.024,0,3788,0,3986,hard_ground_13
15.029,0,3797,0,3990,hard_ground_13
15.036,0,3776,0,3984,hard_ground_13
15.036,0,3765,0,3973,hard_ground_13
15.043,0,3749,0,3967,hard_ground_13
15.051,0,3751,0,3959,hard_ground_13
15.055,0,3777,0,3959,hard_ground_13
15.059,0,3777,0,3963,hard_ground_13
15.064,0,3781,0,3962,hard_ground_13
15.07,0,3783,0,3964,hard_ground_13
15.076,0,3752,0,3968,hard_ground_13
15.077,0,3734,0,3974,hard_ground_13
15.086,0,3725,0,3974,hard_ground_13
15.091,0,3722,0,3981,hard_ground_13
15.091,0,3711,0,3990,hard_ground_13
15.099,0,3729,0,3994,hard_ground_13
15.105,0,3745,0,3996,hard_ground_13
15.108,0,3736,0,3995,hard_ground_13
15.114,0,3719,0,3985,hard_ground_13
15.121,0,3704,0,3981,hard_ground_13
15.126,0,3697,0,3978,hard_ground_13
15.132,0,3741,0,3985,hard_ground_13
15.132,0,3793,0,3992,hard_ground_13
15.141,0,3799,0,3990,hard_ground_13
15.145,0,3812,0,3993,hard_ground_13
15.147,0,3813,0,3982,hard_ground_13
15.153,0,3784,0,3976,hard_ground_13
15.161,0,3727,0,3975,hard_ground_13
15.161,0,3689,0,3968,hard_ground_13
15.168,0,3691,0,3964,hard_ground_13
15.175,0,3688,0,3966,hard_ground_13
15.181,0,3737,0,3982,hard_ground_13
15.186,0,3774,0,3981,hard_ground_13
15.189,0,3787,0,3988,hard_ground_13
15.195,0,3807,0,3994,hard_ground_13
15.197,0,3803,0,3995,hard_ground_13
15.202,0,3779,0,4001,hard_ground_13
15.209,0,3752,0,3998,hard_ground_13
15.215,0,3720,0,3991,hard_ground_13
15.216,0,3712,0,3984,hard_ground_13
15.223,0,3720,0,3978,hard_ground_13
15.231,0,3734,0,3982,hard_ground_13
15.236,0,3771,0,3972,hard_ground_13
15.238,0,3786,0,3983,hard_ground_13
15.242,0,3787,0,3973,hard_ground_13
15.25,0,3797,0,3980,hard_ground_13
15.255,0,3777,0,3975,hard_ground_13
15.257,0,3751,0,3967,hard_ground_13
15.265,0,3736,0,3971,hard_ground_13
15.265,0,3714,0,3973,hard_ground_13
15.271,0,3721,0,3975,hard_ground_13
15.28,0,3743,0,3985,hard_ground_13
15.285,0,3781,0,3989,hard_ground_13
15.287,0,3794,0,3997,hard_ground_13
15.292,0,3802,0,3997,hard_ground_13
15.299,0,3788,0,3996,hard_ground_13
15.306,0,3777,0,3996,hard_ground_13
15.306,0,3746,0,3999,hard_ground_13
15.314,0,3711,0,3992,hard_ground_13
15.32,0,3688,0,3990,hard_ground_13
15.322,0,3701,0,3985,hard_ground_13
15.33,0,3712,0,3996,hard_ground_13
15.333,0,3722,0,3994,hard_ground_13
15.34,0,3737,0,4000,hard_ground_13
15.341,0,3739,0,3991,hard_ground_13
15.349,0,3725,0,3991,hard_ground_13
15.351,0,3704,0,3989,hard_ground_13
15.36,0,3688,0,3998,hard_ground_13
15.362,0,3691,0,3991,hard_ground_13
15.37,0,3711,0,3991,hard_ground_13
15.371,0,3750,0,3993,hard_ground_13
15.377,0,3778,0,3995,hard_ground_13
15.385,0,3788,0,4000,hard_ground_13
15.389,0,3793,0,3990,hard_ground_13
15.396,0,3786,0,3987,hard_ground_13
15.396,0,3772,0,3971,hard_ground_13
15.403,0,3717,0,3963,hard_ground_13
15.409,0,3711,0,3964,hard_ground_13
15.412,0,3711,0,3960,hard_ground_13
15.417,0,3720,0,3969,hard_ground_13
15.417,0,3751,0,3962,hard_ground_13
15.43,0,3774,0,3983,hard_ground_13
15.434,0,3798,0,3974,hard_ground_13
15.439,0,3784,0,3979,hard_ground_13
15.444,0,3741,0,3977,hard_ground_13
15.446,0,3678,0,3977,hard_ground_13
15.451,0,3618,0,3971,hard_ground_13
15.46,0,3598,0,3964,hard_ground_13
15.464,0,3621,0,3978,hard_ground_13
15.466,0,3691,0,3979,hard_ground_13
15.473,0,3760,0,3990,hard_ground_13
15.48,0,3800,0,4003,hard_ground_13
15.481,0,3831,0,4008,hard_ground_13
15.489,0,3834,0,4005,hard_ground_13
15.494,0,3809,0,4000,hard_ground_13
15.496,0,3772,0,3991,hard_ground_13
15.505,0,3752,0,3993,hard_ground_13
15.51,0,3746,0,3989,hard_ground_13
15.514,0,3758,0,3985,hard_ground_13
15.521,0,3780,0,3987,hard_ground_13
15.521,0,3792,0,3987,hard_ground_13
15.529,0,3794,0,3992,hard_ground_13
15.536,0,3790,0,3989,hard_ground_13
15.537,0,3790,0,3984,hard_ground_13
15.542,0,3789,0,3979,hard_ground_13
15.55,0,3787,0,3979,hard_ground_13
15.555,0,3782,0,3982,hard_ground_13
15.556,0,3769,0,3987,hard_ground_13
15.563,0,3708,0,3992,hard_ground_13
15.569,0,3671,0,3984,hard_ground_13
15.569,0,3656,0,3983,hard_ground_13
15.577,0,3714,0,3979,hard_ground_13
15.584,0,3758,0,3967,hard_ground_13
15.584,0,3754,0,3967,hard_ground_13
15.592,0,3724,0,3974,hard_ground_13
15.599,0,3662,0,3971,hard_ground_13
15.6,0,3593,0,3977,hard_ground_13
15.608,0,3551,0,3977,hard_ground_13
15.612,0,3645,0,3976,hard_ground_13
15.619,0,3723,0,3992,hard_ground_13
15.625,0,3772,0,4006,hard_ground_13
15.625,0,3824,0,4011,hard_ground_13
15.634,0,3858,0,4016,hard_ground_13
15.639,0,3864,0,4013,hard_ground_13
15.642,0,3855,0,4015,hard_ground_13
15.646,0,3825,0,4009,hard_ground_13
15.652,0,3801,0,4014,hard_ground_13
15.66,0,3791,0,4005,hard_ground_13
15.661,0,3801,0,4007,hard_ground_13
15.668,0,3814,0,4004,hard_ground_13
15.674,0,3811,0,4002,hard_ground_13
15.674,0,3786,0,4000,hard_ground_13
15.683,0,3773,0,4000,hard_ground_13
15.688,0,3759,0,3984,hard_ground_13
15.694,0,3764,0,3983,hard_ground_13
15.695,0,3762,0,3978,hard_ground_13
15.702,0,3750,0,3958,hard_ground_13
15.709,0,3678,0,3950,hard_ground_13
15.714,0,3586,0,3946,hard_ground_13
15.717,0,3427,0,3943,hard_ground_13
15.723,0,3268,0,3936,hard_ground_13
15.729,0,3332,0,3929,hard_ground_13
15.732,0,3599,0,3939,hard_ground_13
15.739,0,3703,0,3965,hard_ground_13
15.74,0,3770,0,3983,hard_ground_13
15.749,0,3786,0,4004,hard_ground_13
15.75,0,3755,0,4003,hard_ground_13
15.757,0,3753,0,3994,hard_ground_13
15.757,0,3804,0,3997,hard_ground_13
15.766,0,3821,0,4006,hard_ground_13
15.771,0,3834,0,4013,hard_ground_13
15.779,0,3815,0,4017,hard_ground_13
15.784,0,3801,0,4015,hard_ground_13
15.786,0,3797,0,4010,hard_ground_13
15.793,0,3775,0,4008,hard_ground_13
15.798,0,3766,0,3997,hard_ground_13
15.805,0,3762,0,3988,hard_ground_13
15.808,0,3741,0,3990,hard_ground_13
15.813,0,3740,0,3992,hard_ground_13
15.819,0,3770,0,4004,hard_ground_13
15.823,0,3803,0,4006,hard_ground_13
15.829,0,3839,0,4004,hard_ground_13
15.833,0,3841,0,4012,hard_ground_13
15.839,0,3829,0,4009,hard_ground_13
15.839,0,3822,0,4004,hard_ground_13
15.847,0,3808,0,4003,hard_ground_13
15.854,0,3792,0,3988,hard_ground_13
15.855,0,3762,0,3955,hard_ground_13
15.86,0,3681,0,3928,hard_ground_13
15.868,0,3477,0,3887,hard_ground_13
15.874,0,3367,0,3844,hard_ground_13
15.874,0,3385,0,3858,hard_ground_13
15.882,0,3588,0,3908,hard_ground_13
15.889,0,3680,0,3941,hard_ground_13
15.89,0,3738,0,3983,hard_ground_13
15.898,0,3744,0,3988,hard_ground_13
15.902,0,3728,0,3991,hard_ground_13
15.907,0,3679,0,3979,hard_ground_13
15.909,0,3570,0,3929,hard_ground_13
15.916,0,3583,0,3931,hard_ground_13
15.923,0,3613,0,3972,hard_ground_13
15.924,0,3681,0,3978,hard_ground_13
15.932,0,3793,0,3982,hard_ground_13
15.937,0,3800,0,3986,hard_ground_13
15.944,0,3792,0,3965,hard_ground_13
15.944,0,3662,0,3921,hard_ground_13
15.951,0,3288,0,3898,hard_ground_13
15.957,0,2677,0,3849,hard_ground_13
15.959,0,2143,0,3787,hard_ground_13
15.964,0,2057,0,3844,hard_ground_13
15.972,0,2603,0,3871,hard_ground_13
15.978,0,2879,0,3865,hard_ground_13
15.979,0,2824,0,3876,hard_ground_13
15.985,0,2248,0,3880,hard_ground_13
15.993,0,1467,0,3862,hard_ground_13
15.994,0,129,0,3850,hard_ground_13
16.002,0,0,0,3759,hard_ground_13
16.006,0,0,0,3663,hard_ground_13
16.013,0,0,0,3477,hard_ground_13
16.013,0,0,0,2884,hard_ground_13
16.02,0,0,0,1319,hard_ground_13
16.027,0,0,0,806,hard_ground_13
16.032,0,0,0,2447,hard_ground_13
16.034,0,0,0,3085,hard_ground_13
16.041,0,0,0,3621,hard_ground_13
16.048,0,0,0,3587,hard_ground_13
16.048,0,0,0,2600,hard_ground_13
16.057,0,0,0,0,hard_ground_13
16.062,0,0,0,0,hard_ground_13
16.068,2633,0,0,0,hard_ground_13
16.069,1873,0,0,0,hard_ground_13
16.075,2700,0,822,0,hard_ground_13
16.082,3469,0,825,0,hard_ground_13
16.084,3744,0,828,0,hard_ground_13
16.089,3816,0,1930,0,hard_ground_13
16.097,3845,0,2860,0,hard_ground_13
16.103,3869,0,3214,0,hard_ground_13
16.103,3889,0,3265,0,hard_ground_13
16.111,3912,0,3464,0,hard_ground_13
16.117,3940,0,3414,0,hard_ground_13
16.119,3936,0,3247,0,hard_ground_13
16.124,3884,0,3154,0,hard_ground_13
16.133,3703,0,3082,0,hard_ground_13
16.138,3419,0,3124,0,hard_ground_13
16.139,3188,0,3203,0,hard_ground_13
16.145,3206,0,3196,0,hard_ground_13
16.152,3374,0,3257,0,hard_ground_13
16.153,3527,0,3258,0,hard_ground_13
16.161,3487,0,3234,0,hard_ground_13
16.166,2210,0,3201,0,hard_ground_13
16.173,0,0,3159,0,hard_ground_13
16.178,0,0,2967,0,hard_ground_13
16.18,0,0,2719,0,hard_ground_13
16.188,0,0,2199,0,hard_ground_13
16.191,0,0,2081,1397,hard_ground_13
16.194,0,0,2072,2680,hard_ground_13
16.201,0,0,2157,3570,hard_ground_13
16.208,0,0,2009,3639,hard_ground_13
16.212,0,2229,1889,3723,hard_ground_13
16.215,0,2812,1336,3837,hard_ground_13
16.221,0,2839,0,3896,hard_ground_13
16.224,0,3064,0,3960,hard_ground_13
16.233,0,3085,0,3963,hard_ground_13
16.236,0,3186,0,3977,hard_ground_13
16.242,0,3424,0,3985,hard_ground_13
16.243,0,3588,0,4001,hard_ground_13
16.249,0,3620,0,4009,hard_ground_13
16.257,0,3635,0,4006,hard_ground_13
16.263,0,3646,0,3993,hard_ground_13
16.263,0,3553,0,3961,hard_ground_13
16.27,0,3405,0,3995,hard_ground_13
16.278,0,3547,0,3990,hard_ground_13
16.279,0,3626,0,3989,hard_ground_13
16.284,0,3634,0,3991,hard_ground_13
16.291,0,3625,0,4000,hard_ground_13
16.298,0,3593,0,3996,hard_ground_13
16.298,0,3589,0,4007,hard_ground_13
16.305,0,3647,0,3995,hard_ground_13
16.312,0,3725,0,4000,hard_ground_13
16.312,0,3718,0,4000,hard_ground_13
16.319,0,3767,0,3987,hard_ground_13
16.325,0,3776,0,3966,hard_ground_13
16.332,0,3774,0,3965,hard_ground_13
16.336,0,3732,0,3995,hard_ground_13
16.34,0,3754,0,4012,hard_ground_13
16.346,0,3791,0,4016,hard_ground_13
16.348,0,3847,0,4021,hard_ground_13
16.353,0,3848,0,3997,hard_ground_13
16.36,0,3840,0,3975,hard_ground_13
16.367,0,3746,0,4019,hard_ground_13
16.369,0,3627,0,4018,hard_ground_13
16.377,0,3608,0,4012,hard_ground_13
16.381,0,3661,0,4001,hard_ground_13
16.385,0,3771,0,3976,hard_ground_13
16.388,0,3791,0,3983,hard_ground_13
16.395,0,3802,0,4014,hard_ground_13
16.402,0,3806,0,4026,hard_ground_13
16.403,0,3812,0,4029,hard_ground_13
16.409,0,3852,0,4030,hard_ground_13
16.416,0,3871,0,4027,hard_ground_13
16.422,0,3844,0,4026,hard_ground_13
16.423,0,3828,0,4022,hard_ground_13
16.43,0,3812,0,4032,hard_ground_13
16.437,0,3824,0,4035,hard_ground_13
16.437,0,3839,0,4029,hard_ground_13
16.445,0,3860,0,4025,hard_ground_13
16.45,0,3856,0,4024,hard_ground_13
16.457,0,3816,0,4035,hard_ground_13
16.458,0,3791,0,4034,hard_ground_13
16.465,0,3726,0,4043,hard_ground_13
16.471,0,3778,0,4036,hard_ground_13
16.475,0,3807,0,4033,hard_ground_13
16.478,0,3825,0,4027,hard_ground_13
16.486,0,3799,0,4034,hard_ground_13
16.492,0,3773,0,4039,hard_ground_13
16.493,0,3750,0,4041,hard_ground_13
16.499,0,3740,0,4039,hard_ground_13
16.506,0,3763,0,4043,hard_ground_13
16.507,0,3763,0,4040,hard_ground_13
16.516,0,3747,0,4038,hard_ground_13
16.52,0,3748,0,4043,hard_ground_13
16.527,0,3803,0,4044,hard_ground_13
16.528,0,3843,0,4050,hard_ground_13
16.534,0,3850,0,4046,hard_ground_13
16.541,0,3837,0,4047,hard_ground_13
16.546,0,3830,0,4054,hard_ground_13
16.552,0,3815,0,4055,hard_ground_13
16.555,0,3805,0,4048,hard_ground_13
16.562,0,3809,0,4044,hard_ground_13
16.562,0,3819,0,4036,hard_ground_13
16.571,0,3800,0,4034,hard_ground_13
16.575,0,3729,0,4042,hard_ground_13
16.579,0,3735,0,4042,hard_ground_13
16.582,0,3734,0,4044,hard_ground_13
16.59,0,3749,0,4052,hard_ground_13
16.596,0,3815,0,4047,hard_ground_13
16.602,0,3830,0,4051,hard_ground_13
16.603,0,3837,0,4047,hard_ground_13
16.611,0,3827,0,4052,hard_ground_13
16.617,0,3824,0,4048,hard_ground_13
16.617,0,3821,0,4056,hard_ground_13
16.625,0,3825,0,4053,hard_ground_13
16.631,0,3839,0,4045,hard_ground_13
16.637,0,3825,0,4048,hard_ground_13
16.638,0,3810,0,4049,hard_ground_13
16.645,0,3761,0,4049,hard_ground_13
16.652,0,3750,0,4045,hard_ground_13
16.652,0,3750,0,4040,hard_ground_13
16.66,0,3764,0,4047,hard_ground_13
16.667,0,3760,0,4050,hard_ground_13
16.671,0,3775,0,4047,hard_ground_13
16.673,0,3809,0,4047,hard_ground_13
16.68,0,3822,0,4048,hard_ground_13
16.686,0,3819,0,4048,hard_ground_13
16.687,0,3785,0,4053,hard_ground_13
16.693,0,3742,0,4050,hard_ground_13
16.701,0,3743,0,4054,hard_ground_13
16.702,0,3800,0,4051,hard_ground_13
16.707,0,3848,0,4055,hard_ground_13
16.716,0,3878,0,4054,hard_ground_13
16.721,0,3864,0,4055,hard_ground_13
16.722,0,3820,0,4052,hard_ground_13
16.729,0,3806,0,4055,hard_ground_13
16.737,0,3792,0,4053,hard_ground_13
16.74,0,3813,0,4050,hard_ground_13
16.743,0,3782,0,4047,hard_ground_13
16.749,0,3731,0,4044,hard_ground_13
16.756,0,3678,0,4044,hard_ground_13
16.756,0,3713,0,4048,hard_ground_13
16.763,0,3754,0,4051,hard_ground_13
16.77,0,3773,0,4049,hard_ground_13
16.776,0,3780,0,4057,hard_ground_13
16.777,0,3770,0,4051,hard_ground_13
16.783,0,3780,0,4052,hard_ground_13
16.791,0,3807,0,4050,hard_ground_13
16.791,0,3817,0,4048,hard_ground_13
16.8,0,3799,0,4049,hard_ground_13
16.804,0,3727,0,4032,hard_ground_13
16.811,0,3449,0,4014,hard_ground_13
16.812,0,0,0,4030,hard_ground_13
16.818,2002,0,0,4021,hard_ground_13
16.826,2813,0,0,4009,hard_ground_13
16.83,2532,0,0,4005,hard_ground_13
16.833,0,0,0,4001,hard_ground_13
16.84,0,0,0,4014,hard_ground_13
16.846,0,0,0,4001,hard_ground_13
16.847,0,0,0,4011,hard_ground_13
16.855,0,1730,0,4024,hard_ground_13
16.86,0,3573,0,4037,hard_ground_13
16.864,0,3808,0,4041,hard_ground_13
16.867,0,3837,0,4049,hard_ground_13
16.875,0,3857,0,4054,hard_ground_13
16.881,0,3852,0,4051,hard_ground_13
16.885,0,3831,0,4048,hard_ground_13
16.888,0,3461,0,4046,hard_ground_13
16.895,0,0,0,4038,hard_ground_13
16.901,0,0,0,4015,hard_ground_13
16.902,0,0,0,4004,hard_ground_13
16.909,0,0,0,3991,hard_ground_13
16.916,0,0,0,3976,hard_ground_13
16.917,0,0,0,3982,hard_ground_13
16.925,0,0,0,3987,hard_ground_13
16.929,0,0,0,4027,hard_ground_13
16.936,273,0,0,4040,hard_ground_13
16.937,3498,0,0,4047,hard_ground_13
16.944,2985,0,0,4054,hard_ground_13
16.95,0,0,0,4051,hard_ground_13
16.952,0,0,0,4047,hard_ground_13
16.957,0,0,0,4044,hard_ground_13
16.965,0,0,0,4035,hard_ground_13
16.971,0,0,0,4036,hard_ground_13
16.972,0,0,0,4028,hard_ground_13
16.978,0,0,0,4026,hard_ground_13
16.985,0,0,0,4024,hard_ground_13
16.986,0,0,0,4027,hard_ground_13
16.995,0,0,0,4034,hard_ground_13
16.999,0,2026,0,4034,hard_ground_13
17.006,0,3068,0,4031,hard_ground_13
17.006,0,3102,0,4034,hard_ground_13
17.016,0,3068,0,4037,hard_ground_13
17.02,0,3175,0,4037,hard_ground_13
17.026,0,3395,0,4035,hard_ground_13
17.027,0,3490,0,4041,hard_ground_13
17.034,0,3537,0,4034,hard_ground_13
17.041,0,3613,0,4035,hard_ground_13
17.042,0,3586,0,4031,hard_ground_13
17.048,0,3528,0,4032,hard_ground_13
17.055,0,3510,0,4024,hard_ground_13
17.056,0,3364,0,4029,hard_ground_13
17.061,0,3256,0,4026,hard_ground_13
17.071,0,3423,0,4026,hard_ground_13
17.075,0,3482,0,4024,hard_ground_13
17.077,0,3546,0,4025,hard_ground_13
17.082,0,3597,0,4029,hard_ground_13
17.09,0,3643,0,4025,hard_ground_13
17.096,0,3617,0,4025,hard_ground_13
17.098,0,3624,0,4028,hard_ground_13
17.103,0,3647,0,4027,hard_ground_13
17.11,0,3636,0,4029,hard_ground_13
17.11,0,3633,0,4027,hard_ground_13
17.119,0,3601,0,4026,hard_ground_13
17.124,0,3587,0,4024,hard_ground_13
17.131,0,3547,0,4018,hard_ground_13
17.131,0,3519,0,4018,hard_ground_13
17.14,0,3437,0,4013,hard_ground_13
17.146,0,3306,0,4013,hard_ground_13
17.146,0,3178,0,4006,hard_ground_13
17.153,0,3087,0,4010,hard_ground_13
17.159,0,3388,0,4010,hard_ground_13
17.166,0,3476,0,4016,hard_ground_13
17.169,0,3457,0,4021,hard_ground_13
17.172,0,3505,0,4025,hard_ground_13
17.18,0,3444,0,4030,hard_ground_13
17.18,0,3047,0,4030,hard_ground_13
17.188,0,3120,0,4020,hard_ground_13
17.193,0,3557,0,4012,hard_ground_13
17.2,0,3538,0,4007,hard_ground_13
17.2,0,3354,0,4008,hard_ground_13
17.209,0,3188,0,3999,hard_ground_13
17.214,0,1562,0,3994,hard_ground_13
17.216,0,0,0,3990,hard_ground_13
17.221,0,0,0,3983,hard_ground_13
17.23,0,0,0,3964,hard_ground_13
17.235,0,1516,0,3938,hard_ground_13
17.238,0,0,0,3925,hard_ground_13
17.242,0,1760,0,3918,hard_ground_13
17.25,0,1719,0,3894,hard_ground_13
17.254,0,2013,0,3877,hard_ground_13
17.256,0,0,0,3876,hard_ground_13
17.263,0,0,0,3868,hard_ground_13
17.27,0,0,0,3875,hard_ground_13
17.271,0,0,0,3848,hard_ground_13
17.278,0,1557,0,3677,hard_ground_13
17.284,0,1484,0,3480,hard_ground_13
17.29,3001,0,0,2951,hard_ground_13
17.291,3684,0,0,0,hard_ground_13
17.298,3587,0,0,0,hard_ground_13
17.305,3412,0,0,0,hard_ground_13
17.309,3436,0,0,0,hard_ground_13
17.312,3625,0,0,0,hard_ground_13
17.318,3663,0,0,0,hard_ground_13
17.325,3671,0,0,0,hard_ground_13
17.326,3409,0,0,0,hard_ground_13
17.333,0,0,0,0,hard_ground_13
17.339,0,0,0,0,hard_ground_13
17.341,3329,0,0,0,hard_ground_13
17.346,2916,0,0,0,hard_ground_13
17.353,0,0,2766,0,hard_ground_13
17.36,2686,0,3283,0,hard_ground_13
17.36,3698,0,3448,0,hard_ground_13
17.368,3832,0,3515,0,hard_ground_13
17.374,3914,0,3319,0,hard_ground_13
17.376,3899,0,3193,0,hard_ground_13
17.381,3812,0,3189,0,hard_ground_13
17.39,3604,0,3241,0,hard_ground_13
17.394,3189,0,3269,0,hard_ground_13
17.396,3512,0,3202,0,hard_ground_13
17.402,3624,0,2761,0,hard_ground_13
17.409,3560,0,2208,0,hard_ground_13
17.415,1234,0,1683,0,hard_ground_13
17.415,0,0,2343,0,hard_ground_13
17.423,0,0,3166,0,hard_ground_13
17.429,0,0,3238,0,hard_ground_13
17.431,2292,0,3265,0,hard_ground_13
17.438,3754,0,3262,0,hard_ground_13
17.444,3848,0,3264,0,hard_ground_13
17.45,3877,0,3391,0,hard_ground_13
17.452,3881,0,3532,0,hard_ground_13
17.457,3916,0,3563,0,hard_ground_13
17.464,3957,0,3487,0,hard_ground_13
17.464,3958,0,3126,0,hard_ground_13
17.475,3932,0,2562,0,hard_ground_13
17.478,3860,0,2105,0,hard_ground_13
17.485,3729,0,0,0,hard_ground_13
17.487,3461,0,0,0,hard_ground_13
17.495,3723,0,0,0,hard_ground_13
17.5,3821,0,0,0,hard_ground_13
17.501,3884,0,2428,0,hard_ground_13
17.508,3911,0,3022,0,hard_ground_13
17.513,3952,0,3431,0,hard_ground_13
17.516,3958,0,3486,0,hard_ground_13
17.52,3963,0,3480,0,hard_ground_13
17.528,3968,0,3321,0,hard_ground_13
17.534,3922,0,3062,0,hard_ground_13
17.538,3875,0,2612,0,hard_ground_13
17.541,3775,0,2391,0,hard_ground_13
17.548,3268,0,2161,0,hard_ground_13
17.554,3023,0,1691,0,hard_ground_13
17.555,2996,0,1694,0,hard_ground_13
17.562,2856,0,2253,0,hard_ground_13
17.569,1509,0,2797,0,hard_ground_13
17.569,2916,0,3285,0,hard_ground_13
17.576,3380,0,3494,0,hard_ground_13
17.583,3771,0,3509,0,hard_ground_13
17.59,3871,0,3494,0,hard_ground_13
17.59,3853,0,3246,0,hard_ground_13
17.597,3777,0,2336,0,hard_ground_13
17.603,3054,0,1966,0,hard_ground_13
17.61,3008,0,2591,0,hard_ground_13
17.611,3463,0,3280,0,hard_ground_13
17.618,3865,0,3574,0,hard_ground_13
17.625,3907,0,3702,0,hard_ground_13
17.626,3941,0,3718,0,hard_ground_13
17.634,3924,0,3696,0,hard_ground_13
17.638,3889,0,3555,0,hard_ground_13
17.643,3903,0,3211,0,hard_ground_13
17.645,3932,0,2791,0,hard_ground_13
17.652,3923,0,2168,0,hard_ground_13
17.659,3840,0,2359,0,hard_ground_13
17.66,3703,0,2555,0,hard_ground_13
17.666,3443,0,2816,0,hard_ground_13
17.673,3505,0,2717,0,hard_ground_13
17.679,3730,0,2913,0,hard_ground_13
17.68,3830,0,2977,0,hard_ground_13
17.687,3709,0,3192,0,hard_ground_13
17.694,3651,0,3206,0,hard_ground_13
17.695,3672,0,3210,0,hard_ground_13
17.703,3656,0,3178,0,hard_ground_13
17.707,3784,0,3197,0,hard_ground_13
17.712,3810,0,3208,0,hard_ground_13
17.715,3822,0,3406,0,hard_ground_13
17.722,3836,0,3466,0,hard_ground_13
17.728,3864,0,3508,0,hard_ground_13
17.73,3876,0,3570,0,hard_ground_13
17.738,3860,0,3557,0,hard_ground_13
17.743,3826,0,3538,0,hard_ground_13
17.749,3778,0,3476,0,hard_ground_13
17.75,3613,0,3313,0,hard_ground_13
17.756,3584,0,3132,0,hard_ground_13
17.763,3589,0,3074,0,hard_ground_13
17.765,3600,0,3212,0,hard_ground_13
17.773,3749,0,3405,0,hard_ground_13
17.778,3826,0,3491,0,hard_ground_13
17.784,3865,0,3567,0,hard_ground_13
17.789,3880,0,3586,0,hard_ground_13
17.791,3882,0,3597,0,hard_ground_13
17.797,3843,0,3594,0,hard_ground_13
17.8,3813,0,3590,0,hard_ground_13
17.805,3782,0,3585,0,hard_ground_13
17.812,3735,0,3521,0,hard_ground_13
17.819,3625,0,3382,0,hard_ground_13
17.82,3561,0,3288,0,hard_ground_13
17.826,3480,0,3254,0,hard_ground_13
17.833,3472,0,3320,0,hard_ground_13
17.839,3591,0,3437,0,hard_ground_13
17.84,3805,0,3516,0,hard_ground_13
17.847,3853,0,3543,0,hard_ground_13
17.853,3904,0,3570,0,hard_ground_13
17.855,3905,0,3604,0,hard_ground_13
17.861,3920,0,3626,0,hard_ground_13
17.867,3924,0,3598,0,hard_ground_13
17.87,3933,0,3579,0,hard_ground_13
17.874,3924,0,3545,0,hard_ground_13
17.883,3906,0,3518,0,hard_ground_13
17.888,3911,0,3483,0,hard_ground_13
17.888,3903,0,3495,0,hard_ground_13
17.895,3891,0,3498,0,hard_ground_13
17.902,3897,0,3518,0,hard_ground_13
17.909,3886,0,3537,0,hard_ground_13
17.91,3877,0,3562,0,hard_ground_13
17.916,3868,0,3605,0,hard_ground_13
17.923,3882,0,3612,0,hard_ground_13
17.929,3878,0,3621,0,hard_ground_13
17.93,3870,0,3607,0,hard_ground_13
17.939,3866,0,3579,0,hard_ground_13
17.944,3829,0,3548,0,hard_ground_13
17.946,3829,0,3537,0,hard_ground_13
17.951,3831,0,3519,0,hard_ground_13
17.958,3848,0,3500,0,hard_ground_13
17.964,3875,0,3498,0,hard_ground_13
17.965,3890,0,3498,0,hard_ground_13
17.973,3897,0,3530,0,hard_ground_13
17.978,3896,0,3550,0,hard_ground_13
17.983,3885,0,3566,0,hard_ground_13
17.985,3885,0,3571,0,hard_ground_13
17.992,3884,0,3596,0,hard_ground_13
17.998,3881,0,3597,0,hard_ground_13
17.999,3872,0,3601,0,hard_ground_13
18.006,3860,0,3561,0,hard_ground_13
18.013,3857,0,3565,0,hard_ground_13
18.013,3863,0,3549,0,hard_ground_13
18.02,3866,0,3540,0,hard_ground_13
18.028,3871,0,3549,0,hard_ground_13
18.028,3884,0,3556,0,hard_ground_13
18.036,3898,0,3577,0,hard_ground_13
18.041,3918,0,3587,0,hard_ground_13
18.048,3928,0,3591,0,hard_ground_13
18.053,3940,0,3604,0,hard_ground_13
18.055,3933,0,3604,0,hard_ground_13
18.062,3935,0,3614,0,hard_ground_13
18.068,3920,0,3595,0,hard_ground_13
18.069,3926,0,3586,0,hard_ground_13
18.075,3916,0,3581,0,hard_ground_13
18.083,3904,0,3582,0,hard_ground_13
18.083,3889,0,3562,0,hard_ground_13
18.092,3876,0,3562,0,hard_ground_13
18.097,3871,0,3572,0,hard_ground_13
18.103,3868,0,3597,0,hard_ground_13
18.108,3869,0,3607,0,hard_ground_13
18.11,3882,0,3615,0,hard_ground_13
18.117,3892,0,3613,0,hard_ground_13
18.117,3888,0,3610,0,hard_ground_13
18.125,3873,0,3600,0,hard_ground_13
18.131,3874,0,3586,0,hard_ground_13
18.138,3871,0,3592,0,hard_ground_13
18.142,3865,0,3594,0,hard_ground_13
18.148,3869,0,3551,0,hard_ground_13
18.152,3889,0,3535,0,hard_ground_13
18.154,3908,0,3522,0,hard_ground_13
18.159,3926,0,3566,0,hard_ground_13
18.167,3950,0,3543,0,hard_ground_13
18.173,3960,0,3555,0,hard_ground_13
18.175,3956,0,3552,0,hard_ground_13
18.18,3960,0,3558,0,hard_ground_13
18.187,3954,0,3556,0,hard_ground_13
18.189,3929,0,3583,0,hard_ground_13
18.197,3927,0,3594,0,hard_ground_13
18.201,3924,0,3596,0,hard_ground_13
18.208,3901,0,3583,0,hard_ground_13
18.209,3882,0,3587,0,hard_ground_13
18.214,3885,0,3569,0,hard_ground_13
18.222,3885,0,3572,0,hard_ground_13
18.228,3901,0,3570,0,hard_ground_13
18.23,3905,0,3570,0,hard_ground_13
18.235,3904,0,3570,0,hard_ground_13
18.242,3912,0,3583,0,hard_ground_13
18.244,3937,0,3594,0,hard_ground_13
18.249,3940,0,3615,0,hard_ground_13
18.257,3939,0,3631,0,hard_ground_13
18.263,3936,0,3607,0,hard_ground_13
18.268,3922,0,3611,0,hard_ground_13
18.27,3898,0,3601,0,hard_ground_13
18.277,3878,0,3575,0,hard_ground_13
18.282,3845,0,3570,0,hard_ground_13
18.285,3820,0,3561,0,hard_ground_13
18.291,3823,0,3575,0,hard_ground_13
18.298,3836,0,3555,0,hard_ground_13
18.298,3855,0,3585,0,hard_ground_13
18.306,3887,0,3578,0,hard_ground_13
18.311,3896,0,3590,0,hard_ground_13
18.314,3917,0,3586,0,hard_ground_13
18.319,3937,0,3589,0,hard_ground_13
18.326,3953,0,3599,0,hard_ground_13
18.332,3963,0,3570,0,hard_ground_13
18.338,3969,0,3556,0,hard_ground_13
18.339,3969,0,3554,0,hard_ground_13
18.346,3962,0,3537,0,hard_ground_13
18.353,3955,0,3514,0,hard_ground_13
18.354,3959,0,3545,0,hard_ground_13
18.36,3954,0,3547,0,hard_ground_13
18.367,3946,0,3566,0,hard_ground_13
18.373,3955,0,3571,0,hard_ground_13
18.374,3910,0,3584,0,hard_ground_13
18.381,3902,0,3590,0,hard_ground_13
18.388,3895,0,3602,0,hard_ground_13
18.388,3892,0,3631,0,hard_ground_13
18.397,3894,0,3638,0,hard_ground_13
18.402,3886,0,3651,0,hard_ground_13
18.402,3890,0,3626,0,hard_ground_13
18.413,3884,0,3595,0,hard_ground_13
18.416,3900,0,3596,0,hard_ground_13
18.423,3897,0,3576,0,hard_ground_13
18.428,3904,0,3572,0,hard_ground_13
18.43,3907,0,3564,0,hard_ground_13
18.437,3928,0,3562,0,hard_ground_13
18.441,3947,0,3552,0,hard_ground_13
18.444,3968,0,3556,0,hard_ground_13
18.452,3953,0,3564,0,hard_ground_13
18.457,3966,0,3560,0,hard_ground_13
18.458,3957,0,3561,0,hard_ground_13
18.465,3950,0,3566,0,hard_ground_13
18.471,3940,0,3575,0,hard_ground_13
18.478,3921,0,3566,0,hard_ground_13
18.478,3898,0,3574,0,hard_ground_13
18.486,3905,0,3571,0,hard_ground_13
18.493,3906,0,3576,0,hard_ground_13
18.493,3901,0,3587,0,hard_ground_13
18.502,3907,0,3576,0,hard_ground_13
18.506,3915,0,3551,0,hard_ground_13
18.512,3935,0,3540,0,hard_ground_13
18.513,3952,0,3546,0,hard_ground_13
18.52,3973,0,3546,0,hard_ground_13
18.527,3975,0,3542,0,hard_ground_13
18.532,3976,0,3565,0,hard_ground_13
18.534,3984,0,3548,0,hard_ground_13
18.541,3978,0,3559,0,hard_ground_13
18.548,3978,0,3549,0,hard_ground_13
18.548,3973,0,3549,0,hard_ground_13
18.555,3971,0,3554,0,hard_ground_13
18.562,3974,0,3543,0,hard_ground_13
18.563,3950,0,3573,0,hard_ground_13
18.572,3932,0,3575,0,hard_ground_13
18.575,3918,0,3582,0,hard_ground_13
18.583,3904,0,3594,0,hard_ground_13
18.583,3888,0,3596,0,hard_ground_13
18.59,3876,0,3613,0,hard_ground_13
18.596,3869,0,3595,0,hard_ground_13
18.602,3884,0,3593,0,hard_ground_13
18.603,3895,0,3575,0,hard_ground_13
18.611,3896,0,3573,0,hard_ground_13
18.618,3882,0,3574,0,hard_ground_13
18.618,3882,0,3587,0,hard_ground_13
18.625,3899,0,3579,0,hard_ground_13
18.632,3912,0,3538,0,hard_ground_13
18.632,3915,0,3422,0,hard_ground_13
18.64,3913,0,3390,0,hard_ground_13
18.645,3911,0,3386,0,hard_ground_13
18.653,3941,0,3467,0,hard_ground_13
18.656,3956,0,3514,0,hard_ground_13
18.659,3971,0,3584,0,hard_ground_13
18.666,3977,0,3669,0,hard_ground_13
18.673,3976,0,3685,0,hard_ground_13
18.677,3978,0,3728,0,hard_ground_13
18.68,3979,0,3696,0,hard_ground_13
18.687,3980,0,3668,0,hard_ground_13
18.691,3964,0,3629,0,hard_ground_13
18.694,3946,0,3597,0,hard_ground_13
18.7,3918,0,3556,0,hard_ground_13
18.707,3921,0,3539,0,hard_ground_13
18.708,3931,0,3561,0,hard_ground_13
18.715,3940,0,3616,0,hard_ground_13
18.721,3937,0,3643,0,hard_ground_13
18.723,3926,0,3664,0,hard_ground_13
18.731,3921,0,3670,0,hard_ground_13
18.735,3919,0,3670,0,hard_ground_13
18.742,3918,0,3650,0,hard_ground_13
18.742,3928,0,3611,0,hard_ground_13
18.75,3920,0,3528,0,hard_ground_13
18.756,3901,0,3421,0,hard_ground_13
18.762,3890,0,3246,0,hard_ground_13
18.766,3888,0,3317,0,hard_ground_13
18.77,3900,0,3392,0,hard_ground_13
18.774,3912,0,3528,0,hard_ground_13
18.777,3939,0,3544,0,hard_ground_13
18.785,3904,0,3550,0,hard_ground_13
18.791,3841,0,3432,0,hard_ground_13
18.793,3753,0,3310,0,hard_ground_13
18.801,3797,0,3369,0,hard_ground_13
18.805,3858,0,3458,0,hard_ground_13
18.812,3906,0,3581,0,hard_ground_13
18.812,3922,0,3674,0,hard_ground_13
18.819,3962,0,3699,0,hard_ground_13
18.825,3975,0,3759,0,hard_ground_13
18.827,3986,0,3783,0,hard_ground_13
18.833,3987,0,3786,0,hard_ground_13
18.842,3986,0,3785,0,hard_ground_13
18.846,3984,0,3778,0,hard_ground_13
18.846,3975,0,3737,0,hard_ground_13
18.854,3965,0,3685,0,hard_ground_13
18.86,3956,0,3618,0,hard_ground_13
18.862,3927,0,3586,0,hard_ground_13
18.87,3911,0,3607,0,hard_ground_13
18.874,3911,0,3626,0,hard_ground_13
18.881,3928,0,3650,0,hard_ground_13
18.881,3957,0,3654,0,hard_ground_13
18.888,3980,0,3651,0,hard_ground_13
18.895,3984,0,3646,0,hard_ground_13
18.901,3973,0,3538,0,hard_ground_13
18.902,3956,0,3379,0,hard_ground_13
18.909,3936,0,3002,0,hard_ground_13
18.916,3921,0,3076,0,hard_ground_13
18.916,3922,0,3416,0,hard_ground_13
18.926,3950,0,3537,0,hard_ground_13
18.93,3971,0,3617,0,hard_ground_13
18.932,3980,0,3641,0,hard_ground_13
18.94,3975,0,3640,0,hard_ground_13
18.944,3953,0,3656,0,hard_ground_13
18.95,3933,0,3663,0,hard_ground_13
18.956,3963,0,3669,0,hard_ground_13
18.957,3980,0,3677,0,hard_ground_13
18.966,3982,0,3695,0,hard_ground_13
18.971,3984,0,3725,0,hard_ground_13
18.971,3989,0,3714,0,hard_ground_13
18.98,3977,0,3720,0,hard_ground_13
18.985,3972,0,3704,0,hard_ground_13
18.987,3963,0,3697,0,hard_ground_13
18.992,3960,0,3693,0,hard_ground_13
18.999,3952,0,3683,0,hard_ground_13
19.006,3933,0,3668,0,hard_ground_13
19.007,3936,0,3624,0,hard_ground_13
19.013,3932,0,3577,0,hard_ground_13
19.02,3932,0,3560,0,hard_ground_13
19.026,3971,0,3567,0,hard_ground_13
19.027,3981,0,3632,0,hard_ground_13
19.034,3979,0,3653,0,hard_ground_13
19.041,3985,0,3668,0,hard_ground_13
19.042,3989,0,3672,0,hard_ground_13
19.049,3993,0,3648,0,hard_ground_13
19.054,3988,0,3563,0,hard_ground_13
19.061,3963,0,3482,0,hard_ground_13
19.065,3948,0,3448,0,hard_ground_13
19.069,3939,0,3491,0,hard_ground_13
19.075,3950,0,3538,0,hard_ground_13
19.075,3970,0,3621,0,hard_ground_13
19.086,3928,0,3546,0,hard_ground_13
19.089,3900,0,3398,0,hard_ground_13
19.096,3885,0,3211,0,hard_ground_13
19.097,3897,0,3247,0,hard_ground_13
19.105,3935,0,3474,0,hard_ground_13
19.11,3994,0,3700,0,hard_ground_13
19.11,4006,0,3790,0,hard_ground_13
19.118,4007,0,3842,0,hard_ground_13
19.124,4006,0,3859,0,hard_ground_13
19.131,4005,0,3847,0,hard_ground_13
19.132,4003,0,3812,0,hard_ground_13
19.138,3986,0,3753,0,hard_ground_13
19.145,3972,0,3623,0,hard_ground_13
19.145,3945,0,3502,0,hard_ground_13
19.153,3900,0,3405,0,hard_ground_13
19.161,3896,0,3304,0,hard_ground_13
19.166,3918,0,3446,0,hard_ground_13
19.17,3933,0,3562,0,hard_ground_13
19.173,3940,0,3676,0,hard_ground_13
19.179,3956,0,3740,0,hard_ground_13
19.186,3979,0,3742,0,hard_ground_13
19.187,3964,0,3731,0,hard_ground_13
19.195,3958,0,3714,0,hard_ground_13
19.2,3961,0,3574,0,hard_ground_13
19.204,3918,0,2788,0,hard_ground_13
19.211,3781,0,694,0,hard_ground_13
19.215,3660,0,0,0,hard_ground_13
19.221,3661,0,0,0,hard_ground_13
19.221,3682,0,2859,0,hard_ground_13
19.23,3809,0,3103,0,hard_ground_13
19.236,3852,0,3260,0,hard_ground_13
19.241,3764,0,3178,0,hard_ground_13
19.244,3688,0,2859,0,hard_ground_13
19.25,3651,0,1442,0,hard_ground_13
19.256,2241,0,0,0,hard_ground_13
19.256,0,0,0,0,hard_ground_13
19.263,0,0,0,0,hard_ground_13
19.27,0,0,1353,0,hard_ground_13
19.275,0,0,2168,0,hard_ground_13
19.277,0,0,2230,0,hard_ground_13
19.284,0,0,868,0,hard_ground_13
19.291,0,0,0,0,hard_ground_13
19.292,0,0,0,0,hard_ground_13
19.3,0,0,0,0,hard_ground_13
19.304,0,0,0,0,hard_ground_13
19.31,0,0,0,0,hard_ground_13
19.312,0,0,0,2650,hard_ground_13
19.32,0,0,0,2562,hard_ground_13
19.325,0,0,0,0,hard_ground_13
19.326,0,0,326,0,hard_ground_13
19.333,0,0,1828,0,hard_ground_13
19.34,0,0,1911,0,hard_ground_13
19.346,0,0,1913,0,hard_ground_13
19.346,0,0,1814,0,hard_ground_13
19.353,0,0,1869,0,hard_ground_13
19.36,0,0,2189,0,hard_ground_13
19.36,0,0,2887,0,hard_ground_13
19.368,2359,0,2933,0,hard_ground_13
19.374,3266,0,2878,0,hard_ground_13
19.379,3295,0,2697,0,hard_ground_13
19.381,3318,0,1220,0,hard_ground_13
19.388,3278,0,1196,0,hard_ground_13
19.395,3351,0,2060,0,hard_ground_13
19.396,3397,0,2211,0,hard_ground_13
19.402,3489,0,2380,0,hard_ground_13
19.41,3734,0,2264,0,hard_ground_13
19.415,3811,0,2573,0,hard_ground_13
19.417,3820,0,2925,0,hard_ground_13
19.422,3826,0,3400,0,hard_ground_13
19.43,3836,0,3565,0,hard_ground_13
19.431,3864,0,3615,0,hard_ground_13
19.44,3919,0,3637,0,hard_ground_13
19.444,3939,0,3575,0,hard_ground_13
19.45,3951,1089,3498,0,hard_ground_13
19.451,3940,0,3360,0,hard_ground_13
19.457,3885,0,3301,0,hard_ground_13
19.464,3790,0,3368,0,hard_ground_13
19.47,3809,0,3475,0,hard_ground_13
19.471,3917,0,3595,0,hard_ground_13
19.479,3940,0,3688,0,hard_ground_13
19.485,3961,0,3738,0,hard_ground_13
19.486,3970,0,3815,0,hard_ground_13
19.492,3988,0,3857,0,hard_ground_13
19.5,3991,0,3902,0,hard_ground_13
19.505,3989,0,3910,0,hard_ground_13
19.51,3982,0,3906,0,hard_ground_13
19.514,3983,0,3900,0,hard_ground_13
19.52,3982,0,3863,0,hard_ground_13
19.52,3981,0,3840,0,hard_ground_13
19.528,3966,0,3822,0,hard_ground_13
19.534,3956,0,3813,0,hard_ground_13
19.536,3938,0,3840,0,hard_ground_13
19.545,3939,0,3852,0,hard_ground_13
19.548,3942,0,3854,0,hard_ground_13
19.554,3960,0,3831,0,hard_ground_13
19.556,3961,0,3855,0,hard_ground_13
19.561,3979,0,3869,0,hard_ground_13
19.568,3988,0,3867,0,hard_ground_13
19.574,3994,0,3894,0,hard_ground_13
19.575,4001,0,3901,0,hard_ground_13
19.582,4009,0,3900,0,hard_ground_13
19.589,4013,0,3910,0,hard_ground_13
19.595,4014,0,3915,0,hard_ground_13
19.596,4009,0,3923,0,hard_ground_13
19.603,4008,0,3922,0,hard_ground_13
19.61,4007,0,3922,0,hard_ground_13
19.611,4009,0,3914,0,hard_ground_13
19.617,4009,0,3903,0,hard_ground_13
19.625,4013,0,3888,0,hard_ground_13
19.625,4004,0,3878,0,hard_ground_13
19.633,4000,0,3891,0,hard_ground_13
19.638,3993,0,3894,0,hard_ground_13
19.645,3998,0,3892,0,hard_ground_13
19.65,4005,0,3911,0,hard_ground_13
19.652,4017,0,3914,0,hard_ground_13
19.659,4025,0,3914,0,hard_ground_13
19.659,4027,0,3944,0,hard_ground_13
19.666,4031,0,3932,0,hard_ground_13
19.673,4034,0,3935,0,hard_ground_13
19.68,4033,0,3934,0,hard_ground_13
19.684,4028,0,3929,0,hard_ground_13
19.687,4024,0,3912,0,hard_ground_13
19.693,4016,0,3907,0,hard_ground_13
19.696,4017,0,3895,0,hard_ground_13
19.7,4012,0,3884,0,hard_ground_13
19.709,4009,0,3899,0,hard_ground_13
19.714,4016,0,3887,0,hard_ground_13
19.72,4018,0,3885,0,hard_ground_13
19.721,4021,0,3881,0,hard_ground_13
19.728,4024,0,3882,0,hard_ground_13
19.735,4022,0,3909,0,hard_ground_13
19.74,4021,0,3910,0,hard_ground_13
19.745,4025,0,3913,0,hard_ground_13
19.749,4028,0,3922,0,hard_ground_13
19.754,4028,0,3916,0,hard_ground_13
19.757,4029,0,3928,0,hard_ground_13
19.763,4028,0,3922,0,hard_ground_13
19.77,4024,0,3919,0,hard_ground_13
19.77,4025,0,3912,0,hard_ground_13
19.779,4027,0,3899,0,hard_ground_13
19.783,4027,0,3893,0,hard_ground_13
19.789,4024,0,3907,0,hard_ground_13
19.791,4024,0,3906,0,hard_ground_13
19.798,4021,0,3904,0,hard_ground_13
19.804,4019,0,3917,0,hard_ground_13
19.809,4019,0,3907,0,hard_ground_13
19.812,4020,0,3909,0,hard_ground_13
19.819,4022,0,3909,0,hard_ground_13
19.819,4025,0,3916,0,hard_ground_13
19.826,4029,0,3916,0,hard_ground_13
19.832,4028,0,3912,0,hard_ground_13
19.839,4029,0,3908,0,hard_ground_13
19.845,4027,0,3908,0,hard_ground_13
19.846,4027,0,3897,0,hard_ground_13
19.853,4025,0,3877,0,hard_ground_13
19.859,4024,0,3885,0,hard_ground_13
19.86,4025,0,3896,0,hard_ground_13
19.868,4024,0,3905,0,hard_ground_13
19.874,4027,0,3906,0,hard_ground_13
19.875,4028,0,3921,0,hard_ground_13
19.881,4033,0,3931,0,hard_ground_13
19.888,4034,0,3928,0,hard_ground_13
19.894,4035,0,3925,0,hard_ground_13
19.895,4033,0,3921,0,hard_ground_13
19.902,4032,0,3905,0,hard_ground_13
19.909,4030,0,3912,0,hard_ground_13
19.91,4027,0,3918,0,hard_ground_13
19.918,4028,0,3910,0,hard_ground_13
19.922,4031,0,3918,0,hard_ground_13
19.929,4027,0,3919,0,hard_ground_13
19.934,4029,0,3919,0,hard_ground_13
19.937,4029,0,3925,0,hard_ground_13
19.943,4033,0,3931,0,hard_ground_13
19.945,4035,0,3917,0,hard_ground_13
19.95,4037,0,3893,0,hard_ground_13
19.957,4035,0,3853,0,hard_ground_13
19.964,4029,0,3858,0,hard_ground_13
19.964,4032,0,3836,0,hard_ground_13
19.973,4026,0,3747,0,hard_ground_13
19.979,4028,0,3467,0,hard_ground_13
19.98,4029,0,3310,0,hard_ground_13
19.988,4015,0,3371,3384,hard_ground_13
19.994,4006,0,3422,3983,hard_ground_13
19.999,3992,0,3145,3973,hard_ground_13
20.004,4012,0,1941,3994,hard_ground_13
20.006,4005,0,0,3055,hard_ground_13
20.013,3988,0,0,0,hard_ground_13
20.019,3982,0,0,0,hard_ground_13
20.02,3976,0,2353,0,hard_ground_13
20.028,4004,0,3624,0,hard_ground_13
20.034,4036,0,3730,0,hard_ground_13
20.034,4050,0,3779,2915,hard_ground_13
20.041,4047,0,3767,3965,hard_ground_13
20.047,4053,0,3770,4021,hard_ground_13
20.054,4055,0,3601,4017,hard_ground_13
20.058,4046,0,3340,4016,hard_ground_13
20.061,4034,0,2202,3947,hard_ground_13
20.069,4006,0,0,2547,hard_ground_13
20.069,3954,0,0,0,hard_ground_13
20.075,3867,0,0,0,hard_ground_13
20.082,3870,0,0,0,hard_ground_13
20.089,3956,0,0,0,hard_ground_13
20.094,3997,0,2776,0,hard_ground_13
20.096,4031,0,3598,0,hard_ground_13
20.103,4050,0,3783,3990,hard_ground_13
20.103,4055,0,3799,4008,hard_ground_13
20.11,4057,0,3732,3983,hard_ground_13
20.117,4057,0,3307,3953,hard_ground_13
20.124,4046,0,0,3915,hard_ground_13
20.129,4031,0,0,3877,hard_ground_13
20.131,3993,0,0,3880,hard_ground_13
20.138,3930,0,0,3838,hard_ground_13
20.138,3886,0,0,3747,hard_ground_13
20.145,3886,0,0,3502,hard_ground_13
20.152,3947,0,0,3334,hard_ground_13
20.159,4002,0,0,3426,hard_ground_13
20.162,4015,0,2824,3251,hard_ground_13
20.167,4032,0,3294,3025,hard_ground_13
20.172,4040,0,3523,1099,hard_ground_13
20.179,4044,0,3568,0,hard_ground_13
20.179,4046,0,3631,0,hard_ground_13
20.186,4043,0,3612,0,hard_ground_13
20.193,4043,0,3582,0,hard_ground_13
20.194,4034,0,3480,0,hard_ground_13
20.2,4028,0,3410,0,hard_ground_13
20.207,4023,0,3323,0,hard_ground_13
20.214,4023,0,3246,0,hard_ground_13
20.214,4024,0,3218,0,hard_ground_13
20.221,4025,0,3342,0,hard_ground_13
20.228,4014,0,3602,0,hard_ground_13
20.228,4037,0,3740,0,hard_ground_13
20.238,4041,0,3753,0,hard_ground_13
20.242,4042,0,3757,0,hard_ground_13
20.248,4046,0,3707,0,hard_ground_13
20.249,4045,0,3647,0,hard_ground_13
20.256,4038,0,3597,0,hard_ground_13
20.263,4035,0,3597,0,hard_ground_13
20.263,4031,0,3582,0,hard_ground_13
20.27,4025,0,3529,0,hard_ground_13
20.278,4023,0,3428,0,hard_ground_13
20.283,4030,0,3413,0,hard_ground_13
20.288,4032,0,3474,0,hard_ground_13
20.292,4034,0,3504,0,hard_ground_13
20.298,4040,0,3487,0,hard_ground_13
20.301,4043,0,3436,0,hard_ground_13
20.304,4040,0,3439,0,hard_ground_13
20.312,4040,0,3446,0,hard_ground_13
20.318,4040,0,3493,0,hard_ground_13
20.323,4036,0,3516,0,hard_ground_13
20.325,4034,0,3479,0,hard_ground_13
20.332,4030,0,3401,0,hard_ground_13
20.338,4027,0,3331,0,hard_ground_13
20.339,4032,0,3332,0,hard_ground_13
20.348,4031,0,3440,0,hard_ground_13
20.354,4031,0,3540,0,hard_ground_13
20.354,4033,0,3650,1624,hard_ground_13
20.363,4034,0,3646,2502,hard_ground_13
20.367,4039,0,3529,2358,hard_ground_13
20.373,4032,0,3384,0,hard_ground_13
20.374,4025,0,3382,0,hard_ground_13
20.381,4024,0,3443,0,hard_ground_13
20.388,4013,0,3366,0,hard_ground_13
20.393,4015,0,3289,0,hard_ground_13
20.395,4016,0,3468,0,hard_ground_13
20.402,4019,0,3540,1513,hard_ground_13
20.408,4012,0,3518,3290,hard_ground_13
20.409,4001,0,3243,3312,hard_ground_13
20.416,4003,0,3142,0,hard_ground_13
20.423,3989,0,3161,0,hard_ground_13
20.424,3970,0,3064,0,hard_ground_13
20.433,3965,0,2614,0,hard_ground_13
20.436,3942,0,3310,0,hard_ground_13
20.443,3935,0,3591,2644,hard_ground_13
20.443,3947,0,3654,3802,hard_ground_13
20.45,3951,0,3481,3819,hard_ground_13
20.457,3936,0,3025,3805,hard_ground_13
20.463,3891,0,1722,3777,hard_ground_13
20.467,3623,0,0,3734,hard_ground_13
20.471,1628,0,0,3750,hard_ground_13
20.478,0,0,0,3752,hard_ground_13
20.483,0,0,0,3733,hard_ground_13
20.485,0,0,0,3649,hard_ground_13
20.492,0,0,0,3771,hard_ground_13
20.498,3131,0,2444,3869,hard_ground_13
20.499,3429,0,3463,3912,hard_ground_13
20.507,3489,0,3649,3967,hard_ground_13
20.513,3199,0,3576,3964,hard_ground_13
20.513,0,0,3042,3940,hard_ground_13
20.52,0,0,0,3877,hard_ground_13
20.528,0,0,0,3828,hard_ground_13
20.528,0,0,0,3854,hard_ground_13
20.537,0,0,0,3915,hard_ground_13
20.541,0,1291,0,3945,hard_ground_13
20.547,0,2366,0,3948,hard_ground_13
20.552,0,2587,0,3932,hard_ground_13
20.555,0,2750,0,3905,hard_ground_13
20.562,0,2712,0,3870,hard_ground_13
20.568,0,2987,0,3857,hard_ground_13
20.569,0,3111,0,3892,hard_ground_13
20.576,0,3224,0,3923,hard_ground_13
20.582,0,3308,0,3924,hard_ground_13
20.584,0,3421,0,3932,hard_ground_13
20.589,0,3434,0,3912,hard_ground_13
20.596,0,3402,0,3875,hard_ground_13
20.599,0,3307,0,3866,hard_ground_13
20.603,0,3205,0,3833,hard_ground_13
20.612,0,3362,0,3776,hard_ground_13
20.617,0,3507,0,3709,hard_ground_13
20.617,0,3619,0,3867,hard_ground_13
20.624,0,3678,0,3932,hard_ground_13
20.631,0,3704,0,3951,hard_ground_13
20.638,0,3696,0,3970,hard_ground_13
20.638,0,3668,0,3966,hard_ground_13
20.645,0,3654,0,3946,hard_ground_13
20.652,0,3658,0,3942,hard_ground_13
20.656,0,3665,0,3952,hard_ground_13
20.659,0,3656,0,3956,hard_ground_13
20.666,0,3656,0,3945,hard_ground_13
20.673,0,3616,0,3936,hard_ground_13
20.674,0,3425,0,3916,hard_ground_13
20.68,0,3042,0,3939,hard_ground_13
20.687,0,3171,0,3954,hard_ground_13
20.693,0,3382,0,3963,hard_ground_13
20.693,0,3527,0,3948,hard_ground_13
20.7,0,3648,0,3948,hard_ground_13
20.707,0,3691,0,3949,hard_ground_13
20.708,0,3696,0,3950,hard_ground_13
20.714,0,3701,0,3953,hard_ground_13
20.721,0,3682,0,3963,hard_ground_13
20.727,0,3641,0,3933,hard_ground_13
20.728,0,3606,0,3866,hard_ground_13
20.735,0,3455,0,3845,hard_ground_13
20.742,0,3213,0,3829,hard_ground_13
20.746,0,3057,0,3844,hard_ground_13
20.749,0,3053,0,3856,hard_ground_13
20.756,0,3271,0,3888,hard_ground_13
20.762,0,3443,0,3914,hard_ground_13
20.763,0,3554,0,3931,hard_ground_13
20.771,0,3621,0,3967,hard_ground_13
20.777,0,3645,0,3985,hard_ground_13
20.78,0,3637,0,3990,hard_ground_13
20.784,0,3633,0,3986,hard_ground_13
20.791,0,3583,0,3974,hard_ground_13
20.797,0,3599,0,3965,hard_ground_13
20.798,0,3615,0,3979,hard_ground_13
20.804,0,3678,0,3998,hard_ground_13
20.811,0,3681,0,3996,hard_ground_13
20.813,0,3653,0,4000,hard_ground_13
20.821,0,3326,0,3975,hard_ground_13
20.825,0,2061,0,3871,hard_ground_13
20.829,0,2067,0,3728,hard_ground_13
20.833,0,3234,0,3871,hard_ground_13
20.84,0,3625,0,3946,hard_ground_13
20.846,0,3756,0,3989,hard_ground_13
20.852,0,3797,0,3994,hard_ground_13
20.853,0,3803,0,3994,hard_ground_13
20.861,0,3743,0,3983,hard_ground_13
20.867,0,3593,0,3965,hard_ground_13
20.87,0,3296,0,3921,hard_ground_13
20.874,0,2913,0,3849,hard_ground_13
20.881,0,2151,0,3840,hard_ground_13
20.886,0,2742,0,3854,hard_ground_13
20.888,0,3256,0,3893,hard_ground_13
20.895,0,3494,0,3940,hard_ground_13
20.902,0,3656,0,3957,hard_ground_13
20.903,0,3725,0,3955,hard_ground_13
20.909,0,3756,0,3951,hard_ground_13
20.916,0,3734,0,3949,hard_ground_13
20.922,0,3639,0,3959,hard_ground_13
20.923,0,3630,0,3973,hard_ground_13
20.93,0,3645,0,3975,hard_ground_13
20.937,0,3646,0,3972,hard_ground_13
20.937,0,3683,0,3962,hard_ground_13
20.945,0,3741,0,3945,hard_ground_13
20.951,0,3740,0,3940,hard_ground_13
20.957,0,3711,0,3951,hard_ground_13
20.961,0,3728,0,3961,hard_ground_13
20.964,0,3711,0,3968,hard_ground_13
20.972,0,3681,0,3977,hard_ground_13
20.972,0,3723,0,3984,hard_ground_13
20.98,0,3751,0,3972,hard_ground_13
20.985,0,3781,0,3969,hard_ground_13
20.988,0,3794,0,3973,hard_ground_13
20.996,0,3769,0,3980,hard_ground_13
20.999,0,3747,0,3975,hard_ground_13
21.007,0,3703,0,3981,hard_ground_13
21.012,0,3653,0,3971,hard_ground_13
21.013,0,3645,0,3962,hard_ground_13
21.02,0,3662,0,3968,hard_ground_13
21.027,0,3673,0,3970,hard_ground_13
21.027,0,3701,0,3976,hard_ground_13
21.034,0,3721,0,3987,hard_ground_13
21.041,0,3723,0,3993,hard_ground_13
21.047,0,3738,0,3992,hard_ground_13
21.052,0,3748,0,3991,hard_ground_13
21.054,0,3760,0,3993,hard_ground_13
21.061,0,3751,0,3989,hard_ground_13
21.063,0,3758,0,3996,hard_ground_13
21.068,0,3753,0,3995,hard_ground_13
21.075,0,3750,0,3989,hard_ground_13
21.081,0,3757,0,3987,hard_ground_13
21.086,0,3739,0,3985,hard_ground_13
21.089,0,3736,0,3976,hard_ground_13
21.096,0,3720,0,3975,hard_ground_13
21.096,0,3729,0,3982,hard_ground_13
21.103,0,3739,0,3983,hard_ground_13
21.11,0,3747,0,3987,hard_ground_13
21.116,0,3771,0,3993,hard_ground_13
21.121,0,3773,0,3985,hard_ground_13
21.124,0,3751,0,3982,hard_ground_13
21.131,0,3768,0,3981,hard_ground_13
21.131,0,3781,0,3980,hard_ground_13
21.138,0,3783,0,3982,hard_ground_13
21.145,0,3784,0,3979,hard_ground_13
21.152,0,3768,0,3979,hard_ground_13
21.152,0,3741,0,3974,hard_ground_13
21.16,0,3732,0,3966,hard_ground_13
21.165,0,3718,0,3972,hard_ground_13
21.167,0,3744,0,3975,hard_ground_13
21.172,0,3754,0,3977,hard_ground_13
21.179,0,3785,0,3983,hard_ground_13
21.186,0,3798,0,3992,hard_ground_13
21.186,0,3803,0,4001,hard_ground_13
21.194,0,3792,0,4002,hard_ground_13
21.2,0,3747,0,3996,hard_ground_13
21.206,0,3669,0,3998,hard_ground_13
21.207,0,3609,0,4003,hard_ground_13
21.214,0,3574,0,3993,hard_ground_13
21.221,0,3596,0,3988,hard_ground_13
21.226,0,3653,0,3996,hard_ground_13
21.228,0,3768,0,4002,hard_ground_13
21.235,0,3817,0,4005,hard_ground_13
21.241,0,3835,0,4007,hard_ground_13
21.243,0,3838,0,4008,hard_ground_13
21.249,0,3836,0,4003,hard_ground_13
21.256,0,3803,0,3987,hard_ground_13
21.257,0,3729,0,3983,hard_ground_13
21.264,0,3605,0,3968,hard_ground_13
21.27,0,3566,0,3953,hard_ground_13
21.277,0,3620,0,3948,hard_ground_13
21.281,0,3683,0,3970,hard_ground_13
21.284,0,3777,0,3974,hard_ground_13
21.291,0,3813,0,3988,hard_ground_13
21.291,0,3826,0,3990,hard_ground_13
21.297,0,3826,0,3992,hard_ground_13
21.304,0,3810,0,3991,hard_ground_13
21.311,0,3782,0,3996,hard_ground_13
21.315,0,3726,0,3996,hard_ground_13
21.318,0,3656,0,3990,hard_ground_13
21.325,0,3653,0,3988,hard_ground_13
21.325,0,3710,0,3993,hard_ground_13
21.332,0,3774,0,3997,hard_ground_13
21.339,0,3789,0,3998,hard_ground_13
21.346,0,3798,0,4005,hard_ground_13
21.347,0,3789,0,4002,hard_ground_13
21.353,0,3777,0,3999,hard_ground_13
21.36,0,3744,0,3999,hard_ground_13
21.36,0,3739,0,3999,hard_ground_13
21.371,0,3743,0,4001,hard_ground_13
21.375,0,3769,0,4008,hard_ground_13
21.381,0,3786,0,4003,hard_ground_13
21.385,0,3793,0,4008,hard_ground_13
21.388,0,3803,0,4008,hard_ground_13
21.394,0,3789,0,4002,hard_ground_13
21.401,0,3775,0,4003,hard_ground_13
21.402,0,3764,0,4000,hard_ground_13
21.409,0,3738,0,3994,hard_ground_13
21.416,0,3706,0,3989,hard_ground_13
21.416,0,3701,0,3992,hard_ground_13
21.426,0,3723,0,3987,hard_ground_13
21.429,0,3770,0,3998,hard_ground_13
21.432,0,3810,0,3994,hard_ground_13
21.44,0,3836,0,4000,hard_ground_13
21.444,0,3842,0,3996,hard_ground_13
21.45,0,3838,0,3999,hard_ground_13
21.452,0,3813,0,3995,hard_ground_13
21.457,0,3784,0,3988,hard_ground_13
21.464,0,3681,0,3994,hard_ground_13
21.471,0,3605,0,3982,hard_ground_13
21.473,0,3624,0,3983,hard_ground_13
21.478,0,3622,0,3988,hard_ground_13
21.485,0,3672,0,3998,hard_ground_13
21.49,0,3756,0,4001,hard_ground_13
21.492,0,3790,0,4005,hard_ground_13
21.499,0,3775,0,4005,hard_ground_13
21.502,0,3758,0,4002,hard_ground_13
21.506,0,3759,0,4007,hard_ground_13
21.515,0,3779,0,4013,hard_ground_13
21.52,0,3808,0,4004,hard_ground_13
21.523,0,3821,0,4014,hard_ground_13
21.527,0,3833,0,4008,hard_ground_13
21.534,0,3829,0,4008,hard_ground_13
21.54,0,3798,0,3998,hard_ground_13
21.541,0,3749,0,3988,hard_ground_13
21.548,0,3670,0,3976,hard_ground_13
21.555,0,3640,0,3972,hard_ground_13
21.56,0,3625,0,3972,hard_ground_13
21.562,0,3663,0,3984,hard_ground_13
21.569,0,3759,0,3989,hard_ground_13
21.575,0,3802,0,4002,hard_ground_13
21.577,0,3810,0,4009,hard_ground_13
21.582,0,3825,0,4012,hard_ground_13
21.589,0,3825,0,4017,hard_ground_13
21.591,0,3812,0,4021,hard_ground_13
21.596,0,3796,0,4015,hard_ground_13
21.603,0,3771,0,4010,hard_ground_13
21.61,0,3693,0,4006,hard_ground_13
21.61,0,3647,0,3997,hard_ground_13
21.617,0,3630,0,3991,hard_ground_13
21.624,0,3644,0,3993,hard_ground_13
21.63,0,3736,0,3998,hard_ground_13
21.631,0,3791,0,4002,hard_ground_13
21.638,0,3813,0,4004,hard_ground_13
21.644,0,3823,0,4007,hard_ground_13
21.646,0,3822,0,4005,hard_ground_13
21.652,0,3804,0,4000,hard_ground_13
21.659,0,3780,0,4005,hard_ground_13
21.665,0,3750,0,3999,hard_ground_13
21.666,0,3749,0,3996,hard_ground_13
21.672,0,3763,0,3995,hard_ground_13
21.679,0,3766,0,4000,hard_ground_13
21.681,0,3798,0,3999,hard_ground_13
21.689,0,3805,0,4011,hard_ground_13
21.693,0,3810,0,4008,hard_ground_13
21.7,0,3791,0,4009,hard_ground_13
21.705,0,3779,0,4013,hard_ground_13
21.707,0,3734,0,4014,hard_ground_13
21.714,0,3664,0,4012,hard_ground_13
21.716,0,3624,0,4004,hard_ground_13
21.721,0,3638,0,4006,hard_ground_13
21.728,0,3683,0,4008,hard_ground_13
21.735,0,3745,0,4012,hard_ground_13
21.735,0,3775,0,4012,hard_ground_13
21.745,0,3790,0,4013,hard_ground_13
21.749,0,3800,0,4007,hard_ground_13
21.755,0,3790,0,4011,hard_ground_13
21.756,0,3784,0,4006,hard_ground_13
21.763,0,3770,0,4003,hard_ground_13
21.77,0,3770,0,4003,hard_ground_13
21.77,0,3768,0,3994,hard_ground_13
21.778,0,3780,0,3990,hard_ground_13
21.784,0,3783,0,3980,hard_ground_13
21.786,0,3792,0,3988,hard_ground_13
21.791,0,3797,0,3992,hard_ground_13
21.799,0,3794,0,3992,hard_ground_13
21.804,0,3802,0,4003,hard_ground_13
21.806,0,3807,0,3998,hard_ground_13
21.811,0,3792,0,4003,hard_ground_13
21.82,0,3795,0,4007,hard_ground_13
21.825,0,3788,0,4006,hard_ground_13
21.826,0,3744,0,4003,hard_ground_13
21.832,0,3676,0,3996,hard_ground_13
21.839,0,3660,0,3991,hard_ground_13
21.84,0,3658,0,3994,hard_ground_13
21.849,0,3739,0,4006,hard_ground_13
21.853,0,3782,0,4008,hard_ground_13
21.86,0,3808,0,4011,hard_ground_13
21.865,0,3814,0,4012,hard_ground_13
21.867,0,3812,0,4007,hard_ground_13
21.874,0,3783,0,4001,hard_ground_13
21.876,0,3766,0,4003,hard_ground_13
21.881,0,3739,0,4006,hard_ground_13
21.888,0,3766,0,4004,hard_ground_13
21.895,0,3785,0,4007,hard_ground_13
21.895,0,3813,0,4003,hard_ground_13
21.902,0,3819,0,4003,hard_ground_13
21.908,0,3810,0,4004,hard_ground_13
21.91,0,3815,0,4002,hard_ground_13
21.915,0,3808,0,4000,hard_ground_13
21.922,0,3804,0,4008,hard_ground_13
21.929,0,3807,0,3993,hard_ground_13
21.935,0,3781,0,3988,hard_ground_13
21.936,0,3748,0,3987,hard_ground_13
21.943,0,3675,0,3994,hard_ground_13
21.95,0,3631,0,3985,hard_ground_13
21.954,0,3637,0,3992,hard_ground_13
21.959,0,3705,0,3988,hard_ground_13
21.964,0,3745,0,3990,hard_ground_13
21.97,0,3786,0,4013,hard_ground_13
21.971,0,3789,0,4016,hard_ground_13
21.979,0,3750,0,4013,hard_ground_13
21.985,0,3681,0,4014,hard_ground_13
21.985,0,3495,0,4005,hard_ground_13
21.992,0,3385,0,4000,hard_ground_13
21.999,0,3512,0,3998,hard_ground_13
22.004,0,3688,0,4008,hard_ground_13
22.006,0,3770,0,4016,hard_ground_13
22.014,0,3851,0,4015,hard_ground_13
22.019,0,3870,0,4023,hard_ground_13
22.024,0,3872,0,4021,hard_ground_13
22.027,0,3867,0,4020,hard_ground_13
22.034,0,3845,0,4018,hard_ground_13
22.04,0,3812,0,4017,hard_ground_13
22.04,0,3793,0,4013,hard_ground_13
22.048,0,3804,0,4008,hard_ground_13
22.054,0,3806,0,4004,hard_ground_13
22.054,0,3813,0,4008,hard_ground_13
22.064,0,3807,0,4016,hard_ground_13
22.068,0,3801,0,4007,hard_ground_13
22.074,0,3771,0,4000,hard_ground_13
22.075,0,3775,0,3999,hard_ground_13
22.082,0,3761,0,3974,hard_ground_13
22.089,0,3735,0,3952,hard_ground_13
22.09,0,3665,0,3962,hard_ground_13
22.096,0,3583,0,3956,hard_ground_13
22.103,0,3458,0,3956,hard_ground_13
22.11,0,3525,0,3967,hard_ground_13
22.114,0,3669,0,3974,hard_ground_13
22.117,0,3762,0,3983,hard_ground_13
22.124,0,3798,0,4012,hard_ground_13
22.125,0,3795,0,4014,hard_ground_13
22.133,0,3749,0,4018,hard_ground_13
22.137,0,3683,0,4008,hard_ground_13
22.144,0,3686,0,4007,hard_ground_13
22.145,0,3795,0,4005,hard_ground_13
22.154,0,3827,0,4019,hard_ground_13
22.158,0,3841,0,4022,hard_ground_13
22.16,0,3848,0,4029,hard_ground_13
22.166,0,3840,0,4029,hard_ground_13
22.173,0,3833,0,4020,hard_ground_13
22.179,0,3813,0,4012,hard_ground_13
22.18,0,3798,0,4006,hard_ground_13
22.186,0,3776,0,4004,hard_ground_13
22.194,0,3760,0,4002,hard_ground_13
22.194,0,3771,0,4009,hard_ground_13
22.203,0,3798,0,4015,hard_ground_13
22.207,0,3825,0,4016,hard_ground_13
22.214,0,3850,0,4020,hard_ground_13
22.219,0,3850,0,4022,hard_ground_13
22.222,0,3843,0,4019,hard_ground_13
22.228,0,3826,0,4009,hard_ground_13
22.23,0,3790,0,4001,hard_ground_13
22.235,0,3765,0,3994,hard_ground_13
22.244,0,3720,0,3993,hard_ground_13
22.249,0,3588,0,3976,hard_ground_13
22.249,0,3484,0,3951,hard_ground_13
22.257,0,3483,0,3940,hard_ground_13
22.262,0,3591,0,3952,hard_ground_13
22.265,0,3678,0,3969,hard_ground_13
22.27,0,3728,0,3984,hard_ground_13
22.276,0,3726,0,3997,hard_ground_13
22.283,0,3698,0,3988,hard_ground_13
22.283,0,3651,0,3978,hard_ground_13
22.294,0,3633,0,3967,hard_ground_13
22.297,0,3649,0,3976,hard_ground_13
22.303,0,3708,0,3999,hard_ground_13
22.305,0,3781,0,4005,hard_ground_13
22.311,0,3826,0,4008,hard_ground_13
22.318,0,3837,0,4015,hard_ground_13
22.321,0,3846,0,4005,hard_ground_13
22.325,0,3847,0,3996,hard_ground_13
22.332,0,3796,0,3994,hard_ground_13
22.339,0,3691,0,3995,hard_ground_13
22.339,0,3607,0,3982,hard_ground_13
22.349,0,3495,0,3976,hard_ground_13
22.353,0,3522,0,3961,hard_ground_13
22.356,0,3530,0,3935,hard_ground_13
22.36,0,3434,0,3928,hard_ground_13
22.367,0,3192,0,3921,hard_ground_13
22.374,0,2726,0,3910,hard_ground_13
22.374,0,2030,0,3880,hard_ground_13
22.381,0,2323,0,3864,hard_ground_13
22.388,0,2706,0,3861,hard_ground_13
22.394,0,2413,0,3882,hard_ground_13
22.395,0,1613,0,3872,hard_ground_13
22.402,0,1109,0,3854,hard_ground_13
22.408,0,0,0,3816,hard_ground_13
22.412,0,1416,0,3804,hard_ground_13
22.415,0,2708,0,3840,hard_ground_13
22.422,0,3178,0,3893,hard_ground_13
22.429,0,2200,0,3895,hard_ground_13
22.43,0,0,0,3741,hard_ground_13
22.436,0,0,0,3381,hard_ground_13
22.443,0,0,0,0,hard_ground_13
22.443,0,0,0,0,hard_ground_13
22.453,0,0,0,0,hard_ground_13
22.457,0,0,0,1841,hard_ground_13
22.459,0,0,0,2235,hard_ground_13
22.467,0,0,0,2301,hard_ground_13
22.471,0,0,0,2120,hard_ground_13
22.478,1409,0,1503,3205,hard_ground_13
22.478,1434,0,1988,3241,hard_ground_13
22.485,1426,0,2316,2908,hard_ground_13
22.492,1430,0,2471,1933,hard_ground_13
22.498,1431,0,2920,0,hard_ground_13
22.499,1505,0,3025,0,hard_ground_13
22.508,1565,0,3174,0,hard_ground_13
22.513,1446,0,3203,0,hard_ground_13
22.514,0,0,3157,0,hard_ground_13
22.519,0,0,3056,1491,hard_ground_13
22.527,0,0,2885,0,hard_ground_13
22.533,0,0,2847,0,hard_ground_13
22.538,0,0,2847,0,hard_ground_13
22.54,0,0,2760,3079,hard_ground_13
22.547,0,0,2867,3137,hard_ground_13
22.554,0,0,3029,3255,hard_ground_13
22.554,0,0,3081,2480,hard_ground_13
22.561,0,0,3074,2664,hard_ground_13
22.568,0,0,2904,3286,hard_ground_13
22.568,0,0,2550,3764,hard_ground_13
22.577,0,1296,2436,3832,hard_ground_13
22.582,0,1606,2070,3891,hard_ground_13
22.585,0,2274,1563,3904,hard_ground_13
22.589,0,2713,0,3916,hard_ground_13
22.596,0,2821,0,3940,hard_ground_13
22.603,0,3153,0,3973,hard_ground_13
22.604,0,3242,0,3993,hard_ground_13
22.61,0,3362,0,4013,hard_ground_13
22.617,0,3594,0,4026,hard_ground_13
22.623,0,3664,0,4022,hard_ground_13
22.624,0,3721,0,4026,hard_ground_13
22.631,0,3743,0,4029,hard_ground_13
22.637,0,3700,0,4026,hard_ground_13
22.64,0,3683,0,4023,hard_ground_13
22.644,0,3621,0,4015,hard_ground_13
22.651,0,3521,0,4007,hard_ground_13
22.655,0,3370,0,3997,hard_ground_13
22.658,0,3312,0,3986,hard_ground_13
22.668,0,3289,0,3988,hard_ground_13
22.672,0,3381,0,3977,hard_ground_13
22.678,0,3508,0,3984,hard_ground_13
22.679,0,3619,0,3997,hard_ground_13
22.686,0,3715,0,4010,hard_ground_13
22.693,0,3772,0,4022,hard_ground_13
22.698,0,3848,0,4018,hard_ground_13
22.702,0,3845,0,4016,hard_ground_13
22.708,0,3863,0,4003,hard_ground_13
22.713,0,3842,0,4012,hard_ground_13
22.716,0,3833,0,4023,hard_ground_13
22.723,0,3832,0,4024,hard_ground_13
22.726,0,3833,0,4019,hard_ground_13
22.729,0,3824,0,3989,hard_ground_13
22.738,0,3814,0,3996,hard_ground_13
22.742,0,3802,0,4002,hard_ground_13
22.745,0,3780,0,4017,hard_ground_13
22.749,0,3776,0,4025,hard_ground_13
22.756,0,3813,0,4025,hard_ground_13
22.762,0,3827,0,4022,hard_ground_13
22.768,0,3835,0,4017,hard_ground_13
22.77,0,3821,0,4031,hard_ground_13
22.776,0,3802,0,4028,hard_ground_13
22.783,0,3813,0,4037,hard_ground_13
22.784,0,3828,0,4034,hard_ground_13
22.79,0,3859,0,4028,hard_ground_13
22.797,0,3860,0,4026,hard_ground_13
22.803,0,3842,0,4025,hard_ground_13
22.804,0,3818,0,4029,hard_ground_13
22.812,0,3781,0,4029,hard_ground_13
22.818,0,3794,0,4033,hard_ground_13
22.819,0,3816,0,4031,hard_ground_13
22.825,0,3844,0,4029,hard_ground_13
22.832,0,3851,0,4037,hard_ground_13
22.833,0,3816,0,4041,hard_ground_13
22.842,0,3783,0,4046,hard_ground_13
22.847,0,3759,0,4044,hard_ground_13
22.853,0,3786,0,4048,hard_ground_13
22.855,0,3802,0,4040,hard_ground_13
22.86,0,3800,0,4035,hard_ground_13
22.867,0,3804,0,4038,hard_ground_13
22.873,0,3805,0,4047,hard_ground_13
22.874,0,3811,0,4044,hard_ground_13
22.88,0,3819,0,4049,hard_ground_13
22.888,0,3832,0,4044,hard_ground_13
22.892,0,3816,0,4043,hard_ground_13
22.895,0,3788,0,4046,hard_ground_13
22.902,0,3758,0,4043,hard_ground_13
22.902,0,3780,0,4043,hard_ground_13
22.909,0,3818,0,4043,hard_ground_13
22.915,0,3816,0,4044,hard_ground_13
22.918,0,3819,0,4049,hard_ground_13
22.926,0,3817,0,4050,hard_ground_13
22.93,0,3795,0,4053,hard_ground_13
22.936,0,3810,0,4050,hard_ground_13
22.943,0,3831,0,4044,hard_ground_13
22.943,0,3827,0,4032,hard_ground_13
22.951,0,3821,0,4030,hard_ground_13
22.957,0,3755,0,4031,hard_ground_13
22.962,0,3663,0,4034,hard_ground_13
22.964,0,3696,0,4035,hard_ground_13
22.971,0,3731,0,4040,hard_ground_13
22.978,0,3813,0,4039,hard_ground_13
22.978,0,3846,0,4038,hard_ground_13
22.985,0,3864,0,4035,hard_ground_13
22.992,0,3850,0,4043,hard_ground_13
22.993,0,3832,0,4047,hard_ground_13
23.002,0,3797,0,4052,hard_ground_13
23.005,0,3810,0,4044,hard_ground_13
23.01,0,3813,0,4043,hard_ground_13
23.013,0,3788,0,4043,hard_ground_13
23.019,0,3765,0,4037,hard_ground_13
23.026,0,3744,0,4038,hard_ground_13
23.032,0,3748,0,4044,hard_ground_13
23.033,0,3821,0,4044,hard_ground_13
23.042,0,3824,0,4054,hard_ground_13
23.048,0,3828,0,4053,hard_ground_13
23.048,0,3838,0,4044,hard_ground_13
23.055,0,3853,0,4047,hard_ground_13
23.061,0,3848,0,4042,hard_ground_13
23.063,0,3837,0,4039,hard_ground_13
23.071,0,3794,0,4050,hard_ground_13
23.075,0,3770,0,4044,hard_ground_13
23.082,0,3782,0,4050,hard_ground_13
23.087,0,3805,0,4049,hard_ground_13
23.089,0,3840,0,4050,hard_ground_13
23.096,0,3860,0,4051,hard_ground_13
23.102,0,3856,0,4046,hard_ground_13
23.103,0,3853,0,4047,hard_ground_13
23.112,0,3808,0,4046,hard_ground_13
23.117,0,3747,0,4047,hard_ground_13
23.117,0,3720,0,4046,hard_ground_13
23.124,0,3731,0,4043,hard_ground_13
23.132,0,3744,0,4039,hard_ground_13
23.132,0,3714,0,4041,hard_ground_13
23.141,0,3670,0,4043,hard_ground_13
23.145,0,3650,0,4043,hard_ground_13
23.152,0,3651,0,4050,hard_ground_13
23.157,0,3680,0,4056,hard_ground_13
23.158,0,3664,0,4050,hard_ground_13
23.165,0,3699,0,4052,hard_ground_13
23.172,0,3773,0,4057,hard_ground_13
23.174,0,3814,0,4051,hard_ground_13
23.179,0,3832,0,4053,hard_ground_13
23.186,0,3833,0,4052,hard_ground_13
23.191,0,3799,0,4055,hard_ground_13
23.193,0,3762,0,4055,hard_ground_13
23.2,0,3778,0,4050,hard_ground_13
23.207,3925,3804,0,4047,hard_ground_13
23.207,0,3820,0,4044,hard_ground_13
23.217,0,3785,0,4033,hard_ground_13
23.221,0,3763,0,4020,hard_ground_13
23.227,0,3456,0,4031,hard_ground_13
23.232,0,385,0,4034,hard_ground_13
23.235,0,3585,0,4025,hard_ground_13
23.242,0,3657,0,4018,hard_ground_13
23.246,0,3729,0,4020,hard_ground_13
23.249,2070,3341,0,4026,hard_ground_13
23.257,0,3302,0,4025,hard_ground_13
23.262,1371,1019,0,4021,hard_ground_13
23.263,0,642,0,4022,hard_ground_13
23.269,0,0,0,4010,hard_ground_13
23.277,0,0,0,4016,hard_ground_13
23.281,0,0,0,4013,hard_ground_13
23.283,0,0,0,4009,hard_ground_13
23.29,0,2503,0,4018,hard_ground_13
23.292,3291,2461,0,4024,hard_ground_13
23.298,3919,0,0,4034,hard_ground_13
23.305,3972,0,0,4043,hard_ground_13
23.311,3976,0,0,4045,hard_ground_13
23.316,3944,0,0,4038,hard_ground_13
23.318,3882,0,0,4031,hard_ground_13
23.325,3863,0,0,4030,hard_ground_13
23.332,3875,0,0,4031,hard_ground_13
23.333,3804,0,0,4031,hard_ground_13
23.339,3539,0,0,4032,hard_ground_13
23.346,0,0,0,4025,hard_ground_13
23.35,0,0,0,4029,hard_ground_13
23.353,0,0,0,4040,hard_ground_13
23.36,0,0,0,4032,hard_ground_13
23.366,0,0,0,4039,hard_ground_13
23.367,0,0,0,4041,hard_ground_13
23.373,0,2229,0,4047,hard_ground_13
23.381,0,3377,0,4045,hard_ground_13
23.386,0,3576,0,4042,hard_ground_13
23.388,0,3576,0,4041,hard_ground_13
23.395,0,3416,0,4040,hard_ground_13
23.401,0,3101,0,4041,hard_ground_13
23.402,0,3183,0,4036,hard_ground_13
23.408,0,3462,0,4037,hard_ground_13
23.415,0,3595,0,4036,hard_ground_13
23.421,0,3664,0,4037,hard_ground_13
23.422,0,3714,0,4035,hard_ground_13
23.429,0,3712,0,4039,hard_ground_13
23.436,0,3720,0,4042,hard_ground_13
23.436,0,3609,0,4035,hard_ground_13
23.446,0,3443,0,4031,hard_ground_13
23.45,0,3061,0,4031,hard_ground_13
23.456,0,2689,0,4022,hard_ground_13
23.457,0,2819,0,4013,hard_ground_13
23.465,0,3167,0,4008,hard_ground_13
23.471,0,3339,0,4001,hard_ground_13
23.472,0,3551,0,4015,hard_ground_13
23.478,0,3669,0,4023,hard_ground_13
23.485,0,3703,0,4027,hard_ground_13
23.491,0,3698,0,4032,hard_ground_13
23.492,0,3688,0,4030,hard_ground_13
23.499,0,3610,0,4029,hard_ground_13
23.505,0,3499,0,4025,hard_ground_13
23.508,0,3540,0,4022,hard_ground_13
23.512,0,3590,0,4022,hard_ground_13
23.52,0,3591,0,4013,hard_ground_13
23.526,0,3560,0,4015,hard_ground_13
23.531,0,3506,0,4014,hard_ground_13
23.533,0,3224,0,4009,hard_ground_13
23.54,0,3230,0,4012,hard_ground_13
23.541,0,3444,0,4009,hard_ground_13
23.551,0,3538,0,4017,hard_ground_13
23.555,0,3554,0,4019,hard_ground_13
23.561,0,3521,0,4028,hard_ground_13
23.561,0,3222,0,4025,hard_ground_13
23.568,0,3195,0,4022,hard_ground_13
23.575,0,3389,0,4019,hard_ground_13
23.581,0,3497,0,4018,hard_ground_13
23.585,0,3539,0,4011,hard_ground_13
23.589,0,3410,0,4011,hard_ground_13
23.596,0,3021,0,4003,hard_ground_13
23.596,0,2578,0,3995,hard_ground_13
23.606,0,202,0,3995,hard_ground_13
23.609,0,0,0,3982,hard_ground_13
23.616,0,0,0,3964,hard_ground_13
23.621,0,0,0,3947,hard_ground_13
23.624,0,0,0,3960,hard_ground_13
23.63,0,0,0,3939,hard_ground_13
23.63,0,0,0,3946,hard_ground_13
23.638,0,0,0,3957,hard_ground_13
23.644,0,0,0,3941,hard_ground_13
23.651,0,1664,0,3922,hard_ground_13
23.652,0,1081,0,3893,hard_ground_13
23.66,0,742,0,3797,hard_ground_13
23.665,0,0,0,3683,hard_ground_13
23.665,0,879,0,3545,hard_ground_13
23.674,0,1597,0,3421,hard_ground_13
23.679,0,1062,0,2686,hard_ground_13
23.685,0,0,0,1942,hard_ground_13
23.69,0,2171,0,3050,hard_ground_13
23.696,0,2867,0,3235,hard_ground_13
23.7,0,2931,0,3375,hard_ground_13
23.702,3209,2009,0,3428,hard_ground_13
23.707,1707,0,0,2991,hard_ground_13
23.714,0,0,0,0,hard_ground_13
23.72,0,0,0,0,hard_ground_13
23.726,0,0,0,0,hard_ground_13
23.728,2814,0,0,0,hard_ground_13
23.735,3298,0,0,0,hard_ground_13
23.735,3133,0,0,0,hard_ground_13
23.745,2771,0,2953,0,hard_ground_13
23.749,3136,0,3246,0,hard_ground_13
23.756,3598,0,3272,0,hard_ground_13
23.761,3788,0,3242,0,hard_ground_13
23.763,3889,0,3355,0,hard_ground_13
23.769,3917,0,3435,0,hard_ground_13
23.776,3911,0,3403,0,hard_ground_13
23.776,3891,0,3198,0,hard_ground_13
23.785,3834,0,2542,0,hard_ground_13
23.79,3605,0,1329,0,hard_ground_13
23.795,2838,0,0,0,hard_ground_13
23.797,0,0,0,0,hard_ground_13
23.804,0,0,2149,0,hard_ground_13
23.81,3148,0,2566,0,hard_ground_13
23.811,3682,0,2627,0,hard_ground_13
23.82,3880,0,3010,0,hard_ground_13
23.825,3933,0,3437,0,hard_ground_13
23.825,3951,0,3515,0,hard_ground_13
23.833,3957,0,3519,0,hard_ground_13
23.838,3970,0,3431,0,hard_ground_13
23.841,3970,0,2671,0,hard_ground_13
23.85,3958,0,2648,0,hard_ground_13
23.853,3901,0,2714,0,hard_ground_13
23.86,3848,0,2982,0,hard_ground_13
23.861,3851,0,3007,0,hard_ground_13
23.867,3895,0,2826,0,hard_ground_13
23.874,3963,0,2566,0,hard_ground_13
23.876,3972,0,2632,0,hard_ground_13
23.881,3955,0,3108,0,hard_ground_13
23.888,3934,0,3485,0,hard_ground_13
23.894,3925,0,3521,0,hard_ground_13
23.896,3902,0,3523,0,hard_ground_13
23.901,3936,0,3169,0,hard_ground_13
23.909,3913,0,2588,0,hard_ground_13
23.915,3765,0,2298,0,hard_ground_13
23.919,3250,0,1778,0,hard_ground_13
23.922,1140,0,1472,0,hard_ground_13
23.929,0,0,1763,0,hard_ground_13
23.935,0,0,1710,0,hard_ground_13
23.94,0,0,2260,0,hard_ground_13
23.943,0,0,2858,0,hard_ground_13
23.95,2699,0,3279,0,hard_ground_13
23.95,3724,0,3521,0,hard_ground_13
23.96,3878,0,3615,0,hard_ground_13
23.964,3918,0,3614,0,hard_ground_13
23.97,3912,0,3512,0,hard_ground_13
23.971,3854,0,3014,0,hard_ground_13
23.979,3314,0,1320,0,hard_ground_13
23.984,0,0,0,0,hard_ground_13
23.986,2954,0,0,0,hard_ground_13
23.992,3706,0,1813,0,hard_ground_13
23.999,3864,0,3257,0,hard_ground_13
24.005,3888,0,3605,0,hard_ground_13
24.006,3903,0,3718,0,hard_ground_13
24.012,3919,0,3740,0,hard_ground_13
24.019,3945,0,3727,0,hard_ground_13
24.025,3997,0,3684,0,hard_ground_13
24.026,3997,0,3497,0,hard_ground_13
24.034,3980,0,3403,0,hard_ground_13
24.039,3920,0,3233,0,hard_ground_13
24.04,3676,0,2952,0,hard_ground_13
24.05,2927,0,2317,0,hard_ground_13
24.054,2516,0,1419,0,hard_ground_13
24.06,3123,0,0,0,hard_ground_13
24.061,3309,0,0,0,hard_ground_13
24.068,3717,0,1303,0,hard_ground_13
24.075,3733,0,2437,0,hard_ground_13
24.076,3674,0,3310,0,hard_ground_13
24.082,3630,0,3414,0,hard_ground_13
24.089,3744,0,3508,0,hard_ground_13
24.095,3826,0,3565,0,hard_ground_13
24.096,3895,0,3558,0,hard_ground_13
24.103,3903,0,3568,0,hard_ground_13
24.11,3895,0,3566,0,hard_ground_13
24.11,3886,0,3546,0,hard_ground_13
24.119,3828,0,3397,0,hard_ground_13
24.123,3726,0,3250,0,hard_ground_13
24.13,3539,0,3056,0,hard_ground_13
24.13,3237,0,3147,0,hard_ground_13
24.137,3609,0,3340,0,hard_ground_13
24.144,3821,0,3427,0,hard_ground_13
24.15,3900,0,3530,0,hard_ground_13
24.151,3924,0,3557,0,hard_ground_13
24.158,3934,0,3579,0,hard_ground_13
24.165,3907,0,3584,0,hard_ground_13
24.17,3889,0,3582,0,hard_ground_13
24.172,3861,0,3547,0,hard_ground_13
24.179,3837,0,3529,0,hard_ground_13
24.18,3828,0,3484,0,hard_ground_13
24.189,3806,0,3394,0,hard_ground_13
24.193,3718,0,3356,0,hard_ground_13
24.197,3616,0,3359,0,hard_ground_13
24.2,3595,0,3387,0,hard_ground_13
24.207,3684,0,3428,0,hard_ground_13
24.214,3816,0,3497,0,hard_ground_13
24.219,3890,0,3537,0,hard_ground_13
24.221,3912,0,3557,0,hard_ground_13
24.228,3930,0,3574,0,hard_ground_13
24.235,3938,0,3589,0,hard_ground_13
24.235,3937,0,3571,0,hard_ground_13
24.242,3928,0,3572,0,hard_ground_13
24.248,3927,0,3571,0,hard_ground_13
24.254,3918,0,3541,0,hard_ground_13
24.259,3889,0,3508,0,hard_ground_13
24.262,3867,0,3497,0,hard_ground_13
24.27,3827,0,3519,0,hard_ground_13
24.27,3823,0,3524,0,hard_ground_13
24.276,3819,0,3575,0,hard_ground_13
24.283,3835,0,3577,0,hard_ground_13
24.289,3876,0,3596,0,hard_ground_13
24.29,3880,0,3603,0,hard_ground_13
24.298,3889,0,3606,0,hard_ground_13
24.304,3880,0,3605,0,hard_ground_13
24.304,3868,0,3584,0,hard_ground_13
24.311,3867,0,3552,0,hard_ground_13
24.318,3887,0,3543,0,hard_ground_13
24.32,3906,0,3511,0,hard_ground_13
24.325,3923,0,3463,0,hard_ground_13
24.333,3929,0,3450,0,hard_ground_13
24.339,3919,0,3459,0,hard_ground_13
24.339,3924,0,3517,0,hard_ground_13
24.347,3939,0,3524,0,hard_ground_13
24.352,3951,0,3553,0,hard_ground_13
24.359,3956,0,3563,0,hard_ground_13
24.362,3949,0,3564,0,hard_ground_13
24.367,3919,0,3555,0,hard_ground_13
24.373,3875,0,3562,0,hard_ground_13
24.379,3824,0,3576,0,hard_ground_13
24.38,3781,0,3580,0,hard_ground_13
24.388,3782,0,3596,0,hard_ground_13
24.394,3799,0,3564,0,hard_ground_13
24.399,3818,0,3567,0,hard_ground_13
24.402,3807,0,3571,0,hard_ground_13
24.409,3815,0,3572,0,hard_ground_13
24.415,3821,0,3583,0,hard_ground_13
24.418,3865,0,3588,0,hard_ground_13
24.423,3891,0,3592,0,hard_ground_13
24.429,3914,0,3597,0,hard_ground_13
24.434,3927,0,3605,0,hard_ground_13
24.436,3941,0,3598,0,hard_ground_13
24.443,3932,0,3573,0,hard_ground_13
24.443,3930,0,3549,0,hard_ground_13
24.451,3938,0,3519,0,hard_ground_13
24.457,3943,0,3522,0,hard_ground_13
24.464,3944,0,3523,0,hard_ground_13
24.468,3944,0,3536,0,hard_ground_13
24.472,3929,0,3535,0,hard_ground_13
24.477,3920,0,3558,0,hard_ground_13
24.484,3920,0,3576,0,hard_ground_13
24.485,3917,0,3608,0,hard_ground_13
24.493,3905,0,3619,0,hard_ground_13
24.498,3888,0,3600,0,hard_ground_13
24.501,3897,0,3566,0,hard_ground_13
24.505,3914,0,3531,0,hard_ground_13
24.513,3909,0,3548,0,hard_ground_13
24.519,3915,0,3543,0,hard_ground_13
24.52,3923,0,3523,0,hard_ground_13
24.529,3935,0,3548,0,hard_ground_13
24.533,3944,0,3555,0,hard_ground_13
24.536,3957,0,3566,0,hard_ground_13
24.54,3958,0,3585,0,hard_ground_13
24.547,3952,0,3597,0,hard_ground_13
24.554,3948,0,3585,0,hard_ground_13
24.554,3920,0,3590,0,hard_ground_13
24.563,3875,0,3542,0,hard_ground_13
24.568,3836,0,3563,0,hard_ground_13
24.57,3808,0,3579,0,hard_ground_13
24.575,3804,0,3574,0,hard_ground_13
24.582,3832,0,3582,0,hard_ground_13
24.589,3874,0,3582,0,hard_ground_13
24.59,3889,0,3594,0,hard_ground_13
24.596,3894,0,3604,0,hard_ground_13
24.602,3899,0,3602,0,hard_ground_13
24.609,3925,0,3598,0,hard_ground_13
24.613,3954,0,3589,0,hard_ground_13
24.617,3964,0,3567,0,hard_ground_13
24.624,3965,0,3555,0,hard_ground_13
24.624,3971,0,3539,0,hard_ground_13
24.633,3965,0,3536,0,hard_ground_13
24.637,3964,0,3529,0,hard_ground_13
24.643,3964,0,3522,0,hard_ground_13
24.648,3961,0,3532,0,hard_ground_13
24.651,3967,0,3537,0,hard_ground_13
24.658,3970,0,3559,0,hard_ground_13
24.663,3937,0,3579,0,hard_ground_13
24.665,3922,0,3566,0,hard_ground_13
24.672,3896,0,3578,0,hard_ground_13
24.672,3891,0,3601,0,hard_ground_13
24.68,3887,0,3645,0,hard_ground_13
24.687,3881,0,3643,0,hard_ground_13
24.693,3871,0,3645,0,hard_ground_13
24.693,3886,0,3622,0,hard_ground_13
24.703,3896,0,3572,0,hard_ground_13
24.707,3893,0,3562,0,hard_ground_13
24.713,3898,0,3560,0,hard_ground_13
24.714,3932,0,3561,0,hard_ground_13
24.723,3950,0,3556,0,hard_ground_13
24.728,3962,0,3559,0,hard_ground_13
24.728,3967,0,3564,0,hard_ground_13
24.736,3965,0,3559,0,hard_ground_13
24.742,3959,0,3559,0,hard_ground_13
24.748,3957,0,3544,0,hard_ground_13
24.749,3946,0,3560,0,hard_ground_13
24.755,3935,0,3549,0,hard_ground_13
24.763,3926,0,3556,0,hard_ground_13
24.764,3917,0,3565,0,hard_ground_13
24.77,3907,0,3572,0,hard_ground_13
24.776,3918,0,3577,0,hard_ground_13
24.783,3933,0,3613,0,hard_ground_13
24.783,3930,0,3631,0,hard_ground_13
24.793,3921,0,3619,0,hard_ground_13
24.797,3931,0,3606,0,hard_ground_13
24.803,3954,0,3563,0,hard_ground_13
24.804,3960,0,3585,0,hard_ground_13
24.811,3968,0,3563,0,hard_ground_13
24.818,3980,0,3545,0,hard_ground_13
24.818,3979,0,3559,0,hard_ground_13
24.825,3987,0,3565,0,hard_ground_13
24.831,3971,0,3561,0,hard_ground_13
24.834,3962,0,3538,0,hard_ground_13
24.843,3951,0,3562,0,hard_ground_13
24.846,3935,0,3563,0,hard_ground_13
24.853,3906,0,3568,0,hard_ground_13
24.853,3889,0,3611,0,hard_ground_13
24.863,3886,0,3623,0,hard_ground_13
24.866,3888,0,3619,0,hard_ground_13
24.87,3907,0,3613,0,hard_ground_13
24.874,3922,0,3622,0,hard_ground_13
24.881,3938,0,3631,0,hard_ground_13
24.887,3941,0,3628,0,hard_ground_13
24.887,3949,0,3621,0,hard_ground_13
24.895,3947,0,3572,0,hard_ground_13
24.901,3948,0,3500,0,hard_ground_13
24.907,3964,0,3472,0,hard_ground_13
24.912,3965,0,3466,0,hard_ground_13
24.915,3966,0,3458,0,hard_ground_13
24.922,3967,0,3456,0,hard_ground_13
24.928,3982,0,3461,0,hard_ground_13
24.929,3983,0,3491,0,hard_ground_13
24.936,3982,0,3526,0,hard_ground_13
24.943,3989,0,3538,0,hard_ground_13
24.945,3985,0,3565,0,hard_ground_13
24.95,3973,0,3577,0,hard_ground_13
24.957,3962,0,3580,0,hard_ground_13
24.963,3951,0,3592,0,hard_ground_13
24.964,3940,0,3600,0,hard_ground_13
24.971,3901,0,3626,0,hard_ground_13
24.977,3878,0,3573,0,hard_ground_13
24.979,3877,0,3562,0,hard_ground_13
24.984,3885,0,3560,0,hard_ground_13
24.991,3881,0,3591,0,hard_ground_13
24.998,3890,0,3597,0,hard_ground_13
24.999,3908,0,3637,0,hard_ground_13
25.005,3933,0,3653,0,hard_ground_13
25.013,3945,0,3661,0,hard_ground_13
25.013,3949,0,3662,0,hard_ground_13
25.019,3946,0,3649,0,hard_ground_13
25.026,3936,0,3518,0,hard_ground_13
25.033,3926,0,3352,0,hard_ground_13
25.038,3908,0,3226,0,hard_ground_13
25.04,3917,0,3431,0,hard_ground_13
25.047,3935,0,3558,0,hard_ground_13
25.048,3962,0,3616,0,hard_ground_13
25.054,3984,0,3667,0,hard_ground_13
25.061,3994,0,3699,0,hard_ground_13
25.068,3994,0,3705,0,hard_ground_13
25.068,3987,0,3722,0,hard_ground_13
25.075,3978,0,3672,0,hard_ground_13
25.082,3976,0,3628,0,hard_ground_13
25.088,3968,0,3582,0,hard_ground_13
25.088,3961,0,3554,0,hard_ground_13
25.096,3945,0,3574,0,hard_ground_13
25.099,3935,0,3581,0,hard_ground_13
25.103,3940,0,3621,0,hard_ground_13
25.111,3948,0,3640,0,hard_ground_13
25.117,3958,0,3675,0,hard_ground_13
25.123,3962,0,3685,0,hard_ground_13
25.123,3970,0,3661,0,hard_ground_13
25.13,3966,0,3564,0,hard_ground_13
25.137,3943,0,3333,0,hard_ground_13
25.138,3916,0,3237,0,hard_ground_13
25.144,3904,0,3251,0,hard_ground_13
25.151,3931,0,3537,0,hard_ground_13
25.157,3964,0,3597,0,hard_ground_13
25.158,3984,0,3691,0,hard_ground_13
25.165,3984,0,3702,0,hard_ground_13
25.172,3976,0,3718,0,hard_ground_13
25.172,3946,0,3668,0,hard_ground_13
25.18,3906,0,3465,0,hard_ground_13
25.186,3882,0,2745,0,hard_ground_13
25.188,3818,0,2089,0,hard_ground_13
25.193,3734,0,2759,0,hard_ground_13
25.2,3775,0,3375,0,hard_ground_13
25.207,3909,0,3634,0,hard_ground_13
25.207,3976,0,3722,0,hard_ground_13
25.215,3994,0,3788,0,hard_ground_13
25.221,4001,0,3798,0,hard_ground_13
25.223,3998,0,3807,0,hard_ground_13
25.228,3991,0,3805,0,hard_ground_13
25.235,3991,0,3789,0,hard_ground_13
25.241,3988,0,3734,0,hard_ground_13
25.243,3989,0,3667,0,hard_ground_13
25.248,3973,0,3598,0,hard_ground_13
25.256,3956,0,3551,0,hard_ground_13
25.262,3949,0,3522,0,hard_ground_13
25.263,3955,0,3529,0,hard_ground_13
25.269,3958,0,3614,0,hard_ground_13
25.276,3971,0,3626,0,hard_ground_13
25.278,3978,0,3570,0,hard_ground_13
25.286,3975,0,3471,0,hard_ground_13
25.29,3969,0,3475,0,hard_ground_13
25.297,3970,0,3492,0,hard_ground_13
25.297,3976,0,3611,0,hard_ground_13
25.304,3998,0,3634,0,hard_ground_13
25.311,4002,0,3688,0,hard_ground_13
25.313,4008,0,3743,0,hard_ground_13
25.321,4001,0,3762,0,hard_ground_13
25.325,3992,0,3737,0,hard_ground_13
25.332,3970,0,3677,0,hard_ground_13
25.332,3957,0,3436,0,hard_ground_13
25.339,3943,0,2824,0,hard_ground_13
25.346,3925,0,2852,0,hard_ground_13
25.352,3920,0,3369,0,hard_ground_13
25.353,3961,0,3562,0,hard_ground_13
25.36,3985,0,3633,0,hard_ground_13
25.366,4005,0,3686,0,hard_ground_13
25.368,4017,0,3739,0,hard_ground_13
25.373,4017,0,3771,0,hard_ground_13
25.381,4014,0,3781,0,hard_ground_13
25.387,4001,0,3732,0,hard_ground_13
25.388,3987,0,3667,0,hard_ground_13
25.394,3977,0,3621,0,hard_ground_13
25.402,3969,0,3593,0,hard_ground_13
25.402,3962,0,3638,0,hard_ground_13
25.41,3978,0,3659,0,hard_ground_13
25.415,3976,0,3688,0,hard_ground_13
25.422,3970,0,3696,0,hard_ground_13
25.427,3972,0,3689,0,hard_ground_13
25.429,3970,0,3629,0,hard_ground_13
25.436,3962,0,3533,0,hard_ground_13
25.436,3935,0,3374,0,hard_ground_13
25.443,3933,0,3394,0,hard_ground_13
25.45,3944,0,3496,0,hard_ground_13
25.457,3957,0,3602,0,hard_ground_13
25.461,3982,0,3659,0,hard_ground_13
25.464,3979,0,3697,0,hard_ground_13
25.47,3986,0,3731,0,hard_ground_13
25.477,3987,0,3728,0,hard_ground_13
25.478,3985,0,3630,0,hard_ground_13
25.485,3997,0,3532,0,hard_ground_13
25.491,3988,0,3327,0,hard_ground_13
25.492,3973,0,3563,0,hard_ground_13
25.498,3962,0,3595,0,hard_ground_13
25.505,3972,0,3703,0,hard_ground_13
25.507,3990,0,3728,0,hard_ground_13
25.512,4008,0,3731,0,hard_ground_13
25.519,4011,0,3737,0,hard_ground_13
25.526,4008,0,3706,0,hard_ground_13
25.526,3998,0,3682,0,hard_ground_13
25.533,3996,0,3574,0,hard_ground_13
25.54,3980,0,3147,0,hard_ground_13
25.542,3934,0,2901,0,hard_ground_13
25.547,3879,0,2808,0,hard_ground_13
25.554,3914,0,2549,0,hard_ground_13
25.561,3889,0,2936,0,hard_ground_13
25.563,3868,0,3402,0,hard_ground_13
25.57,3809,0,3485,0,hard_ground_13
25.575,3759,0,3544,0,hard_ground_13
25.578,3760,0,3485,0,hard_ground_13
25.586,3672,0,2966,0,hard_ground_13
25.589,3124,0,2218,0,hard_ground_13
25.595,0,0,0,0,hard_ground_13
25.597,0,0,0,0,hard_ground_13
25.603,0,0,0,0,hard_ground_13
25.61,0,0,0,0,hard_ground_13
25.616,0,0,0,0,hard_ground_13
25.617,0,0,0,0,hard_ground_13
25.623,0,0,0,0,hard_ground_13
25.632,0,0,0,0,hard_ground_13
25.632,0,0,0,0,hard_ground_13
25.64,0,0,0,0,hard_ground_13
25.644,0,0,0,0,hard_ground_13
25.651,0,0,0,0,hard_ground_13
25.656,0,1451,0,3452,hard_ground_13
25.658,0,2507,0,3710,hard_ground_13
25.665,0,2985,0,3779,hard_ground_13
25.667,0,3183,0,3808,hard_ground_13
25.672,0,3087,0,3807,hard_ground_13
25.679,0,2837,0,3778,hard_ground_13
25.686,0,1523,0,3760,hard_ground_13
25.686,0,0,0,3754,hard_ground_13
25.693,0,0,0,3739,hard_ground_13
25.699,0,0,0,3750,hard_ground_13
25.702,0,0,0,3738,hard_ground_13
25.707,0,0,0,3719,hard_ground_13
25.714,0,2088,0,3672,hard_ground_13
25.721,0,2426,0,3601,hard_ground_13
25.721,0,2802,0,3518,hard_ground_13
25.729,0,2846,0,3384,hard_ground_13
25.734,0,2562,0,3167,hard_ground_13
25.737,0,1203,0,1619,hard_ground_13
25.745,0,0,0,1106,hard_ground_13
25.748,0,0,0,0,hard_ground_13
25.755,0,1172,0,0,hard_ground_13
25.761,0,2689,1151,0,hard_ground_13
25.763,0,2532,2529,0,hard_ground_13
25.769,1937,1996,946,0,hard_ground_13
25.776,2963,1997,856,0,hard_ground_13
25.778,3182,2222,0,0,hard_ground_13
25.783,3269,2033,0,0,hard_ground_13
25.79,3311,0,0,0,hard_ground_13
25.792,3486,0,0,0,hard_ground_13
25.797,3599,1099,0,0,hard_ground_13
25.804,3652,1492,1997,0,hard_ground_13
25.811,3671,1639,2163,0,hard_ground_13
25.811,3663,0,2267,0,hard_ground_13
25.818,3704,0,2434,0,hard_ground_13
25.826,3594,0,2599,0,hard_ground_13
25.826,3653,0,3181,0,hard_ground_13
25.834,3771,0,3260,0,hard_ground_13
25.839,3833,0,3375,0,hard_ground_13
25.846,3848,0,3496,0,hard_ground_13
25.85,3828,0,3418,0,hard_ground_13
25.853,3822,0,3420,0,hard_ground_13
25.859,3763,0,3351,0,hard_ground_13
25.864,3771,0,3296,0,hard_ground_13
25.866,3714,0,3346,0,hard_ground_13
25.875,3721,0,3663,0,hard_ground_13
25.88,3725,0,3732,0,hard_ground_13
25.883,3821,0,3822,0,hard_ground_13
25.887,3897,0,3866,0,hard_ground_13
25.894,3935,0,3875,0,hard_ground_13
25.901,3944,0,3881,0,hard_ground_13
25.901,3975,0,3888,0,hard_ground_13
25.908,3973,0,3879,0,hard_ground_13
25.915,3957,0,3881,0,hard_ground_13
25.915,3932,0,3869,0,hard_ground_13
25.924,3872,0,3874,0,hard_ground_13
25.929,3845,0,3851,0,hard_ground_13
25.931,3843,0,3815,0,hard_ground_13
25.939,3874,0,3815,0,hard_ground_13
25.943,3889,0,3814,0,hard_ground_13
25.949,3880,0,3844,0,hard_ground_13
25.956,3905,0,3877,0,hard_ground_13
25.957,3950,0,3883,0,hard_ground_13
25.964,3974,0,3896,0,hard_ground_13
25.97,3993,0,3922,0,hard_ground_13
25.971,4004,0,3944,0,hard_ground_13
25.977,4011,0,3937,0,hard_ground_13
25.984,4013,0,3949,0,hard_ground_13
25.991,4012,0,3935,0,hard_ground_13
25.991,4009,0,3924,0,hard_ground_13
25.998,4011,0,3909,0,hard_ground_13
26.006,4010,0,3895,0,hard_ground_13
26.006,4002,0,3873,0,hard_ground_13
26.014,3990,0,3862,0,hard_ground_13
26.019,3985,0,3853,0,hard_ground_13
26.022,3979,0,3832,0,hard_ground_13
26.026,3986,0,3844,0,hard_ground_13
26.033,3997,0,3870,0,hard_ground_13
26.04,4011,0,3882,0,hard_ground_13
26.041,4018,0,3909,0,hard_ground_13
26.047,4027,0,3933,0,hard_ground_13
26.054,4031,0,3937,0,hard_ground_13
26.06,4034,0,3936,0,hard_ground_13
26.064,4029,0,3937,0,hard_ground_13
26.07,4028,0,3913,0,hard_ground_13
26.075,4019,0,3901,0,hard_ground_13
26.079,4012,0,3882,0,hard_ground_13
26.085,4008,0,3884,0,hard_ground_13
26.09,4009,0,3864,0,hard_ground_13
26.09,4015,0,3866,0,hard_ground_13
26.098,4016,0,3886,0,hard_ground_13
26.103,4023,0,3891,0,hard_ground_13
26.11,4030,0,3895,0,hard_ground_13
26.114,4032,0,3906,0,hard_ground_13
26.116,4032,0,3909,0,hard_ground_13
26.123,4035,0,3925,0,hard_ground_13
26.13,4031,0,3921,0,hard_ground_13
26.131,4033,0,3934,0,hard_ground_13
26.139,4035,0,3934,0,hard_ground_13
26.144,4037,0,3940,0,hard_ground_13
26.147,4036,0,3933,0,hard_ground_13
26.151,4034,0,3926,0,hard_ground_13
26.158,4026,0,3910,0,hard_ground_13
26.165,4023,0,3890,0,hard_ground_13
26.166,4023,0,3900,0,hard_ground_13
26.172,4020,0,3896,0,hard_ground_13
26.179,4020,0,3906,0,hard_ground_13
26.185,4018,0,3905,0,hard_ground_13
26.186,4021,0,3903,0,hard_ground_13
26.193,4023,0,3910,0,hard_ground_13
26.199,4024,0,3907,0,hard_ground_13
26.201,4027,0,3920,0,hard_ground_13
26.207,4031,0,3922,0,hard_ground_13
26.214,4034,0,3925,0,hard_ground_13
26.216,4035,0,3912,0,hard_ground_13
26.221,4032,0,3914,0,hard_ground_13
26.228,4028,0,3905,0,hard_ground_13
26.235,4024,0,3886,0,hard_ground_13
26.235,4023,0,3898,0,hard_ground_13
26.241,4020,0,3904,0,hard_ground_13
26.248,4024,0,3905,0,hard_ground_13
26.251,4026,0,3912,0,hard_ground_13
26.255,4026,0,3920,0,hard_ground_13
26.264,4029,0,3918,0,hard_ground_13
26.269,4021,0,3892,0,hard_ground_13
26.269,4023,0,3876,0,hard_ground_13
26.277,4030,0,3804,0,hard_ground_13
26.283,4020,0,3784,0,hard_ground_13
26.29,3999,0,3795,0,hard_ground_13
26.294,3999,0,3720,0,hard_ground_13
26.297,3990,0,3651,0,hard_ground_13
26.304,4005,0,3457,0,hard_ground_13
26.31,4007,0,3526,0,hard_ground_13
26.311,4010,0,3752,0,hard_ground_13
26.318,4022,0,3824,0,hard_ground_13
26.325,4028,0,3891,0,hard_ground_13
26.326,4033,0,3903,0,hard_ground_13
26.332,4035,0,3884,0,hard_ground_13
26.338,4035,0,3835,0,hard_ground_13
26.34,4036,0,3765,0,hard_ground_13
26.345,4031,0,3732,0,hard_ground_13
26.352,4025,0,3781,0,hard_ground_13
26.359,4022,0,3762,0,hard_ground_13
26.364,4014,0,3575,0,hard_ground_13
26.366,4001,0,1950,0,hard_ground_13
26.373,3978,0,0,0,hard_ground_13
26.375,3971,0,0,0,hard_ground_13
26.38,3986,0,2829,0,hard_ground_13
26.387,3998,0,3426,0,hard_ground_13
26.394,4026,0,3605,3848,hard_ground_13
26.395,4027,0,3684,3891,hard_ground_13
26.401,4037,0,3650,3415,hard_ground_13
26.408,4042,0,3630,0,hard_ground_13
26.415,4041,0,3604,0,hard_ground_13
26.415,4035,0,3556,0,hard_ground_13
26.422,4028,0,3516,0,hard_ground_13
26.429,4025,0,3595,0,hard_ground_13
26.429,4025,0,3587,0,hard_ground_13
26.437,4024,0,3575,0,hard_ground_13
26.443,4022,0,3497,0,hard_ground_13
26.445,4022,0,3420,0,hard_ground_13
26.45,4009,0,3315,0,hard_ground_13
26.458,4013,0,3125,0,hard_ground_13
26.464,4015,0,3413,0,hard_ground_13
26.465,4025,0,3527,0,hard_ground_13
26.47,4028,0,3574,2921,hard_ground_13
26.477,4031,0,3497,2972,hard_ground_13
26.484,4028,0,3283,444,hard_ground_13
26.484,4016,0,3125,0,hard_ground_13
26.491,4008,0,2900,0,hard_ground_13
26.498,4003,0,2757,2618,hard_ground_13
26.504,4000,0,2682,3653,hard_ground_13
26.509,3998,0,2629,3790,hard_ground_13
26.512,3993,0,2240,3853,hard_ground_13
26.519,4002,0,2103,3794,hard_ground_13
26.524,4004,0,1652,3751,hard_ground_13
26.526,4009,0,1690,3853,hard_ground_13
26.533,4006,0,2402,3871,hard_ground_13
26.539,4009,0,2737,3800,hard_ground_13
26.541,4003,0,3023,3487,hard_ground_13
26.547,4004,0,3116,3033,hard_ground_13
26.554,4011,0,3150,0,hard_ground_13
26.555,4014,0,3276,0,hard_ground_13
26.561,4018,0,3405,0,hard_ground_13
26.568,4023,0,3531,0,hard_ground_13
26.574,4022,0,3610,0,hard_ground_13
26.575,4025,0,3624,2749,hard_ground_13
26.582,4028,0,3610,2625,hard_ground_13
26.588,4019,0,3602,0,hard_ground_13
26.59,4020,0,3580,0,hard_ground_13
26.599,4017,0,3515,0,hard_ground_13
26.603,4013,0,3536,0,hard_ground_13
26.608,4017,0,3619,0,hard_ground_13
26.61,4016,0,3702,0,hard_ground_13
26.619,4017,0,3734,0,hard_ground_13
26.623,4018,0,3712,0,hard_ground_13
26.629,4022,0,3650,0,hard_ground_13
26.633,4018,0,3594,0,hard_ground_13
26.638,4012,0,3463,0,hard_ground_13
26.641,4012,0,3342,0,hard_ground_13
26.649,4003,0,3474,0,hard_ground_13
26.651,3999,0,3521,0,hard_ground_13
26.657,4003,0,3553,0,hard_ground_13
26.664,3998,0,3555,0,hard_ground_13
26.665,4011,0,3567,0,hard_ground_13
26.672,4020,0,3569,0,hard_ground_13
26.679,4015,0,3559,0,hard_ground_13
26.684,4022,0,3523,0,hard_ground_13
26.686,4020,0,3479,0,hard_ground_13
26.694,4020,0,3441,0,hard_ground_13
26.698,4027,0,3475,0,hard_ground_13
26.7,4020,0,3519,0,hard_ground_13
26.709,4023,0,3491,0,hard_ground_13
26.714,4020,0,3389,0,hard_ground_13
26.718,4020,0,3330,0,hard_ground_13
26.724,4026,0,3272,0,hard_ground_13
26.728,4027,0,3402,0,hard_ground_13
26.734,4034,0,3565,0,hard_ground_13
26.738,4033,0,3620,0,hard_ground_13
26.741,4034,0,3642,0,hard_ground_13
26.749,4036,0,3595,0,hard_ground_13
26.749,4034,0,3373,0,hard_ground_13
26.757,4028,0,3237,0,hard_ground_13
26.762,4027,0,3384,0,hard_ground_13
26.768,4021,0,3513,0,hard_ground_13
26.77,4018,0,3471,0,hard_ground_13
26.776,4015,0,3368,3097,hard_ground_13
26.783,4006,0,3086,2688,hard_ground_13
26.788,4002,0,1689,0,hard_ground_13
26.79,3985,0,0,0,hard_ground_13
26.797,3946,0,0,0,hard_ground_13
26.797,3868,0,1779,0,hard_ground_13
26.804,3833,0,2668,0,hard_ground_13
26.811,3863,0,3132,3727,hard_ground_13
26.818,3922,0,3255,3726,hard_ground_13
26.824,3952,0,3269,3695,hard_ground_13
26.825,3925,0,3187,3665,hard_ground_13
26.832,3833,0,3078,3616,hard_ground_13
26.839,3639,0,2757,3590,hard_ground_13
26.839,3133,0,2434,3540,hard_ground_13
26.848,1937,0,1864,3413,hard_ground_13
26.853,1954,0,1721,3470,hard_ground_13
26.856,211,0,1877,3598,hard_ground_13
26.864,0,0,2526,3706,hard_ground_13
26.867,0,0,2988,3785,hard_ground_13
26.874,0,0,3100,3851,hard_ground_13
26.874,0,0,3259,3903,hard_ground_13
26.881,0,0,3294,3917,hard_ground_13
26.887,0,0,3014,3924,hard_ground_13
26.889,0,0,1731,3914,hard_ground_13
26.894,0,0,0,3890,hard_ground_13
26.901,0,0,0,3861,hard_ground_13
26.908,0,0,0,3913,hard_ground_13
26.909,0,0,0,3927,hard_ground_13
26.915,0,0,1664,3944,hard_ground_13
26.922,0,2359,1659,3944,hard_ground_13
26.928,0,2751,0,3940,hard_ground_13
26.929,0,2968,0,3927,hard_ground_13
26.936,0,2661,0,3910,hard_ground_13
26.943,0,2378,0,3891,hard_ground_13
26.943,0,2324,0,3866,hard_ground_13
26.951,0,2457,0,3867,hard_ground_13
26.957,0,2888,0,3882,hard_ground_13
26.96,0,3170,0,3892,hard_ground_13
26.965,0,3296,0,3902,hard_ground_13
26.972,0,3360,0,3912,hard_ground_13
26.977,0,3267,0,3905,hard_ground_13
26.983,0,3186,0,3902,hard_ground_13
26.984,0,3229,0,3856,hard_ground_13
26.991,0,3336,0,3821,hard_ground_13
26.998,0,3519,0,3777,hard_ground_13
26.998,0,3550,0,3848,hard_ground_13
27.005,0,3569,0,3910,hard_ground_13
27.012,0,3593,0,3936,hard_ground_13
27.014,0,3602,0,3941,hard_ground_13
27.022,0,3598,0,3932,hard_ground_13
27.026,0,3591,0,3936,hard_ground_13
27.033,0,3622,0,3952,hard_ground_13
27.034,0,3622,0,3945,hard_ground_13
27.043,0,3614,0,3939,hard_ground_13
27.047,0,3607,0,3933,hard_ground_13
27.053,0,3585,0,3936,hard_ground_13
27.057,0,3482,0,3931,hard_ground_13
27.061,0,3422,0,3965,hard_ground_13
27.068,0,3338,0,3983,hard_ground_13
27.068,0,3396,0,3976,hard_ground_13
27.075,0,3457,0,3954,hard_ground_13
27.081,0,3530,0,3934,hard_ground_13
27.088,0,3577,0,3884,hard_ground_13
27.089,0,3537,0,3850,hard_ground_13
27.095,0,3418,0,3850,hard_ground_13
27.102,0,3334,0,3842,hard_ground_13
27.103,0,3272,0,3853,hard_ground_13
27.109,0,3336,0,3838,hard_ground_13
27.118,0,3421,0,3848,hard_ground_13
27.123,0,3485,0,3887,hard_ground_13
27.125,0,3449,0,3902,hard_ground_13
27.13,0,3412,0,3921,hard_ground_13
27.137,0,3419,0,3942,hard_ground_13
27.142,0,3365,0,3943,hard_ground_13
27.144,0,3498,0,3936,hard_ground_13
27.151,0,3529,0,3930,hard_ground_13
27.158,0,3485,0,3949,hard_ground_13
27.163,0,3453,0,3948,hard_ground_13
27.166,0,3403,0,3943,hard_ground_13
27.172,0,3316,0,3955,hard_ground_13
27.178,0,3316,0,3957,hard_ground_13
27.178,0,3525,1431,3974,hard_ground_13
27.186,0,3643,1445,3991,hard_ground_13
27.193,0,3683,0,3990,hard_ground_13
27.193,0,3706,0,3994,hard_ground_13
27.203,0,3662,0,3988,hard_ground_13
27.206,0,3426,0,3963,hard_ground_13
27.212,0,1734,0,3943,hard_ground_13
27.214,0,1051,0,3940,hard_ground_13
27.22,0,2688,0,3933,hard_ground_13
27.227,0,3513,0,3909,hard_ground_13
27.229,0,3676,0,3899,hard_ground_13
27.234,0,3736,0,3930,hard_ground_13
27.241,0,3725,0,3944,hard_ground_13
27.247,0,3699,0,3961,hard_ground_13
27.248,0,3594,0,3971,hard_ground_13
27.255,0,3520,0,3968,hard_ground_13
27.262,0,3475,0,3955,hard_ground_13
27.266,0,3462,0,3909,hard_ground_13
27.269,0,3371,0,3876,hard_ground_13
27.276,0,3457,0,3882,hard_ground_13
27.283,0,3609,0,3898,hard_ground_13
27.286,0,3662,0,3937,hard_ground_13
27.29,0,3713,0,3945,hard_ground_13
27.297,0,3730,0,3946,hard_ground_13
27.297,0,3705,0,3958,hard_ground_13
27.307,0,3678,0,3957,hard_ground_13
27.312,0,3687,0,3949,hard_ground_13
27.317,0,3679,0,3954,hard_ground_13
27.32,0,3703,0,3957,hard_ground_13
27.325,0,3748,0,3960,hard_ground_13
27.332,0,3774,0,3977,hard_ground_13
27.338,0,3789,0,3974,hard_ground_13
27.338,0,3787,0,3974,hard_ground_13
27.345,0,3757,0,3972,hard_ground_13
27.353,0,3706,0,3957,hard_ground_13
27.353,0,3608,0,3955,hard_ground_13
27.361,0,3632,0,3959,hard_ground_13
27.366,0,3683,0,3957,hard_ground_13
27.372,0,3724,0,3979,hard_ground_13
27.373,0,3759,0,3978,hard_ground_13
27.38,0,3783,0,3983,hard_ground_13
27.387,0,3794,0,3984,hard_ground_13
27.392,0,3777,0,3982,hard_ground_13
27.394,0,3726,0,3972,hard_ground_13
27.402,0,3666,0,3970,hard_ground_13
27.407,0,3585,0,3961,hard_ground_13
27.408,0,3502,0,3956,hard_ground_13
27.417,0,3501,0,3956,hard_ground_13
27.421,0,3566,0,3965,hard_ground_13
27.423,0,3645,0,3971,hard_ground_13
27.429,0,3712,0,3982,hard_ground_13
27.436,0,3762,0,3993,hard_ground_13
27.442,0,3785,0,3992,hard_ground_13
27.443,0,3788,0,3995,hard_ground_13
27.45,0,3786,0,3997,hard_ground_13
27.456,0,3748,0,3994,hard_ground_13
27.462,0,3726,0,3985,hard_ground_13
27.466,0,3685,0,3978,hard_ground_13
27.47,0,3647,0,3968,hard_ground_13
27.477,0,3647,0,3969,hard_ground_13
27.478,0,3664,0,3968,hard_ground_13
27.484,0,3706,0,3974,hard_ground_13
27.491,0,3743,0,3980,hard_ground_13
27.496,0,3761,0,3987,hard_ground_13
27.499,0,3762,0,3986,hard_ground_13
27.505,0,3770,0,3991,hard_ground_13
27.512,0,3762,0,3988,hard_ground_13
27.512,0,3759,0,3991,hard_ground_13
27.522,0,3755,0,3995,hard_ground_13
27.526,0,3759,0,3983,hard_ground_13
27.531,0,3755,0,3985,hard_ground_13
27.537,0,3753,0,3976,hard_ground_13
27.54,0,3769,0,3977,hard_ground_13
27.547,0,3766,0,3970,hard_ground_13
27.547,0,3764,0,3971,hard_ground_13
27.554,0,3772,0,3964,hard_ground_13
27.56,0,3754,0,3980,hard_ground_13
27.567,0,3744,0,3977,hard_ground_13
27.568,0,3743,0,3979,hard_ground_13
27.575,0,3729,0,3984,hard_ground_13
27.582,0,3716,0,3988,hard_ground_13
27.582,0,3703,0,3990,hard_ground_13
27.59,0,3657,0,3990,hard_ground_13
27.595,0,3594,0,3995,hard_ground_13
27.601,0,3592,0,3992,hard_ground_13
27.603,0,3629,0,3985,hard_ground_13
27.609,0,3680,0,3990,hard_ground_13
27.616,0,3737,0,3998,hard_ground_13
27.622,0,3785,0,3997,hard_ground_13
27.623,0,3799,0,3998,hard_ground_13
27.63,0,3810,0,3998,hard_ground_13
27.636,0,3793,0,3991,hard_ground_13
27.637,0,3761,0,3980,hard_ground_13
27.646,0,3677,0,3971,hard_ground_13
27.651,0,3634,0,3948,hard_ground_13
27.657,0,3646,0,3947,hard_ground_13
27.658,0,3706,0,3947,hard_ground_13
27.665,0,3759,0,3958,hard_ground_13
27.671,0,3800,0,3975,hard_ground_13
27.672,0,3811,0,3981,hard_ground_13
27.679,0,3809,0,3988,hard_ground_13
27.686,0,3797,0,3990,hard_ground_13
27.692,0,3773,0,3996,hard_ground_13
27.693,0,3715,0,3988,hard_ground_13
27.7,0,3629,0,3983,hard_ground_13
27.706,0,3602,0,3986,hard_ground_13
27.712,0,3649,0,3982,hard_ground_13
27.713,0,3722,0,3992,hard_ground_13
27.721,0,3765,0,3996,hard_ground_13
27.726,0,3783,0,4000,hard_ground_13
27.732,0,3802,0,4004,hard_ground_13
27.736,0,3782,0,3998,hard_ground_13
27.74,0,3752,0,3992,hard_ground_13
27.744,0,3719,0,3989,hard_ground_13
27.749,0,3698,0,3980,hard_ground_13
27.756,0,3712,0,3979,hard_ground_13
27.761,0,3711,0,3988,hard_ground_13
27.766,0,3731,0,3988,hard_ground_13
27.769,0,3751,0,3990,hard_ground_13
27.776,0,3753,0,3989,hard_ground_13
27.776,0,3750,0,3993,hard_ground_13
27.783,0,3745,0,3992,hard_ground_13
27.789,0,3737,0,3985,hard_ground_13
27.796,0,3707,0,3986,hard_ground_13
27.801,0,3708,0,3983,hard_ground_13
27.804,0,3708,0,3988,hard_ground_13
27.81,0,3742,0,3993,hard_ground_13
27.812,0,3777,0,3991,hard_ground_13
27.818,0,3813,0,3996,hard_ground_13
27.826,0,3818,0,3999,hard_ground_13
27.831,0,3820,0,3988,hard_ground_13
27.836,0,3803,0,3988,hard_ground_13
27.838,0,3777,0,3988,hard_ground_13
27.845,0,3696,0,3980,hard_ground_13
27.845,0,3649,0,3969,hard_ground_13
27.852,0,3608,0,3966,hard_ground_13
27.859,0,3634,0,3974,hard_ground_13
27.866,0,3689,0,3987,hard_ground_13
27.87,0,3727,0,3999,hard_ground_13
27.873,0,3766,0,3994,hard_ground_13
27.88,0,3793,0,4000,hard_ground_13
27.88,0,3773,0,4002,hard_ground_13
27.887,0,3757,0,3998,hard_ground_13
27.894,0,3744,0,3995,hard_ground_13
27.901,0,3745,0,3997,hard_ground_13
27.905,0,3767,0,4002,hard_ground_13
27.908,0,3792,0,3996,hard_ground_13
27.915,0,3802,0,3998,hard_ground_13
27.915,0,3789,0,3994,hard_ground_13
27.923,0,3771,0,3986,hard_ground_13
27.929,0,3738,0,3979,hard_ground_13
27.936,0,3714,0,3970,hard_ground_13
27.936,0,3716,0,3974,hard_ground_13
27.943,0,3733,0,3981,hard_ground_13
27.949,0,3758,0,3987,hard_ground_13
27.956,0,3779,0,3992,hard_ground_13
27.961,0,3778,0,4003,hard_ground_13
27.963,0,3751,0,4004,hard_ground_13
27.97,0,3691,0,4002,hard_ground_13
27.976,0,3654,0,3989,hard_ground_13
27.977,0,3645,0,3984,hard_ground_13
27.984,0,3673,0,3997,hard_ground_13
27.991,0,3765,0,4000,hard_ground_13
27.992,0,3802,0,4005,hard_ground_13
27.998,0,3826,0,4012,hard_ground_13
28.005,0,3828,0,3998,hard_ground_13
28.01,0,3808,0,3996,hard_ground_13
28.012,0,3791,0,3986,hard_ground_13
28.019,0,3720,0,3976,hard_ground_13
28.026,0,3679,0,3956,hard_ground_13
28.026,0,3652,0,3945,hard_ground_13
28.035,0,3641,0,3955,hard_ground_13
28.04,0,3706,0,3955,hard_ground_13
28.043,0,3771,0,3986,hard_ground_13
28.047,0,3794,0,3995,hard_ground_13
28.054,0,3817,0,3998,hard_ground_13
28.06,0,3808,0,4004,hard_ground_13
28.066,0,3810,0,4008,hard_ground_13
28.068,0,3794,0,4007,hard_ground_13
28.074,0,3758,0,4006,hard_ground_13
28.081,0,3693,0,4001,hard_ground_13
28.082,0,3580,0,4000,hard_ground_13
28.088,0,3536,0,3995,hard_ground_13
28.095,0,3535,0,3996,hard_ground_13
28.096,0,3589,0,3997,hard_ground_13
28.102,0,3663,0,3999,hard_ground_13
28.109,0,3713,0,4000,hard_ground_13
28.109,0,3745,0,4003,hard_ground_13
28.117,0,3766,0,4004,hard_ground_13
28.123,0,3775,0,4007,hard_ground_13
28.13,0,3779,0,4004,hard_ground_13
28.135,0,3773,0,4006,hard_ground_13
28.137,0,3774,0,4001,hard_ground_13
28.144,0,3773,0,3993,hard_ground_13
28.15,0,3758,0,3993,hard_ground_13
28.151,0,3762,0,3979,hard_ground_13
28.161,0,3778,0,3974,hard_ground_13
28.165,0,3787,0,3976,hard_ground_13
28.167,0,3786,0,3979,hard_ground_13
28.175,0,3781,0,3966,hard_ground_13
28.179,0,3775,0,3975,hard_ground_13
28.186,0,3764,0,3973,hard_ground_13
28.186,0,3763,0,3983,hard_ground_13
28.193,0,3777,0,3987,hard_ground_13
28.199,0,3785,0,3998,hard_ground_13
28.205,0,3780,0,4001,hard_ground_13
28.206,0,3761,0,3996,hard_ground_13
28.213,0,3668,0,3994,hard_ground_13
28.22,0,3592,0,3989,hard_ground_13
28.225,0,3567,0,3988,hard_ground_13
28.227,0,3610,0,3987,hard_ground_13
28.234,0,3636,0,3988,hard_ground_13
28.24,0,3680,0,3994,hard_ground_13
28.241,0,3736,0,3995,hard_ground_13
28.248,0,3757,0,3999,hard_ground_13
28.255,0,3768,0,3998,hard_ground_13
28.255,0,3766,0,3996,hard_ground_13
28.265,0,3774,0,3993,hard_ground_13
28.269,0,3774,0,3989,hard_ground_13
28.275,0,3776,0,3991,hard_ground_13
28.276,0,3785,0,3993,hard_ground_13
28.283,0,3805,0,3998,hard_ground_13
28.289,0,3823,0,4003,hard_ground_13
28.291,0,3834,0,4000,hard_ground_13
28.297,0,3831,0,3998,hard_ground_13
28.305,0,3813,0,3993,hard_ground_13
28.31,0,3815,0,3985,hard_ground_13
28.311,0,3803,0,3983,hard_ground_13
28.317,0,3786,0,3989,hard_ground_13
28.324,0,3754,0,3989,hard_ground_13
28.326,0,3710,0,3982,hard_ground_13
28.335,0,3662,0,3968,hard_ground_13
28.338,0,3644,0,3977,hard_ground_13
28.345,0,3698,0,3987,hard_ground_13
28.347,0,3735,0,3994,hard_ground_13
28.352,0,3766,0,4004,hard_ground_13
28.359,0,3757,0,4001,hard_ground_13
28.365,0,3705,0,3996,hard_ground_13
28.368,0,3565,0,3993,hard_ground_13
28.373,0,3457,0,3987,hard_ground_13
28.38,0,3512,0,3995,hard_ground_13
28.385,0,3667,0,3998,hard_ground_13
28.387,0,3767,0,4008,hard_ground_13
28.394,0,3815,0,4014,hard_ground_13
28.4,0,3831,0,4014,hard_ground_13
28.401,0,3842,0,4018,hard_ground_13
28.408,0,3819,0,4016,hard_ground_13
28.414,0,3797,0,4013,hard_ground_13
28.416,0,3774,0,4004,hard_ground_13
28.422,0,3765,0,4002,hard_ground_13
28.428,0,3773,0,4000,hard_ground_13
28.435,0,3773,0,4001,hard_ground_13
28.435,0,3767,0,4004,hard_ground_13
28.444,0,3757,0,4003,hard_ground_13
28.449,0,3750,0,3998,hard_ground_13
28.455,0,3746,0,3996,hard_ground_13
28.456,0,3751,0,3995,hard_ground_13
28.464,0,3765,0,3996,hard_ground_13
28.47,0,3764,0,3993,hard_ground_13
28.471,0,3725,0,3992,hard_ground_13
28.477,0,3638,0,3986,hard_ground_13
28.484,0,3515,0,3965,hard_ground_13
28.489,0,3459,0,3954,hard_ground_13
28.491,0,3557,0,3953,hard_ground_13
28.498,0,3672,0,3974,hard_ground_13
28.504,0,3769,0,3997,hard_ground_13
28.505,0,3797,0,4011,hard_ground_13
28.514,0,3792,0,4011,hard_ground_13
28.519,0,3766,0,4013,hard_ground_13
28.525,0,3781,0,4003,hard_ground_13
28.525,0,3779,0,4012,hard_ground_13
28.533,0,3783,0,4014,hard_ground_13
28.539,0,3797,0,4019,hard_ground_13
28.545,0,3797,0,4022,hard_ground_13
28.547,0,3797,0,4021,hard_ground_13
28.554,0,3780,0,4013,hard_ground_13
28.56,0,3738,0,4006,hard_ground_13
28.56,0,3723,0,3997,hard_ground_13
28.568,0,3713,0,3997,hard_ground_13
28.574,0,3693,0,3997,hard_ground_13
28.574,0,3716,0,4001,hard_ground_13
28.584,0,3737,0,4002,hard_ground_13
28.588,0,3771,0,4008,hard_ground_13
28.594,0,3789,0,4016,hard_ground_13
28.595,0,3807,0,4015,hard_ground_13
28.602,0,3817,0,4017,hard_ground_13
28.609,0,3806,0,4014,hard_ground_13
28.609,0,3791,0,4005,hard_ground_13
28.616,0,3785,0,4005,hard_ground_13
28.623,0,3761,0,3994,hard_ground_13
28.629,0,3687,0,3975,hard_ground_13
28.634,0,3561,0,3950,hard_ground_13
28.637,0,3461,0,3945,hard_ground_13
28.644,0,3499,0,3959,hard_ground_13
28.644,0,3622,0,3968,hard_ground_13
28.652,0,3723,0,3987,hard_ground_13
28.658,0,3770,0,3994,hard_ground_13
28.66,0,3755,0,3984,hard_ground_13
28.668,0,3701,0,3983,hard_ground_13
28.672,0,3595,0,3984,hard_ground_13
28.679,0,3611,0,3984,hard_ground_13
28.679,0,3703,0,4002,hard_ground_13
28.686,0,3786,0,4011,hard_ground_13
28.692,0,3837,0,4014,hard_ground_13
28.699,0,3862,0,4011,hard_ground_13
28.699,0,3855,0,4003,hard_ground_13
28.706,0,3805,0,3995,hard_ground_13
28.713,0,3745,0,3992,hard_ground_13
28.715,0,3718,0,3983,hard_ground_13
28.72,0,3704,0,3942,hard_ground_13
28.727,0,3698,0,3921,hard_ground_13
28.734,0,3713,0,3928,hard_ground_13
28.734,0,3719,0,3963,hard_ground_13
28.741,0,3722,0,3978,hard_ground_13
28.748,0,3727,0,3993,hard_ground_13
28.754,0,3708,0,3989,hard_ground_13
28.755,0,3673,0,3978,hard_ground_13
28.762,0,3586,0,3958,hard_ground_13
28.769,0,3347,0,3925,hard_ground_13
28.769,0,2947,0,3920,hard_ground_13
28.779,0,2353,0,3887,hard_ground_13
28.782,0,1906,0,3812,hard_ground_13
28.789,0,2173,0,3793,hard_ground_13
28.789,0,2255,0,3806,hard_ground_13
28.797,0,3012,0,3909,hard_ground_13
28.803,0,3326,0,3921,hard_ground_13
28.809,0,3128,0,3953,hard_ground_13
28.81,0,2678,0,3906,hard_ground_13
28.817,0,238,0,3795,hard_ground_13
28.824,0,0,0,3169,hard_ground_13
28.825,0,0,0,3073,hard_ground_13
28.831,0,0,1351,3603,hard_ground_13
28.838,0,0,1371,3516,hard_ground_13
28.839,0,0,1105,3592,hard_ground_13
28.848,0,0,1076,3541,hard_ground_13
28.853,0,0,1248,3324,hard_ground_13
28.859,0,0,2635,3054,hard_ground_13
28.864,0,0,2928,3401,hard_ground_13
28.868,0,0,3239,3643,hard_ground_13
28.877,0,0,3283,3693,hard_ground_13
28.877,0,0,3286,3593,hard_ground_13
28.88,0,0,3243,1770,hard_ground_13
28.888,0,0,3075,0,hard_ground_13
28.894,0,0,3044,0,hard_ground_13
28.896,0,0,2998,0,hard_ground_13
28.901,0,0,2938,0,hard_ground_13
28.908,0,0,2941,307,hard_ground_13
28.914,0,0,2939,0,hard_ground_13
28.915,0,0,2983,2453,hard_ground_13
28.922,0,0,3052,3543,hard_ground_13
28.928,0,0,2823,3737,hard_ground_13
28.929,0,0,2506,3725,hard_ground_13
28.935,0,0,2088,3462,hard_ground_13
28.943,0,0,1849,3442,hard_ground_13
28.949,0,452,0,3721,hard_ground_13
28.949,0,2168,0,3875,hard_ground_13
28.957,0,2743,0,3935,hard_ground_13
28.963,0,3037,0,3949,hard_ground_13
28.969,0,3298,0,3970,hard_ground_13
28.97,0,3454,0,3972,hard_ground_13
28.977,0,3612,0,3980,hard_ground_13
28.983,0,3640,0,3989,hard_ground_13
28.986,0,3686,0,3994,hard_ground_13
28.992,0,3723,0,4004,hard_ground_13
28.998,0,3715,0,4012,hard_ground_13
28.999,0,3710,0,4013,hard_ground_13
29.005,0,3731,0,4016,hard_ground_13
29.013,0,3744,0,4013,hard_ground_13
29.018,0,3753,0,3998,hard_ground_13
29.023,0,3768,0,3979,hard_ground_13
29.026,0,3738,0,3984,hard_ground_13
29.033,0,3681,0,4006,hard_ground_13
29.039,0,3651,0,4012,hard_ground_13
29.04,0,3655,0,4012,hard_ground_13
29.046,0,3675,0,3977,hard_ground_13
29.053,0,3702,0,4001,hard_ground_13
29.059,0,3746,0,4007,hard_ground_13
29.06,0,3713,0,4021,hard_ground_13
29.069,0,3713,0,4022,hard_ground_13
29.073,0,3710,0,4025,hard_ground_13
29.075,0,3724,0,4005,hard_ground_13
29.081,0,3733,0,4023,hard_ground_13
29.088,0,3771,0,4018,hard_ground_13
29.088,0,3788,0,4012,hard_ground_13
29.097,0,3797,0,4020,hard_ground_13
29.102,0,3765,0,4031,hard_ground_13
29.105,0,3775,0,4033,hard_ground_13
29.109,0,3788,0,4025,hard_ground_13
29.116,0,3778,0,4022,hard_ground_13
29.123,0,3806,0,4012,hard_ground_13
29.124,0,3801,0,4024,hard_ground_13
29.13,0,3764,0,4029,hard_ground_13
29.137,0,3745,0,4028,hard_ground_13
29.143,0,3745,0,4025,hard_ground_13
29.144,0,3766,0,4018,hard_ground_13
29.151,0,3800,0,4007,hard_ground_13
29.158,0,3799,0,4018,hard_ground_13
29.162,0,3801,0,4016,hard_ground_13
29.165,0,3808,0,4032,hard_ground_13
29.172,0,3831,0,4028,hard_ground_13
29.174,0,3866,0,4032,hard_ground_13
29.179,0,3864,0,4030,hard_ground_13
29.187,0,3866,0,4029,hard_ground_13
29.193,0,3837,0,4035,hard_ground_13
29.195,0,3825,0,4036,hard_ground_13
29.199,0,3826,0,4042,hard_ground_13
29.207,0,3850,0,4037,hard_ground_13
29.213,0,3859,0,4037,hard_ground_13
29.214,0,3860,0,4036,hard_ground_13
29.221,0,3839,0,4041,hard_ground_13
29.227,0,3814,0,4051,hard_ground_13
29.229,0,3823,0,4044,hard_ground_13
29.237,0,3827,0,4045,hard_ground_13
29.241,0,3816,0,4043,hard_ground_13
29.245,0,3794,0,4042,hard_ground_13
29.249,0,3798,0,4050,hard_ground_13
29.255,0,3770,0,4048,hard_ground_13
29.262,0,3792,0,4044,hard_ground_13
29.264,0,3791,0,4043,hard_ground_13
29.269,0,3752,0,4051,hard_ground_13
29.276,0,3727,0,4051,hard_ground_13
29.283,0,3749,0,4047,hard_ground_13
29.283,0,3775,0,4049,hard_ground_13
29.291,0,3819,0,4049,hard_ground_13
29.296,0,3830,0,4045,hard_ground_13
29.299,0,3831,0,4049,hard_ground_13
29.304,0,3827,0,4051,hard_ground_13
29.311,0,3803,0,4053,hard_ground_13
29.318,0,3786,0,4050,hard_ground_13
29.318,0,3797,0,4038,hard_ground_13
29.324,0,3795,0,4038,hard_ground_13
29.331,0,3773,0,4033,hard_ground_13
29.334,0,3705,0,4038,hard_ground_13
29.338,0,3598,0,4042,hard_ground_13
29.345,0,3651,0,4038,hard_ground_13
29.353,0,3690,0,4037,hard_ground_13
29.353,0,3743,0,4040,hard_ground_13
29.361,0,3796,0,4042,hard_ground_13
29.366,0,3814,0,4044,hard_ground_13
29.369,0,3819,0,4046,hard_ground_13
29.377,0,3830,0,4051,hard_ground_13
29.38,0,3832,0,4050,hard_ground_13
29.387,0,3835,0,4048,hard_ground_13
29.389,0,3813,0,4051,hard_ground_13
29.394,0,3817,0,4043,hard_ground_13
29.402,0,3743,0,4044,hard_ground_13
29.407,0,3750,0,4043,hard_ground_13
29.411,0,3766,0,4044,hard_ground_13
29.415,0,3767,0,4046,hard_ground_13
29.422,0,3773,0,4043,hard_ground_13
29.424,0,3761,0,4045,hard_ground_13
29.431,0,3796,0,4043,hard_ground_13
29.436,0,3799,0,4044,hard_ground_13
29.443,0,3832,0,4046,hard_ground_13
29.448,0,3839,0,4044,hard_ground_13
29.449,0,3833,0,4045,hard_ground_13
29.457,0,3810,0,4051,hard_ground_13
29.457,0,3808,0,4043,hard_ground_13
29.465,0,3807,0,4052,hard_ground_13
29.47,0,3817,0,4050,hard_ground_13
29.477,0,3838,0,4053,hard_ground_13
29.482,0,3844,0,4049,hard_ground_13
29.484,0,3834,0,4048,hard_ground_13
29.491,0,3778,0,4048,hard_ground_13
29.493,0,3749,0,4054,hard_ground_13
29.498,0,3717,0,4051,hard_ground_13
29.506,0,3714,0,4047,hard_ground_13
29.512,0,3722,0,4044,hard_ground_13
29.514,0,3703,0,4040,hard_ground_13
29.519,0,3629,0,4047,hard_ground_13
29.526,0,3621,0,4045,hard_ground_13
29.531,0,3638,0,4043,hard_ground_13
29.533,0,3676,0,4046,hard_ground_13
29.54,0,3686,0,4051,hard_ground_13
29.547,0,3713,0,4046,hard_ground_13
29.548,0,3751,0,4058,hard_ground_13
29.556,0,3792,0,4058,hard_ground_13
29.561,0,3817,0,4055,hard_ground_13
29.568,0,3826,0,4055,hard_ground_13
29.57,0,3805,0,4054,hard_ground_13
29.575,0,3768,0,4050,hard_ground_13
29.581,0,3783,0,4050,hard_ground_13
29.583,0,3792,0,4045,hard_ground_13
29.588,0,3813,0,4036,hard_ground_13
29.595,3922,3796,0,4036,hard_ground_13
29.602,0,3756,0,4044,hard_ground_13
29.603,0,3738,0,4036,hard_ground_13
29.609,0,3685,0,4020,hard_ground_13
29.616,0,3617,0,4024,hard_ground_13
29.622,0,3295,0,4024,hard_ground_13
29.623,0,3750,0,4009,hard_ground_13
29.63,0,3732,0,4010,hard_ground_13
29.637,0,3618,0,4017,hard_ground_13
29.637,3495,645,0,4025,hard_ground_13
29.646,3677,2621,0,4027,hard_ground_13
29.651,3766,0,0,4005,hard_ground_13
29.654,3714,0,0,4012,hard_ground_13
29.662,3641,0,0,4018,hard_ground_13
29.665,0,0,0,4006,hard_ground_13
29.672,0,0,0,4001,hard_ground_13
29.673,0,0,0,4001,hard_ground_13
29.678,0,0,0,4004,hard_ground_13
29.687,0,0,0,4011,hard_ground_13
29.692,0,0,0,4016,hard_ground_13
29.695,3976,0,0,4033,hard_ground_13
29.699,4005,0,0,4036,hard_ground_13
29.706,4024,0,0,4036,hard_ground_13
29.708,4008,0,0,4045,hard_ground_13
29.713,3981,0,0,4039,hard_ground_13
29.72,3914,0,0,4033,hard_ground_13
29.727,3754,0,0,4029,hard_ground_13
29.727,0,0,0,4022,hard_ground_13
29.734,0,0,0,4005,hard_ground_13
29.741,0,0,0,3997,hard_ground_13
29.743,0,0,0,4006,hard_ground_13
29.748,0,0,0,4019,hard_ground_13
29.755,0,454,0,4029,hard_ground_13
29.762,0,3002,0,4036,hard_ground_13
29.762,0,3452,0,4037,hard_ground_13
29.77,0,3555,0,4045,hard_ground_13
29.776,0,3522,0,4036,hard_ground_13
29.778,0,3483,0,4039,hard_ground_13
29.783,0,3382,0,4038,hard_ground_13
29.79,0,3391,0,4038,hard_ground_13
29.796,0,3416,0,4034,hard_ground_13
29.798,0,3479,0,4029,hard_ground_13
29.803,0,3664,0,4025,hard_ground_13
29.811,0,3705,0,4034,hard_ground_13
29.817,0,3692,0,4032,hard_ground_13
29.818,0,3630,0,4031,hard_ground_13
29.825,0,3438,0,4027,hard_ground_13
29.831,0,2953,0,4030,hard_ground_13
29.833,0,2956,0,4021,hard_ground_13
29.838,0,3190,0,4018,hard_ground_13
29.846,0,3117,0,4011,hard_ground_13
29.852,0,3315,0,4009,hard_ground_13
29.853,0,3545,0,4012,hard_ground_13
29.859,0,3600,0,4014,hard_ground_13
29.866,0,3647,0,4025,hard_ground_13
29.872,0,3688,0,4019,hard_ground_13
29.873,0,3674,0,4016,hard_ground_13
29.88,0,3628,0,4026,hard_ground_13
29.887,0,3605,0,4028,hard_ground_13
29.888,0,3620,0,4029,hard_ground_13
29.894,0,3622,0,4030,hard_ground_13
29.901,0,3626,0,4023,hard_ground_13
29.907,0,3668,0,4013,hard_ground_13
29.908,0,3573,0,4015,hard_ground_13
29.915,0,3482,0,4015,hard_ground_13
29.921,0,3337,0,4015,hard_ground_13
29.922,0,3506,0,4017,hard_ground_13
29.928,0,3424,0,4015,hard_ground_13
29.935,0,3351,0,4016,hard_ground_13
29.942,0,3335,0,4013,hard_ground_13
29.943,0,3231,0,4016,hard_ground_13
29.949,0,3045,0,4011,hard_ground_13
29.956,0,3330,0,4009,hard_ground_13
29.956,0,3417,0,4011,hard_ground_13
29.965,0,3425,0,4012,hard_ground_13
29.971,0,3041,0,4011,hard_ground_13
29.972,0,2440,0,4006,hard_ground_13
29.977,0,1384,0,4005,hard_ground_13
29.984,0,561,0,4001,hard_ground_13
29.991,0,602,0,3988,hard_ground_13
29.991,0,0,0,3971,hard_ground_13
29.998,0,0,0,3961,hard_ground_13
30.005,0,0,0,3957,hard_ground_13
30.007,0,2200,0,3919,hard_ground_13
30.015,0,774,0,3897,hard_ground_13
30.019,0,0,0,3965,hard_ground_13
30.026,0,0,0,3947,hard_ground_13
30.027,0,0,0,3969,hard_ground_13
30.033,0,2309,0,3944,hard_ground_13
30.04,0,2423,0,3893,hard_ground_13
30.047,0,2236,0,3784,hard_ground_13
30.048,0,0,0,3415,hard_ground_13
30.053,0,0,0,3135,hard_ground_13
30.06,0,0,0,2375,hard_ground_13
30.062,0,0,0,1731,hard_ground_13
30.071,0,1692,0,0,hard_ground_13
30.075,0,2642,0,0,hard_ground_13
30.081,0,2946,0,0,hard_ground_13
30.081,1212,2623,0,2059,hard_ground_13
30.088,3330,0,0,0,hard_ground_13
30.095,3469,0,0,0,hard_ground_13
30.097,3681,0,0,0,hard_ground_13
30.102,3874,0,0,0,hard_ground_13
30.109,3928,0,0,0,hard_ground_13
30.116,3946,0,1606,0,hard_ground_13
30.117,3938,0,2537,0,hard_ground_13
30.123,3850,0,2872,0,hard_ground_13
30.13,2538,0,2587,0,hard_ground_13
30.136,0,0,2560,0,hard_ground_13
30.137,0,0,2497,0,hard_ground_13
30.144,0,0,2606,0,hard_ground_13
30.151,1931,0,2781,0,hard_ground_13
30.152,3327,0,3057,0,hard_ground_13
30.158,3693,0,2607,0,hard_ground_13
30.165,3835,0,2527,0,hard_ground_13
30.171,3668,0,2277,0,hard_ground_13
30.172,2998,0,2170,0,hard_ground_13
30.179,0,0,1308,0,hard_ground_13
30.186,0,0,1583,0,hard_ground_13
30.19,0,0,2304,0,hard_ground_13
30.192,3610,0,2605,0,hard_ground_13
30.199,3841,0,3327,0,hard_ground_13
30.202,3918,0,3546,0,hard_ground_13
30.207,3973,0,3599,0,hard_ground_13
30.215,3989,0,3615,0,hard_ground_13
30.22,3988,0,3614,0,hard_ground_13
30.224,3979,0,3588,0,hard_ground_13
30.227,3982,0,3566,0,hard_ground_13
30.235,3956,0,3545,0,hard_ground_13
30.241,3888,0,3234,0,hard_ground_13
30.242,3704,0,2561,0,hard_ground_13
30.248,2686,0,1826,0,hard_ground_13
30.255,3204,0,0,0,hard_ground_13
30.261,3742,0,654,0,hard_ground_13
30.262,3844,0,2603,0,hard_ground_13
30.271,3909,0,3091,0,hard_ground_13
30.275,3913,0,3533,0,hard_ground_13
30.277,3948,0,3571,0,hard_ground_13
30.282,3935,0,3584,0,hard_ground_13
30.29,3938,0,3482,0,hard_ground_13
30.296,3906,0,3116,0,hard_ground_13
30.297,3902,0,2519,0,hard_ground_13
30.303,3900,0,2038,0,hard_ground_13
30.311,3829,0,875,0,hard_ground_13
30.311,3533,0,0,0,hard_ground_13
30.319,0,0,178,0,hard_ground_13
30.324,0,0,1580,0,hard_ground_13
30.33,2953,0,2012,0,hard_ground_13
30.332,3535,0,2752,0,hard_ground_13
30.338,3711,0,3018,0,hard_ground_13
30.345,3770,0,3243,0,hard_ground_13
30.35,3860,0,3394,0,hard_ground_13
30.352,3899,0,3616,0,hard_ground_13
30.359,3924,0,3602,0,hard_ground_13
30.366,3922,0,3259,0,hard_ground_13
30.366,3892,0,2657,0,hard_ground_13
30.373,3897,0,2488,0,hard_ground_13
30.38,3914,0,3185,0,hard_ground_13
30.386,3901,0,3531,0,hard_ground_13
30.387,3915,0,3675,0,hard_ground_13
30.394,3914,0,3731,0,hard_ground_13
30.401,3921,0,3694,0,hard_ground_13
30.401,3937,0,3639,0,hard_ground_13
30.409,3938,0,3480,0,hard_ground_13
30.414,3919,0,3410,0,hard_ground_13
30.421,3850,0,3320,0,hard_ground_13
30.422,3646,0,3232,0,hard_ground_13
30.428,2977,0,3015,0,hard_ground_13
30.435,2725,0,2555,0,hard_ground_13
30.436,2928,0,1966,0,hard_ground_13
30.442,3176,0,1958,0,hard_ground_13
30.449,3273,0,2402,0,hard_ground_13
30.455,3534,0,2946,0,hard_ground_13
30.456,3676,0,3224,0,hard_ground_13
30.463,3691,0,3357,0,hard_ground_13
30.47,3737,0,3471,0,hard_ground_13
30.471,3798,0,3539,0,hard_ground_13
30.479,3860,0,3566,0,hard_ground_13
30.484,3883,0,3591,0,hard_ground_13
30.487,3890,0,3562,0,hard_ground_13
30.491,3887,0,3509,0,hard_ground_13
30.498,3869,0,3372,0,hard_ground_13
30.505,3840,0,3315,0,hard_ground_13
30.506,3775,0,3317,0,hard_ground_13
30.512,3750,0,3367,0,hard_ground_13
30.519,3826,0,3413,0,hard_ground_13
30.525,3878,0,3488,0,hard_ground_13
30.526,3898,0,3557,0,hard_ground_13
30.532,3912,0,3597,0,hard_ground_13
30.54,3912,0,3609,0,hard_ground_13
30.54,3917,0,3610,0,hard_ground_13
30.548,3921,0,3592,0,hard_ground_13
30.553,3919,0,3546,0,hard_ground_13
30.556,3891,0,3529,0,hard_ground_13
30.564,3876,0,3449,0,hard_ground_13
30.567,3845,0,3380,0,hard_ground_13
30.574,3742,0,3392,0,hard_ground_13
30.574,3707,0,3460,0,hard_ground_13
30.581,3719,0,3496,0,hard_ground_13
30.588,3735,0,3529,0,hard_ground_13
30.595,3758,0,3544,0,hard_ground_13
30.599,3743,0,3562,0,hard_ground_13
30.602,3762,0,3588,0,hard_ground_13
30.609,3787,0,3600,0,hard_ground_13
30.615,3840,0,3597,0,hard_ground_13
30.616,3851,0,3571,0,hard_ground_13
30.624,3873,0,3569,0,hard_ground_13
30.629,3877,0,3558,0,hard_ground_13
30.632,3867,0,3558,0,hard_ground_13
30.637,3873,0,3561,0,hard_ground_13
30.643,3881,0,3539,0,hard_ground_13
30.646,3887,0,3542,0,hard_ground_13
30.651,3912,0,3545,0,hard_ground_13
30.658,3924,0,3542,0,hard_ground_13
30.665,3931,0,3549,0,hard_ground_13
30.665,3935,0,3585,0,hard_ground_13
30.672,3937,0,3588,0,hard_ground_13
30.68,3933,0,3589,0,hard_ground_13
30.68,3944,0,3575,0,hard_ground_13
30.688,3944,0,3576,0,hard_ground_13
30.692,3931,0,3603,0,hard_ground_13
30.699,3927,0,3594,0,hard_ground_13
30.701,3922,0,3561,0,hard_ground_13
30.706,3921,0,3521,0,hard_ground_13
30.713,3910,0,3480,0,hard_ground_13
30.72,3902,0,3466,0,hard_ground_13
30.72,3896,0,3484,0,hard_ground_13
30.727,3900,0,3513,0,hard_ground_13
30.734,3918,0,3539,0,hard_ground_13
30.74,3922,0,3570,0,hard_ground_13
30.741,3905,0,3596,0,hard_ground_13
30.748,3886,0,3628,0,hard_ground_13
30.755,3848,0,3642,0,hard_ground_13
30.755,3779,0,3656,0,hard_ground_13
30.762,3703,0,3661,0,hard_ground_13
30.769,3694,0,3641,0,hard_ground_13
30.774,3606,0,3586,0,hard_ground_13
30.776,3644,0,3544,0,hard_ground_13
30.783,3699,0,3541,0,hard_ground_13
30.789,3764,0,3543,0,hard_ground_13
30.79,3824,0,3564,0,hard_ground_13
30.796,3872,0,3594,0,hard_ground_13
30.803,3902,0,3617,0,hard_ground_13
30.81,3925,0,3630,0,hard_ground_13
30.81,3944,0,3622,0,hard_ground_13
30.817,3952,0,3624,0,hard_ground_13
30.824,3950,0,3619,0,hard_ground_13
30.824,3950,0,3584,0,hard_ground_13
30.833,3948,0,3555,0,hard_ground_13
30.838,3949,0,3524,0,hard_ground_13
30.841,3948,0,3510,0,hard_ground_13
30.845,3944,0,3517,0,hard_ground_13
30.852,3942,0,3537,0,hard_ground_13
30.859,3942,0,3579,0,hard_ground_13
30.859,3950,0,3575,0,hard_ground_13
30.866,3950,0,3606,0,hard_ground_13
30.873,3936,0,3625,0,hard_ground_13
30.875,3937,0,3630,0,hard_ground_13
30.884,3907,0,3633,0,hard_ground_13
30.887,3901,0,3644,0,hard_ground_13
30.894,3890,0,3633,0,hard_ground_13
30.894,3870,0,3620,0,hard_ground_13
30.901,3860,0,3604,0,hard_ground_13
30.907,3853,0,3586,0,hard_ground_13
30.915,3831,0,3588,0,hard_ground_13
30.918,3819,0,3591,0,hard_ground_13
30.921,3839,0,3596,0,hard_ground_13
30.928,3867,0,3591,0,hard_ground_13
30.935,3899,0,3590,0,hard_ground_13
30.935,3913,0,3600,0,hard_ground_13
30.942,3925,0,3604,0,hard_ground_13
30.95,3924,0,3587,0,hard_ground_13
30.951,3925,0,3588,0,hard_ground_13
30.959,3923,0,3568,0,hard_ground_13
30.963,3923,0,3559,0,hard_ground_13
30.967,3928,0,3542,0,hard_ground_13
30.972,3932,0,3543,0,hard_ground_13
30.977,3933,0,3553,0,hard_ground_13
30.984,3924,0,3591,0,hard_ground_13
30.985,3927,0,3572,0,hard_ground_13
30.991,3943,0,3564,0,hard_ground_13
30.998,3959,0,3594,0,hard_ground_13
31.004,3969,0,3607,0,hard_ground_13
31.005,3976,0,3612,0,hard_ground_13
31.012,3984,0,3604,0,hard_ground_13
31.018,3982,0,3603,0,hard_ground_13
31.02,3975,0,3602,0,hard_ground_13
31.028,3969,0,3589,0,hard_ground_13
31.032,3955,0,3569,0,hard_ground_13
31.037,3932,0,3597,0,hard_ground_13
31.04,3896,0,3599,0,hard_ground_13
31.048,3874,0,3608,0,hard_ground_13
31.054,3848,0,3614,0,hard_ground_13
31.058,3842,0,3620,0,hard_ground_13
31.061,3826,0,3614,0,hard_ground_13
31.066,3831,0,3631,0,hard_ground_13
31.072,3854,0,3639,0,hard_ground_13
31.075,3875,0,3636,0,hard_ground_13
31.083,3896,0,3647,0,hard_ground_13
31.088,3906,0,3647,0,hard_ground_13
31.091,3910,0,3637,0,hard_ground_13
31.095,3915,0,3625,0,hard_ground_13
31.102,3929,0,3580,0,hard_ground_13
31.109,3941,0,3536,0,hard_ground_13
31.11,3946,0,3507,0,hard_ground_13
31.116,3945,0,3506,0,hard_ground_13
31.123,3942,0,3497,0,hard_ground_13
31.129,3952,0,3494,0,hard_ground_13
31.13,3965,0,3499,0,hard_ground_13
31.137,3972,0,3512,0,hard_ground_13
31.143,3974,0,3573,0,hard_ground_13
31.145,3977,0,3614,0,hard_ground_13
31.15,3979,0,3605,0,hard_ground_13
31.158,3986,0,3620,0,hard_ground_13
31.164,3971,0,3616,0,hard_ground_13
31.165,3972,0,3612,0,hard_ground_13
31.172,3949,0,3606,0,hard_ground_13
31.178,3939,0,3606,0,hard_ground_13
31.178,3924,0,3612,0,hard_ground_13
31.187,3908,0,3617,0,hard_ground_13
31.192,3902,0,3619,0,hard_ground_13
31.195,3896,0,3629,0,hard_ground_13
31.199,3907,0,3635,0,hard_ground_13
31.206,3900,0,3651,0,hard_ground_13
31.213,3908,0,3656,0,hard_ground_13
31.214,3922,0,3637,0,hard_ground_13
31.22,3921,0,3637,0,hard_ground_13
31.227,3934,0,3637,0,hard_ground_13
31.234,3930,0,3600,0,hard_ground_13
31.234,3926,0,3587,0,hard_ground_13
31.241,3916,0,3580,0,hard_ground_13
31.249,3923,0,3553,0,hard_ground_13
31.249,3916,0,3528,0,hard_ground_13
31.257,3922,0,3506,0,hard_ground_13
31.262,3931,0,3496,0,hard_ground_13
31.269,3932,0,3509,0,hard_ground_13
31.272,3947,0,3549,0,hard_ground_13
31.276,3967,0,3541,0,hard_ground_13
31.282,3983,0,3546,0,hard_ground_13
31.284,3990,0,3564,0,hard_ground_13
31.289,3993,0,3580,0,hard_ground_13
31.296,3996,0,3587,0,hard_ground_13
31.303,3995,0,3555,0,hard_ground_13
31.303,3995,0,3553,0,hard_ground_13
31.31,3993,0,3539,0,hard_ground_13
31.317,3984,0,3559,0,hard_ground_13
31.319,3979,0,3576,0,hard_ground_13
31.324,3963,0,3584,0,hard_ground_13
31.332,3961,0,3599,0,hard_ground_13
31.338,3951,0,3623,0,hard_ground_13
31.338,3949,0,3649,0,hard_ground_13
31.346,3942,0,3660,0,hard_ground_13
31.352,3934,0,3674,0,hard_ground_13
31.354,3929,0,3665,0,hard_ground_13
31.362,3927,0,3665,0,hard_ground_13
31.366,3912,0,3633,0,hard_ground_13
31.372,3895,0,3563,0,hard_ground_13
31.379,3883,0,3532,0,hard_ground_13
31.38,3877,0,3527,0,hard_ground_13
31.387,3893,0,3574,0,hard_ground_13
31.393,3912,0,3592,0,hard_ground_13
31.395,3930,0,3646,0,hard_ground_13
31.401,3944,0,3633,0,hard_ground_13
31.407,3940,0,3575,0,hard_ground_13
31.412,3917,0,3424,0,hard_ground_13
31.414,3894,0,3100,0,hard_ground_13
31.421,3889,0,3232,0,hard_ground_13
31.428,3910,0,3548,0,hard_ground_13
31.429,3952,0,3632,0,hard_ground_13
31.435,3977,0,3716,0,hard_ground_13
31.442,3993,0,3728,0,hard_ground_13
31.448,3996,0,3736,0,hard_ground_13
31.449,3995,0,3720,0,hard_ground_13
31.456,3988,0,3681,0,hard_ground_13
31.463,3976,0,3612,0,hard_ground_13
31.463,3964,0,3563,0,hard_ground_13
31.473,3955,0,3537,0,hard_ground_13
31.477,3954,0,3533,0,hard_ground_13
31.479,3949,0,3568,0,hard_ground_13
31.484,3955,0,3596,0,hard_ground_13
31.491,3957,0,3639,0,hard_ground_13
31.498,3963,0,3691,0,hard_ground_13
31.498,3964,0,3720,0,hard_ground_13
31.505,3969,0,3730,0,hard_ground_13
31.511,3968,0,3718,0,hard_ground_13
31.514,3964,0,3685,0,hard_ground_13
31.518,3946,0,3564,0,hard_ground_13
31.526,3914,0,3149,0,hard_ground_13
31.532,3878,0,2833,0,hard_ground_13
31.534,3820,0,2995,0,hard_ground_13
31.539,3828,0,3516,0,hard_ground_13
31.546,3903,0,3639,0,hard_ground_13
31.552,3931,0,3700,0,hard_ground_13
31.553,3948,0,3659,0,hard_ground_13
31.56,3948,0,3564,0,hard_ground_13
31.567,3931,0,3450,0,hard_ground_13
31.573,3891,0,3103,0,hard_ground_13
31.577,3879,0,3216,0,hard_ground_13
31.581,3894,0,3539,0,hard_ground_13
31.585,3949,0,3625,0,hard_ground_13
31.589,3965,0,3725,0,hard_ground_13
31.595,3984,0,3758,0,hard_ground_13
31.602,3994,0,3783,0,hard_ground_13
31.604,3999,0,3789,0,hard_ground_13
31.609,3995,0,3785,0,hard_ground_13
31.616,3994,0,3783,0,hard_ground_13
31.623,3982,0,3767,0,hard_ground_13
31.623,3975,0,3734,0,hard_ground_13
31.63,3967,0,3701,0,hard_ground_13
31.637,3965,0,3673,0,hard_ground_13
31.638,3963,0,3632,0,hard_ground_13
31.647,3969,0,3641,0,hard_ground_13
31.651,3968,0,3668,0,hard_ground_13
31.657,3972,0,3686,0,hard_ground_13
31.658,3976,0,3681,0,hard_ground_13
31.664,3978,0,3685,0,hard_ground_13
31.671,3980,0,3599,0,hard_ground_13
31.677,3969,0,3264,0,hard_ground_13
31.678,3955,0,2757,0,hard_ground_13
31.685,3949,0,2723,0,hard_ground_13
31.692,3943,0,3106,0,hard_ground_13
31.693,3959,0,3524,0,hard_ground_13
31.702,3972,0,3676,0,hard_ground_13
31.706,3986,0,3672,0,hard_ground_13
31.71,3986,0,3670,0,hard_ground_13
31.713,3975,0,3666,0,hard_ground_13
31.72,3961,0,3673,0,hard_ground_13
31.727,3955,0,3717,0,hard_ground_13
31.728,3972,0,3720,0,hard_ground_13
31.734,3983,0,3730,0,hard_ground_13
31.741,3992,0,3725,0,hard_ground_13
31.747,3991,0,3728,0,hard_ground_13
31.748,3981,0,3723,0,hard_ground_13
31.754,3972,0,3693,0,hard_ground_13
31.762,3964,0,3689,0,hard_ground_13
31.763,3964,0,3641,0,hard_ground_13
31.771,3954,0,3636,0,hard_ground_13
31.775,3949,0,3645,0,hard_ground_13
31.783,3962,0,3658,0,hard_ground_13
31.787,3977,0,3681,0,hard_ground_13
31.789,3984,0,3694,0,hard_ground_13
31.796,3987,0,3688,0,hard_ground_13
31.798,3987,0,3700,0,hard_ground_13
31.803,3981,0,3703,0,hard_ground_13
31.81,3979,0,3703,0,hard_ground_13
31.817,3968,0,3679,0,hard_ground_13
31.818,3965,0,3650,0,hard_ground_13
31.824,3961,0,3535,0,hard_ground_13
31.831,3962,0,3421,0,hard_ground_13
31.837,3960,0,3388,0,hard_ground_13
31.838,3968,0,3489,0,hard_ground_13
31.845,3971,0,3605,0,hard_ground_13
31.852,3977,0,3647,0,hard_ground_13
31.852,3996,0,3637,0,hard_ground_13
31.86,4003,0,3537,0,hard_ground_13
31.866,4006,0,3429,0,hard_ground_13
31.868,4000,0,3539,0,hard_ground_13
31.873,3981,0,3676,0,hard_ground_13
31.88,3974,0,3730,0,hard_ground_13
31.886,3978,0,3762,0,hard_ground_13
31.888,3993,0,3787,0,hard_ground_13
31.893,3999,0,3778,0,hard_ground_13
31.901,3993,0,3740,0,hard_ground_13
31.906,3974,0,3722,0,hard_ground_13
31.907,3945,0,3639,0,hard_ground_13
31.914,3934,0,3506,0,hard_ground_13
31.921,3899,0,3006,0,hard_ground_13
31.923,3853,0,2981,0,hard_ground_13
31.928,3843,0,2927,0,hard_ground_13
31.936,3859,0,3207,0,hard_ground_13
31.942,3864,0,3469,0,hard_ground_13
31.943,3862,0,3574,0,hard_ground_13
31.949,3866,0,3568,0,hard_ground_13
31.956,3807,0,3525,0,hard_ground_13
31.957,3736,0,3393,0,hard_ground_13
31.966,3382,0,3012,0,hard_ground_13
31.97,1782,0,2711,0,hard_ground_13
31.977,0,0,2037,0,hard_ground_13
31.982,0,0,0,0,hard_ground_13
31.984,1196,0,0,0,hard_ground_13
31.991,2604,0,0,0,hard_ground_13
31.991,3039,0,0,0,hard_ground_13
31.998,2247,0,355,0,hard_ground_13
32.005,2750,0,1713,0,hard_ground_13
32.008,2447,0,0,0,hard_ground_13
32.013,1251,0,0,0,hard_ground_13
32.019,0,0,0,0,hard_ground_13
32.026,0,0,0,0,hard_ground_13
32.026,0,0,0,1463,hard_ground_13
32.034,0,0,0,3551,hard_ground_13
32.039,0,1478,0,3773,hard_ground_13
32.047,0,2580,0,3864,hard_ground_13
32.051,0,3009,0,3890,hard_ground_13
32.053,0,3069,0,3905,hard_ground_13
32.06,0,2950,0,3892,hard_ground_13
32.063,0,2345,0,3886,hard_ground_13
32.067,0,0,0,3870,hard_ground_13
32.075,0,0,0,3849,hard_ground_13
32.081,0,0,0,3857,hard_ground_13
32.084,0,0,0,3816,hard_ground_13
32.088,0,0,0,3756,hard_ground_13
32.095,0,0,0,3688,hard_ground_13
32.102,0,1176,0,3652,hard_ground_13
32.102,0,1817,0,3591,hard_ground_13
32.109,0,2275,0,3517,hard_ground_13
32.116,0,1496,0,3484,hard_ground_13
32.117,0,0,0,3342,hard_ground_13
32.123,0,0,0,2502,hard_ground_13
32.13,0,0,0,1704,hard_ground_13
32.137,0,0,0,1696,hard_ground_13
32.138,0,0,0,1426,hard_ground_13
32.143,0,2204,0,0,hard_ground_13
32.151,0,2539,2242,0,hard_ground_13
32.157,0,1585,1266,0,hard_ground_13
32.158,0,1006,1041,0,hard_ground_13
32.164,1928,778,0,0,hard_ground_13
32.171,2587,0,0,0,hard_ground_13
32.174,2715,0,1009,0,hard_ground_13
32.178,3043,0,2396,0,hard_ground_13
32.185,3277,0,1935,0,hard_ground_13
32.191,3189,809,2473,0,hard_ground_13
32.192,3152,0,2440,0,hard_ground_13
32.199,3179,0,2619,0,hard_ground_13
32.206,3189,0,2720,0,hard_ground_13
32.207,3193,0,3160,0,hard_ground_13
32.216,3132,0,3083,0,hard_ground_13
32.22,3432,0,3150,0,hard_ground_13
32.224,3513,0,3136,0,hard_ground_13
32.227,3706,0,3402,0,hard_ground_13
32.234,3781,0,3515,0,hard_ground_13
32.24,3849,0,3603,0,hard_ground_13
32.242,3887,0,3662,0,hard_ground_13
32.248,3918,0,3726,0,hard_ground_13
32.255,3932,0,3768,0,hard_ground_13
32.261,3934,0,3782,0,hard_ground_13
32.262,3903,0,3804,0,hard_ground_13
32.268,3819,0,3805,0,hard_ground_13
32.275,3776,0,3813,0,hard_ground_13
32.277,3850,0,3803,0,hard_ground_13
32.285,3880,0,3784,0,hard_ground_13
32.289,3925,0,3823,0,hard_ground_13
32.296,3919,0,3851,0,hard_ground_13
32.301,3915,0,3871,0,hard_ground_13
32.303,3924,0,3875,0,hard_ground_13
32.311,3939,0,3892,0,hard_ground_13
32.312,3947,0,3884,0,hard_ground_13
32.317,3958,0,3882,0,hard_ground_13
32.324,3950,0,3891,0,hard_ground_13
32.331,3944,0,3882,0,hard_ground_13
32.331,3945,0,3880,0,hard_ground_13
32.338,3943,0,3874,0,hard_ground_13
32.345,3949,0,3858,0,hard_ground_13
32.347,3962,0,3862,0,hard_ground_13
32.352,3970,0,3880,0,hard_ground_13
32.359,3974,0,3883,0,hard_ground_13
32.365,3979,0,3900,0,hard_ground_13
32.367,3986,0,3905,0,hard_ground_13
32.374,3994,0,3895,0,hard_ground_13
32.38,4006,0,3888,0,hard_ground_13
32.386,4002,0,3882,0,hard_ground_13
32.387,4010,0,3878,0,hard_ground_13
32.393,3998,0,3862,0,hard_ground_13
32.4,3984,0,3861,0,hard_ground_13
32.402,3982,0,3873,0,hard_ground_13
32.41,3985,0,3877,0,hard_ground_13
32.414,4004,0,3902,0,hard_ground_13
32.419,4009,0,3905,0,hard_ground_13
32.421,4023,0,3911,0,hard_ground_13
32.428,4022,0,3914,0,hard_ground_13
32.435,4023,0,3927,0,hard_ground_13
32.437,4027,0,3937,0,hard_ground_13
32.442,4033,0,3929,0,hard_ground_13
32.449,4032,0,3920,0,hard_ground_13
32.456,4025,0,3909,0,hard_ground_13
32.456,4023,0,3903,0,hard_ground_13
32.463,4014,0,3896,0,hard_ground_13
32.47,4011,0,3898,0,hard_ground_13
32.474,4016,0,3896,0,hard_ground_13
32.477,4026,0,3893,0,hard_ground_13
32.484,4023,0,3890,0,hard_ground_13
32.491,4029,0,3897,0,hard_ground_13
32.491,4026,0,3890,0,hard_ground_13
32.5,4033,0,3908,0,hard_ground_13
32.505,4035,0,3907,0,hard_ground_13
32.511,4035,0,3908,0,hard_ground_13
32.512,4031,0,3913,0,hard_ground_13
32.518,4025,0,3917,0,hard_ground_13
32.526,4029,0,3919,0,hard_ground_13
32.526,4029,0,3918,0,hard_ground_13
32.532,4032,0,3906,0,hard_ground_13
32.539,4028,0,3912,0,hard_ground_13
32.546,4030,0,3906,0,hard_ground_13
32.548,4024,0,3893,0,hard_ground_13
32.553,4024,0,3889,0,hard_ground_13
32.561,4024,0,3902,0,hard_ground_13
32.565,4019,0,3899,0,hard_ground_13
32.567,4023,0,3898,0,hard_ground_13
32.575,4026,0,3879,0,hard_ground_13
32.576,4021,0,3897,0,hard_ground_13
32.581,4022,0,3888,0,hard_ground_13
32.59,4024,0,3895,0,hard_ground_13
32.595,4025,0,3900,0,hard_ground_13
32.601,4026,0,3917,0,hard_ground_13
32.602,4026,0,3907,0,hard_ground_13
32.609,4022,0,3907,0,hard_ground_13
32.615,4029,0,3900,0,hard_ground_13
32.616,4028,0,3892,0,hard_ground_13
32.622,4025,0,3891,0,hard_ground_13
32.63,4020,0,3902,0,hard_ground_13
32.636,4016,0,3909,0,hard_ground_13
32.637,4015,0,3921,0,hard_ground_13
32.643,4024,0,3918,0,hard_ground_13
32.65,4024,0,3936,0,hard_ground_13
32.65,4026,0,3916,0,hard_ground_13
32.657,4029,0,3913,0,hard_ground_13
32.665,4024,0,3910,0,hard_ground_13
32.67,4021,0,3912,0,hard_ground_13
32.675,4023,0,3917,0,hard_ground_13
32.678,4025,0,3908,0,hard_ground_13
32.686,4033,0,3908,0,hard_ground_13
32.689,4024,0,3860,0,hard_ground_13
32.692,4017,0,3834,0,hard_ground_13
32.699,4016,0,3712,0,hard_ground_13
32.701,4007,0,3628,0,hard_ground_13
32.706,4003,0,3418,0,hard_ground_13
32.714,4003,0,2926,0,hard_ground_13
32.72,4009,0,2980,0,hard_ground_13
32.723,4006,0,3510,0,hard_ground_13
32.727,4001,0,3668,0,hard_ground_13
32.734,4001,0,3675,0,hard_ground_13
32.74,4009,0,3456,0,hard_ground_13
32.741,4025,0,3131,0,hard_ground_13
32.748,4029,0,3182,0,hard_ground_13
32.755,4029,0,3470,0,hard_ground_13
32.755,4026,0,3612,0,hard_ground_13
32.763,4024,0,3553,0,hard_ground_13
32.768,4029,0,3321,0,hard_ground_13
32.774,4029,0,2945,0,hard_ground_13
32.779,4027,0,3045,0,hard_ground_13
32.783,4028,0,3413,0,hard_ground_13
32.79,4019,0,3589,0,hard_ground_13
32.795,4019,0,3625,0,hard_ground_13
32.799,4023,0,3639,2413,hard_ground_13
32.804,4027,0,3640,0,hard_ground_13
32.809,4030,0,3650,0,hard_ground_13
32.814,4030,0,3630,0,hard_ground_13
32.818,4030,0,3605,0,hard_ground_13
32.824,4028,0,3606,0,hard_ground_13
32.83,4027,0,3662,0,hard_ground_13
32.831,4025,0,3672,0,hard_ground_13
32.838,4024,0,3603,0,hard_ground_13
32.845,4022,0,3551,0,hard_ground_13
32.845,4028,0,3568,0,hard_ground_13
32.852,4029,0,3557,0,hard_ground_13
32.858,4030,0,3413,0,hard_ground_13
32.861,4028,0,3018,0,hard_ground_13
32.866,4028,0,2700,0,hard_ground_13
32.875,4025,0,2472,3725,hard_ground_13
32.879,4023,0,2882,3920,hard_ground_13
32.879,4014,0,3062,3963,hard_ground_13
32.888,4012,0,2436,3889,hard_ground_13
32.893,4005,0,0,3672,hard_ground_13
32.896,3997,0,0,3837,hard_ground_13
32.901,3993,0,0,3863,hard_ground_13
32.908,3981,0,0,3260,hard_ground_13
32.914,3980,0,1682,0,hard_ground_13
32.916,3987,0,2368,3828,hard_ground_13
32.921,4008,0,2687,3906,hard_ground_13
32.929,4013,0,2890,3897,hard_ground_13
32.934,4020,0,3266,3561,hard_ground_13
32.935,4025,0,3173,0,hard_ground_13
32.942,4025,0,2986,0,hard_ground_13
32.949,4024,0,3035,0,hard_ground_13
32.951,4022,0,3406,3557,hard_ground_13
32.959,4017,0,3513,3733,hard_ground_13
32.963,4012,0,3434,3629,hard_ground_13
32.97,4014,0,3333,2042,hard_ground_13
32.975,4010,0,3229,0,hard_ground_13
32.977,4011,0,3179,0,hard_ground_13
32.984,4009,0,3216,0,hard_ground_13
32.986,4012,0,3393,0,hard_ground_13
32.991,4022,0,3528,0,hard_ground_13
32.998,4023,0,3574,0,hard_ground_13
33.005,4023,0,3644,0,hard_ground_13
33.005,4020,0,3642,0,hard_ground_13
33.012,4023,0,3625,0,hard_ground_13
33.018,4020,0,3561,0,hard_ground_13
33.021,4018,0,3453,0,hard_ground_13
33.025,4019,0,3378,0,hard_ground_13
33.032,4013,0,3425,0,hard_ground_13
33.039,4014,0,3480,0,hard_ground_13
33.039,4007,0,3504,0,hard_ground_13
33.047,4009,0,3449,0,hard_ground_13
33.053,4011,0,3326,0,hard_ground_13
33.055,4020,0,3377,0,hard_ground_13
33.06,4024,0,3405,0,hard_ground_13
33.067,4027,0,3444,0,hard_ground_13
33.074,4031,0,3439,0,hard_ground_13
33.075,4035,0,3529,0,hard_ground_13
33.081,4037,0,3575,0,hard_ground_13
33.088,4038,0,3570,0,hard_ground_13
33.095,4038,0,3524,0,hard_ground_13
33.095,4037,0,3409,0,hard_ground_13
33.102,4031,0,3373,0,hard_ground_13
33.11,4030,0,3430,0,hard_ground_13
33.11,4032,0,3521,0,hard_ground_13
33.118,4033,0,3563,0,hard_ground_13
33.123,4026,0,3494,0,hard_ground_13
33.129,4028,0,3239,0,hard_ground_13
33.13,4013,0,2811,0,hard_ground_13
33.136,4012,0,2521,0,hard_ground_13
33.143,4011,0,2159,0,hard_ground_13
33.149,4008,0,2911,0,hard_ground_13
33.151,4000,0,3212,0,hard_ground_13
33.158,4009,0,3541,3162,hard_ground_13
33.164,4013,0,3548,3381,hard_ground_13
33.165,4011,0,3449,0,hard_ground_13
33.171,4009,0,3147,0,hard_ground_13
33.179,4003,0,2442,0,hard_ground_13
33.184,3989,0,1691,0,hard_ground_13
33.185,3928,0,2813,0,hard_ground_13
33.192,3850,0,3408,2154,hard_ground_13
33.199,3862,0,3571,3572,hard_ground_13
33.199,3880,0,3605,3686,hard_ground_13
33.208,3913,0,3146,3423,hard_ground_13
33.213,3891,0,1915,0,hard_ground_13
33.216,3800,0,1655,0,hard_ground_13
33.224,3447,0,2483,3259,hard_ground_13
33.227,2831,0,3047,3710,hard_ground_13
33.234,2802,0,3176,3760,hard_ground_13
33.235,3263,0,2853,3736,hard_ground_13
33.241,3470,0,2396,3688,hard_ground_13
33.249,3452,0,2393,3672,hard_ground_13
33.254,3038,0,3027,3748,hard_ground_13
33.257,0,0,3385,3884,hard_ground_13
33.261,0,0,3249,3910,hard_ground_13
33.269,0,0,2836,3918,hard_ground_13
33.274,0,0,0,3880,hard_ground_13
33.276,0,0,0,3778,hard_ground_13
33.282,0,0,0,3776,hard_ground_13
33.289,0,0,0,3896,hard_ground_13
33.289,0,0,1525,3926,hard_ground_13
33.297,0,0,0,3932,hard_ground_13
33.303,0,1859,0,3939,hard_ground_13
33.306,0,2522,0,3944,hard_ground_13
33.31,0,3074,1111,3947,hard_ground_13
33.317,0,3021,0,3947,hard_ground_13
33.324,0,2734,0,3915,hard_ground_13
33.325,0,2510,0,3869,hard_ground_13
33.331,0,2587,0,3814,hard_ground_13
33.338,0,2842,0,3806,hard_ground_13
33.344,0,2941,0,3852,hard_ground_13
33.345,0,3019,0,3885,hard_ground_13
33.352,0,3235,0,3911,hard_ground_13
33.359,0,3283,0,3910,hard_ground_13
33.359,0,3296,0,3890,hard_ground_13
33.367,0,3352,0,3869,hard_ground_13
33.373,0,3401,0,3810,hard_ground_13
33.379,0,3466,0,3732,hard_ground_13
33.38,0,3558,0,3750,hard_ground_13
33.386,0,3571,0,3846,hard_ground_13
33.394,0,3596,0,3909,hard_ground_13
33.398,0,3606,0,3929,hard_ground_13
33.4,0,3597,0,3944,hard_ground_13
33.407,0,3591,0,3943,hard_ground_13
33.414,0,3593,0,3928,hard_ground_13
33.415,0,3575,0,3932,hard_ground_13
33.421,0,3564,0,3919,hard_ground_13
33.428,0,3558,0,3911,hard_ground_13
33.434,0,3543,0,3941,hard_ground_13
33.435,0,3514,0,3946,hard_ground_13
33.442,0,3521,0,3954,hard_ground_13
33.449,0,3425,0,3936,hard_ground_13
33.449,0,3410,0,3880,hard_ground_13
33.457,0,3416,0,3864,hard_ground_13
33.463,0,3456,0,3858,hard_ground_13
33.465,0,3546,0,3905,hard_ground_13
33.47,0,3569,0,3940,hard_ground_13
33.477,0,3586,0,3954,hard_ground_13
33.483,0,3587,0,3950,hard_ground_13
33.485,0,3468,0,3941,hard_ground_13
33.49,0,3400,0,3915,hard_ground_13
33.498,0,3383,0,3904,hard_ground_13
33.503,0,3337,0,3915,hard_ground_13
33.505,0,3352,0,3926,hard_ground_13
33.512,0,3306,0,3937,hard_ground_13
33.518,0,3252,0,3934,hard_ground_13
33.52,0,3210,0,3925,hard_ground_13
33.525,0,3146,0,3919,hard_ground_13
33.533,0,3313,0,3925,hard_ground_13
33.538,0,3376,0,3949,hard_ground_13
33.54,0,3476,0,3967,hard_ground_13
33.546,0,3478,0,3965,hard_ground_13
33.553,0,3452,0,3970,hard_ground_13
33.553,0,3386,0,3978,hard_ground_13
33.562,0,3521,0,3975,hard_ground_13
33.567,0,3606,0,3979,hard_ground_13
33.57,0,3709,0,3974,hard_ground_13
33.576,0,3736,0,3980,hard_ground_13
33.581,0,3723,0,3989,hard_ground_13
33.588,0,3656,0,3993,hard_ground_13
33.588,0,3353,0,3980,hard_ground_13
33.597,0,2536,0,3953,hard_ground_13
33.602,0,2976,0,3776,hard_ground_13
33.605,0,3451,0,3585,hard_ground_13
33.613,0,3656,0,3755,hard_ground_13
33.616,0,3703,0,3940,hard_ground_13
33.623,0,3729,0,3989,hard_ground_13
33.624,0,3725,0,4000,hard_ground_13
33.63,0,3701,0,3997,hard_ground_13
33.637,0,3633,0,3968,hard_ground_13
33.643,0,3550,0,3934,hard_ground_13
33.645,0,3382,0,3904,hard_ground_13
33.65,0,2868,0,3894,hard_ground_13
33.658,0,2197,0,3913,hard_ground_13
33.663,0,2971,0,3946,hard_ground_13
33.665,0,3497,0,3946,hard_ground_13
33.671,0,3640,0,3955,hard_ground_13
33.679,0,3720,0,3955,hard_ground_13
33.679,0,3738,0,3943,hard_ground_13
33.685,0,3732,0,3936,hard_ground_13
33.692,0,3697,0,3927,hard_ground_13
33.692,0,3653,0,3921,hard_ground_13
33.701,0,3660,0,3932,hard_ground_13
33.706,0,3668,0,3934,hard_ground_13
33.713,0,3708,0,3940,hard_ground_13
33.718,0,3731,0,3949,hard_ground_13
33.72,0,3775,0,3944,hard_ground_13
33.727,0,3792,0,3949,hard_ground_13
33.734,0,3754,0,3952,hard_ground_13
33.734,0,3707,0,3960,hard_ground_13
33.74,0,3653,0,3960,hard_ground_13
33.747,0,3612,0,3945,hard_ground_13
33.749,0,3637,0,3941,hard_ground_13
33.755,0,3673,0,3945,hard_ground_13
33.762,0,3706,0,3959,hard_ground_13
33.768,0,3727,0,3974,hard_ground_13
33.769,0,3738,0,3970,hard_ground_13
33.776,0,3720,0,3971,hard_ground_13
33.783,0,3678,0,3970,hard_ground_13
33.788,0,3634,0,3959,hard_ground_13
33.789,0,3620,0,3959,hard_ground_13
33.796,0,3611,0,3960,hard_ground_13
33.803,0,3642,0,3972,hard_ground_13
33.803,0,3680,0,3978,hard_ground_13
33.812,0,3737,0,3989,hard_ground_13
33.817,0,3747,0,3988,hard_ground_13
33.82,0,3746,0,3992,hard_ground_13
33.824,0,3732,0,3990,hard_ground_13
33.831,0,3729,0,3985,hard_ground_13
33.838,0,3700,0,3974,hard_ground_13
33.839,0,3672,0,3973,hard_ground_13
33.845,0,3662,0,3966,hard_ground_13
33.852,0,3697,0,3969,hard_ground_13
33.858,0,3733,0,3969,hard_ground_13
33.859,0,3756,0,3975,hard_ground_13
33.866,0,3789,0,3974,hard_ground_13
33.873,0,3806,0,3973,hard_ground_13
33.876,0,3783,0,3967,hard_ground_13
33.881,0,3747,0,3959,hard_ground_13
33.887,0,3711,0,3950,hard_ground_13
33.889,0,3672,0,3945,hard_ground_13
33.894,0,3662,0,3942,hard_ground_13
33.901,0,3664,0,3946,hard_ground_13
33.907,0,3691,0,3955,hard_ground_13
33.907,0,3689,0,3960,hard_ground_13
33.915,0,3722,0,3972,hard_ground_13
33.921,0,3731,0,3979,hard_ground_13
33.924,0,3736,0,3981,hard_ground_13
33.932,0,3745,0,3985,hard_ground_13
33.935,0,3744,0,3991,hard_ground_13
33.942,0,3762,0,3993,hard_ground_13
33.948,0,3750,0,3990,hard_ground_13
33.949,0,3748,0,3993,hard_ground_13
33.956,0,3732,0,4003,hard_ground_13
33.963,0,3715,0,3991,hard_ground_13
33.968,0,3649,0,3987,hard_ground_13
33.969,0,3610,0,3983,hard_ground_13
33.977,0,3541,0,3982,hard_ground_13
33.983,0,3540,0,3977,hard_ground_13
33.984,0,3581,0,3979,hard_ground_13
33.99,0,3652,0,3987,hard_ground_13
33.998,0,3752,0,3992,hard_ground_13
33.999,0,3797,0,3997,hard_ground_13
34.007,0,3825,0,4002,hard_ground_13
34.011,0,3832,0,4004,hard_ground_13
34.018,0,3822,0,3999,hard_ground_13
34.018,0,3796,0,3993,hard_ground_13
34.025,0,3763,0,3973,hard_ground_13
34.032,0,3694,0,3945,hard_ground_13
34.038,0,3634,0,3926,hard_ground_13
34.039,0,3634,0,3918,hard_ground_13
34.046,0,3645,0,3927,hard_ground_13
34.053,0,3668,0,3942,hard_ground_13
34.054,0,3705,0,3956,hard_ground_13
34.06,0,3737,0,3963,hard_ground_13
34.067,0,3757,0,3986,hard_ground_13
34.072,0,3790,0,3986,hard_ground_13
34.076,0,3788,0,4000,hard_ground_13
34.082,0,3798,0,4003,hard_ground_13
34.087,0,3787,0,3997,hard_ground_13
34.092,0,3761,0,4001,hard_ground_13
34.094,0,3719,0,3994,hard_ground_13
34.101,0,3690,0,3987,hard_ground_13
34.108,0,3648,0,3982,hard_ground_13
34.112,0,3630,0,3962,hard_ground_13
34.115,0,3622,0,3967,hard_ground_13
34.122,0,3636,0,3973,hard_ground_13
34.122,0,3652,0,3984,hard_ground_13
34.132,0,3686,0,3989,hard_ground_13
34.136,0,3718,0,3999,hard_ground_13
34.142,0,3749,0,4003,hard_ground_13
34.143,0,3782,0,4002,hard_ground_13
34.15,0,3791,0,4011,hard_ground_13
34.157,0,3790,0,4005,hard_ground_13
34.157,0,3788,0,4006,hard_ground_13
34.164,0,3767,0,4000,hard_ground_13
34.171,0,3733,0,3985,hard_ground_13
34.178,0,3701,0,3962,hard_ground_13
34.182,0,3677,0,3952,hard_ground_13
34.185,0,3683,0,3946,hard_ground_13
34.192,0,3709,0,3955,hard_ground_13
34.192,0,3769,0,3967,hard_ground_13
34.199,0,3793,0,3982,hard_ground_13
34.206,0,3811,0,3993,hard_ground_13
34.213,0,3810,0,3996,hard_ground_13
34.217,0,3798,0,4004,hard_ground_13
34.219,0,3762,0,3996,hard_ground_13
34.227,0,3729,0,3992,hard_ground_13
34.227,0,3663,0,3986,hard_ground_13
34.234,0,3619,0,3984,hard_ground_13
34.24,0,3618,0,3983,hard_ground_13
34.247,0,3630,0,3991,hard_ground_13
34.247,0,3676,0,3994,hard_ground_13
34.254,0,3698,0,4003,hard_ground_13
34.261,0,3710,0,3996,hard_ground_13
34.267,0,3699,0,3992,hard_ground_13
34.272,0,3702,0,3998,hard_ground_13
34.277,0,3729,0,4002,hard_ground_13
34.282,0,3778,0,4003,hard_ground_13
34.287,0,3804,0,3993,hard_ground_13
34.289,0,3814,0,3998,hard_ground_13
34.296,0,3809,0,3996,hard_ground_13
34.302,0,3788,0,3987,hard_ground_13
34.303,0,3740,0,3979,hard_ground_13
34.311,0,3676,0,3954,hard_ground_13
34.316,0,3662,0,3947,hard_ground_13
34.322,0,3662,0,3955,hard_ground_13
34.324,0,3698,0,3984,hard_ground_13
34.331,0,3730,0,3993,hard_ground_13
34.337,0,3758,0,4007,hard_ground_13
34.338,0,3764,0,4006,hard_ground_13
34.344,0,3738,0,4003,hard_ground_13
34.351,0,3695,0,4003,hard_ground_13
34.356,0,3643,0,3994,hard_ground_13
34.358,0,3642,0,3994,hard_ground_13
34.365,0,3681,0,3998,hard_ground_13
34.372,0,3757,0,4000,hard_ground_13
34.377,0,3803,0,4004,hard_ground_13
34.38,0,3817,0,4004,hard_ground_13
34.386,0,3827,0,4004,hard_ground_13
34.392,0,3812,0,3996,hard_ground_13
34.393,0,3787,0,3977,hard_ground_13
34.4,0,3700,0,3964,hard_ground_13
34.407,0,3642,0,3944,hard_ground_13
34.408,0,3601,0,3927,hard_ground_13
34.414,0,3621,0,3951,hard_ground_13
34.421,0,3696,0,3955,hard_ground_13
34.427,0,3749,0,3985,hard_ground_13
34.428,0,3781,0,4002,hard_ground_13
34.435,0,3801,0,4004,hard_ground_13
34.442,0,3805,0,4005,hard_ground_13
34.442,0,3801,0,4016,hard_ground_13
34.452,0,3780,0,4010,hard_ground_13
34.455,0,3763,0,4011,hard_ground_13
34.458,0,3714,0,4009,hard_ground_13
34.462,0,3673,0,4009,hard_ground_13
34.469,0,3645,0,4008,hard_ground_13
34.476,0,3616,0,4006,hard_ground_13
34.483,0,3604,0,4001,hard_ground_13
34.486,0,3614,0,3998,hard_ground_13
34.491,0,3633,0,3998,hard_ground_13
34.496,0,3664,0,4005,hard_ground_13
34.498,0,3703,0,4008,hard_ground_13
34.506,0,3712,0,4013,hard_ground_13
34.512,0,3755,0,4012,hard_ground_13
34.514,0,3767,0,4018,hard_ground_13
34.518,0,3776,0,4013,hard_ground_13
34.525,0,3794,0,4009,hard_ground_13
34.532,0,3783,0,4004,hard_ground_13
34.533,0,3778,0,3997,hard_ground_13
34.539,0,3761,0,3990,hard_ground_13
34.547,0,3755,0,3976,hard_ground_13
34.547,0,3747,0,3960,hard_ground_13
34.557,0,3742,0,3956,hard_ground_13
34.56,0,3710,0,3959,hard_ground_13
34.567,0,3731,0,3959,hard_ground_13
34.571,0,3756,0,3979,hard_ground_13
34.574,0,3773,0,3989,hard_ground_13
34.58,0,3787,0,3994,hard_ground_13
34.586,0,3783,0,3988,hard_ground_13
34.587,0,3763,0,4003,hard_ground_13
34.596,0,3684,0,3999,hard_ground_13
34.601,0,3623,0,3995,hard_ground_13
34.604,0,3568,0,3984,hard_ground_13
34.609,0,3565,0,3980,hard_ground_13
34.615,0,3635,0,3978,hard_ground_13
34.62,0,3642,0,3990,hard_ground_13
34.622,0,3704,0,4002,hard_ground_13
34.629,0,3753,0,4008,hard_ground_13
34.636,0,3778,0,4010,hard_ground_13
34.641,0,3778,0,4007,hard_ground_13
34.643,0,3772,0,4000,hard_ground_13
34.65,0,3758,0,4001,hard_ground_13
34.657,0,3753,0,4003,hard_ground_13
34.658,0,3767,0,4004,hard_ground_13
34.664,0,3778,0,4003,hard_ground_13
34.671,0,3802,0,4002,hard_ground_13
34.675,0,3813,0,4004,hard_ground_13
34.681,0,3807,0,4007,hard_ground_13
34.684,0,3801,0,4000,hard_ground_13
34.692,0,3799,0,3998,hard_ground_13
34.692,0,3787,0,3991,hard_ground_13
34.701,0,3779,0,3991,hard_ground_13
34.705,0,3772,0,3981,hard_ground_13
34.711,0,3742,0,3981,hard_ground_13
34.712,0,3704,0,3982,hard_ground_13
34.719,0,3694,0,3976,hard_ground_13
34.726,0,3740,0,3975,hard_ground_13
34.727,0,3761,0,3991,hard_ground_13
34.733,0,3793,0,3992,hard_ground_13
34.74,0,3784,0,3988,hard_ground_13
34.746,0,3739,0,3983,hard_ground_13
34.747,0,3645,0,3955,hard_ground_13
34.754,0,3457,0,3963,hard_ground_13
34.761,0,3404,0,3968,hard_ground_13
34.766,0,3622,0,3980,hard_ground_13
34.768,0,3729,0,3991,hard_ground_13
34.775,0,3805,0,4007,hard_ground_13
34.781,0,3828,0,4010,hard_ground_13
34.782,0,3833,0,4013,hard_ground_13
34.789,0,3824,0,4016,hard_ground_13
34.796,0,3804,0,4020,hard_ground_13
34.796,0,3791,0,4009,hard_ground_13
34.806,0,3784,0,4014,hard_ground_13
34.809,0,3792,0,4004,hard_ground_13
34.816,0,3780,0,4004,hard_ground_13
34.817,0,3784,0,3998,hard_ground_13
34.824,0,3763,0,4003,hard_ground_13
34.83,0,3774,0,4002,hard_ground_13
34.832,0,3772,0,3996,hard_ground_13
34.841,0,3782,0,3991,hard_ground_13
34.844,0,3788,0,3984,hard_ground_13
34.849,0,3771,0,3987,hard_ground_13
34.852,0,3750,0,3979,hard_ground_13
34.858,0,3608,0,3980,hard_ground_13
34.865,0,3497,0,3970,hard_ground_13
34.871,0,3371,0,3962,hard_ground_13
34.872,0,3447,0,3949,hard_ground_13
34.879,0,3561,0,3961,hard_ground_13
34.886,0,3694,0,3977,hard_ground_13
34.891,0,3764,0,3988,hard_ground_13
34.893,0,3761,0,3996,hard_ground_13
34.9,0,3745,0,3998,hard_ground_13
34.906,0,3779,0,3994,hard_ground_13
34.907,0,3798,0,4000,hard_ground_13
34.914,0,3792,0,4002,hard_ground_13
34.92,0,3780,0,4009,hard_ground_13
34.922,0,3770,0,4016,hard_ground_13
34.931,0,3774,0,4018,hard_ground_13
34.934,0,3793,0,4018,hard_ground_13
34.939,0,3800,0,4008,hard_ground_13
34.942,0,3788,0,4001,hard_ground_13
34.949,0,3771,0,3996,hard_ground_13
34.956,0,3743,0,4003,hard_ground_13
34.956,0,3740,0,3994,hard_ground_13
34.964,0,3757,0,3992,hard_ground_13
34.969,0,3790,0,3989,hard_ground_13
34.975,0,3802,0,3999,hard_ground_13
34.979,0,3790,0,4008,hard_ground_13
34.984,0,3796,0,4010,hard_ground_13
34.99,0,3796,0,4013,hard_ground_13
34.996,0,3782,0,4010,hard_ground_13
34.997,0,3777,0,3999,hard_ground_13
35.004,0,3769,0,3980,hard_ground_13
35.01,0,3714,0,3974,hard_ground_13
35.011,0,3580,0,3965,hard_ground_13
35.018,0,3469,0,3945,hard_ground_13
35.025,0,3510,0,3948,hard_ground_13
35.026,0,3591,0,3965,hard_ground_13
35.036,0,3689,0,3968,hard_ground_13
35.039,0,3739,0,3970,hard_ground_13
35.046,0,3725,0,3962,hard_ground_13
35.046,0,3689,0,3963,hard_ground_13
35.053,0,3654,0,3951,hard_ground_13
35.059,0,3607,0,3961,hard_ground_13
35.061,0,3686,0,3969,hard_ground_13
35.067,0,3753,0,3981,hard_ground_13
35.074,0,3825,0,3994,hard_ground_13
35.081,0,3859,0,4003,hard_ground_13
35.085,0,3850,0,3998,hard_ground_13
35.09,0,3838,0,4009,hard_ground_13
35.094,0,3790,0,4007,hard_ground_13
35.097,0,3780,0,3991,hard_ground_13
35.106,0,3761,0,3959,hard_ground_13
35.109,0,3712,0,3969,hard_ground_13
35.115,0,3664,0,3976,hard_ground_13
35.115,0,3672,0,3987,hard_ground_13
35.122,0,3654,0,3983,hard_ground_13
35.129,0,3660,0,3992,hard_ground_13
35.131,0,3664,0,3995,hard_ground_13
35.136,0,3643,0,3998,hard_ground_13
35.143,0,3657,0,3991,hard_ground_13
35.15,0,3600,0,3982,hard_ground_13
35.15,0,3525,0,3969,hard_ground_13
35.158,0,3299,0,3934,hard_ground_13
35.164,0,2840,0,3849,hard_ground_13
35.167,0,2125,0,3757,hard_ground_13
35.175,0,2350,0,3659,hard_ground_13
35.179,0,3024,0,3755,hard_ground_13
35.184,0,3271,0,3877,hard_ground_13
35.186,0,3339,0,3858,hard_ground_13
35.192,0,3036,0,3729,hard_ground_13
35.198,0,2125,0,3522,hard_ground_13
35.205,0,0,0,3218,hard_ground_13
35.206,0,0,0,2007,hard_ground_13
35.212,0,0,0,1984,hard_ground_13
35.219,0,0,0,1076,hard_ground_13
35.225,0,0,0,1157,hard_ground_13
35.226,0,0,0,2756,hard_ground_13
35.233,0,0,0,3398,hard_ground_13
35.24,0,0,0,3561,hard_ground_13
35.24,0,0,1886,3781,hard_ground_13
35.249,0,0,1916,3817,hard_ground_13
35.254,0,0,1884,3813,hard_ground_13
35.257,0,0,1628,3776,hard_ground_13
35.265,0,0,1601,3730,hard_ground_13
35.268,0,0,573,3503,hard_ground_13
35.275,0,0,0,3406,hard_ground_13
35.279,0,0,0,3391,hard_ground_13
35.282,0,0,1837,3497,hard_ground_13
35.289,0,0,2281,3711,hard_ground_13
35.295,0,0,2855,3775,hard_ground_13
35.296,0,0,3074,3848,hard_ground_13
35.303,0,0,3068,3835,hard_ground_13
35.31,0,0,2595,3779,hard_ground_13
35.314,0,0,1737,3747,hard_ground_13
35.316,0,0,0,3621,hard_ground_13
35.323,0,1931,0,3536,hard_ground_13
35.326,0,2818,0,3587,hard_ground_13
35.331,0,3083,0,3881,hard_ground_13
35.339,0,3372,0,3947,hard_ground_13
35.345,0,3540,0,3967,hard_ground_13
35.347,0,3592,0,3974,hard_ground_13
35.355,0,3667,0,3972,hard_ground_13
35.359,0,3738,0,3944,hard_ground_13
35.363,0,3752,0,3868,hard_ground_13
35.366,0,3746,0,3938,hard_ground_13
35.372,0,3721,0,3976,hard_ground_13
35.379,0,3717,0,3993,hard_ground_13
35.381,0,3730,0,4007,hard_ground_13
35.389,0,3728,0,4005,hard_ground_13
35.393,0,3738,0,4004,hard_ground_13
35.4,0,3714,0,4024,hard_ground_13
35.4,0,3735,0,4012,hard_ground_13
35.407,0,3751,0,3999,hard_ground_13
35.413,0,3744,0,3998,hard_ground_13
35.416,0,3695,0,4006,hard_ground_13
35.421,0,3679,0,4009,hard_ground_13
35.428,0,3681,0,4011,hard_ground_13
35.434,0,3719,0,4006,hard_ground_13
35.436,0,3772,0,3998,hard_ground_13
35.441,0,3772,0,4011,hard_ground_13
35.449,0,3775,0,4014,hard_ground_13
35.455,0,3763,0,4028,hard_ground_13
35.456,0,3723,0,4023,hard_ground_13
35.462,0,3745,0,4025,hard_ground_13
35.469,0,3781,0,4020,hard_ground_13
35.471,0,3822,0,4011,hard_ground_13
35.479,0,3812,0,4018,hard_ground_13
35.483,0,3796,0,4018,hard_ground_13
35.487,0,3791,0,4024,hard_ground_13
35.491,0,3791,0,4028,hard_ground_13
35.497,0,3798,0,4014,hard_ground_13
35.504,0,3831,0,4001,hard_ground_13
35.504,0,3812,0,3998,hard_ground_13
35.512,0,3786,0,4017,hard_ground_13
35.518,0,3785,0,4024,hard_ground_13
35.521,0,3770,0,4018,hard_ground_13
35.529,0,3774,0,4012,hard_ground_13
35.532,0,3823,0,4003,hard_ground_13
35.539,0,3825,0,4008,hard_ground_13
35.539,0,3811,0,4026,hard_ground_13
35.546,0,3816,0,4032,hard_ground_13
35.553,0,3829,0,4035,hard_ground_13
35.56,0,3857,0,4032,hard_ground_13
35.564,0,3866,0,4031,hard_ground_13
35.567,0,3869,0,4025,hard_ground_13
35.573,0,3866,0,4044,hard_ground_13
35.579,0,3855,0,4038,hard_ground_13
35.58,0,3844,0,4040,hard_ground_13
35.589,0,3853,0,4034,hard_ground_13
35.594,0,3857,0,4031,hard_ground_13
35.597,0,3857,0,4030,hard_ground_13
35.601,0,3845,0,4032,hard_ground_13
35.609,0,3797,0,4033,hard_ground_13
35.614,0,3794,0,4039,hard_ground_13
35.615,0,3797,0,4032,hard_ground_13
35.622,0,3824,0,4034,hard_ground_13
35.629,0,3828,0,4031,hard_ground_13
35.63,0,3827,0,4030,hard_ground_13
35.639,0,3818,0,4041,hard_ground_13
35.643,0,3811,0,4043,hard_ground_13
35.647,0,3809,0,4040,hard_ground_13
35.65,0,3811,0,4041,hard_ground_13
35.657,0,3796,0,4039,hard_ground_13
35.663,0,3748,0,4045,hard_ground_13
35.665,0,3738,0,4043,hard_ground_13
35.671,0,3782,0,4041,hard_ground_13
35.679,0,3806,0,4039,hard_ground_13
35.684,0,3798,0,4040,hard_ground_13
35.685,0,3767,0,4046,hard_ground_13
35.691,0,3719,0,4045,hard_ground_13
35.698,0,3711,0,4043,hard_ground_13
35.705,0,3737,0,4046,hard_ground_13
35.705,0,3806,0,4041,hard_ground_13
35.712,0,3809,0,4038,hard_ground_13
35.72,0,3817,0,4040,hard_ground_13
35.72,0,3811,0,4046,hard_ground_13
35.728,0,3816,0,4036,hard_ground_13
35.733,0,3800,0,4040,hard_ground_13
35.739,0,3808,0,4040,hard_ground_13
35.74,0,3818,0,4045,hard_ground_13
35.747,0,3825,0,4040,hard_ground_13
35.754,0,3838,0,4036,hard_ground_13
35.755,0,3825,0,4038,hard_ground_13
35.761,0,3819,0,4040,hard_ground_13
35.768,0,3794,0,4043,hard_ground_13
35.774,0,3816,0,4047,hard_ground_13
35.775,0,3824,0,4044,hard_ground_13
35.782,0,3811,0,4035,hard_ground_13
35.789,0,3814,0,4032,hard_ground_13
35.79,0,3789,0,4037,hard_ground_13
35.798,0,3768,0,4049,hard_ground_13
35.803,0,3771,0,4042,hard_ground_13
35.81,0,3782,0,4041,hard_ground_13
35.81,0,3792,0,4038,hard_ground_13
35.816,0,3810,0,4043,hard_ground_13
35.823,0,3818,0,4038,hard_ground_13
35.825,0,3824,0,4041,hard_ground_13
35.83,0,3821,0,4047,hard_ground_13
35.838,0,3814,0,4051,hard_ground_13
35.844,0,3810,0,4049,hard_ground_13
35.844,0,3844,0,4050,hard_ground_13
35.851,0,3824,0,4047,hard_ground_13
35.858,0,3827,0,4047,hard_ground_13
35.86,0,3835,0,4051,hard_ground_13
35.865,0,3832,0,4050,hard_ground_13
35.872,0,3795,0,4048,hard_ground_13
35.879,0,3776,0,4043,hard_ground_13
35.88,0,3725,0,4041,hard_ground_13
35.886,0,3691,0,4034,hard_ground_13
35.893,0,3702,0,4031,hard_ground_13
35.898,0,3670,0,4031,hard_ground_13
35.9,0,3630,0,4034,hard_ground_13
35.907,0,3631,0,4029,hard_ground_13
35.913,0,3700,0,4034,hard_ground_13
35.915,0,3713,0,4042,hard_ground_13
35.921,0,3727,0,4045,hard_ground_13
35.928,0,3753,0,4041,hard_ground_13
35.934,0,3779,0,4052,hard_ground_13
35.935,0,3809,0,4053,hard_ground_13
35.942,0,3829,0,4046,hard_ground_13
35.949,0,3837,0,4048,hard_ground_13
35.949,0,3824,0,4044,hard_ground_13
35.957,0,3808,0,4045,hard_ground_13
35.963,0,3803,0,4042,hard_ground_13
35.966,0,3813,0,4045,hard_ground_13
35.974,0,3810,0,4035,hard_ground_13
35.976,0,3817,0,4042,hard_ground_13
35.983,0,3804,0,4041,hard_ground_13
35.985,0,3812,0,4035,hard_ground_13
35.99,0,3817,0,4037,hard_ground_13
35.997,0,3813,0,4037,hard_ground_13
36.004,0,3824,0,4053,hard_ground_13
36.004,0,3859,0,4046,hard_ground_13
36.011,0,3870,0,4043,hard_ground_13
36.018,0,3881,0,4039,hard_ground_13
36.02,3849,3863,0,4034,hard_ground_13
36.025,0,3797,0,4031,hard_ground_13
36.032,0,3726,0,4019,hard_ground_13
36.038,0,3693,0,3976,hard_ground_13
36.04,0,3332,0,3987,hard_ground_13
36.046,0,0,0,4003,hard_ground_13
36.053,3695,2644,0,3966,hard_ground_13
36.059,3785,2185,0,3933,hard_ground_13
36.06,3978,0,0,3967,hard_ground_13
36.066,3975,0,0,3998,hard_ground_13
36.073,3970,0,0,3995,hard_ground_13
36.075,3878,0,0,3991,hard_ground_13
36.08,2578,0,0,4002,hard_ground_13
36.087,0,0,0,3997,hard_ground_13
36.09,0,0,0,4007,hard_ground_13
36.094,0,0,0,4015,hard_ground_13
36.102,0,0,0,4017,hard_ground_13
36.109,0,0,0,4031,hard_ground_13
36.114,0,0,0,4029,hard_ground_13
36.116,3722,703,0,4032,hard_ground_13
36.123,3905,1548,0,4038,hard_ground_13
36.126,3910,0,0,4038,hard_ground_13
36.131,3817,0,0,4040,hard_ground_13
36.136,1279,0,0,4038,hard_ground_13
36.143,0,0,0,4034,hard_ground_13
36.149,0,0,0,4024,hard_ground_13
36.15,0,0,0,4012,hard_ground_13
36.157,0,0,0,4001,hard_ground_13
36.164,0,0,0,3994,hard_ground_13
36.165,0,0,0,3999,hard_ground_13
36.173,0,2789,0,4014,hard_ground_13
36.177,0,3373,0,4010,hard_ground_13
36.182,0,3569,0,4023,hard_ground_13
36.185,0,3556,0,4023,hard_ground_13
36.192,0,3565,0,4033,hard_ground_13
36.198,0,3574,0,4034,hard_ground_13
36.2,0,3645,0,4034,hard_ground_13
36.205,0,3689,0,4035,hard_ground_13
36.213,0,3695,0,4034,hard_ground_13
36.218,0,3695,0,4026,hard_ground_13
36.219,0,3599,0,4022,hard_ground_13
36.226,0,3480,0,4016,hard_ground_13
36.233,0,3403,0,4015,hard_ground_13
36.234,0,3454,0,4021,hard_ground_13
36.243,0,3575,0,4019,hard_ground_13
36.247,0,3632,0,4019,hard_ground_13
36.251,0,3674,0,4027,hard_ground_13
36.254,0,3769,0,4031,hard_ground_13
36.261,0,3770,0,4033,hard_ground_13
36.267,0,3785,0,4033,hard_ground_13
36.269,0,3780,0,4032,hard_ground_13
36.275,0,3781,0,4025,hard_ground_13
36.282,0,3756,0,4023,hard_ground_13
36.289,0,3728,0,4014,hard_ground_13
36.289,0,3693,0,4010,hard_ground_13
36.296,0,3639,0,4009,hard_ground_13
36.302,0,3618,0,3999,hard_ground_13
36.304,0,3615,0,3999,hard_ground_13
36.313,0,3594,0,4006,hard_ground_13
36.317,0,3528,0,4009,hard_ground_13
36.323,0,3539,0,4013,hard_ground_13
36.323,0,3497,0,4010,hard_ground_13
36.331,0,3323,0,4015,hard_ground_13
36.337,0,3212,0,4015,hard_ground_13
36.339,0,3260,0,4010,hard_ground_13
36.344,0,3389,0,4009,hard_ground_13
36.351,0,3581,0,4003,hard_ground_13
36.358,0,3558,0,4008,hard_ground_13
36.359,0,3375,0,3999,hard_ground_13
36.365,0,2849,0,4000,hard_ground_13
36.372,0,0,0,3982,hard_ground_13
36.378,0,0,0,3960,hard_ground_13
36.379,0,0,0,3938,hard_ground_13
36.386,0,0,0,3931,hard_ground_13
36.393,0,0,0,3927,hard_ground_13
36.395,0,0,0,3974,hard_ground_13
36.4,0,0,0,3982,hard_ground_13
36.407,0,2390,0,3984,hard_ground_13
36.413,0,2628,0,3962,hard_ground_13
36.418,0,0,0,3946,hard_ground_13
36.42,0,0,0,3874,hard_ground_13
36.428,0,0,0,3560,hard_ground_13
36.434,0,0,0,3542,hard_ground_13
36.435,0,0,0,3530,hard_ground_13
36.441,0,0,0,3576,hard_ground_13
36.448,0,0,0,3509,hard_ground_13
36.45,0,2079,0,3236,hard_ground_13
36.455,0,2908,0,3166,hard_ground_13
36.462,2283,3037,0,3225,hard_ground_13
36.468,0,2616,0,2646,hard_ground_13
36.471,0,0,0,0,hard_ground_13
36.476,0,0,0,0,hard_ground_13
36.483,0,0,0,0,hard_ground_13
36.483,0,0,0,0,hard_ground_13
36.493,2574,0,0,0,hard_ground_13
36.497,3365,0,0,0,hard_ground_13
36.5,3304,0,0,0,hard_ground_13
36.504,0,0,1856,0,hard_ground_13
36.511,0,0,2050,0,hard_ground_13
36.517,0,0,2294,0,hard_ground_13
36.521,0,0,2375,0,hard_ground_13
36.525,0,0,2574,0,hard_ground_13
36.532,0,0,2567,0,hard_ground_13
36.538,2002,0,2612,0,hard_ground_13
36.54,3534,0,2662,0,hard_ground_13
36.545,3798,0,2584,0,hard_ground_13
36.553,3805,0,2441,0,hard_ground_13
36.559,3662,0,2138,0,hard_ground_13
36.559,506,0,2168,0,hard_ground_13
36.566,0,0,2135,0,hard_ground_13
36.573,0,0,2550,0,hard_ground_13
36.573,3344,0,2633,0,hard_ground_13
36.583,3755,0,2719,0,hard_ground_13
36.587,3870,0,3204,0,hard_ground_13
36.593,3918,0,3373,0,hard_ground_13
36.594,3913,0,3418,0,hard_ground_13
36.602,3918,0,3427,0,hard_ground_13
36.608,3928,0,3501,0,hard_ground_13
36.609,3964,0,3516,0,hard_ground_13
36.615,3966,0,3411,0,hard_ground_13
36.622,3937,0,3143,0,hard_ground_13
36.628,3855,0,2729,0,hard_ground_13
36.629,3627,0,2034,0,hard_ground_13
36.636,3485,0,0,0,hard_ground_13
36.642,3836,0,1073,0,hard_ground_13
36.644,3890,0,2411,0,hard_ground_13
36.65,3925,0,3072,0,hard_ground_13
36.657,3911,0,3416,0,hard_ground_13
36.663,3904,0,3521,0,hard_ground_13
36.668,3881,0,3477,0,hard_ground_13
36.671,3864,0,3104,0,hard_ground_13
36.677,3868,0,2553,0,hard_ground_13
36.68,3701,0,821,0,hard_ground_13
36.687,1670,0,0,0,hard_ground_13
36.692,0,0,0,0,hard_ground_13
36.695,0,0,858,0,hard_ground_13
36.698,0,0,2094,0,hard_ground_13
36.708,3163,0,2657,0,hard_ground_13
36.712,3507,0,3065,0,hard_ground_13
36.718,3488,0,3253,0,hard_ground_13
36.719,3453,0,3519,0,hard_ground_13
36.726,3716,0,3618,0,hard_ground_13
36.733,3864,0,3610,0,hard_ground_13
36.733,3902,0,3524,0,hard_ground_13
36.741,3897,0,3366,0,hard_ground_13
36.747,3797,0,2952,0,hard_ground_13
36.749,3411,0,0,0,hard_ground_13
36.754,3602,0,0,0,hard_ground_13
36.761,3630,0,116,0,hard_ground_13
36.768,3848,0,3110,0,hard_ground_13
36.768,3881,0,3592,0,hard_ground_13
36.776,3903,0,3696,0,hard_ground_13
36.782,3920,0,3724,0,hard_ground_13
36.788,3944,0,3685,0,hard_ground_13
36.788,3986,0,3669,0,hard_ground_13
36.795,3983,0,3609,0,hard_ground_13
36.803,3959,0,3499,0,hard_ground_13
36.803,3903,0,3353,0,hard_ground_13
36.809,3688,0,2828,0,hard_ground_13
36.816,2837,0,1519,0,hard_ground_13
36.823,1398,0,0,0,hard_ground_13
36.828,0,0,0,0,hard_ground_13
36.83,0,0,0,0,hard_ground_13
36.837,2166,0,1808,0,hard_ground_13
36.837,3186,0,2393,0,hard_ground_13
36.844,3644,0,3360,0,hard_ground_13
36.851,3762,0,3458,0,hard_ground_13
36.857,3823,0,3545,0,hard_ground_13
36.862,3847,0,3603,0,hard_ground_13
36.865,3873,0,3613,0,hard_ground_13
36.872,3881,0,3583,0,hard_ground_13
36.872,3885,0,3573,0,hard_ground_13
36.881,3872,0,3452,0,hard_ground_13
36.886,3812,0,3350,0,hard_ground_13
36.893,3728,0,3277,0,hard_ground_13
36.897,3637,0,3207,0,hard_ground_13
36.9,3616,0,3292,0,hard_ground_13
36.907,3678,0,3346,0,hard_ground_13
36.907,3767,0,3411,0,hard_ground_13
36.914,3877,0,3484,0,hard_ground_13
36.92,3910,0,3540,0,hard_ground_13
36.927,3909,0,3610,0,hard_ground_13
36.931,3916,0,3619,0,hard_ground_13
36.934,3899,0,3618,0,hard_ground_13
36.941,3910,0,3598,0,hard_ground_13
36.941,3897,0,3526,0,hard_ground_13
36.952,3868,0,3470,0,hard_ground_13
36.955,3781,0,3406,0,hard_ground_13
36.962,3664,0,3411,0,hard_ground_13
36.966,3589,0,3406,0,hard_ground_13
36.969,3586,0,3479,0,hard_ground_13
36.976,3622,0,3515,0,hard_ground_13
36.982,3691,0,3574,0,hard_ground_13
36.983,3743,0,3584,0,hard_ground_13
36.99,3775,0,3611,0,hard_ground_13
36.997,3809,0,3624,0,hard_ground_13
36.998,3851,0,3626,0,hard_ground_13
37.007,3886,0,3633,0,hard_ground_13
37.01,3898,0,3604,0,hard_ground_13
37.015,3909,0,3583,0,hard_ground_13
37.018,3917,0,3558,0,hard_ground_13
37.025,3914,0,3529,0,hard_ground_13
37.031,3910,0,3534,0,hard_ground_13
37.033,3906,0,3547,0,hard_ground_13
37.038,3920,0,3556,0,hard_ground_13
37.046,3923,0,3566,0,hard_ground_13
37.052,3928,0,3562,0,hard_ground_13
37.053,3930,0,3559,0,hard_ground_13
37.059,3929,0,3577,0,hard_ground_13
37.066,3922,0,3592,0,hard_ground_13
37.072,3913,0,3596,0,hard_ground_13
37.073,3906,0,3579,0,hard_ground_13
37.082,3903,0,3578,0,hard_ground_13
37.087,3908,0,3567,0,hard_ground_13
37.087,3896,0,3565,0,hard_ground_13
37.097,3870,0,3569,0,hard_ground_13
37.101,3865,0,3579,0,hard_ground_13
37.106,3845,0,3611,0,hard_ground_13
37.108,3853,0,3590,0,hard_ground_13
37.115,3860,0,3584,0,hard_ground_13
37.122,3868,0,3589,0,hard_ground_13
37.126,3842,0,3586,0,hard_ground_13
37.129,3818,0,3600,0,hard_ground_13
37.136,3775,0,3591,0,hard_ground_13
37.142,3753,0,3616,0,hard_ground_13
37.143,3757,0,3613,0,hard_ground_13
37.15,3782,0,3610,0,hard_ground_13
37.156,3800,0,3586,0,hard_ground_13
37.162,3809,0,3588,0,hard_ground_13
37.163,3855,0,3587,0,hard_ground_13
37.17,3872,0,3595,0,hard_ground_13
37.173,3895,0,3605,0,hard_ground_13
37.177,3904,0,3613,0,hard_ground_13
37.186,3911,0,3567,0,hard_ground_13
37.191,3915,0,3585,0,hard_ground_13
37.195,3930,0,3571,0,hard_ground_13
37.198,3953,0,3576,0,hard_ground_13
37.206,3964,0,3554,0,hard_ground_13
37.211,3968,0,3553,0,hard_ground_13
37.213,3967,0,3538,0,hard_ground_13
37.222,3974,0,3533,0,hard_ground_13
37.227,3969,0,3549,0,hard_ground_13
37.232,3973,0,3535,0,hard_ground_13
37.235,3954,0,3558,0,hard_ground_13
37.24,3921,0,3572,0,hard_ground_13
37.243,3902,0,3597,0,hard_ground_13
37.248,3893,0,3599,0,hard_ground_13
37.254,3874,0,3599,0,hard_ground_13
37.261,3830,0,3603,0,hard_ground_13
37.266,3791,0,3615,0,hard_ground_13
37.268,3797,0,3610,0,hard_ground_13
37.275,3802,0,3613,0,hard_ground_13
37.282,3745,0,3606,0,hard_ground_13
37.282,3792,0,3608,0,hard_ground_13
37.289,3838,0,3625,0,hard_ground_13
37.295,3870,0,3633,0,hard_ground_13
37.297,3890,0,3638,0,hard_ground_13
37.303,3894,0,3631,0,hard_ground_13
37.31,3897,0,3630,0,hard_ground_13
37.316,3894,0,3595,0,hard_ground_13
37.317,3902,0,3575,0,hard_ground_13
37.325,3902,0,3549,0,hard_ground_13
37.33,3910,0,3549,0,hard_ground_13
37.332,3921,0,3542,0,hard_ground_13
37.338,3925,0,3565,0,hard_ground_13
37.344,3925,0,3551,0,hard_ground_13
37.351,3929,0,3554,0,hard_ground_13
37.352,3951,0,3560,0,hard_ground_13
37.358,3968,0,3575,0,hard_ground_13
37.365,3959,0,3618,0,hard_ground_13
37.371,3953,0,3580,0,hard_ground_13
37.372,3950,0,3568,0,hard_ground_13
37.379,3960,0,3569,0,hard_ground_13
37.386,3960,0,3557,0,hard_ground_13
37.387,3950,0,3556,0,hard_ground_13
37.393,3945,0,3560,0,hard_ground_13
37.4,3938,0,3590,0,hard_ground_13
37.406,3937,0,3600,0,hard_ground_13
37.407,3948,0,3621,0,hard_ground_13
37.414,3944,0,3626,0,hard_ground_13
37.421,3927,0,3634,0,hard_ground_13
37.427,3895,0,3645,0,hard_ground_13
37.427,3864,0,3630,0,hard_ground_13
37.434,3810,0,3621,0,hard_ground_13
37.441,3745,0,3634,0,hard_ground_13
37.441,3714,0,3625,0,hard_ground_13
37.45,3738,0,3616,0,hard_ground_13
37.456,3763,0,3630,0,hard_ground_13
37.458,3811,0,3609,0,hard_ground_13
37.462,3855,0,3595,0,hard_ground_13
37.469,3872,0,3598,0,hard_ground_13
37.476,3896,0,3596,0,hard_ground_13
37.477,3914,0,3601,0,hard_ground_13
37.483,3927,0,3581,0,hard_ground_13
37.49,3940,0,3550,0,hard_ground_13
37.496,3962,0,3534,0,hard_ground_13
37.501,3965,0,3522,0,hard_ground_13
37.504,3970,0,3515,0,hard_ground_13
37.511,3971,0,3521,0,hard_ground_13
37.511,3977,0,3528,0,hard_ground_13
37.519,3981,0,3545,0,hard_ground_13
37.525,3988,0,3556,0,hard_ground_13
37.528,3990,0,3575,0,hard_ground_13
37.536,3986,0,3606,0,hard_ground_13
37.538,3984,0,3603,0,hard_ground_13
37.545,3959,0,3618,0,hard_ground_13
37.551,3942,0,3620,0,hard_ground_13
37.552,3918,0,3638,0,hard_ground_13
37.561,3893,0,3648,0,hard_ground_13
37.566,3876,0,3633,0,hard_ground_13
37.566,3878,0,3646,0,hard_ground_13
37.573,3883,0,3635,0,hard_ground_13
37.58,3889,0,3635,0,hard_ground_13
37.586,3893,0,3629,0,hard_ground_13
37.59,3892,0,3616,0,hard_ground_13
37.594,3893,0,3625,0,hard_ground_13
37.601,3918,0,3614,0,hard_ground_13
37.601,3933,0,3614,0,hard_ground_13
37.611,3952,0,3617,0,hard_ground_13
37.614,3947,0,3624,0,hard_ground_13
37.617,3945,0,3605,0,hard_ground_13
37.622,3930,0,3571,0,hard_ground_13
37.631,3927,0,3551,0,hard_ground_13
37.636,3916,0,3530,0,hard_ground_13
37.636,3896,0,3541,0,hard_ground_13
37.643,3896,0,3533,0,hard_ground_13
37.649,3903,0,3561,0,hard_ground_13
37.656,3902,0,3589,0,hard_ground_13
37.657,3921,0,3603,0,hard_ground_13
37.664,3932,0,3579,0,hard_ground_13
37.67,3937,0,3560,0,hard_ground_13
37.672,3947,0,3562,0,hard_ground_13
37.677,3969,0,3560,0,hard_ground_13
37.685,3988,0,3538,0,hard_ground_13
37.69,3989,0,3540,0,hard_ground_13
37.691,3988,0,3533,0,hard_ground_13
37.698,3990,0,3541,0,hard_ground_13
37.705,3994,0,3538,0,hard_ground_13
37.711,3992,0,3529,0,hard_ground_13
37.712,3990,0,3540,0,hard_ground_13
37.72,3982,0,3557,0,hard_ground_13
37.726,3976,0,3573,0,hard_ground_13
37.726,3955,0,3602,0,hard_ground_13
37.733,3927,0,3626,0,hard_ground_13
37.741,3902,0,3636,0,hard_ground_13
37.741,3887,0,3623,0,hard_ground_13
37.75,3886,0,3617,0,hard_ground_13
37.754,3873,0,3600,0,hard_ground_13
37.761,3846,0,3598,0,hard_ground_13
37.761,3835,0,3608,0,hard_ground_13
37.768,3861,0,3606,0,hard_ground_13
37.774,3885,0,3622,0,hard_ground_13
37.78,3900,0,3604,0,hard_ground_13
37.785,3902,0,3551,0,hard_ground_13
37.788,3892,0,3485,0,hard_ground_13
37.796,3878,0,3426,0,hard_ground_13
37.796,3882,0,3246,0,hard_ground_13
37.802,3894,0,3350,0,hard_ground_13
37.809,3920,0,3594,0,hard_ground_13
37.816,3947,0,3684,0,hard_ground_13
37.82,3970,0,3719,0,hard_ground_13
37.823,3989,0,3740,0,hard_ground_13
37.831,3988,0,3737,0,hard_ground_13
37.831,3987,0,3722,0,hard_ground_13
37.838,3978,0,3662,0,hard_ground_13
37.844,3965,0,3588,0,hard_ground_13
37.846,3941,0,3552,0,hard_ground_13
37.851,3925,0,3530,0,hard_ground_13
37.859,3926,0,3530,0,hard_ground_13
37.864,3930,0,3553,0,hard_ground_13
37.866,3936,0,3597,0,hard_ground_13
37.872,3950,0,3665,0,hard_ground_13
37.879,3966,0,3687,0,hard_ground_13
37.885,3970,0,3719,0,hard_ground_13
37.886,3970,0,3717,0,hard_ground_13
37.893,3971,0,3716,0,hard_ground_13
37.899,3970,0,3672,0,hard_ground_13
37.901,3954,0,3551,0,hard_ground_13
37.91,3931,0,3226,0,hard_ground_13
37.915,3893,0,3010,0,hard_ground_13
37.92,3883,0,3001,0,hard_ground_13
37.925,3865,0,3243,0,hard_ground_13
37.928,3885,0,3493,0,hard_ground_13
37.934,3895,0,3508,0,hard_ground_13
37.939,3900,0,3440,0,hard_ground_13
37.942,3896,0,3215,0,hard_ground_13
37.949,3891,0,3262,0,hard_ground_13
37.955,3891,0,3492,0,hard_ground_13
37.959,3905,0,3616,0,hard_ground_13
37.962,3948,0,3698,0,hard_ground_13
37.969,3964,0,3730,0,hard_ground_13
37.975,3975,0,3738,0,hard_ground_13
37.976,3981,0,3775,0,hard_ground_13
37.984,3989,0,3781,0,hard_ground_13
37.989,3989,0,3788,0,hard_ground_13
37.991,3977,0,3779,0,hard_ground_13
37.997,3970,0,3746,0,hard_ground_13
38.003,3964,0,3678,0,hard_ground_13
38.01,3955,0,3608,0,hard_ground_13
38.011,3949,0,3572,0,hard_ground_13
38.019,3935,0,3572,0,hard_ground_13
38.024,3950,0,3592,0,hard_ground_13
38.027,3955,0,3650,0,hard_ground_13
38.031,3967,0,3680,0,hard_ground_13
38.038,3975,0,3699,0,hard_ground_13
38.045,3994,0,3712,0,hard_ground_13
38.05,3998,0,3712,0,hard_ground_13
38.052,3996,0,3617,0,hard_ground_13
38.059,3985,0,3420,0,hard_ground_13
38.061,3950,0,3144,0,hard_ground_13
38.07,3944,0,2897,0,hard_ground_13
38.073,3927,0,3136,0,hard_ground_13
38.077,3958,0,3486,0,hard_ground_13
38.084,3965,0,3620,0,hard_ground_13
38.087,3971,0,3614,0,hard_ground_13
38.094,3975,0,3622,0,hard_ground_13
38.1,3971,0,3658,0,hard_ground_13
38.101,3979,0,3695,0,hard_ground_13
38.109,3981,0,3731,0,hard_ground_13
38.115,3984,0,3735,0,hard_ground_13
38.115,3994,0,3733,0,hard_ground_13
38.122,3994,0,3739,0,hard_ground_13
38.129,3995,0,3728,0,hard_ground_13
38.135,3983,0,3707,0,hard_ground_13
38.136,3975,0,3698,0,hard_ground_13
38.143,3982,0,3720,0,hard_ground_13
38.149,3988,0,3714,0,hard_ground_13
38.154,3989,0,3664,0,hard_ground_13
38.16,3976,0,3636,0,hard_ground_13
38.163,3955,0,3624,0,hard_ground_13
38.168,3938,0,3637,0,hard_ground_13
38.17,3930,0,3639,0,hard_ground_13
38.177,3949,0,3644,0,hard_ground_13
38.184,3974,0,3672,0,hard_ground_13
38.188,3979,0,3686,0,hard_ground_13
38.191,3970,0,3705,0,hard_ground_13
38.198,3978,0,3713,0,hard_ground_13
38.204,3967,0,3681,0,hard_ground_13
38.205,3951,0,3593,0,hard_ground_13
38.212,3931,0,3373,0,hard_ground_13
38.219,3927,0,3339,0,hard_ground_13
38.221,3939,0,3452,0,hard_ground_13
38.229,3979,0,3629,0,hard_ground_13
38.233,3993,0,3706,0,hard_ground_13
38.237,3991,0,3686,0,hard_ground_13
38.24,3972,0,3645,0,hard_ground_13
38.247,3975,0,3601,0,hard_ground_13
38.253,3965,0,3550,0,hard_ground_13
38.259,3970,0,3642,0,hard_ground_13
38.26,3975,0,3716,0,hard_ground_13
38.268,3983,0,3767,0,hard_ground_13
38.274,3996,0,3796,0,hard_ground_13
38.279,4001,0,3788,0,hard_ground_13
38.285,3994,0,3724,0,hard_ground_13
38.289,3968,0,3669,0,hard_ground_13
38.294,3937,0,3543,0,hard_ground_13
38.295,3929,0,3226,0,hard_ground_13
38.302,3906,0,2838,0,hard_ground_13
38.309,3885,0,2934,0,hard_ground_13
38.311,3894,0,2851,0,hard_ground_13
38.316,3918,0,2997,0,hard_ground_13
38.323,3920,0,3214,0,hard_ground_13
38.329,3876,0,3242,0,hard_ground_13
38.33,3775,0,3197,0,hard_ground_13
38.337,3475,0,2969,0,hard_ground_13
38.344,3432,0,2572,0,hard_ground_13
38.349,2106,0,2309,0,hard_ground_13
38.351,0,0,2208,0,hard_ground_13
38.358,0,0,0,0,hard_ground_13
38.364,1909,0,0,0,hard_ground_13
38.366,2305,0,0,0,hard_ground_13
38.372,3166,0,403,0,hard_ground_13
38.379,3301,0,1578,0,hard_ground_13
38.379,2913,0,2222,0,hard_ground_13
38.387,1986,0,1704,0,hard_ground_13
38.392,0,0,0,0,hard_ground_13
38.395,0,0,0,0,hard_ground_13
38.4,0,0,0,0,hard_ground_13
38.409,0,0,0,0,hard_ground_13
38.413,0,0,0,2824,hard_ground_13
38.419,0,1065,0,3648,hard_ground_13
38.42,0,2564,0,3793,hard_ground_13
38.427,0,2880,0,3851,hard_ground_13
38.433,0,3143,0,3853,hard_ground_13
38.434,0,3276,0,3844,hard_ground_13
38.441,0,3225,0,3833,hard_ground_13
38.448,0,2686,0,3806,hard_ground_13
38.45,0,1756,0,3789,hard_ground_13
38.459,0,0,0,3767,hard_ground_13
38.462,0,0,0,3755,hard_ground_13
38.469,0,0,0,3762,hard_ground_13
38.469,0,0,0,3752,hard_ground_13
38.476,0,0,0,3731,hard_ground_13
38.482,0,0,0,3649,hard_ground_13
38.489,0,0,0,3609,hard_ground_13
38.493,0,1525,0,3540,hard_ground_13
38.497,0,1632,0,3371,hard_ground_13
38.504,0,0,0,2024,hard_ground_13
38.504,0,0,0,0,hard_ground_13
38.51,0,831,0,0,hard_ground_13
38.518,0,618,0,0,hard_ground_13
38.518,0,1024,0,0,hard_ground_13
38.529,0,2432,0,0,hard_ground_13
38.531,0,2959,1922,0,hard_ground_13
38.539,0,2245,2568,0,hard_ground_13
38.539,0,0,230,0,hard_ground_13
38.545,0,0,0,0,hard_ground_13
38.552,2483,0,0,0,hard_ground_13
38.559,2927,0,0,0,hard_ground_13
38.561,3340,0,0,0,hard_ground_13
38.566,3610,0,2275,0,hard_ground_13
38.573,3673,0,2819,0,hard_ground_13
38.574,3683,0,3356,0,hard_ground_13
38.58,3745,0,3430,0,hard_ground_13
38.587,3732,0,3507,0,hard_ground_13
38.594,3821,0,3513,0,hard_ground_13
38.595,3841,0,3439,0,hard_ground_13
38.601,3846,0,3377,0,hard_ground_13
38.608,3829,0,3348,0,hard_ground_13
38.614,3797,0,3373,0,hard_ground_13
38.616,3793,0,3508,0,hard_ground_13
38.622,3817,0,3478,0,hard_ground_13
38.628,3870,0,3540,0,hard_ground_13
38.629,3911,0,3556,0,hard_ground_13
38.637,3927,0,3720,0,hard_ground_13
38.643,3932,0,3794,0,hard_ground_13
38.649,3920,0,3842,0,hard_ground_13
38.649,3898,0,3873,0,hard_ground_13
38.656,3910,0,3867,0,hard_ground_13
38.663,3944,0,3866,0,hard_ground_13
38.665,3943,0,3866,0,hard_ground_13
38.67,3941,0,3866,0,hard_ground_13
38.677,3944,0,3882,0,hard_ground_13
38.684,3945,0,3892,0,hard_ground_13
38.688,3933,0,3898,0,hard_ground_13
38.691,3929,0,3898,0,hard_ground_13
38.698,3927,0,3896,0,hard_ground_13
38.698,3933,0,3872,0,hard_ground_13
38.707,3928,0,3852,0,hard_ground_13
38.712,3917,0,3858,0,hard_ground_13
38.714,3916,0,3866,0,hard_ground_13
38.719,3931,0,3863,0,hard_ground_13
38.728,3952,0,3885,0,hard_ground_13
38.733,3968,0,3900,0,hard_ground_13
38.738,3981,0,3905,0,hard_ground_13
38.74,3986,0,3922,0,hard_ground_13
38.747,3991,0,3921,0,hard_ground_13
38.753,3996,0,3929,0,hard_ground_13
38.754,4000,0,3926,0,hard_ground_13
38.76,4010,0,3930,0,hard_ground_13
38.767,4013,0,3928,0,hard_ground_13
38.769,4014,0,3902,0,hard_ground_13
38.777,4009,0,3894,0,hard_ground_13
38.781,3999,0,3890,0,hard_ground_13
38.785,3988,0,3861,0,hard_ground_13
38.793,3981,0,3857,0,hard_ground_13
38.795,3988,0,3884,0,hard_ground_13
38.802,3997,0,3871,0,hard_ground_13
38.808,4005,0,3878,0,hard_ground_13
38.809,4015,0,3910,0,hard_ground_13
38.816,4023,0,3926,0,hard_ground_13
38.823,4029,0,3933,0,hard_ground_13
38.827,4028,0,3932,0,hard_ground_13
38.83,4029,0,3936,0,hard_ground_13
38.837,4026,0,3921,0,hard_ground_13
38.839,4021,0,3908,0,hard_ground_13
38.844,4014,0,3904,0,hard_ground_13
38.852,4014,0,3889,0,hard_ground_13
38.857,4019,0,3869,0,hard_ground_13
38.863,4017,0,3881,0,hard_ground_13
38.865,4012,0,3889,0,hard_ground_13
38.872,4014,0,3884,0,hard_ground_13
38.872,4018,0,3883,0,hard_ground_13
38.879,4025,0,3889,0,hard_ground_13
38.886,4023,0,3879,0,hard_ground_13
38.893,4022,0,3889,0,hard_ground_13
38.894,4021,0,3917,0,hard_ground_13
38.899,4025,0,3927,0,hard_ground_13
38.907,4030,0,3918,0,hard_ground_13
38.913,4031,0,3921,0,hard_ground_13
38.915,4029,0,3922,0,hard_ground_13
38.92,4029,0,3918,0,hard_ground_13
38.927,4033,0,3911,0,hard_ground_13
38.928,4028,0,3902,0,hard_ground_13
38.934,4025,0,3899,0,hard_ground_13
38.941,4022,0,3896,0,hard_ground_13
38.948,4016,0,3876,0,hard_ground_13
38.949,4009,0,3880,0,hard_ground_13
38.955,4007,0,3878,0,hard_ground_13
38.962,4007,0,3878,0,hard_ground_13
38.968,4010,0,3886,0,hard_ground_13
38.969,4015,0,3896,0,hard_ground_13
38.976,4019,0,3894,0,hard_ground_13
38.983,4026,0,3908,0,hard_ground_13
38.985,4026,0,3915,0,hard_ground_13
38.991,4028,0,3915,0,hard_ground_13
38.997,4025,0,3929,0,hard_ground_13
39.0,4025,0,3911,0,hard_ground_13
39.004,4022,0,3909,0,hard_ground_13
39.012,4018,0,3907,0,hard_ground_13
39.017,4011,0,3898,0,hard_ground_13
39.018,4013,0,3905,0,hard_ground_13
39.024,4016,0,3900,0,hard_ground_13
39.032,4016,0,3899,0,hard_ground_13
39.038,4019,0,3900,0,hard_ground_13
39.038,4017,0,3906,0,hard_ground_13
39.046,4016,0,3908,0,hard_ground_13
39.052,4018,0,3912,0,hard_ground_13
39.053,4016,0,3912,0,hard_ground_13
39.059,4019,0,3917,0,hard_ground_13
39.066,4020,0,3908,0,hard_ground_13
39.072,4028,0,3890,0,hard_ground_13
39.073,4034,0,3868,0,hard_ground_13
39.082,4033,0,3854,0,hard_ground_13
39.087,4030,0,3843,4039,hard_ground_13
39.093,4029,0,3862,0,hard_ground_13
39.094,4029,0,3789,0,hard_ground_13
39.101,4023,0,3743,254,hard_ground_13
39.101,4022,0,3373,0,hard_ground_13
39.11,4016,0,3053,0,hard_ground_13
39.117,4007,0,3435,3073,hard_ground_13
39.122,4012,0,3338,0,hard_ground_13
39.126,4017,0,3283,0,hard_ground_13
39.129,4018,0,2410,0,hard_ground_13
39.135,4017,0,2561,0,hard_ground_13
39.143,4023,0,3239,0,hard_ground_13
39.143,4015,0,3543,0,hard_ground_13
39.15,4022,0,3644,0,hard_ground_13
39.156,4028,0,3646,0,hard_ground_13
39.162,4037,0,3576,0,hard_ground_13
39.164,4037,0,3522,0,hard_ground_13
39.17,4039,0,3491,3407,hard_ground_13
39.177,4036,0,3558,3885,hard_ground_13
39.178,4031,0,3349,3860,hard_ground_13
39.185,4028,0,2214,3319,hard_ground_13
39.191,4018,0,0,0,hard_ground_13
39.197,4015,0,0,0,hard_ground_13
39.202,4006,0,0,3529,hard_ground_13
39.207,3994,0,1684,3737,hard_ground_13
39.212,3993,0,3094,3650,hard_ground_13
39.217,4004,0,3334,0,hard_ground_13
39.219,4021,0,3216,0,hard_ground_13
39.226,4026,0,3100,0,hard_ground_13
39.232,4037,0,3182,0,hard_ground_13
39.234,4039,0,3442,0,hard_ground_13
39.24,4037,0,3638,0,hard_ground_13
39.247,4039,0,3652,3342,hard_ground_13
39.248,4032,0,3545,3234,hard_ground_13
39.257,4024,0,3291,0,hard_ground_13
39.26,4026,0,2617,3811,hard_ground_13
39.267,4014,0,2174,3923,hard_ground_13
39.268,4001,0,0,3934,hard_ground_13
39.277,3982,0,0,3866,hard_ground_13
39.281,3960,0,0,3158,hard_ground_13
39.287,3962,0,0,2967,hard_ground_13
39.291,3977,0,0,3571,hard_ground_13
39.295,3993,0,0,3893,hard_ground_13
39.302,4004,0,2533,3934,hard_ground_13
39.307,4012,0,2770,3879,hard_ground_13
39.312,4020,0,2687,3579,hard_ground_13
39.316,4023,0,2613,2859,hard_ground_13
39.322,4030,0,2618,0,hard_ground_13
39.323,4034,0,3022,0,hard_ground_13
39.33,4031,0,3487,3272,hard_ground_13
39.337,4025,0,3534,3740,hard_ground_13
39.342,4023,0,3476,3661,hard_ground_13
39.344,4019,0,3110,2435,hard_ground_13
39.351,4014,0,3011,0,hard_ground_13
39.357,4016,0,2701,0,hard_ground_13
39.358,4010,0,3046,0,hard_ground_13
39.365,4009,0,3104,0,hard_ground_13
39.371,4025,0,3493,0,hard_ground_13
39.377,4032,0,3570,0,hard_ground_13
39.378,4033,0,3656,0,hard_ground_13
39.387,4034,0,3754,0,hard_ground_13
39.392,4034,0,3770,2240,hard_ground_13
39.393,4032,0,3726,0,hard_ground_13
39.399,4028,0,3565,0,hard_ground_13
39.406,4021,0,3042,0,hard_ground_13
39.407,4016,0,2842,0,hard_ground_13
39.416,4004,0,2725,0,hard_ground_13
39.42,3998,0,3004,0,hard_ground_13
39.424,3986,0,3078,0,hard_ground_13
39.427,3994,0,3293,0,hard_ground_13
39.434,4002,0,3210,0,hard_ground_13
39.441,4016,0,3345,0,hard_ground_13
39.447,4031,0,3387,0,hard_ground_13
39.451,4033,0,3465,0,hard_ground_13
39.455,4038,0,3544,0,hard_ground_13
39.462,4042,0,3576,0,hard_ground_13
39.462,4041,0,3588,0,hard_ground_13
39.469,4039,0,3580,0,hard_ground_13
39.475,4038,0,3523,0,hard_ground_13
39.481,4027,0,3311,0,hard_ground_13
39.487,4027,0,3054,0,hard_ground_13
39.49,4028,0,2870,0,hard_ground_13
39.497,4024,0,2763,0,hard_ground_13
39.497,4028,0,2901,0,hard_ground_13
39.504,4024,0,3209,0,hard_ground_13
39.51,4025,0,3415,0,hard_ground_13
39.513,4026,0,3454,0,hard_ground_13
39.517,4030,0,3484,0,hard_ground_13
39.524,4038,0,3389,0,hard_ground_13
39.531,4038,0,3464,0,hard_ground_13
39.531,4032,0,3566,0,hard_ground_13
39.538,4026,0,3604,0,hard_ground_13
39.545,4023,0,3496,0,hard_ground_13
39.551,4020,0,3116,0,hard_ground_13
39.556,4013,0,2680,0,hard_ground_13
39.561,4005,0,2101,0,hard_ground_13
39.566,3990,0,1371,0,hard_ground_13
39.567,3939,0,2503,0,hard_ground_13
39.573,3903,0,2769,2553,hard_ground_13
39.58,3910,0,3154,3361,hard_ground_13
39.586,3919,0,3322,3512,hard_ground_13
39.588,3938,0,3197,3359,hard_ground_13
39.593,3903,0,3212,3404,hard_ground_13
39.601,3819,0,3136,3695,hard_ground_13
39.602,3635,0,3037,3795,hard_ground_13
39.61,3231,0,3008,3830,hard_ground_13
39.615,2862,0,2446,3849,hard_ground_13
39.621,1906,0,0,3850,hard_ground_13
39.622,0,0,0,3826,hard_ground_13
39.628,0,0,0,3828,hard_ground_13
39.636,0,0,0,3914,hard_ground_13
39.636,0,0,0,3949,hard_ground_13
39.644,0,0,0,3949,hard_ground_13
39.649,0,0,0,3964,hard_ground_13
39.656,0,0,2463,3947,hard_ground_13
39.66,0,0,2620,3936,hard_ground_13
39.666,0,0,2427,3917,hard_ground_13
39.67,0,0,0,3862,hard_ground_13
39.672,0,0,0,3756,hard_ground_13
39.678,0,0,0,3692,hard_ground_13
39.684,0,0,0,3838,hard_ground_13
39.691,0,1241,0,3909,hard_ground_13
39.692,0,2425,0,3963,hard_ground_13
39.698,0,2737,0,3984,hard_ground_13
39.705,0,2843,0,3970,hard_ground_13
39.711,0,2665,0,3937,hard_ground_13
39.716,0,2665,0,3893,hard_ground_13
39.719,0,2685,0,3824,hard_ground_13
39.726,0,2965,0,3845,hard_ground_13
39.727,0,2884,0,3887,hard_ground_13
39.736,0,2967,0,3914,hard_ground_13
39.739,0,3098,0,3894,hard_ground_13
39.744,0,3138,0,3876,hard_ground_13
39.747,0,3191,0,3876,hard_ground_13
39.754,0,3252,0,3890,hard_ground_13
39.76,0,3254,0,3887,hard_ground_13
39.766,0,3396,0,3835,hard_ground_13
39.767,0,3542,0,3878,hard_ground_13
39.774,0,3580,0,3920,hard_ground_13
39.78,0,3590,0,3956,hard_ground_13
39.781,0,3625,0,3967,hard_ground_13
39.788,0,3617,0,3970,hard_ground_13
39.795,0,3602,0,3960,hard_ground_13
39.801,0,3587,0,3936,hard_ground_13
39.805,0,3570,0,3929,hard_ground_13
39.809,0,3563,0,3933,hard_ground_13
39.813,0,3543,0,3955,hard_ground_13
39.821,0,3514,0,3949,hard_ground_13
39.823,0,3467,0,3945,hard_ground_13
39.83,0,3456,0,3953,hard_ground_13
39.836,0,3253,0,3961,hard_ground_13
39.841,0,3257,0,3983,hard_ground_13
39.844,0,3365,0,3989,hard_ground_13
39.85,0,3518,0,3974,hard_ground_13
39.856,0,3588,0,3957,hard_ground_13
39.857,0,3606,0,3939,hard_ground_13
39.865,0,3586,0,3928,hard_ground_13
39.871,0,3537,0,3927,hard_ground_13
39.872,0,3473,0,3936,hard_ground_13
39.879,0,3390,0,3909,hard_ground_13
39.885,0,3274,0,3867,hard_ground_13
39.887,0,3070,0,3842,hard_ground_13
39.892,0,2753,0,3835,hard_ground_13
39.899,0,2640,0,3793,hard_ground_13
39.905,0,2682,0,3871,hard_ground_13
39.906,0,3106,0,3904,hard_ground_13
39.914,0,3317,0,3961,hard_ground_13
39.92,0,3480,0,3971,hard_ground_13
39.921,0,3533,0,3971,hard_ground_13
39.929,0,3535,0,3983,hard_ground_13
39.934,0,3527,0,3986,hard_ground_13
39.938,0,3508,0,3986,hard_ground_13
39.941,0,3502,0,3981,hard_ground_13
39.951,0,3552,0,3995,hard_ground_13
39.954,0,3657,0,3991,hard_ground_13
39.956,0,3689,0,4008,hard_ground_13
39.962,0,3726,0,4011,hard_ground_13
39.969,0,3657,0,4007,hard_ground_13
39.976,0,3515,0,3992,hard_ground_13
39.976,0,1855,0,3964,hard_ground_13
39.983,0,1185,0,3854,hard_ground_13
39.989,0,2210,0,3903,hard_ground_13
39.995,0,3441,0,3970,hard_ground_13
39.996,0,3675,0,3995,hard_ground_13
40.004,0,3779,0,4012,hard_ground_13
