time,fsr1,fsr2,fsr3,fsr4,label
0.001,3479,0,0,3938,hard_ground_11
0.001,3482,0,0,3930,hard_ground_11
0.001,3475,0,0,3930,hard_ground_11
0.001,3481,0,0,3932,hard_ground_11
0.001,3486,0,0,3932,hard_ground_11
0.001,3482,0,0,3931,hard_ground_11
0.003,3485,0,0,3926,hard_ground_11
0.003,3482,0,0,3931,hard_ground_11
0.003,3480,0,0,3929,hard_ground_11
0.003,3480,0,0,3932,hard_ground_11
0.003,3482,0,0,3931,hard_ground_11
0.003,3485,0,0,3930,hard_ground_11
0.003,3485,0,0,3938,hard_ground_11
0.003,3484,0,0,3932,hard_ground_11
0.003,3472,0,0,3930,hard_ground_11
0.003,3483,0,0,3931,hard_ground_11
0.003,3481,0,0,3933,hard_ground_11
0.003,3480,0,0,3929,hard_ground_11
0.003,3484,0,0,3929,hard_ground_11
0.003,3482,0,0,3929,hard_ground_11
0.003,3483,0,0,3928,hard_ground_11
0.003,3481,0,0,3933,hard_ground_11
0.006,3481,0,0,3925,hard_ground_11
0.006,3481,0,0,3932,hard_ground_11
0.006,3482,0,0,3927,hard_ground_11
0.006,3481,0,0,3929,hard_ground_11
0.006,3478,0,0,3933,hard_ground_11
0.006,3479,0,0,3929,hard_ground_11
0.006,3480,0,0,3932,hard_ground_11
0.006,3481,0,0,3934,hard_ground_11
0.006,3479,0,0,3933,hard_ground_11
0.006,3483,0,0,3928,hard_ground_11
0.006,3484,0,0,3932,hard_ground_11
0.006,3481,0,0,3937,hard_ground_11
0.006,3482,0,0,3931,hard_ground_11
0.006,3481,0,0,3932,hard_ground_11
0.006,3483,0,0,3929,hard_ground_11
0.006,3483,0,0,3921,hard_ground_11
0.006,3482,0,0,3930,hard_ground_11
0.008,3483,0,0,3937,hard_ground_11
0.008,3487,0,0,3925,hard_ground_11
0.008,3482,0,0,3930,hard_ground_11
0.008,3484,0,0,3930,hard_ground_11
0.008,3484,0,0,3931,hard_ground_11
0.008,3487,0,0,3928,hard_ground_11
0.009,3482,0,0,3933,hard_ground_11
0.009,3484,0,0,3935,hard_ground_11
0.009,3482,0,0,3930,hard_ground_11
0.009,3478,0,0,3932,hard_ground_11
0.009,3485,0,0,3929,hard_ground_11
0.009,3484,0,0,3932,hard_ground_11
0.009,3485,0,0,3931,hard_ground_11
0.009,3485,0,0,3930,hard_ground_11
0.009,3490,0,0,3930,hard_ground_11
0.009,3483,0,0,3928,hard_ground_11
0.009,3485,0,0,3933,hard_ground_11
0.009,3486,0,0,3931,hard_ground_11
0.009,3481,0,0,3929,hard_ground_11
0.009,3483,0,0,3929,hard_ground_11
0.009,3481,0,0,3934,hard_ground_11
0.009,3484,0,0,3934,hard_ground_11
0.009,3487,0,0,3931,hard_ground_11
0.009,3487,0,0,3926,hard_ground_11
0.009,3485,0,0,3931,hard_ground_11
0.009,3486,0,0,3931,hard_ground_11
0.009,3486,0,0,3932,hard_ground_11
0.009,3484,0,0,3930,hard_ground_11
0.009,3486,0,0,3925,hard_ground_11
0.009,3484,0,0,3931,hard_ground_11
0.009,3488,0,0,3931,hard_ground_11
0.009,3487,0,0,3925,hard_ground_11
0.009,3487,0,0,3931,hard_ground_11
0.009,3487,0,0,3934,hard_ground_11
0.009,3486,0,0,3930,hard_ground_11
0.009,3494,0,0,3929,hard_ground_11
0.009,3486,0,0,3930,hard_ground_11
0.009,3488,0,0,3928,hard_ground_11
0.009,3488,0,0,3930,hard_ground_11
0.009,3485,0,0,3929,hard_ground_11
0.009,3490,0,0,3933,hard_ground_11
0.009,3484,0,0,3929,hard_ground_11
0.009,3491,0,0,3931,hard_ground_11
0.009,3487,0,0,3930,hard_ground_11
0.009,3491,0,0,3934,hard_ground_11
0.009,3488,0,0,3930,hard_ground_11
0.009,3488,0,0,3937,hard_ground_11
0.015,3488,0,0,3935,hard_ground_11
0.015,3481,0,0,3929,hard_ground_11
0.015,3484,0,0,3930,hard_ground_11
0.015,3486,0,0,3925,hard_ground_11
0.015,3489,0,0,3930,hard_ground_11
0.015,3486,0,0,3930,hard_ground_11
0.015,3486,0,0,3931,hard_ground_11
0.015,3488,0,0,3932,hard_ground_11
0.015,3486,0,0,3938,hard_ground_11
0.015,3484,0,0,3932,hard_ground_11
0.015,3479,0,0,3932,hard_ground_11
0.015,3487,0,0,3931,hard_ground_11
0.015,3491,0,0,3931,hard_ground_11
0.015,3488,0,0,3933,hard_ground_11
0.015,3489,0,0,3933,hard_ground_11
0.015,3488,0,0,3934,hard_ground_11
0.015,3488,0,0,3930,hard_ground_11
0.015,3494,0,0,3931,hard_ground_11
0.015,3489,0,0,3924,hard_ground_11
0.015,3490,0,0,3932,hard_ground_11
0.015,3488,0,0,3929,hard_ground_11
0.019,3482,0,0,3930,hard_ground_11
0.019,3489,0,0,3932,hard_ground_11
0.019,3491,0,0,3932,hard_ground_11
0.019,3491,0,0,3930,hard_ground_11
0.02,3488,0,0,3926,hard_ground_11
0.02,3492,0,0,3936,hard_ground_11
0.021,3489,0,0,3936,hard_ground_11
0.021,3488,0,0,3937,hard_ground_11
0.021,3488,0,0,3932,hard_ground_11
0.021,3487,0,0,3928,hard_ground_11
0.021,3487,0,0,3923,hard_ground_11
0.021,3492,0,0,3930,hard_ground_11
0.021,3490,0,0,3934,hard_ground_11
0.021,3488,0,0,3931,hard_ground_11
0.021,3491,0,0,3931,hard_ground_11
0.021,3489,0,0,3931,hard_ground_11
0.021,3492,0,0,3930,hard_ground_11
0.021,3490,0,0,3931,hard_ground_11
0.021,3489,0,0,3935,hard_ground_11
0.021,3490,0,0,3932,hard_ground_11
0.021,3486,0,0,3930,hard_ground_11
0.021,3487,0,0,3932,hard_ground_11
0.023,3490,0,0,3932,hard_ground_11
0.023,3493,0,0,3935,hard_ground_11
0.023,3491,0,0,3936,hard_ground_11
0.023,3494,0,0,3929,hard_ground_11
0.023,3490,0,0,3931,hard_ground_11
0.023,3486,0,0,3929,hard_ground_11
0.023,3492,0,0,3933,hard_ground_11
0.023,3491,0,0,3937,hard_ground_11
0.023,3486,0,0,3930,hard_ground_11
0.023,3492,0,0,3926,hard_ground_11
0.023,3491,0,0,3931,hard_ground_11
0.023,3485,0,0,3932,hard_ground_11
0.023,3494,0,0,3931,hard_ground_11
0.023,3493,0,0,3932,hard_ground_11
0.025,3486,0,0,3930,hard_ground_11
0.025,3489,0,0,3935,hard_ground_11
0.025,3491,0,0,3931,hard_ground_11
0.025,3488,0,0,3932,hard_ground_11
0.025,3490,0,0,3930,hard_ground_11
0.025,3490,0,0,3931,hard_ground_11
0.026,3483,0,0,3929,hard_ground_11
0.026,3491,0,0,3931,hard_ground_11
0.026,3496,0,0,3931,hard_ground_11
0.026,3491,0,0,3931,hard_ground_11
0.026,3497,0,0,3929,hard_ground_11
0.026,3494,0,0,3930,hard_ground_11
0.026,3494,0,0,3933,hard_ground_11
0.026,3488,0,0,3925,hard_ground_11
0.026,3490,0,0,3929,hard_ground_11
0.026,3492,0,0,3934,hard_ground_11
0.026,3493,0,0,3931,hard_ground_11
0.026,3492,0,0,3924,hard_ground_11
0.026,3492,0,0,3929,hard_ground_11
0.026,3492,0,0,3932,hard_ground_11
0.026,3493,0,0,3930,hard_ground_11
0.026,3491,0,0,3930,hard_ground_11
0.026,3491,0,0,3932,hard_ground_11
0.026,3495,0,0,3937,hard_ground_11
0.026,3492,0,0,3931,hard_ground_11
0.026,3496,0,0,3932,hard_ground_11
0.026,3493,0,0,3930,hard_ground_11
0.026,3492,0,0,3932,hard_ground_11
0.026,3485,0,0,3933,hard_ground_11
0.026,3492,0,0,3931,hard_ground_11
0.026,3493,0,0,3935,hard_ground_11
0.026,3493,0,0,3933,hard_ground_11
0.03,3487,0,0,3932,hard_ground_11
0.03,3490,0,0,3929,hard_ground_11
0.03,3490,0,0,3930,hard_ground_11
0.03,3494,0,0,3930,hard_ground_11
0.03,3491,0,0,3932,hard_ground_11
0.03,3494,0,0,3932,hard_ground_11
0.03,3491,0,0,3931,hard_ground_11
0.031,3492,0,0,3934,hard_ground_11
0.031,3491,0,0,3931,hard_ground_11
0.031,3493,0,0,3927,hard_ground_11
0.031,3493,0,0,3929,hard_ground_11
0.031,3491,0,0,3932,hard_ground_11
0.031,3488,0,0,3935,hard_ground_11
0.031,3492,0,0,3931,hard_ground_11
0.031,3482,0,0,3933,hard_ground_11
0.031,3491,0,0,3928,hard_ground_11
0.031,3490,0,0,3930,hard_ground_11
0.031,3490,0,0,3932,hard_ground_11
0.031,3490,0,0,3934,hard_ground_11
0.031,3486,0,0,3931,hard_ground_11
0.033,3490,0,0,3931,hard_ground_11
0.033,3488,0,0,3929,hard_ground_11
0.034,3494,0,0,3931,hard_ground_11
0.034,3485,0,0,3930,hard_ground_11
0.034,3489,0,0,3932,hard_ground_11
0.034,3491,0,0,3932,hard_ground_11
0.034,3491,0,0,3935,hard_ground_11
0.034,3489,0,0,3929,hard_ground_11
0.034,3491,0,0,3929,hard_ground_11
0.034,3487,0,0,3928,hard_ground_11
0.035,3492,0,0,3931,hard_ground_11
0.035,3490,0,0,3929,hard_ground_11
0.035,3488,0,0,3934,hard_ground_11
0.035,3490,0,0,3932,hard_ground_11
0.035,3493,0,0,3932,hard_ground_11
0.035,3488,0,0,3930,hard_ground_11
0.035,3490,0,0,3933,hard_ground_11
0.035,3489,0,0,3923,hard_ground_11
0.035,3489,0,0,3938,hard_ground_11
0.035,3491,0,0,3938,hard_ground_11
0.035,3489,0,0,3933,hard_ground_11
0.035,3489,0,0,3934,hard_ground_11
0.035,3483,0,0,3935,hard_ground_11
0.035,3488,0,0,3937,hard_ground_11
0.035,3495,0,0,3934,hard_ground_11
0.035,3492,0,0,3933,hard_ground_11
0.035,3500,0,0,3934,hard_ground_11
0.035,3495,0,0,3935,hard_ground_11
0.035,3489,0,0,3935,hard_ground_11
0.035,3491,0,0,3934,hard_ground_11
0.035,3490,0,0,3935,hard_ground_11
0.035,3492,0,0,3941,hard_ground_11
0.035,3491,0,0,3931,hard_ground_11
0.035,3483,0,0,3935,hard_ground_11
0.035,3489,0,0,3935,hard_ground_11
0.035,3496,0,0,3938,hard_ground_11
0.035,3491,0,0,3936,hard_ground_11
0.035,3494,0,0,3941,hard_ground_11
0.035,3491,0,0,3933,hard_ground_11
0.035,3493,0,0,3936,hard_ground_11
0.035,3491,0,0,3934,hard_ground_11
0.035,3491,0,0,3938,hard_ground_11
0.04,3490,0,0,3939,hard_ground_11
0.04,3492,0,0,3938,hard_ground_11
0.04,3491,0,0,3935,hard_ground_11
0.04,3488,0,0,3934,hard_ground_11
0.041,3492,0,0,3936,hard_ground_11
0.041,3491,0,0,3935,hard_ground_11
0.041,3494,0,0,3936,hard_ground_11
0.041,3491,0,0,3934,hard_ground_11
0.041,3488,0,0,3932,hard_ground_11
0.041,3492,0,0,3932,hard_ground_11
0.041,3497,0,0,3936,hard_ground_11
0.041,3492,0,0,3933,hard_ground_11
0.041,3496,0,0,3934,hard_ground_11
0.041,3494,0,0,3932,hard_ground_11
0.041,3492,0,0,3937,hard_ground_11
0.041,3496,0,0,3935,hard_ground_11
0.041,3492,0,0,3938,hard_ground_11
0.041,3490,0,0,3935,hard_ground_11
0.041,3484,0,0,3932,hard_ground_11
0.041,3491,0,0,3932,hard_ground_11
0.041,3493,0,0,3931,hard_ground_11
0.041,3495,0,0,3938,hard_ground_11
0.041,3486,0,0,3934,hard_ground_11
0.041,3488,0,0,3934,hard_ground_11
0.041,3498,0,0,3934,hard_ground_11
0.041,3494,0,0,3935,hard_ground_11
0.041,3486,0,0,3925,hard_ground_11
0.041,3490,0,0,3938,hard_ground_11
0.041,3492,0,0,3934,hard_ground_11
0.041,3488,0,0,3931,hard_ground_11
0.041,3495,0,0,3934,hard_ground_11
0.041,3491,0,0,3932,hard_ground_11
0.041,3495,0,0,3938,hard_ground_11
0.041,3492,0,0,3928,hard_ground_11
0.041,3488,0,0,3929,hard_ground_11
0.045,3491,0,0,3934,hard_ground_11
0.045,3493,0,0,3932,hard_ground_11
0.045,3491,0,0,3935,hard_ground_11
0.045,3489,0,0,3933,hard_ground_11
0.045,3490,0,0,3940,hard_ground_11
0.045,3490,0,0,3934,hard_ground_11
0.045,3490,0,0,3928,hard_ground_11
0.045,3485,0,0,3934,hard_ground_11
0.045,3491,0,0,3932,hard_ground_11
0.045,3488,0,0,3937,hard_ground_11
0.045,3481,0,0,3936,hard_ground_11
0.045,3489,0,0,3934,hard_ground_11
0.047,3493,0,0,3934,hard_ground_11
0.047,3487,0,0,3935,hard_ground_11
0.047,3489,0,0,3926,hard_ground_11
0.047,3491,0,0,3935,hard_ground_11
0.047,3491,0,0,3934,hard_ground_11
0.047,3490,0,0,3933,hard_ground_11
0.047,3492,0,0,3936,hard_ground_11
0.047,3492,0,0,3935,hard_ground_11
0.047,3492,0,0,3933,hard_ground_11
0.047,3491,0,0,3934,hard_ground_11
0.047,3490,0,0,3933,hard_ground_11
0.047,3495,0,0,3930,hard_ground_11
0.047,3487,0,0,3933,hard_ground_11
0.047,3489,0,0,3937,hard_ground_11
0.047,3490,0,0,3931,hard_ground_11
0.047,3492,0,0,3932,hard_ground_11
0.047,3491,0,0,3935,hard_ground_11
0.047,3490,0,0,3939,hard_ground_11
0.047,3492,0,0,3938,hard_ground_11
0.047,3491,0,0,3931,hard_ground_11
0.05,3491,0,0,3930,hard_ground_11
0.05,3490,0,0,3939,hard_ground_11
0.05,3487,0,0,3937,hard_ground_11
0.05,3488,0,0,3935,hard_ground_11
0.05,3491,0,0,3935,hard_ground_11
0.05,3492,0,0,3936,hard_ground_11
0.05,3491,0,0,3935,hard_ground_11
0.05,3492,0,0,3939,hard_ground_11
0.05,3491,0,0,3933,hard_ground_11
0.05,3492,0,0,3938,hard_ground_11
0.05,3495,0,0,3943,hard_ground_11
0.05,3494,0,0,3933,hard_ground_11
0.05,3492,0,0,3941,hard_ground_11
0.05,3496,0,0,3931,hard_ground_11
0.05,3492,0,0,3936,hard_ground_11
0.05,3493,0,0,3936,hard_ground_11
0.05,3492,0,0,3936,hard_ground_11
0.05,3491,0,0,3936,hard_ground_11
0.05,3491,0,0,3937,hard_ground_11
0.05,3495,0,0,3935,hard_ground_11
0.05,3496,0,0,3938,hard_ground_11
0.05,3492,0,0,3937,hard_ground_11
0.05,3496,0,0,3938,hard_ground_11
0.054,3494,0,0,3934,hard_ground_11
0.054,3499,0,0,3937,hard_ground_11
0.054,3495,0,0,3936,hard_ground_11
0.054,3496,0,0,3936,hard_ground_11
0.054,3492,0,0,3936,hard_ground_11
0.054,3498,0,0,3934,hard_ground_11
0.055,3495,0,0,3936,hard_ground_11
0.055,3495,0,0,3937,hard_ground_11
0.055,3493,0,0,3936,hard_ground_11
0.055,3493,0,0,3937,hard_ground_11
0.055,3498,0,0,3940,hard_ground_11
0.055,3498,0,0,3936,hard_ground_11
0.055,3497,0,0,3936,hard_ground_11
0.055,3496,0,0,3940,hard_ground_11
0.055,3500,0,0,3935,hard_ground_11
0.055,3499,0,0,3941,hard_ground_11
0.055,3496,0,0,3937,hard_ground_11
0.055,3497,0,0,3937,hard_ground_11
0.055,3492,0,0,3935,hard_ground_11
0.055,3496,0,0,3940,hard_ground_11
0.055,3492,0,0,3937,hard_ground_11
0.055,3497,0,0,3934,hard_ground_11
0.055,3497,0,0,3939,hard_ground_11
0.055,3495,0,0,3937,hard_ground_11
0.055,3497,0,0,3931,hard_ground_11
0.055,3500,0,0,3938,hard_ground_11
0.055,3496,0,0,3938,hard_ground_11
0.055,3495,0,0,3936,hard_ground_11
0.055,3497,0,0,3936,hard_ground_11
0.055,3496,0,0,3937,hard_ground_11
0.055,3494,0,0,3936,hard_ground_11
0.055,3503,0,0,3934,hard_ground_11
0.055,3495,0,0,3933,hard_ground_11
0.055,3493,0,0,3937,hard_ground_11
0.055,3490,0,0,3929,hard_ground_11
0.055,3497,0,0,3934,hard_ground_11
0.055,3495,0,0,3941,hard_ground_11
0.055,3493,0,0,3938,hard_ground_11
0.055,3494,0,0,3938,hard_ground_11
0.055,3493,0,0,3934,hard_ground_11
0.055,3496,0,0,3935,hard_ground_11
0.055,3495,0,0,3934,hard_ground_11
0.06,3494,0,0,3937,hard_ground_11
0.06,3496,0,0,3935,hard_ground_11
0.06,3497,0,0,3939,hard_ground_11
0.061,3496,0,0,3935,hard_ground_11
0.061,3496,0,0,3935,hard_ground_11
0.061,3494,0,0,3939,hard_ground_11
0.061,3488,0,0,3942,hard_ground_11
0.061,3488,0,0,3932,hard_ground_11
0.061,3494,0,0,3942,hard_ground_11
0.061,3495,0,0,3938,hard_ground_11
0.061,3491,0,0,3939,hard_ground_11
0.061,3487,0,0,3936,hard_ground_11
0.061,3483,0,0,3934,hard_ground_11
0.061,3497,0,0,3935,hard_ground_11
0.061,3491,0,0,3938,hard_ground_11
0.061,3498,0,0,3938,hard_ground_11
0.061,3490,0,0,3934,hard_ground_11
0.061,3487,0,0,3938,hard_ground_11
0.061,3492,0,0,3945,hard_ground_11
0.061,3493,0,0,3934,hard_ground_11
0.065,3493,0,0,3938,hard_ground_11
0.065,3488,0,0,3942,hard_ground_11
0.066,3488,0,0,3934,hard_ground_11
0.066,3491,0,0,3935,hard_ground_11
0.066,3490,0,0,3935,hard_ground_11
0.066,3494,0,0,3937,hard_ground_11
0.066,3491,0,0,3940,hard_ground_11
0.066,3486,0,0,3932,hard_ground_11
0.066,3492,0,0,3937,hard_ground_11
0.066,3491,0,0,3944,hard_ground_11
0.066,3489,0,0,3936,hard_ground_11
0.066,3491,0,0,3935,hard_ground_11
0.066,3495,0,0,3942,hard_ground_11
0.066,3488,0,0,3934,hard_ground_11
0.066,3498,0,0,3938,hard_ground_11
0.066,3492,0,0,3940,hard_ground_11
0.066,3494,0,0,3937,hard_ground_11
0.068,3490,0,0,3934,hard_ground_11
0.068,3492,0,0,3938,hard_ground_11
0.068,3493,0,0,3935,hard_ground_11
0.068,3487,0,0,3935,hard_ground_11
0.068,3491,0,0,3930,hard_ground_11
0.068,3494,0,0,3939,hard_ground_11
0.069,3492,0,0,3938,hard_ground_11
0.069,3497,0,0,3939,hard_ground_11
0.069,3493,0,0,3939,hard_ground_11
0.07,3491,0,0,3938,hard_ground_11
0.075,3491,0,0,3935,hard_ground_11
0.081,3492,0,0,3935,hard_ground_11
0.082,3494,0,0,3933,hard_ground_11
0.089,3491,0,0,3940,hard_ground_11
0.095,3499,0,0,3940,hard_ground_11
0.097,3490,0,0,3936,hard_ground_11
0.102,3494,0,0,3937,hard_ground_11
0.11,3492,0,0,3937,hard_ground_11
0.115,3496,0,0,3937,hard_ground_11
0.116,3493,0,0,3936,hard_ground_11
0.124,3495,0,0,3930,hard_ground_11
0.13,3493,0,0,3936,hard_ground_11
0.136,3493,0,0,3938,hard_ground_11
0.137,3496,0,0,3934,hard_ground_11
0.145,3494,0,0,3939,hard_ground_11
0.151,3495,0,0,3936,hard_ground_11
0.152,3492,0,0,3935,hard_ground_11
0.159,3489,0,0,3939,hard_ground_11
0.165,3499,0,0,3939,hard_ground_11
0.171,3492,0,0,3939,hard_ground_11
0.173,3493,0,0,3937,hard_ground_11
0.18,3494,0,0,3940,hard_ground_11
0.186,3492,0,0,3937,hard_ground_11
0.187,3495,0,0,3938,hard_ground_11
0.193,3489,0,0,3938,hard_ground_11
0.2,3495,0,0,3935,hard_ground_11
0.201,3493,0,0,3937,hard_ground_11
0.206,3495,0,0,3937,hard_ground_11
0.214,3499,0,0,3935,hard_ground_11
0.22,3492,0,0,3937,hard_ground_11
0.222,3494,0,0,3930,hard_ground_11
0.228,3491,0,0,3935,hard_ground_11
0.234,3493,0,0,3929,hard_ground_11
0.239,3493,0,0,3934,hard_ground_11
0.244,3492,0,0,3942,hard_ground_11
0.249,3498,0,0,3936,hard_ground_11
0.255,3497,0,0,3935,hard_ground_11
0.258,3497,0,0,3942,hard_ground_11
0.266,3494,0,0,3939,hard_ground_11
0.27,3493,0,0,3938,hard_ground_11
0.274,3498,0,0,3939,hard_ground_11
0.277,3497,0,0,3938,hard_ground_11
0.284,3500,0,0,3937,hard_ground_11
0.291,3499,0,0,3939,hard_ground_11
0.291,3496,0,0,3940,hard_ground_11
0.299,3493,0,0,3936,hard_ground_11
0.304,3494,0,0,3943,hard_ground_11
0.307,3501,0,0,3936,hard_ground_11
0.311,3499,0,0,3936,hard_ground_11
0.318,3493,0,0,3934,hard_ground_11
0.325,3501,0,0,3935,hard_ground_11
0.327,3497,0,0,3933,hard_ground_11
0.332,3495,0,0,3943,hard_ground_11
0.339,3491,0,0,3937,hard_ground_11
0.345,3492,0,0,3936,hard_ground_11
0.346,3495,0,0,3938,hard_ground_11
0.353,3495,0,0,3935,hard_ground_11
0.36,3496,0,0,3934,hard_ground_11
0.361,3492,0,0,3935,hard_ground_11
0.367,3495,0,0,3937,hard_ground_11
0.374,3498,0,0,3937,hard_ground_11
0.38,3497,0,0,3935,hard_ground_11
0.38,3493,0,0,3943,hard_ground_11
0.388,3496,0,0,3937,hard_ground_11
0.394,3497,0,0,3935,hard_ground_11
0.396,3495,0,0,3933,hard_ground_11
0.402,3498,0,0,3942,hard_ground_11
0.409,3496,0,0,3937,hard_ground_11
0.415,3500,0,0,3938,hard_ground_11
0.416,3495,0,0,3938,hard_ground_11
0.422,3495,0,0,3938,hard_ground_11
0.429,3497,0,0,3935,hard_ground_11
0.435,3500,0,0,3940,hard_ground_11
0.436,3502,0,0,3938,hard_ground_11
0.443,3503,0,0,3937,hard_ground_11
0.45,3503,0,0,3935,hard_ground_11
0.45,3497,0,0,3936,hard_ground_11
0.459,3500,0,0,3942,hard_ground_11
0.464,3500,0,0,3937,hard_ground_11
0.467,3503,0,0,3941,hard_ground_11
0.475,3504,0,0,3937,hard_ground_11
0.478,3507,0,0,3937,hard_ground_11
0.485,3505,0,0,3940,hard_ground_11
0.485,3500,0,0,3939,hard_ground_11
0.492,3502,0,0,3941,hard_ground_11
0.499,3504,0,0,3936,hard_ground_11
0.501,3503,0,0,3940,hard_ground_11
0.506,3499,0,0,3942,hard_ground_11
0.513,3498,0,0,3932,hard_ground_11
0.519,3504,0,0,3935,hard_ground_11
0.521,3501,0,0,3941,hard_ground_11
0.527,3507,0,0,3935,hard_ground_11
0.534,3504,0,0,3938,hard_ground_11
0.54,3503,0,0,3933,hard_ground_11
0.54,3506,0,0,3937,hard_ground_11
0.547,3505,0,0,3934,hard_ground_11
0.554,3502,0,0,3933,hard_ground_11
0.556,3502,0,0,3940,hard_ground_11
0.561,3497,0,0,3935,hard_ground_11
0.568,3502,0,0,3939,hard_ground_11
0.575,3500,0,0,3933,hard_ground_11
0.576,3498,0,0,3932,hard_ground_11
0.582,3500,0,0,3940,hard_ground_11
0.589,3501,0,0,3938,hard_ground_11
0.59,3502,0,0,3941,hard_ground_11
0.599,3501,0,0,3939,hard_ground_11
0.603,3494,0,0,3936,hard_ground_11
0.61,3503,0,0,3940,hard_ground_11
0.615,3499,0,0,3937,hard_ground_11
0.617,3500,0,0,3940,hard_ground_11
0.623,3502,0,0,3940,hard_ground_11
0.627,3501,0,0,3939,hard_ground_11
0.631,3500,0,0,3939,hard_ground_11
0.638,3498,0,0,3937,hard_ground_11
0.644,3493,0,0,3938,hard_ground_11
0.646,3499,0,0,3943,hard_ground_11
0.652,3503,0,0,3937,hard_ground_11
0.658,3499,0,0,3936,hard_ground_11
0.665,3499,0,0,3939,hard_ground_11
0.666,3499,0,0,3938,hard_ground_11
0.672,3503,0,0,3938,hard_ground_11
0.679,3495,0,0,3940,hard_ground_11
0.681,3500,0,0,3938,hard_ground_11
0.686,3498,0,0,3939,hard_ground_11
0.693,3498,0,0,3940,hard_ground_11
0.699,3499,0,0,3939,hard_ground_11
0.7,3500,0,0,3935,hard_ground_11
0.707,3491,0,0,3938,hard_ground_11
0.714,3497,0,0,3936,hard_ground_11
0.716,3496,0,0,3941,hard_ground_11
0.721,3496,0,0,3937,hard_ground_11
0.728,3501,0,0,3939,hard_ground_11
0.73,3498,0,0,3937,hard_ground_11
0.735,3497,0,0,3942,hard_ground_11
0.744,3497,0,0,3936,hard_ground_11
0.749,3495,0,0,3940,hard_ground_11
0.755,3498,0,0,3938,hard_ground_11
0.755,3495,0,0,3934,hard_ground_11
0.763,3496,0,0,3938,hard_ground_11
0.769,3501,0,0,3929,hard_ground_11
0.77,3498,0,0,3944,hard_ground_11
0.776,3498,0,0,3940,hard_ground_11
0.783,3502,0,0,3938,hard_ground_11
0.789,3499,0,0,3932,hard_ground_11
0.79,3499,0,0,3940,hard_ground_11
0.797,3501,0,0,3938,hard_ground_11
0.804,3504,0,0,3949,hard_ground_11
0.805,3500,0,0,3938,hard_ground_11
0.811,3495,0,0,3936,hard_ground_11
0.819,3501,0,0,3935,hard_ground_11
0.824,3503,0,0,3933,hard_ground_11
0.827,3505,0,0,3937,hard_ground_11
0.832,3500,0,0,3938,hard_ground_11
0.839,3511,0,0,3938,hard_ground_11
0.839,3502,0,0,3937,hard_ground_11
0.848,3497,0,0,3932,hard_ground_11
0.853,3504,0,0,3941,hard_ground_11
0.859,3503,0,0,3937,hard_ground_11
0.86,3503,0,0,3939,hard_ground_11
0.867,3503,0,0,3938,hard_ground_11
0.873,3498,0,0,3936,hard_ground_11
0.873,3501,0,0,3932,hard_ground_11
0.881,3501,0,0,3937,hard_ground_11
0.887,3502,0,0,3939,hard_ground_11
0.89,3503,0,0,3933,hard_ground_11
0.899,3506,0,0,3940,hard_ground_11
0.902,3505,0,0,3940,hard_ground_11
0.909,3503,0,0,3940,hard_ground_11
0.909,3505,0,0,3938,hard_ground_11
0.915,3503,0,0,3934,hard_ground_11
0.922,3503,0,0,3942,hard_ground_11
0.928,3499,0,0,3939,hard_ground_11
0.933,3505,0,0,3940,hard_ground_11
0.936,3502,0,0,3938,hard_ground_11
0.943,3503,0,0,3936,hard_ground_11
0.949,3505,0,0,3926,hard_ground_11
0.95,3504,0,0,3939,hard_ground_11
0.957,3504,0,0,3939,hard_ground_11
0.964,3505,0,0,3940,hard_ground_11
0.965,3506,0,0,3937,hard_ground_11
0.971,3508,0,0,3935,hard_ground_11
0.978,3505,0,0,3935,hard_ground_11
0.984,3505,0,0,3939,hard_ground_11
0.985,3505,0,0,3938,hard_ground_11
0.992,3502,0,0,3941,hard_ground_11
0.999,3505,0,0,3938,hard_ground_11
0.999,3509,0,0,3937,hard_ground_11
1.008,3505,0,0,3939,hard_ground_11
1.013,3503,0,0,3942,hard_ground_11
1.016,3499,0,0,3936,hard_ground_11
1.024,3500,0,0,3936,hard_ground_11
1.028,3500,0,0,3935,hard_ground_11
1.034,3505,0,0,3935,hard_ground_11
1.034,3503,0,0,3939,hard_ground_11
1.041,3505,0,0,3941,hard_ground_11
1.047,3505,0,0,3943,hard_ground_11
1.05,3512,0,0,3937,hard_ground_11
1.058,3504,0,0,3943,hard_ground_11
1.061,3511,0,0,3940,hard_ground_11
1.068,3508,0,0,3941,hard_ground_11
1.07,3509,0,0,3938,hard_ground_11
1.075,3510,0,0,3939,hard_ground_11
1.082,3507,0,0,3940,hard_ground_11
1.089,3506,0,0,3935,hard_ground_11
1.09,3506,0,0,3940,hard_ground_11
1.096,3505,0,0,3939,hard_ground_11
1.103,3513,0,0,3937,hard_ground_11
1.109,3507,0,0,3938,hard_ground_11
1.11,3506,0,0,3941,hard_ground_11
1.117,3506,0,0,3937,hard_ground_11
1.124,3502,0,0,3937,hard_ground_11
1.128,3505,0,0,3937,hard_ground_11
1.132,3510,0,0,3937,hard_ground_11
1.137,3506,0,0,3941,hard_ground_11
1.141,3510,0,0,3940,hard_ground_11
1.144,3506,0,0,3938,hard_ground_11
1.152,3509,0,0,3941,hard_ground_11
1.158,3497,0,0,3940,hard_ground_11
1.159,3494,0,0,3935,hard_ground_11
1.165,3495,0,0,3940,hard_ground_11
1.172,3490,0,0,3944,hard_ground_11
1.179,3504,0,0,3941,hard_ground_11
1.179,3502,0,0,3942,hard_ground_11
1.186,3470,0,0,3944,hard_ground_11
1.193,3366,0,0,3951,hard_ground_11
1.194,3262,0,0,3955,hard_ground_11
1.2,2930,0,0,3945,hard_ground_11
1.207,0,0,0,3939,hard_ground_11
1.214,3051,0,0,3933,hard_ground_11
1.214,2907,0,0,3954,hard_ground_11
1.221,2876,1510,0,3979,hard_ground_11
1.228,3117,2190,0,4011,hard_ground_11
1.229,3123,2663,0,4015,hard_ground_11
1.237,3113,3003,0,4020,hard_ground_11
1.242,2711,2967,0,4034,hard_ground_11
1.248,0,3038,0,4029,hard_ground_11
1.249,0,2968,0,4034,hard_ground_11
1.256,0,3144,0,4042,hard_ground_11
1.263,0,3173,0,4037,hard_ground_11
1.264,0,3114,0,4046,hard_ground_11
1.27,0,3080,0,4043,hard_ground_11
1.277,0,3073,0,4040,hard_ground_11
1.283,0,3113,0,4039,hard_ground_11
1.285,0,3130,0,4029,hard_ground_11
1.29,0,3123,0,4023,hard_ground_11
1.297,0,3145,0,4009,hard_ground_11
1.303,0,3161,0,4009,hard_ground_11
1.305,0,3134,0,4017,hard_ground_11
1.312,0,3321,0,4031,hard_ground_11
1.318,0,3467,0,4036,hard_ground_11
1.318,0,3535,0,4033,hard_ground_11
1.328,0,3463,0,4036,hard_ground_11
1.332,0,3484,0,4025,hard_ground_11
1.334,0,3556,0,4014,hard_ground_11
1.339,0,3638,0,4011,hard_ground_11
1.346,0,3644,0,4015,hard_ground_11
1.353,0,3628,0,4018,hard_ground_11
1.353,0,3515,0,4035,hard_ground_11
1.361,0,3449,0,4026,hard_ground_11
1.367,0,3620,0,4018,hard_ground_11
1.369,0,3677,0,4019,hard_ground_11
1.377,0,3726,0,4024,hard_ground_11
1.381,0,3718,0,4029,hard_ground_11
1.387,0,3666,0,4030,hard_ground_11
1.389,0,3630,0,4026,hard_ground_11
1.395,0,3556,0,4004,hard_ground_11
1.402,0,3448,0,3994,hard_ground_11
1.408,0,3277,0,3996,hard_ground_11
1.41,0,3092,0,4001,hard_ground_11
1.416,0,3424,0,4008,hard_ground_11
1.423,0,3528,0,4027,hard_ground_11
1.428,0,3702,0,4035,hard_ground_11
1.429,0,3775,0,4027,hard_ground_11
1.436,0,3777,0,4032,hard_ground_11
1.443,0,3781,0,4033,hard_ground_11
1.444,0,3785,0,4031,hard_ground_11
1.45,0,3787,0,4027,hard_ground_11
1.457,0,3756,0,4014,hard_ground_11
1.463,0,3667,0,3995,hard_ground_11
1.464,0,3594,0,3955,hard_ground_11
1.471,0,3271,0,3982,hard_ground_11
1.478,0,2706,0,4008,hard_ground_11
1.478,0,3075,0,4024,hard_ground_11
1.487,0,3569,0,4038,hard_ground_11
1.492,0,3825,0,4038,hard_ground_11
1.495,0,3859,0,4035,hard_ground_11
1.499,0,3847,0,4037,hard_ground_11
1.506,0,3768,0,4037,hard_ground_11
1.512,0,3513,0,4028,hard_ground_11
1.514,0,3214,0,4004,hard_ground_11
1.519,0,3238,0,3947,hard_ground_11
1.527,0,3394,0,3871,hard_ground_11
1.533,0,3408,0,3891,hard_ground_11
1.534,0,3537,0,3945,hard_ground_11
1.54,0,3648,0,3961,hard_ground_11
1.547,0,3713,0,3981,hard_ground_11
1.547,0,3730,0,3998,hard_ground_11
1.556,0,3795,0,4006,hard_ground_11
1.561,0,3849,0,4022,hard_ground_11
1.565,0,3835,0,4039,hard_ground_11
1.573,0,3826,0,4037,hard_ground_11
1.575,0,3847,0,4045,hard_ground_11
1.582,0,3817,0,4035,hard_ground_11
1.584,0,3832,0,4035,hard_ground_11
1.589,0,3826,0,4040,hard_ground_11
1.596,0,3867,0,4035,hard_ground_11
1.603,0,3823,0,4033,hard_ground_11
1.603,0,3569,0,4023,hard_ground_11
1.61,0,3422,0,3992,hard_ground_11
1.616,0,3475,0,3747,hard_ground_11
1.618,0,3200,0,0,hard_ground_11
1.626,0,463,0,0,hard_ground_11
1.631,0,0,0,2341,hard_ground_11
1.638,0,0,0,3676,hard_ground_11
1.638,0,0,0,3804,hard_ground_11
1.645,0,3387,0,3981,hard_ground_11
1.651,0,3622,0,4006,hard_ground_11
1.653,0,3765,0,4024,hard_ground_11
1.662,0,3835,0,4031,hard_ground_11
1.665,0,3878,0,4035,hard_ground_11
1.672,0,3865,3546,4036,hard_ground_11
1.672,0,3899,3692,4023,hard_ground_11
1.679,0,3853,3525,4021,hard_ground_11
1.686,0,3788,2707,3938,hard_ground_11
1.688,0,3601,0,2840,hard_ground_11
1.693,0,3036,0,0,hard_ground_11
1.7,0,2170,0,0,hard_ground_11
1.707,0,1980,0,3245,hard_ground_11
1.707,0,2711,0,3860,hard_ground_11
1.715,0,3332,0,3984,hard_ground_11
1.721,0,3400,0,4028,hard_ground_11
1.723,0,3541,0,4027,hard_ground_11
1.731,0,3708,0,4024,hard_ground_11
1.735,0,3704,0,3978,hard_ground_11
1.741,0,3700,0,3921,hard_ground_11
1.743,0,3640,0,3861,hard_ground_11
1.749,0,3339,0,3833,hard_ground_11
1.757,0,3094,1135,3873,hard_ground_11
1.762,0,2719,2576,3831,hard_ground_11
1.764,0,3124,2607,3568,hard_ground_11
1.769,0,3329,2509,3601,hard_ground_11
1.777,0,3493,1755,3689,hard_ground_11
1.783,0,3584,0,3767,hard_ground_11
1.783,0,3705,0,3882,hard_ground_11
1.79,0,3724,0,3941,hard_ground_11
1.797,0,3773,0,3971,hard_ground_11
1.799,0,3818,0,3934,hard_ground_11
1.806,0,3828,0,3935,hard_ground_11
1.811,0,3819,0,3965,hard_ground_11
1.815,0,3777,0,3963,hard_ground_11
1.818,0,3736,0,3960,hard_ground_11
1.826,0,3730,0,3922,hard_ground_11
1.831,0,3738,0,3909,hard_ground_11
1.833,0,3747,0,3943,hard_ground_11
1.839,0,3787,0,3978,hard_ground_11
1.846,0,3819,0,3984,hard_ground_11
1.852,0,3839,0,4010,hard_ground_11
1.854,0,3844,0,4014,hard_ground_11
1.86,0,3847,0,4013,hard_ground_11
1.867,0,3828,0,4015,hard_ground_11
1.867,0,3759,0,4011,hard_ground_11
1.874,0,3700,0,4003,hard_ground_11
1.88,0,3618,0,3993,hard_ground_11
1.887,0,3570,0,3989,hard_ground_11
1.891,0,3558,0,3992,hard_ground_11
1.894,0,3583,0,3992,hard_ground_11
1.901,0,3615,0,3995,hard_ground_11
1.907,0,3712,0,4004,hard_ground_11
1.908,0,3750,0,4003,hard_ground_11
1.915,0,3755,0,4006,hard_ground_11
1.922,0,3755,0,4009,hard_ground_11
1.923,0,3740,0,4004,hard_ground_11
1.929,0,3721,0,3998,hard_ground_11
1.936,0,3711,0,3992,hard_ground_11
1.942,0,3727,0,3986,hard_ground_11
1.943,0,3744,0,3984,hard_ground_11
1.95,0,3764,0,3993,hard_ground_11
1.957,0,3776,0,3995,hard_ground_11
1.957,0,3773,0,3988,hard_ground_11
1.966,0,3737,0,3985,hard_ground_11
1.971,0,3681,0,3976,hard_ground_11
1.977,0,3665,0,3961,hard_ground_11
1.977,0,3684,0,3965,hard_ground_11
1.985,0,3733,0,3986,hard_ground_11
1.991,0,3787,0,3998,hard_ground_11
1.997,0,3855,0,4012,hard_ground_11
1.998,0,3876,0,4015,hard_ground_11
2.005,0,3877,0,4014,hard_ground_11
2.012,0,3875,0,4011,hard_ground_11
2.012,0,3850,0,4007,hard_ground_11
2.02,0,3779,0,3989,hard_ground_11
2.027,0,3688,0,3977,hard_ground_11
2.029,0,3487,0,3959,hard_ground_11
2.036,0,3399,0,3955,hard_ground_11
2.04,0,3426,0,3947,hard_ground_11
2.046,0,3560,0,3971,hard_ground_11
2.047,0,3694,0,3984,hard_ground_11
2.054,0,3765,0,3999,hard_ground_11
2.061,0,3813,0,4009,hard_ground_11
2.067,0,3837,0,4016,hard_ground_11
2.068,0,3831,0,4016,hard_ground_11
2.075,0,3825,0,4022,hard_ground_11
2.078,0,3769,0,4025,hard_ground_11
2.082,0,3730,0,4009,hard_ground_11
2.091,0,3648,0,4004,hard_ground_11
2.095,0,3571,0,3999,hard_ground_11
2.101,0,3556,0,3989,hard_ground_11
2.103,0,3590,0,3996,hard_ground_11
2.111,0,3669,0,3990,hard_ground_11
2.116,0,3722,0,3987,hard_ground_11
2.117,0,3761,0,3990,hard_ground_11
2.123,0,3811,0,3999,hard_ground_11
2.131,0,3837,0,4009,hard_ground_11
2.137,0,3851,0,4006,hard_ground_11
2.137,0,3863,0,4004,hard_ground_11
2.145,0,3855,0,3998,hard_ground_11
2.151,0,3835,0,3995,hard_ground_11
2.151,0,3810,0,3979,hard_ground_11
2.161,0,3717,0,3971,hard_ground_11
2.165,0,3679,0,3965,hard_ground_11
2.171,0,3662,0,3963,hard_ground_11
2.173,0,3672,0,3966,hard_ground_11
2.179,0,3691,0,3970,hard_ground_11
2.186,0,3709,0,3980,hard_ground_11
2.187,0,3748,0,3984,hard_ground_11
2.193,0,3783,0,3994,hard_ground_11
2.2,0,3810,0,4008,hard_ground_11
2.207,0,3823,0,4018,hard_ground_11
2.211,0,3847,0,4020,hard_ground_11
2.214,0,3855,0,4025,hard_ground_11
2.221,0,3848,0,4021,hard_ground_11
2.222,0,3823,0,4017,hard_ground_11
2.23,0,3760,0,4014,hard_ground_11
2.235,0,3640,0,3998,hard_ground_11
2.241,0,3494,0,3986,hard_ground_11
2.242,0,3276,0,3974,hard_ground_11
2.248,0,3228,0,3968,hard_ground_11
2.256,0,3475,0,3983,hard_ground_11
2.26,0,3650,0,3994,hard_ground_11
2.262,0,3750,0,4002,hard_ground_11
2.269,0,3815,0,4012,hard_ground_11
2.276,0,3843,0,4022,hard_ground_11
2.276,0,3864,0,4014,hard_ground_11
2.285,0,3875,0,4021,hard_ground_11
2.291,0,3876,0,4012,hard_ground_11
2.292,0,3844,0,3999,hard_ground_11
2.301,0,3802,0,3984,hard_ground_11
2.304,0,3715,0,3961,hard_ground_11
2.311,0,3695,0,3954,hard_ground_11
2.311,0,3692,0,3943,hard_ground_11
2.318,0,3709,0,3964,hard_ground_11
2.325,0,3758,0,3980,hard_ground_11
2.331,0,3801,0,3987,hard_ground_11
2.332,0,3822,0,3998,hard_ground_11
2.339,0,3817,0,4001,hard_ground_11
2.345,0,3810,0,4012,hard_ground_11
2.347,0,3741,0,4011,hard_ground_11
2.356,0,3714,0,4005,hard_ground_11
2.36,0,3707,0,4010,hard_ground_11
2.366,0,3721,0,4009,hard_ground_11
2.367,0,3743,0,4012,hard_ground_11
2.373,0,3764,0,4017,hard_ground_11
2.381,0,3778,0,4019,hard_ground_11
2.385,0,3811,0,4025,hard_ground_11
2.387,0,3844,0,4022,hard_ground_11
2.394,0,3840,0,4018,hard_ground_11
2.401,0,3836,0,4012,hard_ground_11
2.402,0,3810,0,4008,hard_ground_11
2.409,0,3735,0,4002,hard_ground_11
2.415,0,3689,0,3993,hard_ground_11
2.418,0,3660,0,3979,hard_ground_11
2.426,0,3660,0,3974,hard_ground_11
2.431,0,3673,0,3982,hard_ground_11
2.435,0,3717,0,3985,hard_ground_11
2.436,0,3764,0,3994,hard_ground_11
2.444,0,3816,0,4002,hard_ground_11
2.45,0,3838,0,4008,hard_ground_11
2.452,0,3843,0,4010,hard_ground_11
2.457,0,3831,0,4016,hard_ground_11
2.464,0,3818,0,4006,hard_ground_11
2.471,0,3806,0,4010,hard_ground_11
2.471,0,3791,0,4011,hard_ground_11
2.478,0,3789,0,4009,hard_ground_11
2.484,0,3797,0,4007,hard_ground_11
2.491,0,3798,0,4000,hard_ground_11
2.491,0,3789,0,4000,hard_ground_11
2.498,0,3741,0,4003,hard_ground_11
2.505,0,3737,0,4000,hard_ground_11
2.511,0,3738,0,4003,hard_ground_11
2.512,0,3732,0,4007,hard_ground_11
2.519,0,3746,0,4007,hard_ground_11
2.526,0,3756,0,4009,hard_ground_11
2.526,0,3776,0,4011,hard_ground_11
2.533,0,3798,0,4017,hard_ground_11
2.54,0,3807,0,4020,hard_ground_11
2.541,0,3819,0,4020,hard_ground_11
2.547,0,3810,0,4020,hard_ground_11
2.554,0,3772,0,4017,hard_ground_11
2.561,0,3742,0,4015,hard_ground_11
2.561,0,3701,0,4007,hard_ground_11
2.57,0,3681,0,4006,hard_ground_11
2.575,0,3646,0,4004,hard_ground_11
2.578,0,3664,0,4010,hard_ground_11
2.582,0,3683,0,4006,hard_ground_11
2.589,0,3729,0,4005,hard_ground_11
2.595,0,3773,0,4012,hard_ground_11
2.6,0,3799,0,4007,hard_ground_11
2.603,0,3813,0,4017,hard_ground_11
2.61,0,3808,0,4017,hard_ground_11
2.615,0,3808,0,4009,hard_ground_11
2.617,0,3805,0,4012,hard_ground_11
2.624,0,3805,0,4004,hard_ground_11
2.63,0,3759,0,3993,hard_ground_11
2.631,0,3732,0,3983,hard_ground_11
2.637,0,3731,0,3976,hard_ground_11
2.644,0,3729,0,3984,hard_ground_11
2.65,0,3787,0,3988,hard_ground_11
2.651,0,3820,0,3996,hard_ground_11
2.658,0,3831,0,4005,hard_ground_11
2.665,0,3838,0,4009,hard_ground_11
2.669,0,3832,0,3996,hard_ground_11
2.672,0,3771,0,3987,hard_ground_11
2.679,0,3629,0,3978,hard_ground_11
2.686,0,3449,0,3970,hard_ground_11
2.686,0,3429,0,3967,hard_ground_11
2.694,0,3494,0,3986,hard_ground_11
2.7,0,3622,0,3999,hard_ground_11
2.705,0,3751,0,4019,hard_ground_11
2.707,0,3842,0,4024,hard_ground_11
2.714,0,3869,0,4028,hard_ground_11
2.72,0,3874,0,4032,hard_ground_11
2.721,0,3842,0,4027,hard_ground_11
2.728,0,3760,0,4020,hard_ground_11
2.735,0,3678,0,4013,hard_ground_11
2.735,0,3659,0,4005,hard_ground_11
2.742,0,3689,0,4001,hard_ground_11
2.748,0,3731,0,4005,hard_ground_11
2.756,0,3758,0,4002,hard_ground_11
2.76,0,3781,0,4008,hard_ground_11
2.762,0,3795,0,4004,hard_ground_11
2.769,0,3789,0,4006,hard_ground_11
2.769,0,3779,0,4006,hard_ground_11
2.776,0,3713,0,4001,hard_ground_11
2.783,0,3615,0,3999,hard_ground_11
2.79,0,3543,0,3985,hard_ground_11
2.794,0,3564,0,3970,hard_ground_11
2.799,0,3623,0,3977,hard_ground_11
2.804,0,3717,0,3984,hard_ground_11
2.806,0,3761,0,3998,hard_ground_11
2.811,0,3789,0,4006,hard_ground_11
2.819,0,3810,0,3991,hard_ground_11
2.825,0,3805,0,3990,hard_ground_11
2.83,0,3622,0,3983,hard_ground_11
2.832,0,3357,0,3986,hard_ground_11
2.839,0,3257,0,3989,hard_ground_11
2.839,0,3411,0,3999,hard_ground_11
2.847,0,3654,0,4004,hard_ground_11
2.853,0,3807,0,4015,hard_ground_11
2.86,0,3861,0,4026,hard_ground_11
2.864,0,3872,0,4025,hard_ground_11
2.866,0,3871,0,4032,hard_ground_11
2.873,0,3861,0,4027,hard_ground_11
2.88,0,3843,0,4027,hard_ground_11
2.88,0,3833,0,4028,hard_ground_11
2.89,0,3832,0,4021,hard_ground_11
2.894,0,3833,0,4024,hard_ground_11
2.9,0,3815,0,4024,hard_ground_11
2.901,0,3797,0,4011,hard_ground_11
2.91,0,3789,0,4006,hard_ground_11
2.915,0,3744,0,3999,hard_ground_11
2.916,0,3730,0,3989,hard_ground_11
2.922,0,3746,0,3982,hard_ground_11
2.929,0,3769,0,3982,hard_ground_11
2.935,0,3780,0,3987,hard_ground_11
2.936,0,3787,0,3980,hard_ground_11
2.943,0,3682,0,3977,hard_ground_11
2.95,0,3479,0,3964,hard_ground_11
2.95,0,3442,0,3963,hard_ground_11
2.959,0,3481,0,3978,hard_ground_11
2.963,0,3682,0,3990,hard_ground_11
2.97,0,3786,0,3995,hard_ground_11
2.971,0,3823,0,3992,hard_ground_11
2.979,0,3812,0,4001,hard_ground_11
2.984,0,3766,0,4001,hard_ground_11
2.99,0,3714,0,4000,hard_ground_11
2.991,0,3750,0,4014,hard_ground_11
2.999,0,3810,0,4012,hard_ground_11
3.005,0,3849,0,4021,hard_ground_11
3.005,0,3860,0,4022,hard_ground_11
3.012,0,3853,0,4021,hard_ground_11
3.019,0,3841,0,4018,hard_ground_11
3.019,0,3793,0,4015,hard_ground_11
3.026,0,3782,0,4015,hard_ground_11
3.033,0,3756,0,4020,hard_ground_11
3.038,0,3792,0,4014,hard_ground_11
3.04,0,3786,0,4010,hard_ground_11
3.047,0,3770,0,4008,hard_ground_11
3.054,0,3772,0,4016,hard_ground_11
3.054,0,3773,0,4013,hard_ground_11
3.062,0,3767,0,4017,hard_ground_11
3.068,0,3768,0,4014,hard_ground_11
3.075,0,3762,0,4019,hard_ground_11
3.078,0,3776,0,4020,hard_ground_11
3.082,0,3795,0,4024,hard_ground_11
3.088,0,3799,0,4016,hard_ground_11
3.095,0,3771,0,4012,hard_ground_11
3.096,0,3661,0,3998,hard_ground_11
3.103,0,3589,0,3981,hard_ground_11
3.109,0,3570,0,3976,hard_ground_11
3.114,0,3611,0,3979,hard_ground_11
3.116,0,3646,0,3988,hard_ground_11
3.123,0,3655,0,3957,hard_ground_11
3.13,0,3429,0,3943,hard_ground_11
3.132,0,3153,0,3937,hard_ground_11
3.137,0,2887,0,3924,hard_ground_11
3.144,0,2801,0,3915,hard_ground_11
3.144,0,2810,0,3944,hard_ground_11
3.153,0,3025,0,3956,hard_ground_11
3.158,0,3409,0,3982,hard_ground_11
3.16,0,3581,0,3993,hard_ground_11
3.165,0,3621,0,3996,hard_ground_11
3.172,0,3372,0,3991,hard_ground_11
3.178,0,2838,0,3991,hard_ground_11
3.184,0,2645,0,3930,hard_ground_11
3.186,0,2602,0,3902,hard_ground_11
3.193,0,2693,0,3906,hard_ground_11
3.199,0,2684,0,3901,hard_ground_11
3.2,0,2567,0,3906,hard_ground_11
3.207,0,2195,0,3890,hard_ground_11
3.213,0,1810,0,3885,hard_ground_11
3.219,0,0,0,3900,hard_ground_11
3.22,0,0,0,3875,hard_ground_11
3.227,0,0,0,3854,hard_ground_11
3.234,0,0,0,3831,hard_ground_11
3.239,0,0,0,3821,hard_ground_11
3.241,0,0,0,3783,hard_ground_11
3.25,0,0,0,3745,hard_ground_11
3.25,0,0,1825,3622,hard_ground_11
3.255,0,0,2511,3713,hard_ground_11
3.262,0,0,2526,3654,hard_ground_11
3.269,0,0,2517,3654,hard_ground_11
3.27,0,0,2454,3599,hard_ground_11
3.276,0,0,2540,3401,hard_ground_11
3.283,0,0,2701,2805,hard_ground_11
3.289,0,0,2776,1616,hard_ground_11
3.29,0,0,2640,2765,hard_ground_11
3.297,0,0,2170,1064,hard_ground_11
3.304,0,0,2536,0,hard_ground_11
3.304,0,0,2509,0,hard_ground_11
3.312,0,0,2367,0,hard_ground_11
3.317,0,0,1546,0,hard_ground_11
3.32,0,0,1308,0,hard_ground_11
3.325,0,0,1816,0,hard_ground_11
3.333,0,0,2088,0,hard_ground_11
3.338,0,0,2167,1971,hard_ground_11
3.344,0,0,2111,3144,hard_ground_11
3.345,0,0,2099,2908,hard_ground_11
3.353,0,0,1963,2457,hard_ground_11
3.359,0,0,1864,2047,hard_ground_11
3.36,0,0,1857,0,hard_ground_11
3.367,0,0,1965,2337,hard_ground_11
3.374,0,0,2163,3444,hard_ground_11
3.374,0,0,2421,3587,hard_ground_11
3.384,0,0,2524,3729,hard_ground_11
3.387,0,0,2614,3761,hard_ground_11
3.394,0,0,2336,3756,hard_ground_11
3.395,0,0,2215,3770,hard_ground_11
3.401,0,0,1841,3782,hard_ground_11
3.409,0,0,2303,3800,hard_ground_11
3.413,0,0,2575,3921,hard_ground_11
3.415,0,0,2711,3968,hard_ground_11
3.422,0,0,2814,3980,hard_ground_11
3.429,0,0,2951,3984,hard_ground_11
3.433,0,0,2727,3981,hard_ground_11
3.438,0,0,2561,3976,hard_ground_11
3.443,0,0,1809,3954,hard_ground_11
3.449,0,0,1556,3908,hard_ground_11
3.45,0,0,0,3876,hard_ground_11
3.458,0,0,0,3951,hard_ground_11
3.463,0,0,675,4004,hard_ground_11
3.464,0,0,1303,4002,hard_ground_11
3.47,0,1906,0,3988,hard_ground_11
3.477,0,2709,0,3992,hard_ground_11
3.484,0,2961,0,3995,hard_ground_11
3.484,0,2741,0,3984,hard_ground_11
3.491,0,2372,0,3998,hard_ground_11
3.498,0,852,0,3999,hard_ground_11
3.498,0,0,0,3990,hard_ground_11
3.506,0,0,0,3963,hard_ground_11
3.512,0,0,0,3944,hard_ground_11
3.514,0,0,0,3899,hard_ground_11
3.524,0,636,0,3917,hard_ground_11
3.526,0,1505,0,3911,hard_ground_11
3.533,0,0,0,3938,hard_ground_11
3.533,0,0,0,3944,hard_ground_11
3.54,0,0,0,3936,hard_ground_11
3.547,0,1782,0,3910,hard_ground_11
3.554,0,2783,0,3905,hard_ground_11
3.558,0,3219,0,3961,hard_ground_11
3.561,0,3199,0,3975,hard_ground_11
3.568,0,3285,0,3978,hard_ground_11
3.568,0,3381,0,3988,hard_ground_11
3.575,0,3450,0,3960,hard_ground_11
3.582,0,3612,0,3996,hard_ground_11
3.589,0,3684,0,3995,hard_ground_11
3.593,0,3741,0,4015,hard_ground_11
3.597,0,3715,0,4023,hard_ground_11
3.602,0,3704,0,4032,hard_ground_11
3.604,0,3706,0,4024,hard_ground_11
3.609,0,3700,0,4016,hard_ground_11
3.618,0,3706,0,4001,hard_ground_11
3.624,0,3704,0,3988,hard_ground_11
3.626,0,3669,0,4012,hard_ground_11
3.633,0,3679,0,4022,hard_ground_11
3.637,0,3723,0,4028,hard_ground_11
3.643,0,3771,0,4026,hard_ground_11
3.644,0,3798,0,4032,hard_ground_11
3.651,0,3809,0,4026,hard_ground_11
3.658,0,3790,0,4027,hard_ground_11
3.662,0,3729,0,4040,hard_ground_11
3.665,0,3719,0,4039,hard_ground_11
3.672,0,3766,0,4030,hard_ground_11
3.679,0,3801,0,4030,hard_ground_11
3.683,0,3813,0,4028,hard_ground_11
3.686,0,3783,0,4031,hard_ground_11
3.693,0,3632,0,4040,hard_ground_11
3.697,0,3583,0,4014,hard_ground_11
3.7,0,3610,0,4036,hard_ground_11
3.706,0,3775,0,4033,hard_ground_11
3.713,0,3814,0,4032,hard_ground_11
3.713,0,3813,0,4034,hard_ground_11
3.722,0,3801,0,4046,hard_ground_11
3.727,0,3743,0,4044,hard_ground_11
3.733,0,3735,0,4043,hard_ground_11
3.734,0,3735,0,4041,hard_ground_11
3.741,0,3725,0,4040,hard_ground_11
3.748,0,3717,0,4039,hard_ground_11
3.753,0,3666,0,4048,hard_ground_11
3.755,0,3660,0,4042,hard_ground_11
3.762,0,3728,0,4050,hard_ground_11
3.764,0,3731,0,4051,hard_ground_11
3.772,0,3737,0,4050,hard_ground_11
3.776,0,3722,0,4052,hard_ground_11
3.783,0,3657,0,4046,hard_ground_11
3.783,0,3658,0,4047,hard_ground_11
3.79,0,3719,0,4053,hard_ground_11
3.797,0,3734,0,4049,hard_ground_11
3.799,0,3772,0,4049,hard_ground_11
3.804,0,3794,0,4047,hard_ground_11
3.813,0,3762,0,4050,hard_ground_11
3.818,0,3734,0,4054,hard_ground_11
3.819,0,3733,0,4055,hard_ground_11
3.825,0,3758,0,4050,hard_ground_11
3.833,0,3770,0,4049,hard_ground_11
3.838,0,3786,0,4046,hard_ground_11
3.839,0,3789,0,4050,hard_ground_11
3.845,0,3762,0,4051,hard_ground_11
3.852,0,3747,0,4051,hard_ground_11
3.854,0,3774,0,4054,hard_ground_11
3.863,0,3796,0,4055,hard_ground_11
3.866,0,3827,0,4051,hard_ground_11
3.872,0,3829,0,4056,hard_ground_11
3.873,0,3805,0,4049,hard_ground_11
3.88,0,3750,0,4051,hard_ground_11
3.887,0,3723,0,4052,hard_ground_11
3.888,0,3722,0,4043,hard_ground_11
3.894,0,3688,0,4041,hard_ground_11
3.901,0,3708,0,4048,hard_ground_11
3.908,0,3742,0,4046,hard_ground_11
3.908,0,3780,0,4051,hard_ground_11
3.918,0,3801,0,4056,hard_ground_11
3.922,0,3799,0,4063,hard_ground_11
3.928,0,3823,0,4059,hard_ground_11
3.929,0,3821,0,4062,hard_ground_11
3.937,0,3832,0,4060,hard_ground_11
3.942,0,3833,0,4061,hard_ground_11
3.943,0,3830,0,4060,hard_ground_11
3.95,0,3822,0,4054,hard_ground_11
3.957,0,3801,0,4055,hard_ground_11
3.963,0,3738,0,4047,hard_ground_11
3.964,0,3547,0,4046,hard_ground_11
3.97,0,3351,0,4044,hard_ground_11
3.977,0,3416,0,4042,hard_ground_11
3.977,0,3598,0,4043,hard_ground_11
3.987,0,3687,0,4045,hard_ground_11
3.991,0,3707,0,4047,hard_ground_11
3.993,0,3730,0,4056,hard_ground_11
3.998,0,3749,0,4047,hard_ground_11
4.007,0,3743,0,4046,hard_ground_11
4.012,0,3710,0,4043,hard_ground_11
4.018,0,3529,0,4044,hard_ground_11
4.019,0,2265,0,4040,hard_ground_11
4.026,0,3221,0,4028,hard_ground_11
4.029,0,1500,0,4008,hard_ground_11
4.036,0,0,0,4013,hard_ground_11
4.04,0,0,0,4005,hard_ground_11
4.047,0,0,0,4003,hard_ground_11
4.047,0,0,0,3987,hard_ground_11
4.054,0,0,0,3996,hard_ground_11
4.061,0,2877,0,4019,hard_ground_11
4.068,0,3729,0,4034,hard_ground_11
4.072,0,3840,0,4041,hard_ground_11
4.075,0,3858,0,4061,hard_ground_11
4.082,0,3860,0,4047,hard_ground_11
4.082,0,3880,0,4059,hard_ground_11
4.089,0,3842,0,4055,hard_ground_11
4.095,0,3815,0,4059,hard_ground_11
4.103,0,3364,0,4053,hard_ground_11
4.107,0,0,0,4040,hard_ground_11
4.109,0,0,0,4008,hard_ground_11
4.117,0,0,0,3955,hard_ground_11
4.117,0,0,0,3885,hard_ground_11
4.124,0,0,0,3892,hard_ground_11
4.132,0,0,0,3929,hard_ground_11
4.138,0,0,0,3958,hard_ground_11
4.142,0,0,0,3999,hard_ground_11
4.144,0,0,0,4025,hard_ground_11
4.151,0,2193,0,4044,hard_ground_11
4.151,2461,2811,0,4049,hard_ground_11
4.158,3348,1060,0,4054,hard_ground_11
4.165,0,0,0,4056,hard_ground_11
4.172,0,0,0,4052,hard_ground_11
4.177,0,0,0,4044,hard_ground_11
4.18,0,0,0,4039,hard_ground_11
4.185,0,0,0,4032,hard_ground_11
4.188,0,0,0,4032,hard_ground_11
4.193,0,0,0,4029,hard_ground_11
4.202,0,0,0,4027,hard_ground_11
4.206,0,0,0,4025,hard_ground_11
4.209,0,0,0,4031,hard_ground_11
4.213,0,0,0,4040,hard_ground_11
4.222,0,2430,0,4040,hard_ground_11
4.227,0,3153,0,4044,hard_ground_11
4.229,0,3272,0,4043,hard_ground_11
4.235,0,3200,0,4041,hard_ground_11
4.242,0,3229,0,4042,hard_ground_11
4.246,0,3246,0,4038,hard_ground_11
4.248,0,3295,0,4032,hard_ground_11
4.255,0,3438,0,4038,hard_ground_11
4.262,0,3528,0,4035,hard_ground_11
4.262,0,3527,0,4035,hard_ground_11
4.271,0,3530,0,4031,hard_ground_11
4.276,0,3547,0,4031,hard_ground_11
4.282,0,3535,0,4030,hard_ground_11
4.283,0,3502,0,4029,hard_ground_11
4.29,0,3379,0,4031,hard_ground_11
4.297,0,3308,0,4028,hard_ground_11
4.298,0,3267,0,4026,hard_ground_11
4.305,0,3136,0,4025,hard_ground_11
4.311,0,3134,0,4022,hard_ground_11
4.317,0,3246,0,4026,hard_ground_11
4.321,0,3430,0,4026,hard_ground_11
4.325,0,3579,0,4028,hard_ground_11
4.332,0,3621,0,4034,hard_ground_11
4.333,0,3644,0,4030,hard_ground_11
4.342,0,3619,0,4036,hard_ground_11
4.345,0,3585,0,4036,hard_ground_11
4.348,0,3572,0,4032,hard_ground_11
4.352,0,3472,0,4027,hard_ground_11
4.359,0,3320,0,4021,hard_ground_11
4.366,0,3059,0,4016,hard_ground_11
4.366,0,3043,0,4017,hard_ground_11
4.376,0,2998,0,4019,hard_ground_11
4.38,0,2979,0,4018,hard_ground_11
4.386,0,2994,0,4015,hard_ground_11
4.387,0,3228,0,4024,hard_ground_11
4.394,0,3334,0,4028,hard_ground_11
4.401,0,3358,0,4030,hard_ground_11
4.402,0,3383,0,4028,hard_ground_11
4.411,0,3373,0,4033,hard_ground_11
4.415,0,3245,0,4027,hard_ground_11
4.422,0,3209,0,4023,hard_ground_11
4.422,0,3182,0,4011,hard_ground_11
4.429,0,3176,0,4016,hard_ground_11
4.435,0,2992,0,4001,hard_ground_11
4.437,0,0,0,3991,hard_ground_11
4.447,0,0,0,3985,hard_ground_11
4.452,0,0,0,3965,hard_ground_11
4.456,0,0,0,3956,hard_ground_11
4.462,0,0,0,3945,hard_ground_11
4.465,0,0,0,3948,hard_ground_11
4.47,0,0,0,3949,hard_ground_11
4.474,0,0,0,3957,hard_ground_11
4.481,0,1174,0,3945,hard_ground_11
4.485,0,1237,0,3911,hard_ground_11
4.491,0,0,0,3886,hard_ground_11
4.491,0,0,0,3839,hard_ground_11
4.499,0,0,0,3732,hard_ground_11
4.505,0,0,0,3702,hard_ground_11
4.507,0,0,0,3557,hard_ground_11
4.516,0,0,0,3275,hard_ground_11
4.519,0,0,0,3053,hard_ground_11
4.526,0,0,0,2803,hard_ground_11
4.526,0,0,0,1704,hard_ground_11
4.534,0,0,0,2132,hard_ground_11
4.54,0,0,0,1835,hard_ground_11
4.546,0,2364,0,0,hard_ground_11
4.551,0,661,0,0,hard_ground_11
4.554,2701,0,0,0,hard_ground_11
4.561,2888,0,0,0,hard_ground_11
4.561,2611,0,0,0,hard_ground_11
4.568,2603,0,0,0,hard_ground_11
4.576,3334,0,0,0,hard_ground_11
4.581,3490,0,1400,0,hard_ground_11
4.583,3841,0,2311,0,hard_ground_11
4.588,3909,0,2734,0,hard_ground_11
4.595,3886,0,2823,0,hard_ground_11
4.597,3580,0,2755,0,hard_ground_11
4.602,0,0,2307,0,hard_ground_11
4.611,0,0,2115,0,hard_ground_11
4.616,0,0,2103,0,hard_ground_11
4.616,0,0,2486,0,hard_ground_11
4.623,0,0,2747,0,hard_ground_11
4.63,0,0,2787,0,hard_ground_11
4.636,1631,0,2718,0,hard_ground_11
4.637,1851,0,2695,0,hard_ground_11
4.644,1144,0,2630,0,hard_ground_11
4.651,0,0,2738,0,hard_ground_11
4.656,0,0,2885,0,hard_ground_11
4.658,0,0,3001,0,hard_ground_11
4.665,3385,0,3265,0,hard_ground_11
4.671,3676,0,3315,0,hard_ground_11
4.676,3751,0,3290,0,hard_ground_11
4.679,3761,0,3323,0,hard_ground_11
4.686,3753,0,3472,0,hard_ground_11
4.686,3816,0,3530,0,hard_ground_11
4.695,3900,0,3552,0,hard_ground_11
4.701,3900,0,3385,0,hard_ground_11
4.706,3818,0,3012,0,hard_ground_11
4.707,3659,0,2519,0,hard_ground_11
4.713,1578,0,0,0,hard_ground_11
4.721,2027,0,0,0,hard_ground_11
4.722,3735,0,1804,0,hard_ground_11
4.731,3839,0,2677,0,hard_ground_11
4.735,3926,0,3183,0,hard_ground_11
4.737,3904,0,3351,0,hard_ground_11
4.745,3875,0,3376,0,hard_ground_11
4.748,3844,0,3236,0,hard_ground_11
4.755,3789,0,2999,0,hard_ground_11
4.755,3773,0,2214,0,hard_ground_11
4.762,3731,0,0,0,hard_ground_11
4.769,3641,0,301,0,hard_ground_11
4.776,3621,0,2028,0,hard_ground_11
4.781,3326,0,2569,0,hard_ground_11
4.783,2513,0,2556,0,hard_ground_11
4.79,0,0,2809,0,hard_ground_11
4.79,2804,0,2953,0,hard_ground_11
4.797,3430,0,3043,0,hard_ground_11
4.804,3531,0,3292,0,hard_ground_11
4.811,3723,0,3435,0,hard_ground_11
4.815,3835,0,3486,0,hard_ground_11
4.818,3861,0,3489,0,hard_ground_11
4.825,3869,0,3206,0,hard_ground_11
4.825,3838,0,1136,0,hard_ground_11
4.836,3651,0,352,0,hard_ground_11
4.839,3066,0,1156,0,hard_ground_11
4.846,1574,0,3220,0,hard_ground_11
4.85,2943,0,3601,0,hard_ground_11
4.852,3575,0,3708,0,hard_ground_11
4.859,3840,0,3732,0,hard_ground_11
4.865,3878,0,3698,0,hard_ground_11
4.866,3911,0,3644,0,hard_ground_11
4.873,3899,0,3538,0,hard_ground_11
4.88,3887,0,3448,0,hard_ground_11
4.886,3720,0,3368,0,hard_ground_11
4.89,3276,0,3334,0,hard_ground_11
4.894,1398,0,3392,0,hard_ground_11
4.898,0,0,3366,0,hard_ground_11
4.901,2644,0,3194,0,hard_ground_11
4.908,3480,0,2986,0,hard_ground_11
4.914,3833,0,2955,0,hard_ground_11
4.916,3867,0,3202,0,hard_ground_11
4.922,3853,0,3351,0,hard_ground_11
4.93,3839,0,3297,0,hard_ground_11
4.936,3823,0,3282,0,hard_ground_11
4.936,3840,0,3041,0,hard_ground_11
4.943,3831,0,2868,0,hard_ground_11
4.949,3784,0,2977,0,hard_ground_11
4.955,3784,0,3107,0,hard_ground_11
4.959,3857,0,3223,0,hard_ground_11
4.963,3859,0,3279,0,hard_ground_11
4.971,3858,0,3345,0,hard_ground_11
4.976,3860,0,3479,0,hard_ground_11
4.977,3863,0,3534,0,hard_ground_11
4.984,3861,0,3574,0,hard_ground_11
4.99,3836,0,3535,0,hard_ground_11
4.995,3843,0,3480,0,hard_ground_11
4.998,3814,0,3427,0,hard_ground_11
5.005,3812,0,3371,0,hard_ground_11
5.005,3805,0,3431,0,hard_ground_11
5.012,3796,0,3528,0,hard_ground_11
5.019,3814,0,3597,0,hard_ground_11
5.022,3810,0,3622,0,hard_ground_11
5.03,3757,0,3685,0,hard_ground_11
5.033,3715,0,3719,0,hard_ground_11
5.04,3706,0,3730,0,hard_ground_11
5.04,3648,0,3725,0,hard_ground_11
5.047,3523,0,3712,0,hard_ground_11
5.054,3351,0,3664,0,hard_ground_11
5.061,3234,0,3602,0,hard_ground_11
5.064,3141,0,3568,0,hard_ground_11
5.068,2966,0,3537,0,hard_ground_11
5.075,3177,0,3550,0,hard_ground_11
5.081,3333,0,3565,0,hard_ground_11
5.085,3623,0,3589,0,hard_ground_11
5.088,3771,0,3609,0,hard_ground_11
5.096,3861,0,3623,0,hard_ground_11
5.1,3877,0,3620,0,hard_ground_11
5.102,3887,0,3603,0,hard_ground_11
5.109,3885,0,3597,0,hard_ground_11
5.109,3871,0,3572,0,hard_ground_11
5.117,3857,0,3595,0,hard_ground_11
5.124,3843,0,3606,0,hard_ground_11
5.13,3859,0,3586,0,hard_ground_11
5.135,3861,0,3548,0,hard_ground_11
5.137,3846,0,3535,0,hard_ground_11
5.144,3842,0,3563,0,hard_ground_11
5.15,3806,0,3582,0,hard_ground_11
5.151,3761,0,3612,0,hard_ground_11
5.16,3838,0,3616,0,hard_ground_11
5.164,3865,0,3612,0,hard_ground_11
5.167,3889,0,3613,0,hard_ground_11
5.172,3912,0,3630,0,hard_ground_11
5.179,3932,0,3638,0,hard_ground_11
5.185,3914,0,3648,0,hard_ground_11
5.187,3910,0,3651,0,hard_ground_11
5.193,3903,0,3645,0,hard_ground_11
5.2,3895,0,3624,0,hard_ground_11
5.201,3887,0,3594,0,hard_ground_11
5.209,3882,0,3571,0,hard_ground_11
5.213,3843,0,3566,0,hard_ground_11
5.22,3809,0,3582,0,hard_ground_11
5.225,3698,0,3615,0,hard_ground_11
5.23,3657,0,3626,0,hard_ground_11
5.234,3667,0,3652,0,hard_ground_11
5.24,3725,0,3656,0,hard_ground_11
5.241,3776,0,3641,0,hard_ground_11
5.249,3840,0,3639,0,hard_ground_11
5.255,3849,0,3643,0,hard_ground_11
5.256,3854,0,3631,0,hard_ground_11
5.262,3856,0,3636,0,hard_ground_11
5.269,3871,0,3621,0,hard_ground_11
5.271,3882,0,3588,0,hard_ground_11
5.279,3909,0,3550,0,hard_ground_11
5.283,3906,0,3551,0,hard_ground_11
5.29,3903,0,3557,0,hard_ground_11
5.29,3893,0,3604,0,hard_ground_11
5.297,3890,0,3608,0,hard_ground_11
5.303,3895,0,3608,0,hard_ground_11
5.31,3901,0,3598,0,hard_ground_11
5.311,3898,0,3600,0,hard_ground_11
5.318,3872,0,3624,0,hard_ground_11
5.325,3829,0,3619,0,hard_ground_11
5.325,3813,0,3663,0,hard_ground_11
5.333,3814,0,3678,0,hard_ground_11
5.338,3834,0,3680,0,hard_ground_11
5.345,3839,0,3670,0,hard_ground_11
5.346,3851,0,3667,0,hard_ground_11
5.352,3850,0,3667,0,hard_ground_11
5.359,3838,0,3668,0,hard_ground_11
5.365,3843,0,3663,0,hard_ground_11
5.366,3857,0,3627,0,hard_ground_11
5.373,3884,0,3617,0,hard_ground_11
5.376,3888,0,3609,0,hard_ground_11
5.38,3893,0,3610,0,hard_ground_11
5.389,3908,0,3615,0,hard_ground_11
5.394,3904,0,3617,0,hard_ground_11
5.4,3919,0,3618,0,hard_ground_11
5.401,3941,0,3599,0,hard_ground_11
5.409,3952,0,3592,0,hard_ground_11
5.415,3956,0,3599,0,hard_ground_11
5.416,3958,0,3610,0,hard_ground_11
5.422,3943,0,3586,0,hard_ground_11
5.429,3936,0,3592,0,hard_ground_11
5.435,3917,0,3605,0,hard_ground_11
5.436,3903,0,3615,0,hard_ground_11
5.443,3863,0,3619,0,hard_ground_11
5.45,3847,0,3620,0,hard_ground_11
5.45,3834,0,3620,0,hard_ground_11
5.459,3832,0,3629,0,hard_ground_11
5.464,3852,0,3615,0,hard_ground_11
5.47,3866,0,3634,0,hard_ground_11
5.474,3874,0,3634,0,hard_ground_11
5.477,3884,0,3674,0,hard_ground_11
5.484,3892,0,3663,0,hard_ground_11
5.489,3912,0,3665,0,hard_ground_11
5.491,3914,0,3646,0,hard_ground_11
5.498,3911,0,3654,0,hard_ground_11
5.504,3905,0,3635,0,hard_ground_11
5.505,3868,0,3602,0,hard_ground_11
5.512,3842,0,3601,0,hard_ground_11
5.519,3834,0,3618,0,hard_ground_11
5.524,3830,0,3607,0,hard_ground_11
5.526,3837,0,3609,0,hard_ground_11
5.533,3851,0,3615,0,hard_ground_11
5.539,3867,0,3628,0,hard_ground_11
5.54,3894,0,3636,0,hard_ground_11
5.549,3920,0,3657,0,hard_ground_11
5.554,3944,0,3664,0,hard_ground_11
5.554,3957,0,3655,0,hard_ground_11
5.561,3962,0,3629,0,hard_ground_11
5.568,3959,0,3635,0,hard_ground_11
5.574,3956,0,3625,0,hard_ground_11
5.575,3953,0,3575,0,hard_ground_11
5.581,3943,0,3582,0,hard_ground_11
5.588,3940,0,3575,0,hard_ground_11
5.594,3934,0,3618,0,hard_ground_11
5.595,3934,0,3619,0,hard_ground_11
5.604,3948,0,3637,0,hard_ground_11
5.609,3950,0,3626,0,hard_ground_11
5.609,3925,0,3622,0,hard_ground_11
5.616,3908,0,3622,0,hard_ground_11
5.623,3860,0,3621,0,hard_ground_11
5.629,3833,0,3661,0,hard_ground_11
5.63,3833,0,3688,0,hard_ground_11
5.639,3834,0,3660,0,hard_ground_11
5.644,3829,0,3670,0,hard_ground_11
5.649,3844,0,3665,0,hard_ground_11
5.652,3878,0,3641,0,hard_ground_11
5.658,3883,0,3662,0,hard_ground_11
5.664,3912,0,3663,0,hard_ground_11
5.665,3945,0,3672,0,hard_ground_11
5.672,3963,0,3654,0,hard_ground_11
5.679,3954,0,3649,0,hard_ground_11
5.679,3950,0,3632,0,hard_ground_11
5.689,3933,0,3595,0,hard_ground_11
5.692,3919,0,3603,0,hard_ground_11
5.699,3911,0,3596,0,hard_ground_11
5.7,3899,0,3600,0,hard_ground_11
5.707,3874,0,3613,0,hard_ground_11
5.713,3871,0,3622,0,hard_ground_11
5.715,3876,0,3610,0,hard_ground_11
5.72,3896,0,3619,0,hard_ground_11
5.728,3903,0,3638,0,hard_ground_11
5.733,3918,0,3665,0,hard_ground_11
5.734,3935,0,3679,0,hard_ground_11
5.741,3958,0,3683,0,hard_ground_11
5.748,3958,0,3675,0,hard_ground_11
5.754,3960,0,3637,0,hard_ground_11
5.758,3948,0,3598,0,hard_ground_11
5.762,3946,0,3578,0,hard_ground_11
5.77,3956,0,3560,0,hard_ground_11
5.774,3955,0,3539,0,hard_ground_11
5.776,3955,0,3565,0,hard_ground_11
5.783,3961,0,3586,0,hard_ground_11
5.783,3966,0,3602,0,hard_ground_11
5.79,3973,0,3616,0,hard_ground_11
5.797,3975,0,3611,0,hard_ground_11
5.804,3969,0,3617,0,hard_ground_11
5.808,3959,0,3651,0,hard_ground_11
5.811,3941,0,3664,0,hard_ground_11
5.817,3918,0,3654,0,hard_ground_11
5.824,3897,0,3667,0,hard_ground_11
5.824,3887,0,3630,0,hard_ground_11
5.831,3859,0,3622,0,hard_ground_11
5.838,3843,0,3620,0,hard_ground_11
5.839,3826,0,3623,0,hard_ground_11
5.846,3838,0,3670,0,hard_ground_11
5.854,3878,0,3682,0,hard_ground_11
5.854,3889,0,3692,0,hard_ground_11
5.862,3889,0,3659,0,hard_ground_11
5.867,3861,0,3578,0,hard_ground_11
5.873,3848,0,3439,0,hard_ground_11
5.878,3857,0,3410,0,hard_ground_11
5.88,3894,0,3502,0,hard_ground_11
5.887,3908,0,3647,0,hard_ground_11
5.894,3928,0,3726,0,hard_ground_11
5.895,3957,0,3747,0,hard_ground_11
5.901,3967,0,3759,0,hard_ground_11
5.908,3979,0,3740,0,hard_ground_11
5.913,3977,0,3732,0,hard_ground_11
5.915,3966,0,3712,0,hard_ground_11
5.922,3949,0,3690,0,hard_ground_11
5.929,3918,0,3669,0,hard_ground_11
5.929,3915,0,3653,0,hard_ground_11
5.938,3927,0,3628,0,hard_ground_11
5.943,3937,0,3659,0,hard_ground_11
5.948,3945,0,3676,0,hard_ground_11
5.949,3952,0,3706,0,hard_ground_11
5.956,3950,0,3726,0,hard_ground_11
5.963,3952,0,3733,0,hard_ground_11
5.968,3962,0,3725,0,hard_ground_11
5.97,3966,0,3724,0,hard_ground_11
5.977,3961,0,3683,0,hard_ground_11
5.983,3930,0,3541,0,hard_ground_11
5.984,3883,0,3115,0,hard_ground_11
5.993,3824,0,2982,0,hard_ground_11
5.998,3823,0,3123,0,hard_ground_11
6.0,3848,0,3500,0,hard_ground_11
6.005,3903,0,3683,0,hard_ground_11
6.012,3921,0,3689,0,hard_ground_11
6.017,3893,0,3627,0,hard_ground_11
6.022,3873,0,3542,0,hard_ground_11
6.026,3797,0,3353,0,hard_ground_11
6.033,3806,0,3281,0,hard_ground_11
6.034,3863,0,3431,0,hard_ground_11
6.039,3878,0,3620,0,hard_ground_11
6.047,3884,0,3724,0,hard_ground_11
6.053,3915,0,3762,0,hard_ground_11
6.054,3946,0,3781,0,hard_ground_11
6.061,3965,0,3806,0,hard_ground_11
6.067,3970,0,3814,0,hard_ground_11
6.073,3967,0,3803,0,hard_ground_11
6.077,3966,0,3810,0,hard_ground_11
6.082,3963,0,3792,0,hard_ground_11
6.088,3975,0,3759,0,hard_ground_11
6.089,3980,0,3734,0,hard_ground_11
6.098,3981,0,3695,0,hard_ground_11
6.103,3981,0,3685,0,hard_ground_11
6.108,3977,0,3672,0,hard_ground_11
6.109,3968,0,3693,0,hard_ground_11
6.116,3967,0,3675,0,hard_ground_11
6.123,3974,0,3679,0,hard_ground_11
6.124,3970,0,3665,0,hard_ground_11
6.13,3960,0,3508,0,hard_ground_11
6.137,3933,0,3209,0,hard_ground_11
6.143,3916,0,2906,0,hard_ground_11
6.144,3903,0,3053,0,hard_ground_11
6.151,3910,0,3307,0,hard_ground_11
6.158,3941,0,3611,0,hard_ground_11
6.158,3953,0,3665,0,hard_ground_11
6.168,3949,0,3665,0,hard_ground_11
6.171,3930,0,3662,0,hard_ground_11
6.175,3912,0,3662,0,hard_ground_11
6.179,3884,0,3692,0,hard_ground_11
6.186,3911,0,3723,0,hard_ground_11
6.192,3928,0,3762,0,hard_ground_11
6.198,3969,0,3765,0,hard_ground_11
6.199,3975,0,3777,0,hard_ground_11
6.207,3981,0,3786,0,hard_ground_11
6.213,3967,0,3769,0,hard_ground_11
6.214,3947,0,3762,0,hard_ground_11
6.22,3922,0,3712,0,hard_ground_11
6.227,3901,0,3705,0,hard_ground_11
6.228,3896,0,3722,0,hard_ground_11
6.238,3931,0,3714,0,hard_ground_11
6.241,3972,0,3714,0,hard_ground_11
6.247,3987,0,3711,0,hard_ground_11
6.248,3982,0,3700,0,hard_ground_11
6.255,3965,0,3704,0,hard_ground_11
6.262,3964,0,3687,0,hard_ground_11
6.268,3963,0,3664,0,hard_ground_11
6.272,3971,0,3636,0,hard_ground_11
6.276,3972,0,3640,0,hard_ground_11
6.28,3935,0,3458,0,hard_ground_11
6.283,3910,0,3291,0,hard_ground_11
6.29,3902,0,3235,0,hard_ground_11
6.296,3907,0,3232,0,hard_ground_11
6.303,3954,0,3564,0,hard_ground_11
6.308,3991,0,3684,0,hard_ground_11
6.31,3991,0,3738,0,hard_ground_11
6.317,3992,0,3756,0,hard_ground_11
6.317,3984,0,3753,0,hard_ground_11
6.324,3980,0,3739,0,hard_ground_11
6.331,3959,0,3608,0,hard_ground_11
6.334,3966,0,3215,0,hard_ground_11
6.342,3916,0,2899,0,hard_ground_11
6.345,3874,0,3250,0,hard_ground_11
6.352,3827,0,3486,0,hard_ground_11
6.352,3852,0,3698,0,hard_ground_11
6.36,3923,0,3746,0,hard_ground_11
6.366,3967,0,3813,0,hard_ground_11
6.368,3984,0,3834,0,hard_ground_11
6.377,3996,0,3848,0,hard_ground_11
6.38,3988,0,3846,0,hard_ground_11
6.387,3970,0,3812,0,hard_ground_11
6.387,3955,0,3753,0,hard_ground_11
6.394,3889,0,3660,0,hard_ground_11
6.401,3865,0,3379,0,hard_ground_11
6.408,3865,0,2863,0,hard_ground_11
6.412,3785,0,3046,0,hard_ground_11
6.415,3816,0,3344,0,hard_ground_11
6.422,3867,0,3504,0,hard_ground_11
6.428,3906,0,3628,0,hard_ground_11
6.429,3907,0,3531,0,hard_ground_11
6.436,3882,0,3240,0,hard_ground_11
6.442,3827,0,2335,0,hard_ground_11
6.443,3671,0,0,0,hard_ground_11
6.45,3460,0,0,0,hard_ground_11
6.457,3360,0,259,0,hard_ground_11
6.457,2594,0,2406,0,hard_ground_11
6.467,0,0,2792,0,hard_ground_11
6.472,0,0,3079,0,hard_ground_11
6.477,0,0,2947,0,hard_ground_11
6.482,0,0,0,0,hard_ground_11
6.484,0,0,0,0,hard_ground_11
6.491,0,0,0,0,hard_ground_11
6.498,0,0,0,0,hard_ground_11
6.502,0,0,0,0,hard_ground_11
6.505,0,0,0,2084,hard_ground_11
6.512,0,0,0,3478,hard_ground_11
6.516,0,1812,0,3635,hard_ground_11
6.52,0,2889,0,3757,hard_ground_11
6.525,0,2989,0,3774,hard_ground_11
6.528,0,2525,0,3750,hard_ground_11
6.533,0,0,0,3649,hard_ground_11
6.54,0,0,0,3442,hard_ground_11
6.547,0,0,0,3222,hard_ground_11
6.551,0,0,0,2424,hard_ground_11
6.554,0,0,0,1595,hard_ground_11
6.561,0,0,0,0,hard_ground_11
6.567,0,0,0,0,hard_ground_11
6.568,0,0,2006,0,hard_ground_11
6.576,0,0,2682,0,hard_ground_11
6.582,0,0,2810,0,hard_ground_11
6.586,0,0,2814,0,hard_ground_11
6.588,0,0,2881,0,hard_ground_11
6.595,0,0,2999,0,hard_ground_11
6.602,0,0,2526,0,hard_ground_11
6.603,0,0,2282,0,hard_ground_11
6.611,0,0,0,0,hard_ground_11
6.616,0,0,0,0,hard_ground_11
6.619,2663,0,0,0,hard_ground_11
6.624,2925,0,2020,0,hard_ground_11
6.63,2835,0,2866,0,hard_ground_11
6.637,2820,0,3299,0,hard_ground_11
6.64,2926,0,3330,0,hard_ground_11
6.644,3080,0,3422,0,hard_ground_11
6.652,3138,2554,3377,0,hard_ground_11
6.652,3176,2545,3364,0,hard_ground_11
6.66,3440,0,3046,0,hard_ground_11
6.665,3456,0,2991,0,hard_ground_11
6.672,3560,0,3219,0,hard_ground_11
6.677,3612,0,3357,0,hard_ground_11
6.679,3731,0,3443,0,hard_ground_11
6.686,3846,0,3412,0,hard_ground_11
6.688,3886,0,3336,0,hard_ground_11
6.693,3919,0,3289,0,hard_ground_11
6.7,3933,0,3365,0,hard_ground_11
6.706,3930,0,3533,0,hard_ground_11
6.708,3914,0,3649,0,hard_ground_11
6.713,3862,0,3791,0,hard_ground_11
6.721,3864,0,3815,0,hard_ground_11
6.727,3936,0,3834,0,hard_ground_11
6.728,3954,0,3833,0,hard_ground_11
6.734,3947,0,3875,0,hard_ground_11
6.741,3930,0,3897,0,hard_ground_11
6.746,3928,0,3895,0,hard_ground_11
6.748,3928,0,3900,0,hard_ground_11
6.755,3944,0,3884,0,hard_ground_11
6.762,3959,0,3853,0,hard_ground_11
6.763,3969,0,3827,0,hard_ground_11
6.772,3945,0,3814,0,hard_ground_11
6.776,3895,0,3837,0,hard_ground_11
6.782,3875,0,3854,0,hard_ground_11
6.783,3891,0,3872,0,hard_ground_11
6.79,3943,0,3881,0,hard_ground_11
6.796,3971,0,3897,0,hard_ground_11
6.798,3989,0,3915,0,hard_ground_11
6.803,4003,0,3925,0,hard_ground_11
6.81,4009,0,3927,0,hard_ground_11
6.817,4009,0,3891,0,hard_ground_11
6.818,4016,0,3929,0,hard_ground_11
6.824,4012,0,3925,0,hard_ground_11
6.831,4010,0,3918,0,hard_ground_11
6.833,3996,0,3922,0,hard_ground_11
6.84,3986,0,3910,0,hard_ground_11
6.845,3983,0,3908,0,hard_ground_11
6.851,3974,0,3898,0,hard_ground_11
6.854,3980,0,3893,0,hard_ground_11
6.86,3978,0,3888,0,hard_ground_11
6.866,3974,0,3876,0,hard_ground_11
6.866,3982,0,3887,0,hard_ground_11
6.875,3991,0,3909,0,hard_ground_11
6.881,4003,0,3911,0,hard_ground_11
6.883,4017,0,3932,0,hard_ground_11
6.891,4018,0,3933,0,hard_ground_11
6.894,4029,0,3928,0,hard_ground_11
6.901,4033,0,3933,0,hard_ground_11
6.903,4033,0,3930,0,hard_ground_11
6.908,4028,0,3920,0,hard_ground_11
6.915,4024,0,3906,0,hard_ground_11
6.922,4019,0,3880,0,hard_ground_11
6.922,4017,0,3867,0,hard_ground_11
6.929,4009,0,3866,0,hard_ground_11
6.935,4013,0,3863,0,hard_ground_11
6.941,4013,0,3887,0,hard_ground_11
6.947,4012,0,3901,0,hard_ground_11
6.95,4025,0,3908,0,hard_ground_11
6.957,4024,0,3912,0,hard_ground_11
6.958,4024,0,3914,0,hard_ground_11
6.963,4020,0,3918,0,hard_ground_11
6.97,4030,0,3926,0,hard_ground_11
6.972,4029,0,3918,0,hard_ground_11
6.977,4028,0,3921,0,hard_ground_11
6.984,4029,0,3924,0,hard_ground_11
6.991,4023,0,3927,0,hard_ground_11
6.991,4023,0,3914,0,hard_ground_11
6.999,4024,0,3905,0,hard_ground_11
7.005,4018,0,3890,0,hard_ground_11
7.011,4010,0,3885,0,hard_ground_11
7.016,3996,0,3873,0,hard_ground_11
7.02,4003,0,3865,0,hard_ground_11
7.026,4001,0,3861,0,hard_ground_11
7.026,4001,0,3863,0,hard_ground_11
7.034,4004,0,3879,0,hard_ground_11
7.041,4013,0,3892,0,hard_ground_11
7.042,4021,0,3899,0,hard_ground_11
7.05,4022,0,3911,0,hard_ground_11
7.053,4026,0,3916,0,hard_ground_11
7.06,4027,0,3910,0,hard_ground_11
7.066,4024,0,3914,0,hard_ground_11
7.067,4024,0,3905,0,hard_ground_11
7.074,4020,0,3893,0,hard_ground_11
7.081,4020,0,3881,0,hard_ground_11
7.086,4017,0,3865,0,hard_ground_11
7.088,4018,0,3877,0,hard_ground_11
7.096,4012,0,3887,0,hard_ground_11
7.101,4008,0,3906,0,hard_ground_11
7.102,4008,0,3917,0,hard_ground_11
7.109,4013,0,3918,0,hard_ground_11
7.116,4019,0,3926,0,hard_ground_11
7.116,4024,0,3916,0,hard_ground_11
7.126,4019,0,3912,0,hard_ground_11
7.13,4023,0,3907,0,hard_ground_11
7.136,4022,0,3901,0,hard_ground_11
7.141,4025,0,3901,0,hard_ground_11
7.144,4023,0,3897,0,hard_ground_11
7.15,4022,0,3894,0,hard_ground_11
7.152,4020,0,3890,0,hard_ground_11
7.158,4020,0,3889,0,hard_ground_11
7.165,4022,0,3887,0,hard_ground_11
7.171,4022,0,3878,0,hard_ground_11
7.172,4018,0,3868,0,hard_ground_11
7.178,4017,0,3869,0,hard_ground_11
7.185,4018,0,3852,0,hard_ground_11
7.187,4023,0,3815,0,hard_ground_11
7.195,4019,0,3792,0,hard_ground_11
7.199,4023,0,3783,0,hard_ground_11
7.206,4025,0,3824,0,hard_ground_11
7.206,4026,0,3841,0,hard_ground_11
7.213,4026,0,3860,0,hard_ground_11
7.22,4024,0,3873,0,hard_ground_11
7.222,4024,0,3888,0,hard_ground_11
7.227,4027,0,3882,0,hard_ground_11
7.234,4028,0,3877,4063,hard_ground_11
7.241,4031,0,3883,0,hard_ground_11
7.246,4034,0,3848,0,hard_ground_11
7.248,4023,0,3897,4016,hard_ground_11
7.256,4033,0,3800,0,hard_ground_11
7.261,4036,0,3694,4013,hard_ground_11
7.266,4017,0,3745,3227,hard_ground_11
7.269,4007,0,3455,3766,hard_ground_11
7.276,4008,0,3230,0,hard_ground_11
7.276,4010,0,0,0,hard_ground_11
7.283,3994,0,0,0,hard_ground_11
7.289,3997,0,0,0,hard_ground_11
7.293,4007,0,3046,0,hard_ground_11
7.297,4016,0,3501,0,hard_ground_11
7.303,4026,0,3573,0,hard_ground_11
7.31,4034,0,3471,0,hard_ground_11
7.31,4039,0,3247,2705,hard_ground_11
7.32,4037,0,3180,3354,hard_ground_11
7.324,4033,0,2947,3750,hard_ground_11
7.327,4025,0,2959,3956,hard_ground_11
7.335,4022,0,2915,3989,hard_ground_11
7.338,4020,0,0,3981,hard_ground_11
7.345,4013,0,0,3812,hard_ground_11
7.345,3989,0,0,0,hard_ground_11
7.352,3962,0,0,0,hard_ground_11
7.359,3965,0,0,2881,hard_ground_11
7.366,4001,0,0,3711,hard_ground_11
7.371,4026,0,3146,3750,hard_ground_11
7.373,4038,0,3348,3843,hard_ground_11
7.38,4039,0,3335,3797,hard_ground_11
7.38,4043,0,3268,3661,hard_ground_11
7.387,4036,0,3243,2483,hard_ground_11
7.394,4035,0,3190,1840,hard_ground_11
7.401,4033,0,3267,2528,hard_ground_11
7.406,4034,0,3353,3189,hard_ground_11
7.408,4032,0,3362,2928,hard_ground_11
7.415,4030,0,3337,1552,hard_ground_11
7.415,4032,0,3386,2022,hard_ground_11
7.422,4024,0,3433,1968,hard_ground_11
7.428,4028,0,3462,0,hard_ground_11
7.436,4024,0,3424,0,hard_ground_11
7.436,4021,0,3392,0,hard_ground_11
7.442,4023,0,3398,0,hard_ground_11
7.45,4022,0,3439,0,hard_ground_11
7.45,4026,0,3580,0,hard_ground_11
7.458,4030,0,3663,0,hard_ground_11
7.466,4033,0,3721,0,hard_ground_11
7.47,4037,0,3718,0,hard_ground_11
7.476,4036,0,3669,0,hard_ground_11
7.477,4038,0,3637,0,hard_ground_11
7.484,4039,0,3636,0,hard_ground_11
7.491,4040,0,3654,0,hard_ground_11
7.492,4038,0,3670,0,hard_ground_11
7.498,4037,0,3661,0,hard_ground_11
7.505,4035,0,3649,0,hard_ground_11
7.511,4035,0,3649,0,hard_ground_11
7.512,4036,0,3632,0,hard_ground_11
7.519,4041,0,3628,0,hard_ground_11
7.525,4041,0,3606,0,hard_ground_11
7.526,4046,0,3603,0,hard_ground_11
7.533,4046,0,3602,0,hard_ground_11
7.539,4046,0,3620,0,hard_ground_11
7.546,4047,0,3637,0,hard_ground_11
7.547,4046,0,3650,0,hard_ground_11
7.553,4041,0,3624,0,hard_ground_11
7.561,4035,0,3602,0,hard_ground_11
7.561,4036,0,3516,0,hard_ground_11
7.57,4029,0,3350,0,hard_ground_11
7.574,4029,0,3521,0,hard_ground_11
7.577,4030,0,3576,2535,hard_ground_11
7.581,4035,0,3607,3381,hard_ground_11
7.588,4035,0,3597,3124,hard_ground_11
7.595,4037,0,3566,0,hard_ground_11
7.595,4038,0,3387,0,hard_ground_11
7.603,4032,0,3354,0,hard_ground_11
7.609,4026,0,3453,0,hard_ground_11
7.615,4018,0,3491,0,hard_ground_11
7.62,4015,0,3512,0,hard_ground_11
7.623,4021,0,3467,0,hard_ground_11
7.63,4028,0,3609,0,hard_ground_11
7.63,4023,0,3671,0,hard_ground_11
7.637,4020,0,3610,0,hard_ground_11
7.644,4013,0,3380,0,hard_ground_11
7.651,3993,0,3313,0,hard_ground_11
7.655,3978,0,3314,0,hard_ground_11
7.657,3970,0,3311,0,hard_ground_11
7.665,3961,0,3604,0,hard_ground_11
7.665,3957,0,3653,1735,hard_ground_11
7.672,3958,0,3623,2043,hard_ground_11
7.678,3962,0,3399,1932,hard_ground_11
7.686,3958,0,3367,1887,hard_ground_11
7.69,3936,0,3365,1424,hard_ground_11
7.692,3889,0,3406,1818,hard_ground_11
7.699,3791,0,3357,3019,hard_ground_11
7.706,3719,0,3147,3401,hard_ground_11
7.706,3641,0,2472,3435,hard_ground_11
7.713,3315,0,1677,3415,hard_ground_11
7.72,3038,0,1479,3428,hard_ground_11
7.725,2685,0,2702,3795,hard_ground_11
7.727,2829,0,3301,3883,hard_ground_11
7.734,3099,0,3421,3931,hard_ground_11
7.741,3095,0,3315,3940,hard_ground_11
7.742,0,0,2899,3934,hard_ground_11
7.748,0,0,1265,3894,hard_ground_11
7.755,0,0,0,3836,hard_ground_11
7.755,0,0,0,3873,hard_ground_11
7.761,0,0,0,3918,hard_ground_11
7.769,0,0,0,3932,hard_ground_11
7.777,0,227,0,3938,hard_ground_11
7.777,0,2623,0,3939,hard_ground_11
7.784,0,3043,0,3945,hard_ground_11
7.789,0,3128,0,3939,hard_ground_11
7.796,0,2812,0,3951,hard_ground_11
7.797,0,2587,0,3938,hard_ground_11
7.803,0,2688,0,3920,hard_ground_11
7.81,0,3047,0,3883,hard_ground_11
7.814,0,3249,0,3893,hard_ground_11
7.817,0,3417,0,3920,hard_ground_11
7.824,0,3489,0,3929,hard_ground_11
7.826,0,3474,0,3926,hard_ground_11
7.835,0,3451,0,3921,hard_ground_11
7.839,0,3497,0,3881,hard_ground_11
7.844,0,3519,0,3888,hard_ground_11
7.85,0,3555,0,3875,hard_ground_11
7.853,0,3614,0,3845,hard_ground_11
7.86,0,3627,0,3816,hard_ground_11
7.86,0,3613,0,3856,hard_ground_11
7.87,0,3610,0,3886,hard_ground_11
7.874,0,3634,0,3920,hard_ground_11
7.88,0,3648,0,3926,hard_ground_11
7.885,0,3709,0,3930,hard_ground_11
7.887,0,3725,0,3916,hard_ground_11
7.893,0,3700,0,3904,hard_ground_11
7.9,0,3640,0,3887,hard_ground_11
7.902,0,3296,0,3848,hard_ground_11
7.91,0,2245,0,3812,hard_ground_11
7.914,0,1518,0,3830,hard_ground_11
7.92,0,3059,0,3885,hard_ground_11
7.922,0,3534,0,3913,hard_ground_11
7.929,0,3719,0,3936,hard_ground_11
7.935,0,3763,0,3969,hard_ground_11
7.936,0,3761,0,3973,hard_ground_11
7.942,0,3729,0,3979,hard_ground_11
7.949,0,3652,0,3972,hard_ground_11
7.954,0,3647,0,3956,hard_ground_11
7.956,0,3661,0,3921,hard_ground_11
7.963,0,3634,0,3920,hard_ground_11
7.97,0,3557,0,3910,hard_ground_11
7.97,0,3438,0,3882,hard_ground_11
7.978,0,3319,0,3885,hard_ground_11
7.984,0,3315,0,3886,hard_ground_11
7.99,0,3536,0,3897,hard_ground_11
7.991,0,3632,0,3946,hard_ground_11
7.998,0,3652,0,3967,hard_ground_11
8.005,0,3654,0,3970,hard_ground_11
8.01,0,3622,0,3971,hard_ground_11
8.012,0,3551,0,3973,hard_ground_11
8.019,0,3475,0,3960,hard_ground_11
8.024,0,3377,0,3955,hard_ground_11
8.026,0,3450,0,3976,hard_ground_11
8.033,0,3551,0,3987,hard_ground_11
8.039,0,3658,0,3988,hard_ground_11
8.041,0,3726,0,3980,hard_ground_11
8.046,0,3706,0,3964,hard_ground_11
8.053,0,3501,0,3934,hard_ground_11
8.06,0,2238,0,3895,hard_ground_11
8.061,0,1457,0,3945,hard_ground_11
8.067,0,2490,0,3977,hard_ground_11
8.074,0,3558,0,3990,hard_ground_11
8.075,0,3719,0,4007,hard_ground_11
8.082,0,3788,0,4014,hard_ground_11
8.088,0,3820,0,4016,hard_ground_11
8.095,0,3777,0,4016,hard_ground_11
8.096,0,3719,0,3998,hard_ground_11
8.102,0,3453,0,3976,hard_ground_11
8.109,0,2908,0,3945,hard_ground_11
8.114,0,0,0,3900,hard_ground_11
8.116,0,0,0,3848,hard_ground_11
8.123,0,0,0,3825,hard_ground_11
8.13,0,1162,0,3892,hard_ground_11
8.131,0,3163,0,3927,hard_ground_11
8.139,0,3558,0,3942,hard_ground_11
8.143,0,3689,0,3958,hard_ground_11
8.149,0,3756,0,3973,hard_ground_11
8.15,0,3767,0,3976,hard_ground_11
8.158,0,3745,0,3968,hard_ground_11
8.164,0,3707,0,3951,hard_ground_11
8.165,0,3669,0,3943,hard_ground_11
8.171,0,3664,0,3940,hard_ground_11
8.179,0,3661,0,3932,hard_ground_11
8.184,0,3658,0,3925,hard_ground_11
8.189,0,3674,0,3916,hard_ground_11
8.192,0,3704,0,3928,hard_ground_11
8.199,0,3752,0,3939,hard_ground_11
8.2,0,3768,0,3956,hard_ground_11
8.208,0,3774,0,3970,hard_ground_11
8.213,0,3773,0,3979,hard_ground_11
8.219,0,3789,0,3982,hard_ground_11
8.22,0,3768,0,3983,hard_ground_11
8.227,0,3743,0,3989,hard_ground_11
8.233,0,3699,0,3982,hard_ground_11
8.239,0,3566,0,3977,hard_ground_11
8.242,0,3407,0,3976,hard_ground_11
8.248,0,3128,0,3970,hard_ground_11
8.254,0,3201,0,3972,hard_ground_11
8.255,0,3454,0,3982,hard_ground_11
8.262,0,3659,0,3994,hard_ground_11
8.268,0,3756,0,4001,hard_ground_11
8.274,0,3804,0,4004,hard_ground_11
8.275,0,3834,0,4012,hard_ground_11
8.284,0,3822,0,4007,hard_ground_11
8.289,0,3777,0,3995,hard_ground_11
8.29,0,3699,0,3988,hard_ground_11
8.296,0,3512,0,3963,hard_ground_11
8.304,0,3450,0,3939,hard_ground_11
8.309,0,3432,0,3936,hard_ground_11
8.31,0,3503,0,3931,hard_ground_11
8.317,0,3667,0,3949,hard_ground_11
8.324,0,3737,0,3964,hard_ground_11
8.325,0,3775,0,3975,hard_ground_11
8.333,0,3797,0,3992,hard_ground_11
8.338,0,3804,0,3985,hard_ground_11
8.342,0,3790,0,3986,hard_ground_11
8.345,0,3767,0,3992,hard_ground_11
8.352,0,3748,0,3987,hard_ground_11
8.359,0,3720,0,3982,hard_ground_11
8.359,0,3709,0,3983,hard_ground_11
8.366,0,3687,0,3977,hard_ground_11
8.373,0,3677,0,3973,hard_ground_11
8.379,0,3686,0,3973,hard_ground_11
8.384,0,3701,0,3977,hard_ground_11
8.387,0,3720,0,3985,hard_ground_11
8.393,0,3741,0,3983,hard_ground_11
8.395,0,3757,0,3992,hard_ground_11
8.4,0,3765,0,3992,hard_ground_11
8.407,0,3758,0,3997,hard_ground_11
8.414,0,3742,0,3996,hard_ground_11
8.419,0,3742,0,3992,hard_ground_11
8.421,0,3732,0,3995,hard_ground_11
8.428,0,3720,0,3990,hard_ground_11
8.43,0,3708,0,3988,hard_ground_11
8.438,0,3700,0,3980,hard_ground_11
8.442,0,3687,0,3983,hard_ground_11
8.446,0,3694,0,3986,hard_ground_11
8.454,0,3722,0,3987,hard_ground_11
8.456,0,3729,0,3996,hard_ground_11
8.464,0,3753,0,3999,hard_ground_11
8.464,0,3761,0,4002,hard_ground_11
8.47,0,3764,0,4002,hard_ground_11
8.477,0,3769,0,4009,hard_ground_11
8.484,0,3767,0,4000,hard_ground_11
8.484,0,3759,0,3996,hard_ground_11
8.491,0,3739,0,3989,hard_ground_11
8.498,0,3722,0,3985,hard_ground_11
8.498,0,3727,0,3981,hard_ground_11
8.509,0,3731,0,3975,hard_ground_11
8.512,0,3737,0,3978,hard_ground_11
8.519,0,3754,0,3982,hard_ground_11
8.519,0,3759,0,3983,hard_ground_11
8.526,0,3756,0,3985,hard_ground_11
8.532,0,3745,0,3988,hard_ground_11
8.539,0,3728,0,3987,hard_ground_11
8.542,0,3718,0,3988,hard_ground_11
8.546,0,3735,0,3991,hard_ground_11
8.553,0,3748,0,3993,hard_ground_11
8.554,0,3770,0,3993,hard_ground_11
8.56,0,3776,0,3998,hard_ground_11
8.567,0,3770,0,3995,hard_ground_11
8.574,0,3731,0,3995,hard_ground_11
8.579,0,3700,0,3989,hard_ground_11
8.583,0,3674,0,3987,hard_ground_11
8.588,0,3692,0,3994,hard_ground_11
8.592,0,3730,0,3992,hard_ground_11
8.595,0,3763,0,4005,hard_ground_11
8.602,0,3796,0,4007,hard_ground_11
8.609,0,3808,0,4009,hard_ground_11
8.61,0,3776,0,4010,hard_ground_11
8.616,0,3718,0,4007,hard_ground_11
8.623,0,3594,0,4003,hard_ground_11
8.629,0,3456,0,3997,hard_ground_11
8.63,0,3423,0,3994,hard_ground_11
8.638,0,3501,0,3989,hard_ground_11
8.643,0,3649,0,3997,hard_ground_11
8.648,0,3739,0,4004,hard_ground_11
8.65,0,3778,0,4007,hard_ground_11
8.657,0,3828,0,4011,hard_ground_11
8.664,0,3840,0,4008,hard_ground_11
8.664,0,3838,0,4006,hard_ground_11
8.671,0,3807,0,3999,hard_ground_11
8.678,0,3778,0,3984,hard_ground_11
8.68,0,3715,0,3969,hard_ground_11
8.688,0,3603,0,3940,hard_ground_11
8.692,0,3566,0,3934,hard_ground_11
8.695,0,3611,0,3931,hard_ground_11
8.699,0,3704,0,3947,hard_ground_11
8.706,0,3759,0,3973,hard_ground_11
8.712,0,3802,0,3987,hard_ground_11
8.712,0,3832,0,3999,hard_ground_11
8.723,0,3825,0,4002,hard_ground_11
8.726,0,3788,0,4001,hard_ground_11
8.733,0,3752,0,4009,hard_ground_11
8.734,0,3736,0,4006,hard_ground_11
8.742,0,3698,0,4004,hard_ground_11
8.747,0,3675,0,4009,hard_ground_11
8.749,0,3678,0,4004,hard_ground_11
8.755,0,3694,0,4006,hard_ground_11
8.763,0,3702,0,4007,hard_ground_11
8.768,0,3723,0,4009,hard_ground_11
8.773,0,3754,0,4012,hard_ground_11
8.776,0,3765,0,4012,hard_ground_11
8.783,0,3761,0,4011,hard_ground_11
8.783,0,3751,0,4008,hard_ground_11
8.791,0,3743,0,4002,hard_ground_11
8.798,0,3735,0,4002,hard_ground_11
8.803,0,3730,0,4002,hard_ground_11
8.808,0,3724,0,3992,hard_ground_11
8.811,0,3721,0,3994,hard_ground_11
8.817,0,3721,0,3992,hard_ground_11
8.823,0,3738,0,3983,hard_ground_11
8.824,0,3734,0,3984,hard_ground_11
8.831,0,3744,0,3988,hard_ground_11
8.838,0,3759,0,3991,hard_ground_11
8.842,0,3787,0,3996,hard_ground_11
8.845,0,3810,0,3993,hard_ground_11
8.852,0,3830,0,3997,hard_ground_11
8.858,0,3828,0,4000,hard_ground_11
8.86,0,3811,0,4002,hard_ground_11
8.866,0,3776,0,3995,hard_ground_11
8.873,0,3735,0,3990,hard_ground_11
8.873,0,3706,0,3989,hard_ground_11
8.881,0,3687,0,3989,hard_ground_11
8.887,0,3674,0,3988,hard_ground_11
8.893,0,3691,0,3996,hard_ground_11
8.894,0,3715,0,4000,hard_ground_11
8.902,0,3726,0,4006,hard_ground_11
8.907,0,3740,0,4007,hard_ground_11
8.907,0,3750,0,4018,hard_ground_11
8.914,0,3742,0,4018,hard_ground_11
8.921,0,3741,0,4018,hard_ground_11
8.927,0,3744,0,4022,hard_ground_11
8.932,0,3744,0,4019,hard_ground_11
8.935,0,3731,0,4016,hard_ground_11
8.943,0,3733,0,4014,hard_ground_11
8.943,0,3727,0,4008,hard_ground_11
8.95,0,3726,0,4005,hard_ground_11
8.956,0,3716,0,3999,hard_ground_11
8.963,0,3720,0,3994,hard_ground_11
8.967,0,3731,0,3992,hard_ground_11
8.97,0,3744,0,3996,hard_ground_11
8.977,0,3757,0,3992,hard_ground_11
8.977,0,3768,0,3994,hard_ground_11
8.988,0,3778,0,3996,hard_ground_11
8.991,0,3791,0,3999,hard_ground_11
8.998,0,3791,0,4000,hard_ground_11
8.998,0,3790,0,3997,hard_ground_11
9.005,0,3777,0,3995,hard_ground_11
9.012,0,3759,0,3999,hard_ground_11
9.012,0,3753,0,3991,hard_ground_11
9.021,0,3733,0,3981,hard_ground_11
9.025,0,3731,0,3992,hard_ground_11
9.033,0,3722,0,3998,hard_ground_11
9.037,0,3723,0,4005,hard_ground_11
9.043,0,3749,0,4005,hard_ground_11
9.046,0,3755,0,4010,hard_ground_11
9.052,0,3753,0,4007,hard_ground_11
9.053,0,3727,0,4002,hard_ground_11
9.06,0,3702,0,3997,hard_ground_11
9.067,0,3678,0,3998,hard_ground_11
9.068,0,3683,0,4003,hard_ground_11
9.074,0,3712,0,4002,hard_ground_11
9.081,0,3740,0,4004,hard_ground_11
9.087,0,3759,0,4007,hard_ground_11
9.088,0,3780,0,4009,hard_ground_11
9.096,0,3775,0,4006,hard_ground_11
9.102,0,3775,0,4004,hard_ground_11
9.102,0,3758,0,4005,hard_ground_11
9.109,0,3753,0,4013,hard_ground_11
9.116,0,3764,0,4011,hard_ground_11
9.122,0,3780,0,4012,hard_ground_11
9.127,0,3805,0,4019,hard_ground_11
9.129,0,3821,0,4018,hard_ground_11
9.136,0,3807,0,4012,hard_ground_11
9.142,0,3770,0,4000,hard_ground_11
9.144,0,3751,0,3997,hard_ground_11
9.151,0,3721,0,3990,hard_ground_11
9.157,0,3717,0,3987,hard_ground_11
9.162,0,3717,0,3987,hard_ground_11
9.164,0,3693,0,3998,hard_ground_11
9.171,0,3621,0,3994,hard_ground_11
9.177,0,3452,0,3986,hard_ground_11
9.178,0,3454,0,3983,hard_ground_11
9.185,0,3553,0,3988,hard_ground_11
9.192,0,3677,0,4001,hard_ground_11
9.192,0,3751,0,4007,hard_ground_11
9.199,0,3784,0,4014,hard_ground_11
9.206,0,3796,0,4008,hard_ground_11
9.212,0,3773,0,4002,hard_ground_11
9.214,0,3650,0,4000,hard_ground_11
9.22,0,3360,0,3996,hard_ground_11
9.227,0,3186,0,3990,hard_ground_11
9.227,0,3369,0,3995,hard_ground_11
9.237,0,3649,0,4000,hard_ground_11
9.242,0,3772,0,4008,hard_ground_11
9.248,0,3817,0,4018,hard_ground_11
9.252,0,3839,0,4022,hard_ground_11
9.255,0,3845,0,4022,hard_ground_11
9.262,0,3834,0,4025,hard_ground_11
9.262,0,3812,0,4021,hard_ground_11
9.269,0,3804,0,4016,hard_ground_11
9.276,0,3787,0,4013,hard_ground_11
9.281,0,3760,0,4012,hard_ground_11
9.287,0,3778,0,4015,hard_ground_11
9.29,0,3785,0,4018,hard_ground_11
9.296,0,3790,0,4022,hard_ground_11
9.296,0,3792,0,4017,hard_ground_11
9.307,0,3778,0,4016,hard_ground_11
9.31,0,3731,0,4005,hard_ground_11
9.313,0,3615,0,4000,hard_ground_11
9.321,0,3316,0,3973,hard_ground_11
9.324,0,2802,0,3952,hard_ground_11
9.331,0,2867,0,3954,hard_ground_11
9.334,0,3410,0,3966,hard_ground_11
9.338,0,3689,0,3979,hard_ground_11
9.346,0,3791,0,3996,hard_ground_11
9.351,0,3836,0,4005,hard_ground_11
9.357,0,3841,0,4003,hard_ground_11
9.359,0,3820,0,4003,hard_ground_11
9.367,0,3734,0,3996,hard_ground_11
9.372,0,3681,0,3993,hard_ground_11
9.377,0,3675,0,3995,hard_ground_11
9.38,0,3698,0,4004,hard_ground_11
9.387,0,3750,0,4011,hard_ground_11
9.391,0,3790,0,4018,hard_ground_11
9.394,0,3800,0,4023,hard_ground_11
9.4,0,3817,0,4024,hard_ground_11
9.407,0,3811,0,4019,hard_ground_11
9.407,0,3791,0,4014,hard_ground_11
9.415,0,3743,0,4010,hard_ground_11
9.421,0,3702,0,4010,hard_ground_11
9.424,0,3703,0,4013,hard_ground_11
9.428,0,3733,0,4015,hard_ground_11
9.436,0,3769,0,4021,hard_ground_11
9.441,0,3812,0,4021,hard_ground_11
9.443,0,3828,0,4019,hard_ground_11
9.449,0,3827,0,4022,hard_ground_11
9.456,0,3820,0,4018,hard_ground_11
9.457,0,3795,0,4017,hard_ground_11
9.463,0,3769,0,4010,hard_ground_11
9.47,0,3734,0,3991,hard_ground_11
9.477,0,3688,0,3977,hard_ground_11
9.478,0,3482,0,3969,hard_ground_11
9.484,0,3287,0,3970,hard_ground_11
9.491,0,3174,0,3961,hard_ground_11
9.497,0,3439,0,3968,hard_ground_11
9.497,0,3638,0,3980,hard_ground_11
9.505,0,3738,0,3977,hard_ground_11
9.511,0,3760,0,3992,hard_ground_11
9.511,0,3747,0,4003,hard_ground_11
9.522,0,3744,0,4000,hard_ground_11
9.526,0,3696,0,4001,hard_ground_11
9.532,0,3663,0,3997,hard_ground_11
9.536,0,3669,0,3979,hard_ground_11
9.539,0,3698,0,3985,hard_ground_11
9.547,0,3695,0,4000,hard_ground_11
9.551,0,3735,0,3989,hard_ground_11
9.553,0,3755,0,3998,hard_ground_11
9.56,0,3754,0,3992,hard_ground_11
9.566,0,3758,0,3995,hard_ground_11
9.567,0,3710,0,3990,hard_ground_11
9.574,0,3659,0,3977,hard_ground_11
9.581,0,3577,0,3967,hard_ground_11
9.586,0,3480,0,3980,hard_ground_11
9.588,0,3368,0,3974,hard_ground_11
9.595,0,3256,0,3954,hard_ground_11
9.601,0,2889,0,3941,hard_ground_11
9.602,0,2573,0,3913,hard_ground_11
9.608,0,2066,0,3904,hard_ground_11
9.616,0,1556,0,3895,hard_ground_11
9.617,0,1539,0,3878,hard_ground_11
9.626,0,1521,0,3853,hard_ground_11
9.629,0,0,0,3823,hard_ground_11
9.636,0,0,0,3807,hard_ground_11
9.637,0,0,0,3806,hard_ground_11
9.646,0,0,0,3861,hard_ground_11
9.65,0,1410,1711,3906,hard_ground_11
9.652,0,2722,2310,3877,hard_ground_11
9.657,0,1924,2396,3863,hard_ground_11
9.664,0,0,2462,3700,hard_ground_11
9.671,0,0,2523,3023,hard_ground_11
9.676,0,0,2484,0,hard_ground_11
9.678,0,0,2447,0,hard_ground_11
9.686,0,0,2386,0,hard_ground_11
9.691,0,0,2637,0,hard_ground_11
9.693,0,0,2806,0,hard_ground_11
9.699,0,0,2805,0,hard_ground_11
9.706,2323,0,2558,0,hard_ground_11
9.706,3090,0,2679,0,hard_ground_11
9.716,3137,0,3105,0,hard_ground_11
9.719,3116,0,3223,0,hard_ground_11
9.726,3079,0,3320,0,hard_ground_11
9.727,2714,0,3360,0,hard_ground_11
9.734,0,0,3387,0,hard_ground_11
9.74,0,0,3367,0,hard_ground_11
9.743,0,0,3291,0,hard_ground_11
9.747,0,0,3237,0,hard_ground_11
9.756,0,0,3235,0,hard_ground_11
9.761,0,0,3243,0,hard_ground_11
9.762,0,0,3296,1937,hard_ground_11
9.768,0,0,3369,3413,hard_ground_11
9.775,0,0,3319,3634,hard_ground_11
9.777,0,0,3170,3679,hard_ground_11
9.786,0,0,2796,3699,hard_ground_11
9.79,0,0,2343,3689,hard_ground_11
9.796,0,0,2054,3680,hard_ground_11
9.796,0,0,2114,3639,hard_ground_11
9.803,0,0,2173,3752,hard_ground_11
9.81,0,2233,2286,3838,hard_ground_11
9.816,0,2889,2306,3928,hard_ground_11
9.817,0,3223,2256,3960,hard_ground_11
9.824,0,3297,2139,3959,hard_ground_11
9.831,0,3414,1878,3885,hard_ground_11
9.831,0,3507,1165,3745,hard_ground_11
9.838,0,3566,0,3727,hard_ground_11
9.845,0,3438,0,3889,hard_ground_11
9.847,0,3396,0,3992,hard_ground_11
9.852,0,3468,0,4006,hard_ground_11
9.859,0,3626,0,4006,hard_ground_11
9.866,0,3711,0,4002,hard_ground_11
9.866,0,3780,0,4008,hard_ground_11
9.874,0,3784,0,4013,hard_ground_11
9.879,0,3776,0,4027,hard_ground_11
9.886,0,3766,0,4032,hard_ground_11
9.887,0,3716,0,4032,hard_ground_11
9.893,0,3672,0,4024,hard_ground_11
9.9,0,3645,0,3999,hard_ground_11
9.902,0,3563,0,3988,hard_ground_11
9.91,0,3399,0,3999,hard_ground_11
9.914,0,3276,0,4009,hard_ground_11
9.92,0,3468,0,4009,hard_ground_11
9.921,0,3643,0,3986,hard_ground_11
9.928,0,3728,0,4022,hard_ground_11
9.935,0,3804,0,4025,hard_ground_11
9.941,0,3839,0,4035,hard_ground_11
9.946,0,3855,0,4035,hard_ground_11
9.949,0,3854,0,4036,hard_ground_11
9.956,0,3836,0,4029,hard_ground_11
9.956,0,3790,0,4028,hard_ground_11
9.963,0,3807,0,4021,hard_ground_11
9.969,0,3807,0,4000,hard_ground_11
9.971,0,3822,0,3963,hard_ground_11
9.98,0,3809,0,3962,hard_ground_11
9.984,0,3786,0,4000,hard_ground_11
9.991,0,3771,0,4014,hard_ground_11
9.991,0,3778,0,4020,hard_ground_11
9.999,0,3808,0,4016,hard_ground_11
10.004,0,3828,0,4018,hard_ground_11
10.006,0,3842,0,4024,hard_ground_11
10.015,0,3831,0,4029,hard_ground_11
10.018,0,3836,0,4034,hard_ground_11
10.026,0,3847,0,4035,hard_ground_11
10.026,0,3849,0,4033,hard_ground_11
10.032,0,3857,0,4027,hard_ground_11
10.039,0,3852,0,4027,hard_ground_11
10.045,0,3794,0,4032,hard_ground_11
10.05,0,3776,0,4039,hard_ground_11
10.053,0,3808,0,4039,hard_ground_11
10.06,0,3852,0,4036,hard_ground_11
10.06,0,3862,0,4025,hard_ground_11
10.07,0,3869,0,4036,hard_ground_11
10.074,0,3832,0,4036,hard_ground_11
10.077,0,3782,0,4045,hard_ground_11
10.085,0,3769,0,4042,hard_ground_11
10.088,0,3810,0,4040,hard_ground_11
10.095,0,3838,0,4038,hard_ground_11
10.095,0,3843,0,4033,hard_ground_11
10.102,0,3826,0,4037,hard_ground_11
10.109,0,3772,0,4045,hard_ground_11
10.116,0,3780,0,4041,hard_ground_11
10.116,0,3761,0,4040,hard_ground_11
10.125,0,3752,0,4043,hard_ground_11
10.129,0,3750,0,4041,hard_ground_11
10.131,0,3739,0,4039,hard_ground_11
10.136,0,3773,0,4049,hard_ground_11
10.144,0,3790,0,4044,hard_ground_11
10.15,0,3800,0,4045,hard_ground_11
10.155,0,3806,0,4044,hard_ground_11
10.157,0,3780,0,4047,hard_ground_11
10.164,0,3671,0,4046,hard_ground_11
10.17,0,3739,0,4043,hard_ground_11
10.171,0,3792,0,4038,hard_ground_11
10.178,0,3802,0,4038,hard_ground_11
10.185,0,3818,0,4042,hard_ground_11
10.185,0,3830,0,4042,hard_ground_11
10.195,0,3815,0,4043,hard_ground_11
10.199,0,3833,0,4043,hard_ground_11
10.205,0,3814,0,4042,hard_ground_11
10.206,0,3816,0,4041,hard_ground_11
10.214,0,3825,0,4048,hard_ground_11
10.22,0,3827,0,4035,hard_ground_11
10.22,0,3833,0,4042,hard_ground_11
10.228,0,3849,0,4039,hard_ground_11
10.233,0,3819,0,4047,hard_ground_11
10.236,0,3808,0,4048,hard_ground_11
10.241,0,3798,0,4047,hard_ground_11
10.248,0,3821,0,4041,hard_ground_11
10.254,0,3831,0,4042,hard_ground_11
10.256,0,3820,0,4048,hard_ground_11
10.261,0,3776,0,4050,hard_ground_11
10.269,0,3774,0,4046,hard_ground_11
10.275,0,3787,0,4042,hard_ground_11
10.276,0,3791,0,4039,hard_ground_11
10.282,0,3783,0,4038,hard_ground_11
10.289,0,3746,0,4045,hard_ground_11
10.291,0,3724,0,4043,hard_ground_11
10.296,0,3729,0,4044,hard_ground_11
10.303,0,3749,0,4045,hard_ground_11
10.31,0,3770,0,4048,hard_ground_11
10.311,0,3762,0,4048,hard_ground_11
10.317,0,3761,0,4052,hard_ground_11
10.324,0,3789,0,4055,hard_ground_11
10.325,0,3817,0,4054,hard_ground_11
10.334,0,3844,0,4051,hard_ground_11
10.338,0,3863,0,4048,hard_ground_11
10.344,0,3827,0,4046,hard_ground_11
10.346,0,3757,0,4048,hard_ground_11
10.352,0,3713,0,4050,hard_ground_11
10.359,0,3735,0,4048,hard_ground_11
10.365,0,3765,0,4048,hard_ground_11
10.366,0,3765,0,4042,hard_ground_11
10.372,0,3719,0,4045,hard_ground_11
10.379,0,3704,0,4053,hard_ground_11
10.38,0,3692,0,4046,hard_ground_11
10.386,0,3703,0,4045,hard_ground_11
10.394,0,3708,0,4041,hard_ground_11
10.4,0,3715,0,4048,hard_ground_11
10.401,0,3732,0,4047,hard_ground_11
10.407,0,3784,0,4052,hard_ground_11
10.414,0,3794,0,4054,hard_ground_11
10.415,0,3818,0,4054,hard_ground_11
10.423,0,3820,0,4048,hard_ground_11
10.428,0,3814,0,4033,hard_ground_11
10.435,0,3802,0,4044,hard_ground_11
10.435,0,3801,0,4048,hard_ground_11
10.442,0,3830,0,4046,hard_ground_11
10.449,0,3838,0,4040,hard_ground_11
10.45,0,3805,0,4020,hard_ground_11
10.456,0,3607,0,4025,hard_ground_11
10.463,0,0,0,4028,hard_ground_11
10.47,0,0,0,4027,hard_ground_11
10.47,0,0,0,4017,hard_ground_11
10.477,3079,0,0,4014,hard_ground_11
10.483,0,0,0,4013,hard_ground_11
10.485,0,0,0,4016,hard_ground_11
10.491,0,0,0,4019,hard_ground_11
10.498,0,0,0,4016,hard_ground_11
10.504,0,0,0,4012,hard_ground_11
10.505,0,2054,0,4013,hard_ground_11
10.511,0,3330,0,4019,hard_ground_11
10.518,0,3537,0,4030,hard_ground_11
10.525,3841,3527,0,4045,hard_ground_11
10.525,3958,3439,0,4046,hard_ground_11
10.532,4000,3254,0,4045,hard_ground_11
10.539,3996,0,0,4042,hard_ground_11
10.54,3979,0,0,4039,hard_ground_11
10.546,3940,0,0,4031,hard_ground_11
10.553,3866,0,0,4026,hard_ground_11
10.56,3797,0,0,4023,hard_ground_11
10.56,3561,0,0,4010,hard_ground_11
10.567,0,0,0,4004,hard_ground_11
10.574,0,0,0,4015,hard_ground_11
10.575,0,0,0,4026,hard_ground_11
10.583,0,0,0,4036,hard_ground_11
10.587,0,0,0,4038,hard_ground_11
10.595,0,1133,0,4050,hard_ground_11
10.595,0,2037,0,4048,hard_ground_11
10.602,0,2122,0,4049,hard_ground_11
10.608,0,2443,0,4046,hard_ground_11
10.615,0,2524,0,4041,hard_ground_11
10.616,0,1587,0,4035,hard_ground_11
10.622,0,0,0,4026,hard_ground_11
10.625,0,0,0,4024,hard_ground_11
10.63,0,0,0,4013,hard_ground_11
10.636,0,0,0,4019,hard_ground_11
10.643,0,0,0,4026,hard_ground_11
10.646,0,3000,0,4031,hard_ground_11
10.65,0,3517,0,4037,hard_ground_11
10.657,0,3710,0,4043,hard_ground_11
10.664,0,3721,0,4045,hard_ground_11
10.665,0,3704,0,4047,hard_ground_11
10.671,0,3629,0,4043,hard_ground_11
10.678,0,3475,0,4037,hard_ground_11
10.684,0,3270,0,4030,hard_ground_11
10.685,0,3011,0,4019,hard_ground_11
10.692,0,2839,0,4013,hard_ground_11
10.699,0,2914,0,4017,hard_ground_11
10.699,0,3101,0,4021,hard_ground_11
10.708,0,3454,0,4026,hard_ground_11
10.712,0,3559,0,4030,hard_ground_11
10.716,0,3646,0,4035,hard_ground_11
10.72,0,3681,0,4037,hard_ground_11
10.727,0,3689,0,4038,hard_ground_11
10.733,0,3711,0,4034,hard_ground_11
10.735,0,3675,0,4033,hard_ground_11
10.74,0,3613,0,4026,hard_ground_11
10.748,0,3496,0,4012,hard_ground_11
10.754,0,3373,0,4011,hard_ground_11
10.755,0,3053,0,4005,hard_ground_11
10.761,0,3009,0,4011,hard_ground_11
10.768,0,2928,0,4014,hard_ground_11
10.769,0,2821,0,4008,hard_ground_11
10.778,0,2985,0,4020,hard_ground_11
10.783,0,3259,0,4028,hard_ground_11
10.789,0,3205,0,4031,hard_ground_11
10.79,0,3188,0,4034,hard_ground_11
10.796,0,2959,0,4032,hard_ground_11
10.803,0,2859,0,4027,hard_ground_11
10.805,0,2938,0,4016,hard_ground_11
10.81,0,3026,0,4012,hard_ground_11
10.817,0,3014,0,4005,hard_ground_11
10.824,0,2742,0,4003,hard_ground_11
10.824,0,0,0,3996,hard_ground_11
10.831,0,0,0,3983,hard_ground_11
10.837,0,0,0,3988,hard_ground_11
10.839,0,0,0,3968,hard_ground_11
10.848,0,0,0,3982,hard_ground_11
10.852,0,0,0,3976,hard_ground_11
10.859,0,0,0,3970,hard_ground_11
10.859,0,0,0,3951,hard_ground_11
10.865,0,0,0,3930,hard_ground_11
10.872,0,0,0,3890,hard_ground_11
10.875,0,0,0,3850,hard_ground_11
10.883,0,0,0,3726,hard_ground_11
10.886,0,0,0,3745,hard_ground_11
10.893,0,0,0,3713,hard_ground_11
10.893,0,0,0,3710,hard_ground_11
10.9,0,0,0,3582,hard_ground_11
10.907,123,0,0,3332,hard_ground_11
10.909,3770,0,0,3047,hard_ground_11
10.914,3776,0,0,0,hard_ground_11
10.921,3743,0,0,0,hard_ground_11
10.928,3610,0,0,0,hard_ground_11
10.928,3628,0,0,0,hard_ground_11
10.937,3700,0,0,0,hard_ground_11
10.942,3708,0,0,0,hard_ground_11
10.949,3617,0,0,0,hard_ground_11
10.949,3049,0,0,0,hard_ground_11
10.956,0,0,0,0,hard_ground_11
10.963,0,0,0,0,hard_ground_11
10.969,3086,0,1544,0,hard_ground_11
10.97,3777,0,2471,0,hard_ground_11
10.977,3817,0,2879,0,hard_ground_11
10.983,3687,0,3419,0,hard_ground_11
10.984,3612,0,3463,0,hard_ground_11
10.99,3782,0,3326,0,hard_ground_11
10.997,3865,0,3028,0,hard_ground_11
11.004,3754,0,2818,0,hard_ground_11
11.004,3470,0,2673,0,hard_ground_11
11.011,2850,0,2518,0,hard_ground_11
11.019,2974,0,2124,0,hard_ground_11
11.019,2898,0,0,0,hard_ground_11
11.027,2751,0,0,0,hard_ground_11
11.032,0,0,0,0,hard_ground_11
11.038,0,0,2403,0,hard_ground_11
11.039,2998,0,2762,0,hard_ground_11
11.046,3718,0,3068,0,hard_ground_11
11.053,3911,0,3313,0,hard_ground_11
11.054,3951,0,3436,0,hard_ground_11
11.06,3971,0,3465,0,hard_ground_11
11.067,3962,0,3508,0,hard_ground_11
11.067,3965,0,3535,0,hard_ground_11
11.075,3980,0,3535,0,hard_ground_11
11.081,3968,0,3278,0,hard_ground_11
11.088,3923,0,2846,0,hard_ground_11
11.092,3814,0,1918,0,hard_ground_11
11.094,3512,0,0,0,hard_ground_11
11.102,0,0,0,0,hard_ground_11
11.104,3417,0,0,0,hard_ground_11
11.109,3668,0,0,0,hard_ground_11
11.116,3857,0,0,0,hard_ground_11
11.122,3900,0,3019,0,hard_ground_11
11.124,3917,0,3373,0,hard_ground_11
11.129,3933,0,3565,0,hard_ground_11
11.136,3954,0,3560,0,hard_ground_11
11.143,3962,0,3461,0,hard_ground_11
11.146,3937,0,3282,0,hard_ground_11
11.152,3830,0,2751,0,hard_ground_11
11.158,3491,0,1930,0,hard_ground_11
11.16,3305,0,0,0,hard_ground_11
11.167,3541,0,0,0,hard_ground_11
11.172,3323,0,0,0,hard_ground_11
11.176,1772,0,0,0,hard_ground_11
11.18,0,0,164,0,hard_ground_11
11.185,0,0,3090,0,hard_ground_11
11.192,3628,0,3310,0,hard_ground_11
11.197,3890,0,3493,0,hard_ground_11
11.199,3933,0,3562,0,hard_ground_11
11.206,3939,0,3529,0,hard_ground_11
11.213,3922,0,3337,0,hard_ground_11
11.213,3838,0,2135,0,hard_ground_11
11.221,3658,0,581,0,hard_ground_11
11.226,3793,0,2124,0,hard_ground_11
11.229,3837,0,3303,0,hard_ground_11
11.237,3870,0,3539,0,hard_ground_11
11.241,3889,0,3627,0,hard_ground_11
11.248,3902,0,3625,0,hard_ground_11
11.248,3876,0,3568,0,hard_ground_11
11.255,3911,0,3477,0,hard_ground_11
11.261,3867,0,3131,0,hard_ground_11
11.264,3797,0,2657,0,hard_ground_11
11.272,3436,0,2762,0,hard_ground_11
11.275,2089,0,2888,0,hard_ground_11
11.282,2715,0,3222,0,hard_ground_11
11.288,3667,0,3351,0,hard_ground_11
11.289,3768,0,3432,0,hard_ground_11
11.296,3853,0,3403,0,hard_ground_11
11.303,3853,0,3469,0,hard_ground_11
11.304,3756,0,3470,0,hard_ground_11
11.31,3705,0,3191,0,hard_ground_11
11.317,3715,0,2662,0,hard_ground_11
11.323,3789,0,2376,0,hard_ground_11
11.323,3744,0,2378,0,hard_ground_11
11.331,3728,0,2834,0,hard_ground_11
11.338,3803,0,3244,0,hard_ground_11
11.338,3858,0,3473,0,hard_ground_11
11.346,3907,0,3507,0,hard_ground_11
11.352,3927,0,3536,0,hard_ground_11
11.358,3916,0,3520,0,hard_ground_11
11.358,3900,0,3467,0,hard_ground_11
11.365,3855,0,3408,0,hard_ground_11
11.372,3808,0,3190,0,hard_ground_11
11.373,3813,0,3058,0,hard_ground_11
11.379,3817,0,3112,0,hard_ground_11
11.386,3824,0,3328,0,hard_ground_11
11.392,3867,0,3488,0,hard_ground_11
11.393,3890,0,3539,0,hard_ground_11
11.4,3901,0,3558,0,hard_ground_11
11.407,3891,0,3541,0,hard_ground_11
11.408,3851,0,3539,0,hard_ground_11
11.414,3786,0,3539,0,hard_ground_11
11.421,3711,0,3529,0,hard_ground_11
11.423,3703,0,3529,0,hard_ground_11
11.428,3674,0,3514,0,hard_ground_11
11.437,3640,0,3500,0,hard_ground_11
11.442,3574,0,3496,0,hard_ground_11
11.446,3526,0,3518,0,hard_ground_11
11.449,3578,0,3523,0,hard_ground_11
11.456,3735,0,3568,0,hard_ground_11
11.462,3817,0,3565,0,hard_ground_11
11.463,3865,0,3583,0,hard_ground_11
11.469,3901,0,3583,0,hard_ground_11
11.477,3922,0,3579,0,hard_ground_11
11.478,3927,0,3577,0,hard_ground_11
11.486,3937,0,3547,0,hard_ground_11
11.49,3929,0,3531,0,hard_ground_11
11.497,3947,0,3525,0,hard_ground_11
11.497,3938,0,3516,0,hard_ground_11
11.505,3947,0,3480,0,hard_ground_11
11.511,3938,0,3464,0,hard_ground_11
11.513,3925,0,3464,0,hard_ground_11
11.518,3912,0,3530,0,hard_ground_11
11.525,3894,0,3548,0,hard_ground_11
11.532,3887,0,3564,0,hard_ground_11
11.533,3885,0,3556,0,hard_ground_11
11.539,3879,0,3567,0,hard_ground_11
11.546,3858,0,3566,0,hard_ground_11
11.552,3839,0,3553,0,hard_ground_11
11.553,3810,0,3564,0,hard_ground_11
11.56,3842,0,3582,0,hard_ground_11
11.567,3885,0,3598,0,hard_ground_11
11.567,3911,0,3565,0,hard_ground_11
11.575,3912,0,3558,0,hard_ground_11
11.58,3922,0,3546,0,hard_ground_11
11.583,3932,0,3562,0,hard_ground_11
11.591,3934,0,3582,0,hard_ground_11
11.595,3917,0,3554,0,hard_ground_11
11.601,3907,0,3550,0,hard_ground_11
11.607,3886,0,3570,0,hard_ground_11
11.608,3874,0,3533,0,hard_ground_11
11.615,3849,0,3537,0,hard_ground_11
11.622,3851,0,3530,0,hard_ground_11
11.623,3837,0,3535,0,hard_ground_11
11.629,3852,0,3548,0,hard_ground_11
11.637,3873,0,3566,0,hard_ground_11
11.642,3885,0,3569,0,hard_ground_11
11.646,3911,0,3602,0,hard_ground_11
11.65,3927,0,3599,0,hard_ground_11
11.657,3941,0,3594,0,hard_ground_11
11.657,3941,0,3586,0,hard_ground_11
11.666,3942,0,3570,0,hard_ground_11
11.671,3941,0,3566,0,hard_ground_11
11.675,3942,0,3543,0,hard_ground_11
11.678,3940,0,3533,0,hard_ground_11
11.685,3937,0,3538,0,hard_ground_11
11.692,3947,0,3509,0,hard_ground_11
11.693,3953,0,3549,0,hard_ground_11
11.699,3943,0,3582,0,hard_ground_11
11.706,3938,0,3552,0,hard_ground_11
11.712,3920,0,3574,0,hard_ground_11
11.713,3910,0,3592,0,hard_ground_11
11.72,3899,0,3624,0,hard_ground_11
11.726,3884,0,3636,0,hard_ground_11
11.727,3876,0,3630,0,hard_ground_11
11.733,3857,0,3611,0,hard_ground_11
11.74,3865,0,3585,0,hard_ground_11
11.747,3849,0,3577,0,hard_ground_11
11.749,3794,0,3560,0,hard_ground_11
11.754,3803,0,3543,0,hard_ground_11
11.761,3864,0,3537,0,hard_ground_11
11.762,3910,0,3542,0,hard_ground_11
11.771,3935,0,3563,0,hard_ground_11
11.776,3953,0,3562,0,hard_ground_11
11.782,3976,0,3573,0,hard_ground_11
11.783,3979,0,3561,0,hard_ground_11
11.789,3976,0,3565,0,hard_ground_11
11.796,3977,0,3562,0,hard_ground_11
11.798,3969,0,3505,0,hard_ground_11
11.803,3951,0,3498,0,hard_ground_11
11.81,3935,0,3507,0,hard_ground_11
11.816,3922,0,3557,0,hard_ground_11
11.817,3912,0,3575,0,hard_ground_11
11.824,3901,0,3596,0,hard_ground_11
11.831,3899,0,3579,0,hard_ground_11
11.833,3896,0,3591,0,hard_ground_11
11.841,3896,0,3605,0,hard_ground_11
11.846,3896,0,3617,0,hard_ground_11
11.852,3910,0,3615,0,hard_ground_11
11.852,3925,0,3627,0,hard_ground_11
11.859,3942,0,3628,0,hard_ground_11
11.865,3947,0,3632,0,hard_ground_11
11.867,3952,0,3611,0,hard_ground_11
11.872,3952,0,3596,0,hard_ground_11
11.88,3944,0,3591,0,hard_ground_11
11.887,3937,0,3568,0,hard_ground_11
11.887,3932,0,3535,0,hard_ground_11
11.895,3929,0,3520,0,hard_ground_11
11.9,3914,0,3518,0,hard_ground_11
11.906,3904,0,3552,0,hard_ground_11
11.907,3905,0,3577,0,hard_ground_11
11.914,3905,0,3585,0,hard_ground_11
11.922,3907,0,3602,0,hard_ground_11
11.926,3914,0,3608,0,hard_ground_11
11.928,3921,0,3605,0,hard_ground_11
11.935,3931,0,3594,0,hard_ground_11
11.935,3955,0,3581,0,hard_ground_11
11.946,3963,0,3589,0,hard_ground_11
11.949,3969,0,3556,0,hard_ground_11
11.956,3969,0,3532,0,hard_ground_11
11.96,3973,0,3539,0,hard_ground_11
11.962,3979,0,3526,0,hard_ground_11
11.969,3982,0,3537,0,hard_ground_11
11.972,3978,0,3563,0,hard_ground_11
11.977,3970,0,3563,0,hard_ground_11
11.985,3970,0,3583,0,hard_ground_11
11.991,3958,0,3588,0,hard_ground_11
11.994,3937,0,3590,0,hard_ground_11
11.998,3914,0,3593,0,hard_ground_11
12.005,3901,0,3611,0,hard_ground_11
12.011,3889,0,3611,0,hard_ground_11
12.016,3890,0,3600,0,hard_ground_11
12.018,3894,0,3631,0,hard_ground_11
12.025,3898,0,3641,0,hard_ground_11
12.031,3903,0,3643,0,hard_ground_11
12.032,3907,0,3633,0,hard_ground_11
12.039,3920,0,3598,0,hard_ground_11
12.046,3931,0,3594,0,hard_ground_11
12.047,3944,0,3587,0,hard_ground_11
12.055,3951,0,3544,0,hard_ground_11
12.059,3963,0,3548,0,hard_ground_11
12.065,3966,0,3540,0,hard_ground_11
12.067,3974,0,3540,0,hard_ground_11
12.074,3981,0,3537,0,hard_ground_11
12.08,3980,0,3553,0,hard_ground_11
12.082,3982,0,3559,0,hard_ground_11
12.087,3981,0,3567,0,hard_ground_11
12.095,3966,0,3560,0,hard_ground_11
12.101,3948,0,3560,0,hard_ground_11
12.102,3945,0,3558,0,hard_ground_11
12.109,3937,0,3574,0,hard_ground_11
12.116,3922,0,3572,0,hard_ground_11
12.116,3904,0,3583,0,hard_ground_11
12.126,3907,0,3586,0,hard_ground_11
12.131,3928,0,3583,0,hard_ground_11
12.136,3959,0,3579,0,hard_ground_11
12.14,3968,0,3584,0,hard_ground_11
12.144,3975,0,3594,0,hard_ground_11
12.15,3980,0,3594,0,hard_ground_11
12.156,3986,0,3577,0,hard_ground_11
12.157,3977,0,3576,0,hard_ground_11
12.165,3989,0,3554,0,hard_ground_11
12.171,3992,0,3539,0,hard_ground_11
12.173,3978,0,3550,0,hard_ground_11
12.181,3959,0,3549,0,hard_ground_11
12.185,3946,0,3553,0,hard_ground_11
12.189,3936,0,3559,0,hard_ground_11
12.192,3936,0,3565,0,hard_ground_11
12.199,3936,0,3595,0,hard_ground_11
12.205,3925,0,3610,0,hard_ground_11
12.211,3926,0,3619,0,hard_ground_11
12.212,3923,0,3625,0,hard_ground_11
12.22,3913,0,3610,0,hard_ground_11
12.226,3907,0,3607,0,hard_ground_11
12.227,3909,0,3602,0,hard_ground_11
12.233,3916,0,3592,0,hard_ground_11
12.24,3924,0,3602,0,hard_ground_11
12.241,3928,0,3558,0,hard_ground_11
12.247,3913,0,3429,0,hard_ground_11
12.254,3904,0,3266,0,hard_ground_11
12.256,3912,0,3081,0,hard_ground_11
12.261,3922,0,3173,0,hard_ground_11
12.27,3955,0,3375,0,hard_ground_11
12.275,3972,0,3652,0,hard_ground_11
12.28,3980,0,3716,0,hard_ground_11
12.282,3994,0,3734,0,hard_ground_11
12.289,3999,0,3740,0,hard_ground_11
12.296,4003,0,3728,0,hard_ground_11
12.297,3992,0,3707,0,hard_ground_11
12.303,3975,0,3660,0,hard_ground_11
12.31,3945,0,3599,0,hard_ground_11
12.316,3930,0,3547,0,hard_ground_11
12.317,3919,0,3503,0,hard_ground_11
12.325,3935,0,3546,0,hard_ground_11
12.33,3946,0,3605,0,hard_ground_11
12.335,3956,0,3673,0,hard_ground_11
12.337,3964,0,3704,0,hard_ground_11
12.344,3966,0,3721,0,hard_ground_11
12.351,3970,0,3719,0,hard_ground_11
12.351,3968,0,3695,0,hard_ground_11
12.358,3957,0,3675,0,hard_ground_11
12.365,3946,0,3419,0,hard_ground_11
12.365,3910,0,3067,0,hard_ground_11
12.375,3888,0,3037,0,hard_ground_11
12.379,3885,0,3104,0,hard_ground_11
12.381,3908,0,3313,0,hard_ground_11
12.386,3936,0,3426,0,hard_ground_11
12.393,3953,0,3547,0,hard_ground_11
12.399,3946,0,3549,0,hard_ground_11
12.405,3925,0,3352,0,hard_ground_11
12.407,3881,0,3269,0,hard_ground_11
12.414,3880,0,3268,0,hard_ground_11
12.42,3930,0,3315,0,hard_ground_11
12.421,3946,0,3546,0,hard_ground_11
12.428,3969,0,3671,0,hard_ground_11
12.434,3981,0,3730,0,hard_ground_11
12.436,3987,0,3755,0,hard_ground_11
12.442,3990,0,3776,0,hard_ground_11
12.449,3995,0,3776,0,hard_ground_11
12.456,3994,0,3753,0,hard_ground_11
12.456,3991,0,3740,0,hard_ground_11
12.462,3988,0,3724,0,hard_ground_11
12.47,3981,0,3705,0,hard_ground_11
12.471,3978,0,3675,0,hard_ground_11
12.479,3979,0,3631,0,hard_ground_11
12.483,3969,0,3610,0,hard_ground_11
12.49,3972,0,3621,0,hard_ground_11
12.49,3965,0,3645,0,hard_ground_11
12.497,3965,0,3660,0,hard_ground_11
12.504,3973,0,3669,0,hard_ground_11
12.51,3984,0,3668,0,hard_ground_11
12.511,3980,0,3598,0,hard_ground_11
12.518,3958,0,3294,0,hard_ground_11
12.525,3940,0,3119,0,hard_ground_11
12.526,3932,0,2971,0,hard_ground_11
12.532,3941,0,3196,0,hard_ground_11
12.539,3951,0,3432,0,hard_ground_11
12.545,3968,0,3602,0,hard_ground_11
12.55,3972,0,3629,0,hard_ground_11
12.554,3970,0,3629,0,hard_ground_11
12.56,3958,0,3658,0,hard_ground_11
12.56,3957,0,3666,0,hard_ground_11
12.568,3954,0,3694,0,hard_ground_11
12.573,3968,0,3699,0,hard_ground_11
12.58,3980,0,3695,0,hard_ground_11
12.581,3981,0,3683,0,hard_ground_11
12.59,3976,0,3699,0,hard_ground_11
12.594,3959,0,3713,0,hard_ground_11
12.596,3968,0,3750,0,hard_ground_11
12.601,3977,0,3754,0,hard_ground_11
12.608,3985,0,3722,0,hard_ground_11
12.615,3986,0,3675,0,hard_ground_11
12.62,3970,0,3627,0,hard_ground_11
12.622,3948,0,3596,0,hard_ground_11
12.629,3924,0,3561,0,hard_ground_11
12.63,3949,0,3532,0,hard_ground_11
12.639,3966,0,3518,0,hard_ground_11
12.643,3977,0,3547,0,hard_ground_11
12.65,3983,0,3589,0,hard_ground_11
12.65,3986,0,3644,0,hard_ground_11
12.657,3984,0,3677,0,hard_ground_11
12.664,3985,0,3633,0,hard_ground_11
12.67,3990,0,3591,0,hard_ground_11
12.671,3972,0,3434,0,hard_ground_11
12.678,3973,0,3466,0,hard_ground_11
12.684,3969,0,3579,0,hard_ground_11
12.69,3972,0,3643,0,hard_ground_11
12.691,3986,0,3664,0,hard_ground_11
12.699,3995,0,3641,0,hard_ground_11
12.705,3989,0,3482,0,hard_ground_11
12.706,3983,0,3314,0,hard_ground_11
12.712,3994,0,3305,0,hard_ground_11
12.719,3989,0,3561,0,hard_ground_11
12.72,3983,0,3708,0,hard_ground_11
12.726,3985,0,3764,0,hard_ground_11
12.733,3987,0,3790,0,hard_ground_11
12.739,3992,0,3785,0,hard_ground_11
12.74,3986,0,3768,0,hard_ground_11
12.749,3982,0,3761,0,hard_ground_11
12.754,3964,0,3747,0,hard_ground_11
12.754,3920,0,3683,0,hard_ground_11
12.761,3859,0,3659,0,hard_ground_11
12.768,3870,0,3348,0,hard_ground_11
12.77,3829,0,3168,0,hard_ground_11
12.779,3666,0,3271,0,hard_ground_11
12.782,3697,0,3348,0,hard_ground_11
12.789,3806,0,3472,0,hard_ground_11
12.789,3887,0,3512,0,hard_ground_11
12.796,3938,0,3465,0,hard_ground_11
12.803,3943,0,3345,0,hard_ground_11
12.805,3932,0,3238,0,hard_ground_11
12.814,3881,0,3117,0,hard_ground_11
12.817,3810,0,2375,0,hard_ground_11
12.824,3736,0,0,0,hard_ground_11
12.83,3612,0,0,0,hard_ground_11
12.831,3499,0,0,0,hard_ground_11
12.838,3335,0,0,0,hard_ground_11
12.845,3455,0,2177,0,hard_ground_11
12.845,2997,0,2687,0,hard_ground_11
12.852,2995,0,2083,0,hard_ground_11
12.859,2529,0,0,0,hard_ground_11
12.86,2295,0,0,0,hard_ground_11
12.868,2609,0,0,0,hard_ground_11
12.872,2046,0,0,0,hard_ground_11
12.879,0,0,0,0,hard_ground_11
12.883,0,0,0,2635,hard_ground_11
12.889,0,0,0,3380,hard_ground_11
12.894,0,0,0,3610,hard_ground_11
12.899,0,0,0,3764,hard_ground_11
12.903,0,2413,0,3777,hard_ground_11
12.908,0,2661,0,3784,hard_ground_11
12.914,0,2655,0,3809,hard_ground_11
12.916,0,2495,0,3800,hard_ground_11
12.925,0,2392,0,3799,hard_ground_11
12.928,0,1666,0,3795,hard_ground_11
12.934,0,0,0,3756,hard_ground_11
12.935,0,0,0,3628,hard_ground_11
12.942,0,0,0,3543,hard_ground_11
12.948,0,0,0,3507,hard_ground_11
12.95,0,0,0,3451,hard_ground_11
12.955,0,0,0,3467,hard_ground_11
12.963,0,0,0,3265,hard_ground_11
12.969,0,0,0,1336,hard_ground_11
12.971,0,0,0,0,hard_ground_11
12.976,0,0,889,0,hard_ground_11
12.983,0,305,1780,0,hard_ground_11
12.984,0,683,2056,0,hard_ground_11
12.994,0,0,1694,0,hard_ground_11
12.997,0,1132,796,0,hard_ground_11
13.004,0,0,0,0,hard_ground_11
13.004,0,0,925,0,hard_ground_11
13.011,0,0,1893,0,hard_ground_11
13.018,0,0,1778,0,hard_ground_11
13.024,0,0,2046,0,hard_ground_11
13.025,2472,2274,2027,0,hard_ground_11
13.034,3106,2863,1926,0,hard_ground_11
13.039,3502,2578,2096,0,hard_ground_11
13.039,3530,1042,2183,0,hard_ground_11
13.046,3454,0,2500,0,hard_ground_11
13.052,3365,0,3219,0,hard_ground_11
13.059,3486,0,3339,0,hard_ground_11
13.06,3653,1425,3375,0,hard_ground_11
13.067,3765,2086,3263,0,hard_ground_11
13.073,3848,578,3114,0,hard_ground_11
13.079,3869,0,2618,0,hard_ground_11
13.08,3832,0,2604,0,hard_ground_11
13.088,3599,0,2749,0,hard_ground_11
13.094,3666,0,3114,0,hard_ground_11
13.095,3793,0,3227,0,hard_ground_11
13.101,3861,0,3445,0,hard_ground_11
13.109,3873,0,3623,0,hard_ground_11
13.109,3896,0,3713,0,hard_ground_11
13.117,3933,0,3835,0,hard_ground_11
13.122,3951,0,3862,0,hard_ground_11
13.129,3970,0,3888,0,hard_ground_11
13.129,3983,0,3884,0,hard_ground_11
13.136,3991,0,3881,0,hard_ground_11
13.143,3983,0,3887,0,hard_ground_11
13.149,3964,0,3897,0,hard_ground_11
13.15,3934,0,3900,0,hard_ground_11
13.157,3890,0,3887,0,hard_ground_11
13.164,3871,0,3859,0,hard_ground_11
13.165,3863,0,3805,0,hard_ground_11
13.171,3888,0,3772,0,hard_ground_11
13.178,3909,0,3746,0,hard_ground_11
13.184,3901,0,3826,0,hard_ground_11
13.184,3921,0,3869,0,hard_ground_11
13.192,3959,0,3893,0,hard_ground_11
13.199,3983,0,3911,0,hard_ground_11
13.199,4004,0,3910,0,hard_ground_11
13.208,4017,0,3909,0,hard_ground_11
13.212,4021,0,3923,0,hard_ground_11
13.214,4019,0,3936,0,hard_ground_11
13.219,4015,0,3931,0,hard_ground_11
13.226,4012,0,3916,0,hard_ground_11
13.233,4010,0,3908,0,hard_ground_11
13.238,4004,0,3881,0,hard_ground_11
13.24,3994,0,3861,0,hard_ground_11
13.247,3975,0,3852,0,hard_ground_11
13.253,3970,0,3854,0,hard_ground_11
13.254,3972,0,3875,0,hard_ground_11
13.261,3986,0,3895,0,hard_ground_11
13.268,3998,0,3907,0,hard_ground_11
13.269,4011,0,3889,0,hard_ground_11
13.278,4023,0,3924,0,hard_ground_11
13.281,4026,0,3936,0,hard_ground_11
13.288,4024,0,3937,0,hard_ground_11
13.289,4028,0,3943,0,hard_ground_11
13.296,4029,0,3937,0,hard_ground_11
13.302,4028,0,3925,0,hard_ground_11
13.304,4023,0,3911,0,hard_ground_11
13.313,4020,0,3892,0,hard_ground_11
13.316,4017,0,3882,0,hard_ground_11
13.323,4008,0,3877,0,hard_ground_11
13.324,4009,0,3895,0,hard_ground_11
13.332,4021,0,3869,0,hard_ground_11
13.337,4026,0,3899,0,hard_ground_11
13.339,4024,0,3897,0,hard_ground_11
13.347,4030,0,3909,0,hard_ground_11
13.351,4033,0,3911,0,hard_ground_11
13.358,4030,0,3914,0,hard_ground_11
13.358,4028,0,3923,0,hard_ground_11
13.365,4030,0,3924,0,hard_ground_11
13.372,4031,0,3934,0,hard_ground_11
13.378,4036,0,3928,0,hard_ground_11
13.379,4033,0,3931,0,hard_ground_11
13.386,4034,0,3917,0,hard_ground_11
13.393,4030,0,3915,0,hard_ground_11
13.394,4028,0,3906,0,hard_ground_11
13.4,4026,0,3900,0,hard_ground_11
13.407,4021,0,3895,0,hard_ground_11
13.413,4023,0,3885,0,hard_ground_11
13.418,4026,0,3886,0,hard_ground_11
13.421,4029,0,3880,0,hard_ground_11
13.428,4028,0,3868,0,hard_ground_11
13.429,4021,0,3885,0,hard_ground_11
13.437,4023,0,3878,0,hard_ground_11
13.441,4022,0,3901,0,hard_ground_11
13.448,4023,0,3899,0,hard_ground_11
13.45,4024,0,3913,0,hard_ground_11
13.455,4026,0,3916,0,hard_ground_11
13.462,4025,0,3912,0,hard_ground_11
13.464,4027,0,3909,0,hard_ground_11
13.469,4027,0,3921,0,hard_ground_11
13.477,4026,0,3929,0,hard_ground_11
13.482,4022,0,3938,0,hard_ground_11
13.483,4021,0,3934,0,hard_ground_11
13.49,4025,0,3938,0,hard_ground_11
13.497,4028,0,3934,0,hard_ground_11
13.503,4026,0,3941,0,hard_ground_11
13.504,4028,0,3936,0,hard_ground_11
13.512,4032,0,3931,0,hard_ground_11
13.518,4030,0,3929,0,hard_ground_11
13.518,4031,0,3936,0,hard_ground_11
13.525,4029,0,3931,0,hard_ground_11
13.531,4035,0,3919,0,hard_ground_11
13.537,4032,0,3916,0,hard_ground_11
13.539,4032,0,3911,0,hard_ground_11
13.546,4030,0,3905,0,hard_ground_11
13.553,4030,0,3883,0,hard_ground_11
13.553,4032,0,3884,0,hard_ground_11
13.56,4034,0,3887,0,hard_ground_11
13.567,4038,0,3840,0,hard_ground_11
13.569,4034,0,3834,4057,hard_ground_11
13.578,4032,0,3812,0,hard_ground_11
13.581,4035,0,3730,0,hard_ground_11
13.587,4032,0,3751,4010,hard_ground_11
13.592,4035,0,3382,0,hard_ground_11
13.594,4035,0,3115,4023,hard_ground_11
13.601,4026,0,3233,0,hard_ground_11
13.607,4013,0,0,3549,hard_ground_11
13.608,4015,0,0,0,hard_ground_11
13.615,3988,0,0,0,hard_ground_11
13.622,3979,0,0,3021,hard_ground_11
13.623,3995,0,2586,3440,hard_ground_11
13.633,4011,0,3354,3791,hard_ground_11
13.636,4014,0,3655,0,hard_ground_11
13.643,4031,0,3613,0,hard_ground_11
13.648,4035,0,3507,0,hard_ground_11
13.652,4036,0,3581,3182,hard_ground_11
13.657,4035,0,3653,2845,hard_ground_11
13.663,4038,0,3646,1438,hard_ground_11
13.664,4039,0,3683,0,hard_ground_11
13.672,4036,0,3538,0,hard_ground_11
13.678,4031,0,3365,0,hard_ground_11
13.678,4022,0,3290,0,hard_ground_11
13.685,4016,0,3159,0,hard_ground_11
13.691,4011,0,3062,0,hard_ground_11
13.693,4021,0,2369,0,hard_ground_11
13.698,4029,0,988,3388,hard_ground_11
13.705,4034,0,2320,3899,hard_ground_11
13.712,4035,0,3147,3945,hard_ground_11
13.712,4037,0,3334,3910,hard_ground_11
13.72,4038,0,3227,3757,hard_ground_11
13.726,4032,0,2921,3572,hard_ground_11
13.728,4024,0,0,3759,hard_ground_11
13.733,4018,0,0,3825,hard_ground_11
13.74,4008,0,2460,3820,hard_ground_11
13.748,4013,0,1714,3769,hard_ground_11
13.752,4027,0,0,3698,hard_ground_11
13.754,4030,0,0,3607,hard_ground_11
13.761,4029,0,0,3573,hard_ground_11
13.763,4032,0,2099,3650,hard_ground_11
13.768,4032,0,3153,3823,hard_ground_11
13.775,4027,0,3313,3878,hard_ground_11
13.782,4029,0,3271,3758,hard_ground_11
13.786,4036,0,3154,1372,hard_ground_11
13.79,4038,0,3197,0,hard_ground_11
13.798,4037,0,3333,0,hard_ground_11
13.803,4035,0,3543,0,hard_ground_11
13.807,4034,0,3635,0,hard_ground_11
13.81,4030,0,3662,400,hard_ground_11
13.816,4030,0,3621,197,hard_ground_11
13.819,4029,0,3563,0,hard_ground_11
13.823,4029,0,3454,0,hard_ground_11
13.831,4028,0,3390,0,hard_ground_11
13.837,4026,0,3444,0,hard_ground_11
13.839,4029,0,3620,0,hard_ground_11
13.844,4032,0,3691,0,hard_ground_11
13.851,4034,0,3744,0,hard_ground_11
13.857,4044,0,3751,0,hard_ground_11
13.858,4037,0,3686,0,hard_ground_11
13.865,4034,0,3612,0,hard_ground_11
13.872,4031,0,3595,0,hard_ground_11
13.873,4026,0,3587,0,hard_ground_11
13.882,4011,0,3531,0,hard_ground_11
13.886,4011,0,3413,0,hard_ground_11
13.892,4006,0,3198,0,hard_ground_11
13.893,4010,0,3169,0,hard_ground_11
13.9,4018,0,3310,0,hard_ground_11
13.906,4023,0,3430,0,hard_ground_11
13.908,4030,0,3562,0,hard_ground_11
13.914,4040,0,3597,0,hard_ground_11
13.921,4045,0,3629,0,hard_ground_11
13.927,4046,0,3699,0,hard_ground_11
13.929,4047,0,3712,0,hard_ground_11
13.935,4048,0,3679,0,hard_ground_11
13.941,4039,0,3604,0,hard_ground_11
13.943,4030,0,3523,0,hard_ground_11
13.952,4028,0,3345,0,hard_ground_11
13.955,4024,0,3379,0,hard_ground_11
13.959,4030,0,3541,0,hard_ground_11
13.967,4036,0,3592,0,hard_ground_11
13.969,4038,0,3593,0,hard_ground_11
13.976,4040,0,3541,0,hard_ground_11
13.978,4039,0,3427,0,hard_ground_11
13.983,4035,0,3373,0,hard_ground_11
13.992,4033,0,3475,0,hard_ground_11
13.997,4024,0,3683,0,hard_ground_11
13.997,4024,0,3734,0,hard_ground_11
14.004,4023,0,3705,2611,hard_ground_11
14.011,4024,0,3590,1213,hard_ground_11
14.013,4012,0,3464,0,hard_ground_11
14.022,4003,0,3003,0,hard_ground_11
14.025,3975,0,1452,0,hard_ground_11
14.032,3941,0,2145,0,hard_ground_11
14.032,3884,0,3366,0,hard_ground_11
14.039,3857,0,3461,0,hard_ground_11
14.045,3918,0,3462,3855,hard_ground_11
14.05,3942,0,3527,3846,hard_ground_11
14.056,3947,0,3607,3794,hard_ground_11
14.059,3930,0,3471,3747,hard_ground_11
14.067,3873,0,3267,3624,hard_ground_11
14.067,3662,0,2586,3608,hard_ground_11
14.077,3068,0,1964,3399,hard_ground_11
14.08,2133,0,1377,3323,hard_ground_11
14.086,2172,0,0,3334,hard_ground_11
14.087,2853,0,0,3532,hard_ground_11
14.094,3444,0,1788,3550,hard_ground_11
14.101,3504,0,2795,3763,hard_ground_11
14.101,3530,0,3167,3825,hard_ground_11
14.112,3498,0,3386,3900,hard_ground_11
14.115,3440,0,3462,3915,hard_ground_11
14.121,2589,0,3418,3922,hard_ground_11
14.126,0,0,2984,3904,hard_ground_11
14.129,0,0,791,3877,hard_ground_11
14.135,0,0,0,3865,hard_ground_11
14.142,0,0,0,3854,hard_ground_11
14.143,0,0,0,3943,hard_ground_11
14.15,0,0,0,3962,hard_ground_11
14.156,0,2319,0,3966,hard_ground_11
14.157,0,2501,0,3959,hard_ground_11
14.164,0,2483,0,3935,hard_ground_11
14.171,0,2478,0,3920,hard_ground_11
14.177,0,2350,0,3921,hard_ground_11
14.177,0,2328,0,3910,hard_ground_11
14.184,0,2461,0,3898,hard_ground_11
14.191,0,2798,0,3904,hard_ground_11
14.191,0,3178,0,3923,hard_ground_11
14.2,0,3329,0,3944,hard_ground_11
14.205,0,3468,0,3954,hard_ground_11
14.208,0,3476,0,3957,hard_ground_11
14.212,0,3425,0,3959,hard_ground_11
14.219,0,3434,0,3935,hard_ground_11
14.226,0,3499,0,3871,hard_ground_11
14.231,0,3553,0,3860,hard_ground_11
14.233,0,3580,0,3889,hard_ground_11
14.24,0,3622,0,3926,hard_ground_11
14.246,0,3630,0,3950,hard_ground_11
14.247,0,3621,0,3929,hard_ground_11
14.254,0,3612,0,3904,hard_ground_11
14.261,0,3616,0,3910,hard_ground_11
14.266,0,3610,1311,3922,hard_ground_11
14.268,0,3624,0,3915,hard_ground_11
14.275,0,3620,0,3920,hard_ground_11
14.277,0,3598,0,3899,hard_ground_11
14.282,0,3499,0,3860,hard_ground_11
14.29,0,3332,0,3884,hard_ground_11
14.296,0,2778,0,3931,hard_ground_11
14.298,0,2616,0,3948,hard_ground_11
14.306,0,3052,0,3935,hard_ground_11
14.31,0,3491,0,3920,hard_ground_11
14.317,0,3616,0,3923,hard_ground_11
14.317,0,3685,0,3946,hard_ground_11
14.323,0,3688,0,3966,hard_ground_11
14.331,0,3662,0,3985,hard_ground_11
14.331,0,3608,0,3969,hard_ground_11
14.339,0,3589,0,3918,hard_ground_11
14.344,0,3567,0,3852,hard_ground_11
14.351,0,3537,0,3845,hard_ground_11
14.355,0,3452,0,3873,hard_ground_11
14.358,0,3293,0,3920,hard_ground_11
14.365,0,3106,0,3943,hard_ground_11
14.371,0,3305,0,3927,hard_ground_11
14.372,0,3513,0,3932,hard_ground_11
14.379,0,3595,0,3958,hard_ground_11
14.386,0,3665,0,3970,hard_ground_11
14.391,0,3648,0,3977,hard_ground_11
14.393,0,3567,0,3979,hard_ground_11
14.4,0,3503,0,3972,hard_ground_11
14.406,0,3432,0,3970,hard_ground_11
14.407,0,3536,0,3972,hard_ground_11
14.414,0,3660,0,4006,hard_ground_11
14.421,0,3683,0,3997,hard_ground_11
14.421,0,3744,0,3996,hard_ground_11
14.431,0,3734,0,3992,hard_ground_11
14.434,0,3616,0,3971,hard_ground_11
14.441,0,2543,0,3926,hard_ground_11
14.442,0,0,0,3912,hard_ground_11
14.448,0,0,0,3933,hard_ground_11
14.455,0,2888,0,3953,hard_ground_11
14.457,0,3576,0,3969,hard_ground_11
14.462,0,3750,0,3982,hard_ground_11
14.47,0,3765,0,3989,hard_ground_11
14.476,0,3775,0,3988,hard_ground_11
14.476,0,3749,0,3985,hard_ground_11
14.483,0,3716,0,3969,hard_ground_11
14.49,0,3596,0,3954,hard_ground_11
14.492,0,3522,0,3908,hard_ground_11
14.497,0,3295,0,3840,hard_ground_11
14.505,0,3108,0,3818,hard_ground_11
14.511,0,3167,0,3826,hard_ground_11
14.512,0,3411,0,3883,hard_ground_11
14.518,0,3586,0,3903,hard_ground_11
14.525,0,3688,0,3928,hard_ground_11
14.531,0,3723,0,3943,hard_ground_11
14.538,0,3739,0,3956,hard_ground_11
14.539,0,3675,0,3960,hard_ground_11
14.546,0,3655,0,3948,hard_ground_11
14.55,0,3653,0,3945,hard_ground_11
14.554,0,3660,0,3946,hard_ground_11
14.561,0,3681,0,3946,hard_ground_11
14.565,0,3713,0,3951,hard_ground_11
14.568,0,3719,0,3957,hard_ground_11
14.574,0,3719,0,3956,hard_ground_11
14.581,0,3714,0,3961,hard_ground_11
14.585,0,3716,0,3961,hard_ground_11
14.588,0,3727,0,3968,hard_ground_11
14.594,0,3739,0,3971,hard_ground_11
14.597,0,3748,0,3983,hard_ground_11
14.601,0,3769,0,3982,hard_ground_11
14.611,0,3776,0,3985,hard_ground_11
14.615,0,3767,0,3985,hard_ground_11
14.618,0,3739,0,3980,hard_ground_11
14.622,0,3613,0,3977,hard_ground_11
14.63,0,3426,0,3963,hard_ground_11
14.635,0,3211,0,3952,hard_ground_11
14.637,0,3249,0,3960,hard_ground_11
14.643,0,3497,0,3961,hard_ground_11
14.649,0,3683,0,3979,hard_ground_11
14.654,0,3767,0,3988,hard_ground_11
14.66,0,3815,0,3993,hard_ground_11
14.664,0,3820,0,3997,hard_ground_11
14.67,0,3817,0,3984,hard_ground_11
14.671,0,3775,0,3983,hard_ground_11
14.677,0,3694,0,3980,hard_ground_11
14.684,0,3614,0,3956,hard_ground_11
14.69,0,3498,0,3940,hard_ground_11
14.691,0,3463,0,3930,hard_ground_11
14.698,0,3587,0,3936,hard_ground_11
14.706,0,3689,0,3951,hard_ground_11
14.706,0,3747,0,3971,hard_ground_11
14.714,0,3778,0,3982,hard_ground_11
14.719,0,3788,0,3990,hard_ground_11
14.725,0,3791,0,3989,hard_ground_11
14.726,0,3773,0,3986,hard_ground_11
14.733,0,3748,0,3986,hard_ground_11
14.74,0,3731,0,3984,hard_ground_11
14.74,0,3729,0,3982,hard_ground_11
14.747,0,3731,0,3979,hard_ground_11
14.754,0,3737,0,3990,hard_ground_11
14.761,0,3746,0,3981,hard_ground_11
14.765,0,3730,0,3977,hard_ground_11
14.768,0,3729,0,3970,hard_ground_11
14.775,0,3708,0,3965,hard_ground_11
14.775,0,3681,0,3971,hard_ground_11
14.782,0,3677,0,3979,hard_ground_11
14.789,0,3694,0,3973,hard_ground_11
14.791,0,3727,0,3982,hard_ground_11
14.799,0,3756,0,3991,hard_ground_11
14.802,0,3778,0,3994,hard_ground_11
14.809,0,3790,0,3999,hard_ground_11
14.815,0,3783,0,3996,hard_ground_11
14.816,0,3757,0,3996,hard_ground_11
14.823,0,3742,0,3982,hard_ground_11
14.83,0,3708,0,3976,hard_ground_11
14.831,0,3655,0,3966,hard_ground_11
14.837,0,3638,0,3972,hard_ground_11
14.844,0,3648,0,3965,hard_ground_11
14.85,0,3686,0,3969,hard_ground_11
14.854,0,3749,0,3976,hard_ground_11
14.858,0,3778,0,3987,hard_ground_11
14.865,0,3798,0,3990,hard_ground_11
14.865,0,3812,0,3989,hard_ground_11
14.873,0,3803,0,3987,hard_ground_11
14.878,0,3768,0,3984,hard_ground_11
14.885,0,3732,0,3977,hard_ground_11
14.886,0,3685,0,3968,hard_ground_11
14.893,0,3671,0,3963,hard_ground_11
14.9,0,3657,0,3966,hard_ground_11
14.9,0,3685,0,3968,hard_ground_11
14.908,0,3725,0,3972,hard_ground_11
14.913,0,3741,0,3985,hard_ground_11
14.916,0,3756,0,3985,hard_ground_11
14.925,0,3753,0,3994,hard_ground_11
14.928,0,3754,0,4001,hard_ground_11
14.934,0,3758,0,3995,hard_ground_11
14.934,0,3769,0,3992,hard_ground_11
14.941,0,3775,0,3994,hard_ground_11
14.948,0,3778,0,3991,hard_ground_11
14.955,0,3752,0,3985,hard_ground_11
14.96,0,3740,0,3976,hard_ground_11
14.962,0,3693,0,3964,hard_ground_11
14.969,0,3667,0,3966,hard_ground_11
14.975,0,3705,0,3968,hard_ground_11
14.976,0,3740,0,3976,hard_ground_11
14.983,0,3772,0,3989,hard_ground_11
14.99,0,3795,0,3997,hard_ground_11
14.99,0,3806,0,3999,hard_ground_11
14.999,0,3772,0,4002,hard_ground_11
15.004,0,3713,0,3998,hard_ground_11
15.01,0,3683,0,3995,hard_ground_11
15.015,0,3581,0,3984,hard_ground_11
15.02,0,3498,0,3987,hard_ground_11
15.025,0,3570,0,3983,hard_ground_11
15.025,0,3661,0,3987,hard_ground_11
15.035,0,3754,0,3992,hard_ground_11
15.038,0,3791,0,4004,hard_ground_11
15.045,0,3824,0,3995,hard_ground_11
15.046,0,3821,0,3993,hard_ground_11
15.055,0,3819,0,3991,hard_ground_11
15.059,0,3782,0,3985,hard_ground_11
15.065,0,3747,0,3974,hard_ground_11
15.066,0,3687,0,3956,hard_ground_11
15.074,0,3609,0,3951,hard_ground_11
15.079,0,3643,0,3962,hard_ground_11
15.08,0,3720,0,3966,hard_ground_11
15.088,0,3761,0,3983,hard_ground_11
15.094,0,3787,0,3988,hard_ground_11
15.095,0,3810,0,3988,hard_ground_11
15.103,0,3807,0,3985,hard_ground_11
15.109,0,3793,0,3987,hard_ground_11
15.114,0,3754,0,3991,hard_ground_11
15.115,0,3729,0,3993,hard_ground_11
15.122,0,3691,0,3996,hard_ground_11
15.128,0,3677,0,3994,hard_ground_11
15.134,0,3689,0,3992,hard_ground_11
15.136,0,3717,0,3995,hard_ground_11
15.143,0,3727,0,4000,hard_ground_11
15.149,0,3744,0,4002,hard_ground_11
15.154,0,3769,0,4004,hard_ground_11
15.156,0,3769,0,4000,hard_ground_11
15.163,0,3776,0,3999,hard_ground_11
15.17,0,3749,0,3998,hard_ground_11
15.17,0,3732,0,3993,hard_ground_11
15.179,0,3724,0,3986,hard_ground_11
15.184,0,3723,0,3993,hard_ground_11
15.185,0,3716,0,3988,hard_ground_11
15.191,0,3725,0,3990,hard_ground_11
15.199,0,3738,0,3991,hard_ground_11
15.204,0,3733,0,3994,hard_ground_11
15.205,0,3744,0,3986,hard_ground_11
15.212,0,3754,0,3984,hard_ground_11
15.219,0,3760,0,3990,hard_ground_11
15.22,0,3777,0,3989,hard_ground_11
15.229,0,3798,0,3993,hard_ground_11
15.233,0,3805,0,3995,hard_ground_11
15.239,0,3809,0,3995,hard_ground_11
15.24,0,3795,0,3993,hard_ground_11
15.247,0,3769,0,3987,hard_ground_11
15.254,0,3744,0,3976,hard_ground_11
15.255,0,3726,0,3977,hard_ground_11
15.261,0,3704,0,3976,hard_ground_11
15.268,0,3735,0,3980,hard_ground_11
15.274,0,3736,0,3983,hard_ground_11
15.279,0,3755,0,3992,hard_ground_11
15.281,0,3773,0,4002,hard_ground_11
15.289,0,3773,0,4001,hard_ground_11
15.289,0,3769,0,4008,hard_ground_11
15.299,0,3756,0,4007,hard_ground_11
15.303,0,3719,0,4014,hard_ground_11
15.309,0,3666,0,4010,hard_ground_11
15.31,0,3591,0,4007,hard_ground_11
15.316,0,3579,0,3997,hard_ground_11
15.324,0,3596,0,3999,hard_ground_11
15.324,0,3647,0,4003,hard_ground_11
15.334,0,3691,0,4004,hard_ground_11
15.337,0,3725,0,4010,hard_ground_11
15.345,0,3747,0,4006,hard_ground_11
15.348,0,3766,0,4005,hard_ground_11
15.351,0,3771,0,4001,hard_ground_11
15.358,0,3763,0,4001,hard_ground_11
15.358,0,3748,0,3997,hard_ground_11
15.366,0,3731,0,3986,hard_ground_11
15.372,0,3732,0,3988,hard_ground_11
15.379,0,3739,0,3977,hard_ground_11
15.384,0,3759,0,3979,hard_ground_11
15.386,0,3768,0,3978,hard_ground_11
15.393,0,3791,0,3974,hard_ground_11
15.393,0,3788,0,3980,hard_ground_11
15.404,0,3783,0,3975,hard_ground_11
15.406,0,3767,0,3976,hard_ground_11
15.413,0,3754,0,3980,hard_ground_11
15.418,0,3754,0,3986,hard_ground_11
15.42,0,3763,0,3996,hard_ground_11
15.427,0,3772,0,3999,hard_ground_11
15.434,0,3759,0,3996,hard_ground_11
15.434,0,3718,0,3991,hard_ground_11
15.444,0,3654,0,3988,hard_ground_11
15.448,0,3619,0,3986,hard_ground_11
15.454,0,3609,0,3982,hard_ground_11
15.456,0,3652,0,3985,hard_ground_11
15.462,0,3685,0,3997,hard_ground_11
15.469,0,3731,0,4007,hard_ground_11
15.469,0,3753,0,4002,hard_ground_11
15.476,0,3765,0,4006,hard_ground_11
15.483,0,3775,0,4002,hard_ground_11
15.485,0,3757,0,4001,hard_ground_11
15.493,0,3756,0,4001,hard_ground_11
15.497,0,3772,0,4005,hard_ground_11
15.503,0,3792,0,4002,hard_ground_11
15.504,0,3808,0,4006,hard_ground_11
15.511,0,3816,0,4003,hard_ground_11
15.517,0,3816,0,4009,hard_ground_11
15.524,0,3805,0,4002,hard_ground_11
15.524,0,3782,0,3990,hard_ground_11
15.531,0,3761,0,3985,hard_ground_11
15.538,0,3745,0,3976,hard_ground_11
15.54,0,3745,0,3980,hard_ground_11
15.545,0,3753,0,3988,hard_ground_11
15.553,0,3729,0,3989,hard_ground_11
15.558,0,3702,0,3982,hard_ground_11
15.56,0,3654,0,3980,hard_ground_11
15.566,0,3658,0,3984,hard_ground_11
15.573,0,3708,0,3985,hard_ground_11
15.575,0,3749,0,3992,hard_ground_11
15.58,0,3765,0,4005,hard_ground_11
15.588,0,3724,0,3988,hard_ground_11
15.593,0,3602,0,3983,hard_ground_11
15.594,0,3425,0,3972,hard_ground_11
15.601,0,3295,0,3959,hard_ground_11
15.608,0,3452,0,3979,hard_ground_11
15.613,0,3629,0,3990,hard_ground_11
15.615,0,3762,0,4002,hard_ground_11
15.622,0,3811,0,4012,hard_ground_11
15.629,0,3833,0,4016,hard_ground_11
15.629,0,3849,0,4014,hard_ground_11
15.636,0,3848,0,4018,hard_ground_11
15.642,0,3839,0,4020,hard_ground_11
15.649,0,3816,0,4017,hard_ground_11
15.649,0,3802,0,4022,hard_ground_11
15.656,0,3794,0,4013,hard_ground_11
15.663,0,3798,0,4010,hard_ground_11
15.668,0,3779,0,4006,hard_ground_11
15.67,0,3745,0,3998,hard_ground_11
15.677,0,3715,0,4007,hard_ground_11
15.683,0,3667,0,3992,hard_ground_11
15.684,0,3686,0,3993,hard_ground_11
15.692,0,3719,0,3993,hard_ground_11
15.698,0,3746,0,4000,hard_ground_11
15.699,0,3729,0,4001,hard_ground_11
15.705,0,3639,0,3987,hard_ground_11
15.712,0,3534,0,3971,hard_ground_11
15.719,0,3482,0,3960,hard_ground_11
15.719,0,3549,0,3956,hard_ground_11
15.726,0,3695,0,3972,hard_ground_11
15.733,0,3767,0,3982,hard_ground_11
15.734,0,3807,0,3992,hard_ground_11
15.743,0,3841,0,3989,hard_ground_11
15.747,0,3833,0,3997,hard_ground_11
15.753,0,3770,0,3991,hard_ground_11
15.755,0,3644,0,3986,hard_ground_11
15.761,0,3484,0,3996,hard_ground_11
15.767,0,3484,0,3993,hard_ground_11
15.769,0,3649,0,3990,hard_ground_11
15.774,0,3744,0,3997,hard_ground_11
15.781,0,3800,0,4016,hard_ground_11
15.788,0,3828,0,4017,hard_ground_11
15.789,0,3838,0,4018,hard_ground_11
15.795,0,3837,0,4024,hard_ground_11
15.803,0,3816,0,4016,hard_ground_11
15.808,0,3778,0,4007,hard_ground_11
15.809,0,3762,0,4007,hard_ground_11
15.816,0,3730,0,4012,hard_ground_11
15.823,0,3751,0,4019,hard_ground_11
15.828,0,3772,0,4024,hard_ground_11
15.83,0,3812,0,4023,hard_ground_11
15.837,0,3822,0,4021,hard_ground_11
15.843,0,3821,0,4017,hard_ground_11
15.844,0,3802,0,4010,hard_ground_11
15.851,0,3725,0,4001,hard_ground_11
15.858,0,3491,0,3975,hard_ground_11
15.858,0,3287,0,3942,hard_ground_11
15.868,0,3359,0,3926,hard_ground_11
15.871,0,3546,0,3947,hard_ground_11
15.878,0,3710,0,3980,hard_ground_11
15.88,0,3799,0,3996,hard_ground_11
15.886,0,3823,0,3993,hard_ground_11
15.892,0,3838,0,3998,hard_ground_11
15.894,0,3817,0,4006,hard_ground_11
15.899,0,3755,0,3993,hard_ground_11
15.908,0,3561,0,3980,hard_ground_11
15.913,0,3316,0,3942,hard_ground_11
15.914,0,3371,0,3952,hard_ground_11
15.92,0,3598,0,3962,hard_ground_11
15.927,0,3776,0,3957,hard_ground_11
15.927,0,3807,0,3952,hard_ground_11
15.937,0,3809,0,3955,hard_ground_11
15.941,0,3781,1862,3979,hard_ground_11
15.947,0,3722,2077,3977,hard_ground_11
15.952,0,3644,1161,3968,hard_ground_11
15.957,0,3570,0,3932,hard_ground_11
15.962,0,3446,0,3900,hard_ground_11
15.968,0,3319,0,3899,hard_ground_11
15.969,0,3066,0,3922,hard_ground_11
15.976,0,2897,0,3942,hard_ground_11
15.982,0,2896,1537,3941,hard_ground_11
15.988,0,2898,1863,3937,hard_ground_11
15.99,0,3044,1500,3922,hard_ground_11
15.997,0,2924,1040,3894,hard_ground_11
16.003,0,2720,0,3881,hard_ground_11
16.004,0,2308,0,3866,hard_ground_11
16.01,0,0,0,3833,hard_ground_11
16.018,0,0,0,3814,hard_ground_11
16.018,0,0,0,3772,hard_ground_11
16.026,0,0,0,3704,hard_ground_11
16.032,0,0,0,3671,hard_ground_11
16.035,0,0,2021,3742,hard_ground_11
16.04,0,1435,2149,3692,hard_ground_11
16.047,0,0,2312,3549,hard_ground_11
16.052,0,0,2382,2734,hard_ground_11
16.058,0,0,2507,0,hard_ground_11
16.06,0,0,2846,0,hard_ground_11
16.066,0,0,2736,0,hard_ground_11
16.068,0,0,2649,0,hard_ground_11
16.076,0,0,2785,0,hard_ground_11
16.082,0,0,3021,0,hard_ground_11
16.087,0,0,2691,0,hard_ground_11
16.087,2722,0,2544,0,hard_ground_11
16.094,3455,0,2657,0,hard_ground_11
16.101,3512,0,3199,0,hard_ground_11
16.103,3526,0,3338,0,hard_ground_11
16.11,3579,0,3462,0,hard_ground_11
16.116,3658,0,3509,0,hard_ground_11
16.122,3620,0,3530,0,hard_ground_11
16.126,3408,0,3481,0,hard_ground_11
16.129,0,0,3378,0,hard_ground_11
16.136,0,0,3228,0,hard_ground_11
16.142,0,0,3160,0,hard_ground_11
16.143,0,0,3285,0,hard_ground_11
16.149,0,0,3338,0,hard_ground_11
16.158,0,0,3409,1761,hard_ground_11
16.162,0,0,3289,1860,hard_ground_11
16.168,0,0,3116,3102,hard_ground_11
16.171,0,0,2745,3524,hard_ground_11
16.177,0,0,2188,3607,hard_ground_11
16.183,0,0,2225,3634,hard_ground_11
16.187,0,0,2191,3717,hard_ground_11
16.193,0,0,2249,3835,hard_ground_11
16.198,0,1836,2330,3898,hard_ground_11
16.203,0,2893,2338,3937,hard_ground_11
16.207,0,3214,2156,3956,hard_ground_11
16.213,0,3305,1500,3949,hard_ground_11
16.217,0,3363,0,3917,hard_ground_11
16.223,0,3350,0,3949,hard_ground_11
16.227,0,3251,0,3974,hard_ground_11
16.232,0,3383,0,3993,hard_ground_11
16.237,0,3458,0,4011,hard_ground_11
16.243,0,3616,0,4008,hard_ground_11
16.247,0,3676,0,3997,hard_ground_11
16.253,0,3738,0,3956,hard_ground_11
16.258,0,3709,0,3995,hard_ground_11
16.263,0,3695,0,4018,hard_ground_11
16.267,0,3675,0,4021,hard_ground_11
16.273,0,3657,0,4020,hard_ground_11
16.277,0,3681,0,4013,hard_ground_11
16.283,0,3725,0,3987,hard_ground_11
16.287,0,3662,0,3988,hard_ground_11
16.293,0,3640,0,4017,hard_ground_11
16.297,0,3617,0,4018,hard_ground_11
16.303,0,3644,0,4013,hard_ground_11
16.309,0,3670,0,4018,hard_ground_11
16.313,0,3738,0,4013,hard_ground_11
16.317,0,3785,0,4014,hard_ground_11
16.323,0,3802,0,4030,hard_ground_11
16.327,0,3828,0,4027,hard_ground_11
16.332,0,3829,0,4024,hard_ground_11
16.336,0,3819,0,4017,hard_ground_11
16.342,0,3799,0,4016,hard_ground_11
16.346,0,3781,0,3987,hard_ground_11
16.352,0,3777,0,4009,hard_ground_11
16.357,0,3799,0,3998,hard_ground_11
16.362,0,3821,0,3979,hard_ground_11
16.368,0,3836,0,3973,hard_ground_11
16.372,0,3799,0,3993,hard_ground_11
16.376,0,3749,0,4023,hard_ground_11
16.382,0,3763,0,4024,hard_ground_11
16.386,0,3803,0,4025,hard_ground_11
16.392,0,3852,0,4012,hard_ground_11
16.398,0,3835,0,4016,hard_ground_11
16.402,0,3829,0,4024,hard_ground_11
16.408,0,3812,0,4029,hard_ground_11
16.412,0,3814,0,4030,hard_ground_11
16.417,0,3835,0,4031,hard_ground_11
16.421,0,3859,0,4030,hard_ground_11
16.427,0,3849,0,4034,hard_ground_11
16.431,0,3818,0,4038,hard_ground_11
16.437,0,3805,0,4040,hard_ground_11
16.441,0,3805,0,4039,hard_ground_11
16.447,0,3829,0,4032,hard_ground_11
16.451,0,3846,0,4034,hard_ground_11
16.458,0,3810,0,4032,hard_ground_11
16.462,0,3764,0,4043,hard_ground_11
16.468,0,3679,0,4037,hard_ground_11
16.471,0,3701,0,4046,hard_ground_11
16.477,0,3747,0,4047,hard_ground_11
16.481,0,3806,0,4048,hard_ground_11
16.487,0,3831,0,4045,hard_ground_11
16.491,0,3838,0,4044,hard_ground_11
16.497,0,3808,0,4045,hard_ground_11
16.502,0,3794,0,4053,hard_ground_11
16.507,0,3785,0,4045,hard_ground_11
16.512,0,3780,0,4044,hard_ground_11
16.516,0,3812,0,4047,hard_ground_11
16.522,0,3798,0,4042,hard_ground_11
16.527,0,3769,0,4043,hard_ground_11
16.531,0,3780,0,4044,hard_ground_11
16.537,0,3795,0,4044,hard_ground_11
16.541,0,3791,0,4026,hard_ground_11
16.547,0,3754,0,4049,hard_ground_11
16.551,0,3714,0,4054,hard_ground_11
16.555,0,3710,0,4050,hard_ground_11
16.561,0,3787,0,4049,hard_ground_11
16.567,0,3830,0,4050,hard_ground_11
16.57,0,3842,0,4038,hard_ground_11
16.575,0,3832,0,4038,hard_ground_11
16.581,0,3781,0,4040,hard_ground_11
16.587,0,3662,0,4044,hard_ground_11
16.591,0,3647,0,4050,hard_ground_11
16.597,0,3670,0,4048,hard_ground_11
16.601,0,3729,0,4044,hard_ground_11
16.607,0,3832,0,4045,hard_ground_11
16.611,0,3831,0,4049,hard_ground_11
16.617,0,3807,0,4050,hard_ground_11
16.621,0,3812,0,4054,hard_ground_11
16.627,0,3809,0,4050,hard_ground_11
16.631,0,3833,0,4053,hard_ground_11
16.637,0,3871,0,4050,hard_ground_11
16.641,0,3868,0,4048,hard_ground_11
16.647,0,3830,0,4048,hard_ground_11
16.651,0,3769,0,4052,hard_ground_11
16.657,0,3735,0,4051,hard_ground_11
16.66,0,3700,0,4047,hard_ground_11
16.666,0,3713,0,4040,hard_ground_11
16.671,0,3697,0,4035,hard_ground_11
16.677,0,3677,0,4038,hard_ground_11
16.681,0,3677,0,4044,hard_ground_11
16.685,0,3731,0,4049,hard_ground_11
16.691,0,3748,0,4048,hard_ground_11
16.696,0,3758,0,4045,hard_ground_11
16.702,0,3781,0,4045,hard_ground_11
16.706,0,3787,0,4054,hard_ground_11
16.712,0,3806,0,4054,hard_ground_11
16.716,0,3813,0,4054,hard_ground_11
16.722,0,3829,0,4051,hard_ground_11
16.726,0,3825,0,4052,hard_ground_11
16.732,0,3795,0,4045,hard_ground_11
16.736,0,3751,0,4045,hard_ground_11
16.742,0,3644,0,4049,hard_ground_11
16.746,0,3626,0,4045,hard_ground_11
16.752,0,3680,0,4048,hard_ground_11
16.756,0,3703,0,4039,hard_ground_11
16.76,0,3693,0,4048,hard_ground_11
16.765,0,3624,0,4050,hard_ground_11
16.772,0,3638,0,4053,hard_ground_11
16.776,0,3716,0,4053,hard_ground_11
16.781,0,3785,0,4054,hard_ground_11
16.786,0,3809,0,4053,hard_ground_11
16.786,0,3812,0,4051,hard_ground_11
16.797,0,3801,0,4046,hard_ground_11
16.802,0,3761,0,4048,hard_ground_11
16.802,0,3758,0,4047,hard_ground_11
16.809,0,3740,0,4044,hard_ground_11
16.816,0,3673,0,4041,hard_ground_11
16.818,0,3633,0,4040,hard_ground_11
16.823,0,3695,0,4038,hard_ground_11
16.832,0,3746,0,4044,hard_ground_11
16.833,0,3775,0,4041,hard_ground_11
16.838,0,3712,0,4017,hard_ground_11
16.844,0,3459,0,4021,hard_ground_11
16.851,0,0,0,4036,hard_ground_11
16.853,3763,0,0,4024,hard_ground_11
16.859,3460,3184,0,4017,hard_ground_11
16.865,3855,1142,0,4015,hard_ground_11
16.871,3504,0,0,4018,hard_ground_11
16.873,0,0,0,4020,hard_ground_11
16.879,0,0,0,4016,hard_ground_11
16.886,0,0,0,4001,hard_ground_11
16.892,0,0,0,4008,hard_ground_11
16.893,0,0,0,3996,hard_ground_11
16.899,0,0,0,4004,hard_ground_11
16.904,0,1519,0,4016,hard_ground_11
16.908,1257,1140,0,4032,hard_ground_11
16.916,3834,1815,0,4038,hard_ground_11
16.92,3899,0,0,4041,hard_ground_11
16.927,3869,0,0,4046,hard_ground_11
16.927,3661,0,0,4039,hard_ground_11
16.936,3184,0,0,4039,hard_ground_11
16.942,3742,0,0,4036,hard_ground_11
16.942,3871,0,0,4036,hard_ground_11
16.948,3881,0,0,4024,hard_ground_11
16.956,3721,0,0,4024,hard_ground_11
16.959,0,0,0,4020,hard_ground_11
16.962,0,0,0,4023,hard_ground_11
16.971,0,0,0,4032,hard_ground_11
16.975,0,0,0,4040,hard_ground_11
16.979,0,0,0,4042,hard_ground_11
16.983,0,2669,0,4044,hard_ground_11
16.99,0,3171,0,4043,hard_ground_11
16.996,0,3376,0,4037,hard_ground_11
16.997,0,3383,0,4039,hard_ground_11
17.004,0,3290,0,4031,hard_ground_11
17.011,0,2310,0,4027,hard_ground_11
17.012,0,0,0,4019,hard_ground_11
17.02,0,846,0,4014,hard_ground_11
17.024,0,1742,0,4025,hard_ground_11
17.031,0,3303,0,4028,hard_ground_11
17.033,0,3588,0,4035,hard_ground_11
17.039,0,3702,0,4036,hard_ground_11
17.046,0,3692,0,4038,hard_ground_11
17.047,0,3624,0,4038,hard_ground_11
17.052,0,3567,0,4032,hard_ground_11
17.06,0,3325,0,4028,hard_ground_11
17.066,0,3196,0,4020,hard_ground_11
17.067,0,3105,0,4008,hard_ground_11
17.074,0,2709,0,4004,hard_ground_11
17.08,0,2584,0,4010,hard_ground_11
17.085,0,2739,0,4012,hard_ground_11
17.087,0,3389,0,4022,hard_ground_11
17.095,0,3667,0,4029,hard_ground_11
17.1,0,3703,0,4030,hard_ground_11
17.103,0,3701,0,4035,hard_ground_11
17.108,0,3702,0,4035,hard_ground_11
17.115,0,3668,0,4037,hard_ground_11
17.119,0,3645,0,4026,hard_ground_11
17.122,0,3576,0,4025,hard_ground_11
17.128,0,3454,0,4012,hard_ground_11
17.135,0,3257,0,4009,hard_ground_11
17.136,0,3181,0,4004,hard_ground_11
17.143,0,3269,0,4007,hard_ground_11
17.149,0,3459,0,4013,hard_ground_11
17.151,0,3520,0,4021,hard_ground_11
17.159,0,3478,0,4024,hard_ground_11
17.165,0,3352,0,4024,hard_ground_11
17.17,0,3050,0,4023,hard_ground_11
17.173,0,1727,0,4022,hard_ground_11
17.177,0,0,0,4016,hard_ground_11
17.184,0,0,0,4007,hard_ground_11
17.19,0,0,0,4000,hard_ground_11
17.194,0,2169,0,3994,hard_ground_11
17.199,0,3173,0,3991,hard_ground_11
17.205,0,3363,0,4005,hard_ground_11
17.21,0,3207,0,4011,hard_ground_11
17.214,0,2948,0,4006,hard_ground_11
17.219,0,2836,0,3996,hard_ground_11
17.219,0,1367,0,3990,hard_ground_11
17.226,0,1610,0,3977,hard_ground_11
17.235,0,2594,0,3958,hard_ground_11
17.239,0,0,0,3974,hard_ground_11
17.243,0,0,0,3984,hard_ground_11
17.247,0,2110,0,3982,hard_ground_11
17.253,0,2572,0,3984,hard_ground_11
17.259,0,0,0,3973,hard_ground_11
17.262,0,1103,0,3936,hard_ground_11
17.268,0,1983,0,3871,hard_ground_11
17.274,0,0,0,3789,hard_ground_11
17.276,0,0,0,3770,hard_ground_11
17.281,0,0,0,3724,hard_ground_11
17.289,0,0,0,3740,hard_ground_11
17.295,0,1839,0,3665,hard_ground_11
17.296,2054,1158,0,3700,hard_ground_11
17.302,3466,0,0,3554,hard_ground_11
17.309,3367,0,0,2525,hard_ground_11
17.313,2732,0,0,0,hard_ground_11
17.316,3313,0,0,0,hard_ground_11
17.323,3722,0,0,0,hard_ground_11
17.33,3845,0,0,0,hard_ground_11
17.33,3816,0,0,0,hard_ground_11
17.337,3655,0,0,0,hard_ground_11
17.344,3743,0,0,0,hard_ground_11
17.35,3642,0,0,0,hard_ground_11
17.355,2151,0,989,0,hard_ground_11
17.359,0,0,2270,0,hard_ground_11
17.365,0,0,2245,0,hard_ground_11
17.368,0,0,2379,0,hard_ground_11
17.372,0,0,2458,0,hard_ground_11
17.379,3248,0,2453,0,hard_ground_11
17.379,3575,0,2433,0,hard_ground_11
17.387,3739,0,2462,0,hard_ground_11
17.393,3865,0,2442,0,hard_ground_11
17.4,3889,0,2565,0,hard_ground_11
17.404,3770,0,2598,0,hard_ground_11
17.407,3509,0,2610,0,hard_ground_11
17.415,2556,0,2562,0,hard_ground_11
17.42,179,0,2561,0,hard_ground_11
17.42,3482,0,2633,0,hard_ground_11
17.428,3714,0,2620,0,hard_ground_11
17.434,3773,0,2763,0,hard_ground_11
17.437,3802,0,2807,0,hard_ground_11
17.442,3891,0,2834,0,hard_ground_11
17.449,3914,0,3040,0,hard_ground_11
17.455,3948,0,3446,0,hard_ground_11
17.46,3967,0,3515,0,hard_ground_11
17.462,3973,0,3541,0,hard_ground_11
17.469,3977,0,3452,0,hard_ground_11
17.47,3938,0,2931,0,hard_ground_11
17.479,3843,0,2249,0,hard_ground_11
17.483,3606,0,0,0,hard_ground_11
17.489,0,0,0,0,hard_ground_11
17.491,3440,0,0,0,hard_ground_11
17.497,3885,0,2397,0,hard_ground_11
17.503,3936,0,3113,0,hard_ground_11
17.51,3946,0,3474,0,hard_ground_11
17.512,3960,0,3550,0,hard_ground_11
17.519,3956,0,3519,0,hard_ground_11
17.524,3926,0,3296,0,hard_ground_11
17.53,3892,0,2455,0,hard_ground_11
17.531,3879,0,0,0,hard_ground_11
17.539,3670,0,0,0,hard_ground_11
17.545,1012,0,0,0,hard_ground_11
17.546,0,0,0,0,hard_ground_11
17.552,2290,0,0,0,hard_ground_11
17.56,3106,0,0,0,hard_ground_11
17.564,3591,0,2112,0,hard_ground_11
17.566,3786,0,3192,0,hard_ground_11
17.573,3797,0,3433,0,hard_ground_11
17.58,3865,0,3654,0,hard_ground_11
17.58,3922,0,3681,0,hard_ground_11
17.587,3944,0,3546,0,hard_ground_11
17.594,3926,0,3352,0,hard_ground_11
17.597,3885,0,2980,0,hard_ground_11
17.601,3624,0,0,0,hard_ground_11
17.607,3045,0,0,0,hard_ground_11
17.614,3525,0,1643,0,hard_ground_11
17.615,3858,0,3256,0,hard_ground_11
17.623,3925,0,3564,0,hard_ground_11
17.628,3949,0,3703,0,hard_ground_11
17.631,3942,0,3709,0,hard_ground_11
17.635,3924,0,3713,0,hard_ground_11
17.642,3932,0,3649,0,hard_ground_11
17.649,3955,0,3589,0,hard_ground_11
17.65,3954,0,3485,0,hard_ground_11
17.656,3909,0,3189,0,hard_ground_11
17.664,3748,0,2382,0,hard_ground_11
17.669,2951,0,957,0,hard_ground_11
17.67,0,0,0,0,hard_ground_11
17.677,0,0,0,0,hard_ground_11
17.684,2367,0,0,0,hard_ground_11
17.685,2978,0,2000,0,hard_ground_11
17.691,3393,0,2674,0,hard_ground_11
17.699,3723,0,3178,0,hard_ground_11
17.704,3822,0,3448,0,hard_ground_11
17.705,3877,0,3512,0,hard_ground_11
17.712,3875,0,3557,0,hard_ground_11
17.719,3874,0,3557,0,hard_ground_11
17.72,3884,0,3559,0,hard_ground_11
17.728,3892,0,3539,0,hard_ground_11
17.733,3889,0,3499,0,hard_ground_11
17.739,3869,0,3406,0,hard_ground_11
17.74,3840,0,3290,0,hard_ground_11
17.746,3772,0,3428,0,hard_ground_11
17.754,3771,0,3498,0,hard_ground_11
17.755,3842,0,3505,0,hard_ground_11
17.761,3881,0,3499,0,hard_ground_11
17.767,3889,0,3510,0,hard_ground_11
17.774,3896,0,3527,0,hard_ground_11
17.778,3909,0,3539,0,hard_ground_11
17.783,3896,0,3539,0,hard_ground_11
17.788,3892,0,3534,0,hard_ground_11
17.79,3873,0,3521,0,hard_ground_11
17.797,3863,0,3532,0,hard_ground_11
17.802,3804,0,3538,0,hard_ground_11
17.81,3773,0,3542,0,hard_ground_11
17.81,3788,0,3534,0,hard_ground_11
17.816,3778,0,3536,0,hard_ground_11
17.824,3750,0,3516,0,hard_ground_11
17.824,3748,0,3520,0,hard_ground_11
17.831,3768,0,3528,0,hard_ground_11
17.837,3810,0,3545,0,hard_ground_11
17.844,3878,0,3550,0,hard_ground_11
17.848,3884,0,3541,0,hard_ground_11
17.851,3895,0,3546,0,hard_ground_11
17.857,3902,0,3545,0,hard_ground_11
17.864,3897,0,3552,0,hard_ground_11
17.865,3897,0,3551,0,hard_ground_11
17.872,3884,0,3546,0,hard_ground_11
17.878,3895,0,3537,0,hard_ground_11
17.881,3899,0,3544,0,hard_ground_11
17.886,3905,0,3529,0,hard_ground_11
17.892,3906,0,3528,0,hard_ground_11
17.899,3917,0,3532,0,hard_ground_11
17.899,3923,0,3534,0,hard_ground_11
17.908,3929,0,3538,0,hard_ground_11
17.913,3928,0,3547,0,hard_ground_11
17.916,3931,0,3549,0,hard_ground_11
17.92,3930,0,3552,0,hard_ground_11
17.928,3921,0,3520,0,hard_ground_11
17.933,3913,0,3537,0,hard_ground_11
17.934,3909,0,3543,0,hard_ground_11
17.941,3894,0,3541,0,hard_ground_11
17.948,3886,0,3567,0,hard_ground_11
17.95,3875,0,3531,0,hard_ground_11
17.956,3868,0,3540,0,hard_ground_11
17.964,3879,0,3541,0,hard_ground_11
17.968,3891,0,3529,0,hard_ground_11
17.971,3881,0,3560,0,hard_ground_11
17.976,3872,0,3576,0,hard_ground_11
17.982,3847,0,3565,0,hard_ground_11
17.989,3779,0,3586,0,hard_ground_11
17.99,3737,0,3585,0,hard_ground_11
17.996,3780,0,3582,0,hard_ground_11
18.003,3805,0,3570,0,hard_ground_11
18.004,3813,0,3552,0,hard_ground_11
18.012,3826,0,3544,0,hard_ground_11
18.017,3857,0,3536,0,hard_ground_11
18.019,3866,0,3537,0,hard_ground_11
18.027,3886,0,3524,0,hard_ground_11
18.032,3901,0,3528,0,hard_ground_11
18.038,3923,0,3536,0,hard_ground_11
18.039,3947,0,3541,0,hard_ground_11
18.045,3962,0,3539,0,hard_ground_11
18.052,3971,0,3506,0,hard_ground_11
18.058,3975,0,3550,0,hard_ground_11
18.06,3966,0,3538,0,hard_ground_11
18.066,3973,0,3527,0,hard_ground_11
18.073,3975,0,3538,0,hard_ground_11
18.073,3971,0,3528,0,hard_ground_11
18.081,3960,0,3535,0,hard_ground_11
18.086,3944,0,3544,0,hard_ground_11
18.093,3914,0,3547,0,hard_ground_11
18.097,3890,0,3560,0,hard_ground_11
18.1,3874,0,3581,0,hard_ground_11
18.107,3866,0,3614,0,hard_ground_11
18.113,3867,0,3610,0,hard_ground_11
18.114,3877,0,3600,0,hard_ground_11
18.123,3874,0,3582,0,hard_ground_11
18.128,3838,0,3576,0,hard_ground_11
18.131,3802,0,3579,0,hard_ground_11
18.136,3822,0,3560,0,hard_ground_11
18.142,3866,0,3564,0,hard_ground_11
18.148,3875,0,3566,0,hard_ground_11
18.149,3882,0,3540,0,hard_ground_11
18.157,3899,0,3542,0,hard_ground_11
18.163,3897,0,3544,0,hard_ground_11
18.164,3910,0,3537,0,hard_ground_11
18.17,3935,0,3530,0,hard_ground_11
18.177,3949,0,3517,0,hard_ground_11
18.183,3962,0,3525,0,hard_ground_11
18.184,3974,0,3531,0,hard_ground_11
18.191,3980,0,3517,0,hard_ground_11
18.198,3972,0,3532,0,hard_ground_11
18.198,3953,0,3541,0,hard_ground_11
18.206,3953,0,3555,0,hard_ground_11
18.211,3938,0,3559,0,hard_ground_11
18.218,3921,0,3591,0,hard_ground_11
18.219,3898,0,3572,0,hard_ground_11
18.225,3919,0,3569,0,hard_ground_11
18.232,3925,0,3567,0,hard_ground_11
18.233,3921,0,3542,0,hard_ground_11
18.239,3922,0,3567,0,hard_ground_11
18.247,3923,0,3574,0,hard_ground_11
18.253,3930,0,3584,0,hard_ground_11
18.255,3951,0,3597,0,hard_ground_11
18.26,3958,0,3608,0,hard_ground_11
18.267,3956,0,3626,0,hard_ground_11
18.268,3951,0,3621,0,hard_ground_11
18.274,3930,0,3588,0,hard_ground_11
18.281,3894,0,3582,0,hard_ground_11
18.288,3880,0,3553,0,hard_ground_11
18.288,3857,0,3564,0,hard_ground_11
18.296,3862,0,3555,0,hard_ground_11
18.301,3860,0,3554,0,hard_ground_11
18.303,3868,0,3545,0,hard_ground_11
18.309,3893,0,3549,0,hard_ground_11
18.318,3914,0,3554,0,hard_ground_11
18.322,3926,0,3572,0,hard_ground_11
18.328,3946,0,3580,0,hard_ground_11
18.329,3962,0,3578,0,hard_ground_11
18.338,3971,0,3582,0,hard_ground_11
18.338,3973,0,3556,0,hard_ground_11
18.346,3977,0,3534,0,hard_ground_11
18.351,3970,0,3527,0,hard_ground_11
18.357,3964,0,3522,0,hard_ground_11
18.363,3959,0,3501,0,hard_ground_11
18.364,3955,0,3518,0,hard_ground_11
18.372,3960,0,3540,0,hard_ground_11
18.378,3961,0,3566,0,hard_ground_11
18.379,3952,0,3565,0,hard_ground_11
18.385,3935,0,3590,0,hard_ground_11
18.393,3923,0,3598,0,hard_ground_11
18.397,3916,0,3615,0,hard_ground_11
18.402,3909,0,3643,0,hard_ground_11
18.406,3894,0,3639,0,hard_ground_11
18.413,3896,0,3640,0,hard_ground_11
18.413,3899,0,3600,0,hard_ground_11
18.421,3917,0,3608,0,hard_ground_11
18.428,3918,0,3543,0,hard_ground_11
18.431,3918,0,3535,0,hard_ground_11
18.438,3928,0,3533,0,hard_ground_11
18.441,3941,0,3534,0,hard_ground_11
18.448,3958,0,3544,0,hard_ground_11
18.452,3974,0,3546,0,hard_ground_11
18.457,3976,0,3570,0,hard_ground_11
18.461,3972,0,3567,0,hard_ground_11
18.463,3967,0,3575,0,hard_ground_11
18.468,3969,0,3560,0,hard_ground_11
18.477,3946,0,3546,0,hard_ground_11
18.482,3931,0,3538,0,hard_ground_11
18.485,3914,0,3544,0,hard_ground_11
18.492,3914,0,3536,0,hard_ground_11
18.496,3918,0,3565,0,hard_ground_11
18.503,3923,0,3598,0,hard_ground_11
18.503,3923,0,3591,0,hard_ground_11
18.51,3931,0,3597,0,hard_ground_11
18.517,3940,0,3567,0,hard_ground_11
18.517,3952,0,3555,0,hard_ground_11
18.525,3970,0,3557,0,hard_ground_11
18.531,3970,0,3551,0,hard_ground_11
18.537,3981,0,3559,0,hard_ground_11
18.538,3984,0,3525,0,hard_ground_11
18.547,3989,0,3563,0,hard_ground_11
18.552,3984,0,3536,0,hard_ground_11
18.553,3976,0,3536,0,hard_ground_11
18.559,3975,0,3537,0,hard_ground_11
18.566,3966,0,3581,0,hard_ground_11
18.572,3959,0,3545,0,hard_ground_11
18.573,3945,0,3600,0,hard_ground_11
18.582,3925,0,3597,0,hard_ground_11
18.586,3922,0,3600,0,hard_ground_11
18.59,3907,0,3606,0,hard_ground_11
18.593,3910,0,3595,0,hard_ground_11
18.6,3903,0,3592,0,hard_ground_11
18.607,3904,0,3593,0,hard_ground_11
18.612,3902,0,3585,0,hard_ground_11
18.615,3907,0,3596,0,hard_ground_11
18.622,3907,0,3580,0,hard_ground_11
18.622,3922,0,3580,0,hard_ground_11
18.63,3927,0,3485,0,hard_ground_11
18.635,3921,0,3325,0,hard_ground_11
18.642,3919,0,3252,0,hard_ground_11
18.642,3923,0,3272,0,hard_ground_11
18.651,3951,0,3499,0,hard_ground_11
18.656,3971,0,3631,0,hard_ground_11
18.656,3985,0,3712,0,hard_ground_11
18.663,3989,0,3737,0,hard_ground_11
18.67,3989,0,3740,0,hard_ground_11
18.677,3989,0,3717,0,hard_ground_11
18.681,3977,0,3692,0,hard_ground_11
18.684,3960,0,3616,0,hard_ground_11
18.691,3944,0,3581,0,hard_ground_11
18.697,3934,0,3552,0,hard_ground_11
18.702,3926,0,3543,0,hard_ground_11
18.704,3920,0,3561,0,hard_ground_11
18.712,3937,0,3591,0,hard_ground_11
18.712,3946,0,3637,0,hard_ground_11
18.718,3952,0,3702,0,hard_ground_11
18.726,3965,0,3711,0,hard_ground_11
18.726,3969,0,3735,0,hard_ground_11
18.734,3967,0,3730,0,hard_ground_11
18.739,3966,0,3703,0,hard_ground_11
18.747,3958,0,3627,0,hard_ground_11
18.751,3937,0,3508,0,hard_ground_11
18.753,3887,0,3040,0,hard_ground_11
18.76,3867,0,2589,0,hard_ground_11
18.767,3862,0,2724,0,hard_ground_11
18.768,3873,0,3148,0,hard_ground_11
18.775,3903,0,3460,0,hard_ground_11
18.78,3952,0,3569,0,hard_ground_11
18.787,3956,0,3566,0,hard_ground_11
18.788,3939,0,3532,0,hard_ground_11
18.796,3906,0,3475,0,hard_ground_11
18.801,3919,0,3514,0,hard_ground_11
18.807,3945,0,3563,0,hard_ground_11
18.809,3965,0,3631,0,hard_ground_11
18.816,3962,0,3689,0,hard_ground_11
18.821,3972,0,3711,0,hard_ground_11
18.823,3991,0,3729,0,hard_ground_11
18.829,3990,0,3737,0,hard_ground_11
18.837,3992,0,3758,0,hard_ground_11
18.837,3990,0,3758,0,hard_ground_11
18.844,3978,0,3762,0,hard_ground_11
18.85,3983,0,3742,0,hard_ground_11
18.857,3983,0,3704,0,hard_ground_11
18.857,3988,0,3670,0,hard_ground_11
18.866,3980,0,3574,0,hard_ground_11
18.871,3969,0,3594,0,hard_ground_11
18.876,3949,0,3642,0,hard_ground_11
18.878,3944,0,3656,0,hard_ground_11
18.885,3956,0,3663,0,hard_ground_11
18.892,3964,0,3668,0,hard_ground_11
18.893,3970,0,3662,0,hard_ground_11
18.899,3967,0,3572,0,hard_ground_11
18.906,3940,0,3515,0,hard_ground_11
18.906,3934,0,3267,0,hard_ground_11
18.914,3949,0,3238,0,hard_ground_11
18.92,3973,0,3500,0,hard_ground_11
18.927,3981,0,3606,0,hard_ground_11
18.927,3996,0,3710,0,hard_ground_11
18.934,3994,0,3696,0,hard_ground_11
18.94,3987,0,3690,0,hard_ground_11
18.946,3971,0,3658,0,hard_ground_11
18.947,3962,0,3615,0,hard_ground_11
18.955,3948,0,3615,0,hard_ground_11
18.962,3968,0,3622,0,hard_ground_11
18.964,3978,0,3607,0,hard_ground_11
18.971,3980,0,3649,0,hard_ground_11
18.975,3978,0,3675,0,hard_ground_11
18.975,3994,0,3763,0,hard_ground_11
18.986,3997,0,3789,0,hard_ground_11
18.989,4011,0,3785,0,hard_ground_11
18.997,4013,0,3742,0,hard_ground_11
18.997,4006,0,3704,0,hard_ground_11
19.003,3993,0,3675,0,hard_ground_11
19.01,3962,0,3626,0,hard_ground_11
19.016,3944,0,3510,0,hard_ground_11
19.021,3951,0,3437,0,hard_ground_11
19.024,3953,0,3376,0,hard_ground_11
19.031,3954,0,3487,0,hard_ground_11
19.031,3961,0,3595,0,hard_ground_11
19.039,3967,0,3688,0,hard_ground_11
19.044,3978,0,3731,0,hard_ground_11
19.051,3980,0,3726,0,hard_ground_11
19.052,3979,0,3659,0,hard_ground_11
19.061,3976,0,3551,0,hard_ground_11
19.066,3967,0,3475,0,hard_ground_11
19.066,3970,0,3519,0,hard_ground_11
19.073,3974,0,3641,0,hard_ground_11
19.079,3992,0,3680,0,hard_ground_11
19.086,3988,0,3680,0,hard_ground_11
19.091,3976,0,3638,0,hard_ground_11
19.093,3971,0,3545,0,hard_ground_11
19.1,3964,0,3554,0,hard_ground_11
19.1,3967,0,3662,0,hard_ground_11
19.108,3975,0,3713,0,hard_ground_11
19.114,3989,0,3755,0,hard_ground_11
19.121,3993,0,3754,0,hard_ground_11
19.125,3994,0,3744,0,hard_ground_11
19.131,3997,0,3733,0,hard_ground_11
19.135,3990,0,3718,0,hard_ground_11
19.141,3984,0,3666,0,hard_ground_11
19.142,3966,0,3635,0,hard_ground_11
19.149,3966,0,3357,0,hard_ground_11
19.155,3954,0,3063,0,hard_ground_11
19.157,3927,0,2983,0,hard_ground_11
19.164,3864,0,3100,0,hard_ground_11
19.17,3907,0,3177,0,hard_ground_11
19.176,3913,0,3268,0,hard_ground_11
19.181,3932,0,3414,0,hard_ground_11
19.184,3927,0,3409,0,hard_ground_11
19.191,3923,0,3345,0,hard_ground_11
19.191,3903,0,3256,0,hard_ground_11
19.199,3827,0,2713,0,hard_ground_11
19.204,3604,0,0,0,hard_ground_11
19.211,2876,0,0,0,hard_ground_11
19.211,3240,0,0,0,hard_ground_11
19.221,3364,0,0,0,hard_ground_11
19.225,3523,0,0,0,hard_ground_11
19.225,3591,0,1947,0,hard_ground_11
19.232,3524,0,1738,0,hard_ground_11
19.239,1955,0,0,0,hard_ground_11
19.246,0,0,0,0,hard_ground_11
19.247,0,0,0,0,hard_ground_11
19.256,0,0,0,0,hard_ground_11
19.26,0,0,0,0,hard_ground_11
19.266,0,0,0,2699,hard_ground_11
19.267,0,1310,0,3498,hard_ground_11
19.274,0,2613,0,3687,hard_ground_11
19.281,0,2944,0,3723,hard_ground_11
19.281,0,2940,0,3698,hard_ground_11
19.291,0,2444,0,3662,hard_ground_11
19.294,0,927,0,3637,hard_ground_11
19.297,0,0,0,3583,hard_ground_11
19.302,0,0,0,3465,hard_ground_11
19.309,0,0,0,3552,hard_ground_11
19.315,0,0,0,3583,hard_ground_11
19.32,0,0,0,3574,hard_ground_11
19.325,0,0,0,3569,hard_ground_11
19.329,0,0,0,3499,hard_ground_11
19.336,0,0,0,3275,hard_ground_11
19.336,0,0,0,3177,hard_ground_11
19.344,1314,0,0,2722,hard_ground_11
19.35,0,0,0,1997,hard_ground_11
19.355,0,0,0,0,hard_ground_11
19.357,0,0,0,0,hard_ground_11
19.366,0,0,0,0,hard_ground_11
19.371,1736,0,0,0,hard_ground_11
19.373,1974,0,1282,0,hard_ground_11
19.378,3105,1563,2254,0,hard_ground_11
19.385,2592,0,2190,0,hard_ground_11
19.39,2339,0,2071,0,hard_ground_11
19.395,2561,0,2256,0,hard_ground_11
19.398,2785,0,2324,0,hard_ground_11
19.405,2957,0,2331,0,hard_ground_11
19.406,3590,0,2422,0,hard_ground_11
19.414,3775,0,2137,0,hard_ground_11
19.419,3830,0,2487,0,hard_ground_11
19.425,3825,0,2855,0,hard_ground_11
19.427,3816,0,3305,0,hard_ground_11
19.435,3771,0,3450,0,hard_ground_11
19.44,3825,0,3457,0,hard_ground_11
19.441,3830,0,3442,0,hard_ground_11
19.447,3849,0,3348,0,hard_ground_11
19.455,3858,0,3202,0,hard_ground_11
19.455,3800,0,3202,0,hard_ground_11
19.463,3675,0,3308,0,hard_ground_11
19.468,3639,0,3410,0,hard_ground_11
19.475,3753,0,3459,0,hard_ground_11
19.479,3826,0,3523,0,hard_ground_11
19.485,3838,0,3634,0,hard_ground_11
19.489,3896,0,3676,0,hard_ground_11
19.496,3930,0,3766,0,hard_ground_11
19.497,3944,0,3825,0,hard_ground_11
19.503,3956,0,3873,0,hard_ground_11
19.51,3958,0,3882,0,hard_ground_11
19.51,3963,0,3887,0,hard_ground_11
19.517,3967,0,3894,0,hard_ground_11
19.524,3965,0,3886,0,hard_ground_11
19.53,3963,0,3874,0,hard_ground_11
19.531,3942,0,3862,0,hard_ground_11
19.54,3926,0,3865,0,hard_ground_11
19.544,3887,0,3846,0,hard_ground_11
19.55,3859,0,3795,0,hard_ground_11
19.552,3873,0,3792,0,hard_ground_11
19.559,3888,0,3807,0,hard_ground_11
19.565,3919,0,3846,0,hard_ground_11
19.57,3923,0,3866,0,hard_ground_11
19.572,3951,0,3886,0,hard_ground_11
19.58,3970,0,3904,0,hard_ground_11
19.58,3999,0,3921,0,hard_ground_11
19.588,4005,0,3916,0,hard_ground_11
19.594,4007,0,3937,0,hard_ground_11
19.6,4007,0,3936,0,hard_ground_11
19.604,4005,0,3929,0,hard_ground_11
19.607,4006,0,3916,0,hard_ground_11
19.614,4006,0,3903,0,hard_ground_11
19.62,4005,0,3894,0,hard_ground_11
19.621,3999,0,3873,0,hard_ground_11
19.63,3988,0,3843,0,hard_ground_11
19.635,3970,0,3826,0,hard_ground_11
19.64,3970,0,3832,0,hard_ground_11
19.642,3978,0,3839,0,hard_ground_11
19.65,3999,0,3867,0,hard_ground_11
19.65,4010,0,3878,0,hard_ground_11
19.658,4016,0,3908,0,hard_ground_11
19.663,4021,0,3917,0,hard_ground_11
19.67,4030,0,3931,0,hard_ground_11
19.675,4032,0,3922,0,hard_ground_11
19.68,4025,0,3916,0,hard_ground_11
19.684,4024,0,3917,0,hard_ground_11
19.69,4020,0,3900,0,hard_ground_11
19.695,4019,0,3891,0,hard_ground_11
19.697,4006,0,3880,0,hard_ground_11
19.705,4000,0,3875,0,hard_ground_11
19.709,4014,0,3873,0,hard_ground_11
19.712,4020,0,3868,0,hard_ground_11
19.718,4026,0,3874,0,hard_ground_11
19.725,4025,0,3889,0,hard_ground_11
19.725,4024,0,3891,0,hard_ground_11
19.733,4026,0,3906,0,hard_ground_11
19.739,4030,0,3906,0,hard_ground_11
19.74,4032,0,3911,0,hard_ground_11
19.746,4031,0,3919,0,hard_ground_11
19.754,4032,0,3903,0,hard_ground_11
19.759,4031,0,3906,0,hard_ground_11
19.76,4027,0,3913,0,hard_ground_11
19.767,4027,0,3898,0,hard_ground_11
19.774,4026,0,3891,0,hard_ground_11
19.774,4024,0,3888,0,hard_ground_11
19.784,4020,0,3888,0,hard_ground_11
19.79,4015,0,3896,0,hard_ground_11
19.795,4016,0,3900,0,hard_ground_11
19.798,4011,0,3886,0,hard_ground_11
19.802,4015,0,3889,0,hard_ground_11
19.809,4019,0,3890,0,hard_ground_11
19.814,4018,0,3892,0,hard_ground_11
19.816,4021,0,3903,0,hard_ground_11
19.823,4025,0,3903,0,hard_ground_11
19.83,4028,0,3911,0,hard_ground_11
19.831,4022,0,3911,0,hard_ground_11
19.838,4026,0,3916,0,hard_ground_11
19.843,4019,0,3902,0,hard_ground_11
19.85,4017,0,3908,0,hard_ground_11
19.85,4016,0,3910,0,hard_ground_11
19.859,4016,0,3903,0,hard_ground_11
19.864,4019,0,3906,0,hard_ground_11
19.867,4014,0,3913,0,hard_ground_11
19.871,4020,0,3912,0,hard_ground_11
19.878,4020,0,3910,0,hard_ground_11
19.885,4021,0,3911,0,hard_ground_11
19.885,4023,0,3913,0,hard_ground_11
19.893,4022,0,3905,0,hard_ground_11
19.9,4027,0,3895,0,hard_ground_11
19.9,4027,0,3897,0,hard_ground_11
19.906,4027,0,3901,0,hard_ground_11
19.913,4028,0,3907,0,hard_ground_11
19.92,4028,0,3904,0,hard_ground_11
19.921,4034,0,3891,0,hard_ground_11
19.927,4034,0,3892,0,hard_ground_11
19.934,4033,0,3875,0,hard_ground_11
19.934,4038,0,3875,0,hard_ground_11
19.944,4039,0,3867,0,hard_ground_11
19.947,4038,0,3859,0,hard_ground_11
19.954,4041,0,3855,0,hard_ground_11
19.955,4031,0,3767,0,hard_ground_11
19.963,4019,0,3692,0,hard_ground_11
19.968,4028,0,3503,0,hard_ground_11
19.971,4018,0,3525,3740,hard_ground_11
19.975,4019,0,3238,3603,hard_ground_11
19.983,4011,0,2511,0,hard_ground_11
19.989,4005,0,1447,0,hard_ground_11
19.994,4004,0,0,0,hard_ground_11
19.996,4007,0,2398,0,hard_ground_11
20.004,4010,0,3425,0,hard_ground_11
20.009,4027,0,3670,2993,hard_ground_11
20.011,4033,0,3745,3313,hard_ground_11
20.019,4040,0,3672,0,hard_ground_11
20.024,4043,0,3436,0,hard_ground_11
20.025,4043,0,3227,0,hard_ground_11
20.031,4036,0,3205,2337,hard_ground_11
20.037,4032,0,3378,3792,hard_ground_11
20.044,4027,0,3386,3870,hard_ground_11
20.045,4031,0,3141,3920,hard_ground_11
20.053,4029,0,2075,3618,hard_ground_11
20.058,4028,0,2326,0,hard_ground_11
20.064,4014,0,3004,0,hard_ground_11
20.067,4007,0,3104,0,hard_ground_11
20.073,4007,0,3127,0,hard_ground_11
20.079,4019,0,3276,0,hard_ground_11
20.084,4034,0,3317,0,hard_ground_11
20.086,4039,0,3312,0,hard_ground_11
20.094,4041,0,3331,0,hard_ground_11
20.098,4036,0,3379,0,hard_ground_11
20.102,4039,0,3311,0,hard_ground_11
20.107,4039,0,3295,3858,hard_ground_11
20.115,4035,0,3238,3883,hard_ground_11
20.117,4036,0,2937,3916,hard_ground_11
20.123,4022,0,2226,3750,hard_ground_11
20.129,4008,0,0,1391,hard_ground_11
20.134,3997,0,0,3201,hard_ground_11
20.135,4002,0,0,3525,hard_ground_11
20.144,4019,0,0,3704,hard_ground_11
20.148,4026,0,2434,3795,hard_ground_11
20.154,4030,0,2560,3243,hard_ground_11
20.156,4036,0,2641,2188,hard_ground_11
20.163,4035,0,2704,3034,hard_ground_11
20.169,4039,0,2730,2903,hard_ground_11
20.17,4039,0,2893,1433,hard_ground_11
20.177,4042,0,3289,0,hard_ground_11
20.184,4038,0,3373,0,hard_ground_11
20.184,4041,0,3377,0,hard_ground_11
20.194,4039,0,3447,0,hard_ground_11
20.197,4037,0,3468,0,hard_ground_11
20.204,4034,0,3452,0,hard_ground_11
20.204,4034,0,3425,0,hard_ground_11
20.212,4035,0,3422,0,hard_ground_11
20.218,4035,0,3442,0,hard_ground_11
20.219,4037,0,3512,0,hard_ground_11
20.225,4041,0,3676,0,hard_ground_11
20.233,4043,0,3738,0,hard_ground_11
20.239,4044,0,3756,0,hard_ground_11
20.239,4048,0,3718,0,hard_ground_11
20.247,4039,0,3568,0,hard_ground_11
20.253,4029,0,3346,0,hard_ground_11
20.254,4024,0,3154,0,hard_ground_11
20.26,4017,0,3222,0,hard_ground_11
20.267,4014,0,3300,0,hard_ground_11
20.273,4012,0,3308,0,hard_ground_11
20.274,4021,0,3316,0,hard_ground_11
20.281,4026,0,3343,0,hard_ground_11
20.288,4027,0,3330,0,hard_ground_11
20.288,4032,0,3339,0,hard_ground_11
20.297,4034,0,3423,0,hard_ground_11
20.302,4034,0,3470,0,hard_ground_11
20.308,4040,0,3496,0,hard_ground_11
20.309,4045,0,3522,0,hard_ground_11
20.315,4045,0,3559,0,hard_ground_11
20.322,4042,0,3574,0,hard_ground_11
20.329,4040,0,3538,0,hard_ground_11
20.329,4041,0,3475,0,hard_ground_11
20.337,4040,0,3328,0,hard_ground_11
20.343,4041,0,3365,0,hard_ground_11
20.344,4041,0,3516,0,hard_ground_11
20.35,4041,0,3605,0,hard_ground_11
20.358,4040,0,3612,0,hard_ground_11
20.364,4041,0,3584,0,hard_ground_11
20.367,4038,0,3417,0,hard_ground_11
20.371,4043,0,3145,0,hard_ground_11
20.378,4036,0,3335,0,hard_ground_11
20.378,4028,0,3547,0,hard_ground_11
20.386,4029,0,3540,0,hard_ground_11
20.391,4025,0,3432,0,hard_ground_11
20.398,4021,0,3400,0,hard_ground_11
20.399,4013,0,3446,0,hard_ground_11
20.406,4016,0,3477,0,hard_ground_11
20.412,4008,0,3392,0,hard_ground_11
20.414,3996,0,3511,0,hard_ground_11
20.419,3990,0,3548,0,hard_ground_11
20.427,3990,0,3552,3197,hard_ground_11
20.433,3993,0,3552,3637,hard_ground_11
20.433,3970,0,3590,3679,hard_ground_11
20.441,3949,0,3537,3640,hard_ground_11
20.448,3883,0,3335,3346,hard_ground_11
20.449,3680,0,2908,3398,hard_ground_11
20.457,3275,0,2640,3503,hard_ground_11
20.462,3078,0,2359,3509,hard_ground_11
20.468,3144,0,2650,3661,hard_ground_11
20.469,3384,0,2293,3749,hard_ground_11
20.475,3481,0,2686,3784,hard_ground_11
20.482,3530,0,2770,3835,hard_ground_11
20.482,3469,0,2792,3872,hard_ground_11
20.489,3400,0,2852,3878,hard_ground_11
20.496,3380,0,3131,3868,hard_ground_11
20.503,3006,0,3227,3864,hard_ground_11
20.507,2351,0,2888,3824,hard_ground_11
20.51,0,0,2287,3691,hard_ground_11
20.516,0,0,1745,3394,hard_ground_11
20.523,0,0,981,3114,hard_ground_11
20.524,0,0,1951,3533,hard_ground_11
20.532,0,0,2561,3829,hard_ground_11
20.537,0,601,2761,3938,hard_ground_11
20.54,0,2083,2559,3971,hard_ground_11
20.545,0,2721,1701,3969,hard_ground_11
20.552,0,2523,0,3951,hard_ground_11
20.558,0,2249,0,3925,hard_ground_11
20.559,0,1648,0,3915,hard_ground_11
20.568,0,1826,0,3909,hard_ground_11
20.572,0,2343,0,3920,hard_ground_11
20.574,0,2398,0,3939,hard_ground_11
20.582,0,2720,0,3947,hard_ground_11
20.586,0,2816,0,3952,hard_ground_11
20.593,0,2805,0,3918,hard_ground_11
20.594,0,2777,0,3895,hard_ground_11
20.6,0,2858,0,3861,hard_ground_11
20.607,0,3041,0,3847,hard_ground_11
20.609,0,3282,0,3818,hard_ground_11
20.614,0,3493,0,3841,hard_ground_11
20.621,0,3581,0,3890,hard_ground_11
20.628,0,3600,0,3917,hard_ground_11
20.629,0,3613,0,3921,hard_ground_11
20.635,0,3606,0,3914,hard_ground_11
20.642,0,3593,0,3903,hard_ground_11
20.643,0,3619,0,3911,hard_ground_11
20.649,0,3604,0,3917,hard_ground_11
20.656,0,3582,0,3926,hard_ground_11
20.662,0,3572,0,3900,hard_ground_11
20.668,0,3520,0,3856,hard_ground_11
20.669,0,3420,0,3789,hard_ground_11
20.677,0,3306,0,3801,hard_ground_11
20.683,0,3250,0,3886,hard_ground_11
20.684,0,3355,0,3934,hard_ground_11
20.69,0,3476,0,3890,hard_ground_11
20.698,0,3556,0,3840,hard_ground_11
20.698,0,3605,0,3803,hard_ground_11
20.706,0,3578,0,3827,hard_ground_11
20.711,0,3504,0,3873,hard_ground_11
20.718,0,3463,0,3877,hard_ground_11
20.718,0,3452,0,3869,hard_ground_11
20.725,0,3503,0,3826,hard_ground_11
20.732,0,3571,0,3787,hard_ground_11
20.733,0,3562,0,3849,hard_ground_11
20.739,0,3480,0,3899,hard_ground_11
20.746,0,3429,0,3934,hard_ground_11
20.753,0,3418,0,3961,hard_ground_11
20.753,0,3441,0,3963,hard_ground_11
20.76,0,3541,0,3962,hard_ground_11
20.766,0,3610,0,3957,hard_ground_11
20.768,0,3604,0,3974,hard_ground_11
20.774,0,3518,0,3980,hard_ground_11
20.781,0,3434,0,3973,hard_ground_11
20.787,0,3237,0,3964,hard_ground_11
20.788,0,3209,0,3945,hard_ground_11
20.795,0,3411,0,3974,hard_ground_11
20.802,0,3567,0,3998,hard_ground_11
20.803,0,3697,0,4000,hard_ground_11
20.812,0,3739,0,3998,hard_ground_11
20.815,0,3711,0,3990,hard_ground_11
20.822,0,3611,0,3963,hard_ground_11
20.822,0,2803,0,3940,hard_ground_11
20.83,0,1297,0,3922,hard_ground_11
20.836,0,2251,0,3934,hard_ground_11
20.843,0,3366,0,3945,hard_ground_11
20.843,0,3645,0,3941,hard_ground_11
20.85,0,3770,0,3952,hard_ground_11
20.857,0,3771,0,3969,hard_ground_11
20.857,0,3716,0,3965,hard_ground_11
20.864,0,3654,0,3951,hard_ground_11
20.871,0,3559,0,3935,hard_ground_11
20.878,0,3515,0,3925,hard_ground_11
20.878,0,3455,0,3891,hard_ground_11
20.885,0,3386,0,3892,hard_ground_11
20.892,0,3350,0,3911,hard_ground_11
20.893,0,3516,0,3928,hard_ground_11
20.899,0,3643,0,3949,hard_ground_11
20.906,0,3694,0,3955,hard_ground_11
20.912,0,3721,0,3936,hard_ground_11
20.913,0,3739,0,3913,hard_ground_11
20.919,0,3678,0,3939,hard_ground_11
20.927,0,3606,0,3929,hard_ground_11
20.928,0,3618,0,3925,hard_ground_11
20.936,0,3683,0,3960,hard_ground_11
20.941,0,3739,0,3971,hard_ground_11
20.947,0,3763,0,3969,hard_ground_11
20.952,0,3778,0,3970,hard_ground_11
20.955,0,3773,0,3948,hard_ground_11
20.961,0,3753,0,3953,hard_ground_11
20.963,0,3710,0,3927,hard_ground_11
20.968,0,3646,0,3949,hard_ground_11
20.975,0,3647,0,3965,hard_ground_11
20.982,0,3741,0,3958,hard_ground_11
20.983,0,3764,0,3964,hard_ground_11
20.989,0,3793,0,3963,hard_ground_11
20.996,0,3814,0,3958,hard_ground_11
20.996,0,3794,0,3971,hard_ground_11
21.005,0,3761,0,3972,hard_ground_11
21.01,0,3736,0,3957,hard_ground_11
21.016,0,3657,0,3952,hard_ground_11
21.018,0,3621,0,3940,hard_ground_11
21.024,0,3622,0,3940,hard_ground_11
21.031,0,3624,0,3965,hard_ground_11
21.037,0,3685,0,3975,hard_ground_11
21.038,0,3740,0,3977,hard_ground_11
21.044,0,3772,0,3986,hard_ground_11
21.052,0,3772,0,3994,hard_ground_11
21.053,0,3773,0,3998,hard_ground_11
21.061,0,3766,0,3995,hard_ground_11
21.065,0,3757,0,3988,hard_ground_11
21.072,0,3734,0,3990,hard_ground_11
21.072,0,3728,0,3984,hard_ground_11
21.079,0,3727,0,3981,hard_ground_11
21.086,0,3719,0,3976,hard_ground_11
21.088,0,3721,0,3976,hard_ground_11
21.093,0,3734,0,3973,hard_ground_11
21.1,0,3756,0,3969,hard_ground_11
21.107,0,3767,0,3971,hard_ground_11
21.107,0,3776,0,3972,hard_ground_11
21.114,0,3787,0,3973,hard_ground_11
21.121,0,3789,0,3976,hard_ground_11
21.123,0,3788,0,3980,hard_ground_11
21.131,0,3780,0,3977,hard_ground_11
21.135,0,3770,0,3974,hard_ground_11
21.142,0,3756,0,3971,hard_ground_11
21.142,0,3754,0,3962,hard_ground_11
21.149,0,3737,0,3962,hard_ground_11
21.155,0,3722,0,3962,hard_ground_11
21.158,0,3729,0,3967,hard_ground_11
21.163,0,3748,0,3969,hard_ground_11
21.169,0,3760,0,3982,hard_ground_11
21.176,0,3771,0,3986,hard_ground_11
21.178,0,3778,0,3993,hard_ground_11
21.183,0,3781,0,3990,hard_ground_11
21.192,0,3776,0,3997,hard_ground_11
21.197,0,3755,0,3995,hard_ground_11
21.2,0,3744,0,3989,hard_ground_11
21.204,0,3734,0,3992,hard_ground_11
21.211,0,3738,0,3984,hard_ground_11
21.216,0,3740,0,3984,hard_ground_11
21.218,0,3744,0,3983,hard_ground_11
21.224,0,3763,0,3981,hard_ground_11
21.232,0,3762,0,3987,hard_ground_11
21.232,0,3769,0,3985,hard_ground_11
21.24,0,3767,0,3986,hard_ground_11
21.245,0,3771,0,3989,hard_ground_11
21.248,0,3781,0,3987,hard_ground_11
21.253,0,3784,0,3985,hard_ground_11
21.26,0,3782,0,3984,hard_ground_11
21.266,0,3784,0,3975,hard_ground_11
21.269,0,3777,0,3970,hard_ground_11
21.274,0,3773,0,3967,hard_ground_11
21.281,0,3774,0,3968,hard_ground_11
21.281,0,3773,0,3959,hard_ground_11
21.289,0,3769,0,3966,hard_ground_11
21.294,0,3765,0,3974,hard_ground_11
21.301,0,3761,0,3979,hard_ground_11
21.302,0,3762,0,3987,hard_ground_11
21.308,0,3756,0,3991,hard_ground_11
21.315,0,3759,0,3987,hard_ground_11
21.322,0,3757,0,3997,hard_ground_11
21.322,0,3766,0,4000,hard_ground_11
21.33,0,3760,0,3999,hard_ground_11
21.337,0,3754,0,4000,hard_ground_11
21.337,0,3729,0,3990,hard_ground_11
21.345,0,3692,0,3984,hard_ground_11
21.35,0,3715,0,3983,hard_ground_11
21.356,0,3756,0,3984,hard_ground_11
21.361,0,3796,0,3991,hard_ground_11
21.364,0,3816,0,3990,hard_ground_11
21.371,0,3843,0,3992,hard_ground_11
21.371,0,3837,0,3994,hard_ground_11
21.378,0,3780,0,3993,hard_ground_11
21.385,0,3746,0,3991,hard_ground_11
21.391,0,3690,0,3985,hard_ground_11
21.392,0,3646,0,3977,hard_ground_11
21.399,0,3633,0,3975,hard_ground_11
21.406,0,3660,0,3988,hard_ground_11
21.406,0,3742,0,3985,hard_ground_11
21.413,0,3774,0,3989,hard_ground_11
21.419,0,3801,0,3999,hard_ground_11
21.426,0,3816,0,3998,hard_ground_11
21.427,0,3803,0,4004,hard_ground_11
21.433,0,3776,0,4005,hard_ground_11
21.44,0,3755,0,3995,hard_ground_11
21.442,0,3733,0,3983,hard_ground_11
21.447,0,3715,0,3981,hard_ground_11
21.455,0,3748,0,3976,hard_ground_11
21.461,0,3776,0,3980,hard_ground_11
21.462,0,3797,0,3983,hard_ground_11
21.469,0,3824,0,3987,hard_ground_11
21.475,0,3830,0,3985,hard_ground_11
21.475,0,3816,0,3981,hard_ground_11
21.484,0,3786,0,3970,hard_ground_11
21.489,0,3758,0,3960,hard_ground_11
21.496,0,3698,0,3958,hard_ground_11
21.501,0,3644,0,3965,hard_ground_11
21.503,0,3660,0,3973,hard_ground_11
21.51,0,3733,0,3990,hard_ground_11
21.516,0,3776,0,3992,hard_ground_11
21.517,0,3803,0,3999,hard_ground_11
21.525,0,3825,0,4010,hard_ground_11
21.53,0,3822,0,4014,hard_ground_11
21.533,0,3810,0,4016,hard_ground_11
21.538,0,3770,0,4012,hard_ground_11
21.545,0,3753,0,4003,hard_ground_11
21.551,0,3740,0,4009,hard_ground_11
21.552,0,3740,0,4002,hard_ground_11
21.558,0,3731,0,3998,hard_ground_11
21.566,0,3754,0,4001,hard_ground_11
21.569,0,3747,0,3996,hard_ground_11
21.574,0,3730,0,3994,hard_ground_11
21.579,0,3730,0,3994,hard_ground_11
21.586,0,3683,0,3989,hard_ground_11
21.586,0,3680,0,3987,hard_ground_11
21.593,0,3727,0,3995,hard_ground_11
21.6,0,3776,0,3999,hard_ground_11
21.6,0,3819,0,4000,hard_ground_11
21.607,0,3847,0,4004,hard_ground_11
21.614,0,3862,0,4013,hard_ground_11
21.621,0,3848,0,3996,hard_ground_11
21.625,0,3826,0,3992,hard_ground_11
21.628,0,3782,0,3984,hard_ground_11
21.634,0,3758,0,3962,hard_ground_11
21.636,0,3751,0,3929,hard_ground_11
21.642,0,3736,0,3935,hard_ground_11
21.65,0,3740,0,3943,hard_ground_11
21.655,0,3746,0,3963,hard_ground_11
21.658,0,3769,0,3982,hard_ground_11
21.662,0,3782,0,3990,hard_ground_11
21.669,0,3784,0,3997,hard_ground_11
21.676,0,3788,0,4001,hard_ground_11
21.677,0,3785,0,4012,hard_ground_11
21.683,0,3777,0,4021,hard_ground_11
21.69,0,3769,0,4016,hard_ground_11
21.692,0,3759,0,4017,hard_ground_11
21.7,0,3749,0,4017,hard_ground_11
21.705,0,3736,0,4017,hard_ground_11
21.711,0,3730,0,4014,hard_ground_11
21.712,0,3694,0,4008,hard_ground_11
21.718,0,3635,0,4006,hard_ground_11
21.724,0,3595,0,4001,hard_ground_11
21.73,0,3628,0,4000,hard_ground_11
21.732,0,3687,0,4003,hard_ground_11
21.739,0,3737,0,4005,hard_ground_11
21.746,0,3763,0,4010,hard_ground_11
21.746,0,3782,0,4013,hard_ground_11
21.754,0,3792,0,4011,hard_ground_11
21.76,0,3803,0,4010,hard_ground_11
21.76,0,3802,0,4004,hard_ground_11
21.77,0,3789,0,3998,hard_ground_11
21.775,0,3791,0,3990,hard_ground_11
21.78,0,3776,0,3982,hard_ground_11
21.785,0,3772,0,3971,hard_ground_11
21.787,0,3768,0,3957,hard_ground_11
21.795,0,3763,0,3950,hard_ground_11
21.795,0,3762,0,3968,hard_ground_11
21.802,0,3763,0,3970,hard_ground_11
21.808,0,3775,0,3976,hard_ground_11
21.815,0,3776,0,3990,hard_ground_11
21.819,0,3778,0,3993,hard_ground_11
21.828,0,3750,0,3988,hard_ground_11
21.83,0,3734,0,3991,hard_ground_11
21.837,0,3703,0,3988,hard_ground_11
21.839,0,3661,0,3985,hard_ground_11
21.843,0,3704,0,3987,hard_ground_11
21.85,0,3736,0,3996,hard_ground_11
21.855,0,3773,0,4005,hard_ground_11
21.86,0,3797,0,3997,hard_ground_11
21.863,0,3802,0,3995,hard_ground_11
21.87,0,3791,0,3996,hard_ground_11
21.874,0,3772,0,4001,hard_ground_11
21.88,0,3778,0,3996,hard_ground_11
21.884,0,3783,0,4002,hard_ground_11
21.89,0,3794,0,3997,hard_ground_11
21.891,0,3815,0,4004,hard_ground_11
21.899,0,3829,0,4005,hard_ground_11
21.905,0,3822,0,4000,hard_ground_11
21.906,0,3815,0,3995,hard_ground_11
21.915,0,3800,0,3991,hard_ground_11
21.92,0,3795,0,3989,hard_ground_11
21.923,0,3800,0,3990,hard_ground_11
21.927,0,3811,0,3992,hard_ground_11
21.934,0,3805,0,3999,hard_ground_11
21.94,0,3777,0,3995,hard_ground_11
21.945,0,3732,0,3991,hard_ground_11
21.947,0,3687,0,3982,hard_ground_11
21.955,0,3659,0,3979,hard_ground_11
21.959,0,3698,0,3980,hard_ground_11
21.961,0,3741,0,3981,hard_ground_11
21.97,0,3760,0,3991,hard_ground_11
21.975,0,3729,0,3991,hard_ground_11
21.98,0,3669,0,3977,hard_ground_11
21.983,0,3600,0,3977,hard_ground_11
21.99,0,3503,0,3974,hard_ground_11
21.995,0,3636,0,3986,hard_ground_11
22.0,0,3712,0,3999,hard_ground_11
22.004,0,3782,0,4005,hard_ground_11
22.009,0,3831,0,4015,hard_ground_11
22.011,0,3852,0,4015,hard_ground_11
22.016,0,3860,0,4017,hard_ground_11
22.025,0,3862,0,4022,hard_ground_11
22.03,0,3842,0,4015,hard_ground_11
22.033,0,3836,0,4014,hard_ground_11
22.037,0,3823,0,4009,hard_ground_11
22.044,0,3822,0,3999,hard_ground_11
22.049,0,3813,0,3997,hard_ground_11
22.052,0,3793,0,3999,hard_ground_11
22.058,0,3764,0,3999,hard_ground_11
22.065,0,3749,0,3997,hard_ground_11
22.065,0,3736,0,3993,hard_ground_11
22.075,0,3745,0,3992,hard_ground_11
22.079,0,3761,0,3983,hard_ground_11
22.085,0,3762,0,3989,hard_ground_11
22.086,0,3727,0,3981,hard_ground_11
22.094,0,3572,0,3974,hard_ground_11
22.099,0,3414,0,3956,hard_ground_11
22.101,0,3322,0,3945,hard_ground_11
22.107,0,3542,0,3950,hard_ground_11
22.114,0,3704,0,3971,hard_ground_11
22.119,0,3765,0,3996,hard_ground_11
22.122,0,3784,0,3998,hard_ground_11
22.127,0,3812,0,3994,hard_ground_11
22.135,0,3816,0,4002,hard_ground_11
22.135,0,3808,0,4004,hard_ground_11
22.143,0,3793,0,4014,hard_ground_11
22.148,0,3770,0,4012,hard_ground_11
22.155,0,3792,0,4013,hard_ground_11
22.155,0,3802,0,4008,hard_ground_11
22.162,0,3805,0,4005,hard_ground_11
22.17,0,3824,0,3998,hard_ground_11
22.171,0,3808,0,4000,hard_ground_11
22.176,0,3802,0,3997,hard_ground_11
22.183,0,3786,0,3999,hard_ground_11
22.19,0,3785,0,3997,hard_ground_11
22.191,0,3795,0,3993,hard_ground_11
22.197,0,3821,0,4004,hard_ground_11
22.204,0,3831,0,4011,hard_ground_11
22.205,0,3836,0,4016,hard_ground_11
22.211,0,3842,0,4016,hard_ground_11
22.218,0,3840,0,4012,hard_ground_11
22.224,0,3832,0,4004,hard_ground_11
22.224,0,3806,0,3993,hard_ground_11
22.232,0,3781,0,3984,hard_ground_11
22.238,0,3688,0,3975,hard_ground_11
22.245,0,3569,0,3939,hard_ground_11
22.246,0,3405,0,3912,hard_ground_11
22.253,0,3453,0,3919,hard_ground_11
22.259,0,3638,0,3954,hard_ground_11
22.26,0,3730,0,3976,hard_ground_11
22.266,0,3809,0,3987,hard_ground_11
22.274,0,3833,0,3996,hard_ground_11
22.274,0,3839,0,3995,hard_ground_11
22.282,0,3805,0,3986,hard_ground_11
22.287,0,3694,0,3978,hard_ground_11
22.294,0,3419,0,3975,hard_ground_11
22.295,0,3318,0,3952,hard_ground_11
22.301,0,3467,0,3934,hard_ground_11
22.308,0,3689,0,3959,hard_ground_11
22.315,0,3761,0,3972,hard_ground_11
22.315,0,3794,0,3978,hard_ground_11
22.322,0,3830,0,3982,hard_ground_11
22.329,0,3754,0,3980,hard_ground_11
22.329,0,3712,0,3967,hard_ground_11
22.338,0,3597,0,3942,hard_ground_11
22.343,0,3471,0,3915,hard_ground_11
22.346,0,3349,0,3905,hard_ground_11
22.354,0,3325,0,3919,hard_ground_11
22.357,0,3307,0,3935,hard_ground_11
22.363,0,3336,0,3950,hard_ground_11
22.365,0,3224,0,3951,hard_ground_11
22.371,0,3181,0,3941,hard_ground_11
22.378,0,2872,0,3897,hard_ground_11
22.384,0,2163,0,3825,hard_ground_11
22.385,0,0,0,3776,hard_ground_11
22.392,0,0,0,3677,hard_ground_11
22.398,0,0,0,3616,hard_ground_11
22.4,0,0,0,3608,hard_ground_11
22.405,0,0,0,3702,hard_ground_11
22.413,0,2001,0,3818,hard_ground_11
22.419,0,2969,0,3884,hard_ground_11
22.42,0,3155,0,3861,hard_ground_11
22.426,0,2281,0,3722,hard_ground_11
22.433,0,0,0,3321,hard_ground_11
22.438,0,0,0,974,hard_ground_11
22.44,0,0,0,0,hard_ground_11
22.447,0,0,1961,0,hard_ground_11
22.454,0,0,1887,0,hard_ground_11
22.454,0,0,1453,0,hard_ground_11
22.462,0,0,2290,0,hard_ground_11
22.468,997,0,2513,0,hard_ground_11
22.471,2018,0,2652,0,hard_ground_11
22.479,3148,0,2871,0,hard_ground_11
22.481,3375,0,3148,0,hard_ground_11
22.489,3581,0,3433,0,hard_ground_11
22.493,3680,0,3534,0,hard_ground_11
22.496,3735,0,3567,0,hard_ground_11
22.504,3703,0,3583,0,hard_ground_11
22.504,3558,0,3585,0,hard_ground_11
22.513,3181,0,3503,0,hard_ground_11
22.516,1471,0,3401,0,hard_ground_11
22.524,0,0,3158,0,hard_ground_11
22.529,0,0,3063,0,hard_ground_11
22.53,0,0,3061,0,hard_ground_11
22.537,0,0,3034,0,hard_ground_11
22.544,0,0,2974,1417,hard_ground_11
22.545,0,0,2883,1651,hard_ground_11
22.553,0,0,2956,0,hard_ground_11
22.558,0,0,2914,1289,hard_ground_11
22.564,0,0,2901,2433,hard_ground_11
22.565,0,0,2482,3635,hard_ground_11
22.572,0,0,2439,3808,hard_ground_11
22.579,0,0,2129,3845,hard_ground_11
22.58,0,0,1817,3848,hard_ground_11
22.589,0,1639,0,3858,hard_ground_11
22.592,0,2172,0,3930,hard_ground_11
22.599,0,2706,0,3936,hard_ground_11
22.599,0,2975,0,3973,hard_ground_11
22.607,0,3148,0,3989,hard_ground_11
22.613,0,3441,0,4003,hard_ground_11
22.614,0,3607,0,4009,hard_ground_11
22.62,0,3687,0,4005,hard_ground_11
22.627,0,3748,0,4002,hard_ground_11
22.631,0,3763,0,3976,hard_ground_11
22.634,0,3742,0,3976,hard_ground_11
22.642,0,3601,0,3985,hard_ground_11
22.649,0,3484,0,4004,hard_ground_11
22.649,0,3527,0,3995,hard_ground_11
22.657,0,3529,0,3982,hard_ground_11
22.662,0,3641,0,3966,hard_ground_11
22.664,0,3698,0,3961,hard_ground_11
22.672,0,3660,0,3996,hard_ground_11
22.676,0,3662,0,4014,hard_ground_11
22.684,0,3662,0,4013,hard_ground_11
22.684,0,3713,0,4015,hard_ground_11
22.691,0,3752,0,4012,hard_ground_11
22.697,0,3816,0,4012,hard_ground_11
22.704,0,3830,0,4010,hard_ground_11
22.704,0,3835,0,4014,hard_ground_11
22.713,0,3828,0,4015,hard_ground_11
22.718,0,3807,0,4007,hard_ground_11
22.718,0,3797,0,4007,hard_ground_11
22.726,0,3764,0,4016,hard_ground_11
22.733,0,3749,0,3983,hard_ground_11
22.738,0,3787,0,4010,hard_ground_11
22.741,0,3817,0,4005,hard_ground_11
22.745,0,3844,0,4001,hard_ground_11
22.753,0,3819,0,4008,hard_ground_11
22.755,0,3792,0,4020,hard_ground_11
22.759,0,3787,0,4018,hard_ground_11
22.767,0,3793,0,4016,hard_ground_11
22.773,0,3810,0,4009,hard_ground_11
22.773,0,3809,0,4011,hard_ground_11
22.782,0,3809,0,4014,hard_ground_11
22.787,0,3818,0,4016,hard_ground_11
22.789,0,3815,0,4012,hard_ground_11
22.796,0,3813,0,4022,hard_ground_11
22.802,0,3823,0,4025,hard_ground_11
22.808,0,3848,0,4029,hard_ground_11
22.809,0,3841,0,4029,hard_ground_11
22.815,0,3826,0,4031,hard_ground_11
22.822,0,3832,0,4036,hard_ground_11
22.828,0,3825,0,4041,hard_ground_11
22.83,0,3836,0,4040,hard_ground_11
22.837,0,3829,0,4037,hard_ground_11
22.843,0,3829,0,4032,hard_ground_11
22.843,0,3795,0,4041,hard_ground_11
22.853,0,3728,0,4042,hard_ground_11
22.856,0,3745,0,4043,hard_ground_11
22.863,0,3763,0,4047,hard_ground_11
22.868,0,3811,0,4045,hard_ground_11
22.872,0,3824,0,4042,hard_ground_11
22.878,0,3830,0,4040,hard_ground_11
22.878,0,3816,0,4041,hard_ground_11
22.885,0,3763,0,4046,hard_ground_11
22.891,0,3769,0,4048,hard_ground_11
22.898,0,3781,0,4046,hard_ground_11
22.903,0,3800,0,4043,hard_ground_11
22.905,0,3820,0,4046,hard_ground_11
22.913,0,3815,0,4041,hard_ground_11
22.918,0,3787,0,4043,hard_ground_11
22.919,0,3793,0,4043,hard_ground_11
22.926,0,3806,0,4046,hard_ground_11
22.933,0,3805,0,4044,hard_ground_11
22.934,0,3821,0,4034,hard_ground_11
22.94,0,3827,0,4038,hard_ground_11
22.947,0,3820,0,4035,hard_ground_11
22.952,0,3752,0,4041,hard_ground_11
22.954,0,3715,0,4043,hard_ground_11
22.961,0,3706,0,4036,hard_ground_11
22.968,0,3706,0,4037,hard_ground_11
22.972,0,3714,0,4037,hard_ground_11
22.976,0,3713,0,4040,hard_ground_11
22.981,0,3727,0,4039,hard_ground_11
22.988,0,3788,0,4047,hard_ground_11
22.988,0,3817,0,4045,hard_ground_11
22.996,0,3843,0,4048,hard_ground_11
23.002,0,3821,0,4044,hard_ground_11
23.004,0,3799,0,4047,hard_ground_11
23.009,0,3804,0,4047,hard_ground_11
23.016,0,3806,0,4040,hard_ground_11
23.023,0,3825,0,4045,hard_ground_11
23.023,0,3835,0,4045,hard_ground_11
23.03,0,3813,0,4045,hard_ground_11
23.037,0,3785,0,4041,hard_ground_11
23.039,0,3786,0,4047,hard_ground_11
23.044,0,3804,0,4045,hard_ground_11
23.051,0,3805,0,4039,hard_ground_11
23.058,0,3814,0,4041,hard_ground_11
23.059,0,3778,0,4046,hard_ground_11
23.065,0,3768,0,4045,hard_ground_11
23.072,0,3778,0,4048,hard_ground_11
23.073,0,3765,0,4047,hard_ground_11
23.078,0,3775,0,4049,hard_ground_11
23.086,0,3768,0,4048,hard_ground_11
23.092,0,3768,0,4050,hard_ground_11
23.094,0,3817,0,4054,hard_ground_11
23.099,0,3842,0,4050,hard_ground_11
23.107,0,3838,0,4046,hard_ground_11
23.112,0,3794,0,4041,hard_ground_11
23.118,0,3709,0,4045,hard_ground_11
23.121,0,3655,0,4043,hard_ground_11
23.127,0,3650,0,4044,hard_ground_11
23.128,0,3664,0,4041,hard_ground_11
23.134,0,3716,0,4042,hard_ground_11
23.141,0,3760,0,4038,hard_ground_11
23.148,0,3779,0,4047,hard_ground_11
23.148,0,3768,0,4050,hard_ground_11
23.155,0,3779,0,4054,hard_ground_11
23.162,0,3790,0,4051,hard_ground_11
23.163,0,3814,0,4054,hard_ground_11
23.172,0,3828,0,4056,hard_ground_11
23.176,0,3822,0,4046,hard_ground_11
23.183,0,3812,0,4047,hard_ground_11
23.183,0,3777,0,4048,hard_ground_11
23.19,0,3775,0,4046,hard_ground_11
23.197,0,3749,0,4048,hard_ground_11
23.199,0,3746,0,4043,hard_ground_11
23.203,0,3756,0,4030,hard_ground_11
23.212,0,3727,0,4024,hard_ground_11
23.217,0,3268,0,4040,hard_ground_11
23.217,0,3088,0,4033,hard_ground_11
23.226,0,3069,0,4029,hard_ground_11
23.231,3375,0,0,4026,hard_ground_11
23.237,3169,0,0,4017,hard_ground_11
23.238,2687,0,0,4009,hard_ground_11
23.246,0,0,0,4015,hard_ground_11
23.252,0,0,0,4009,hard_ground_11
23.252,0,0,0,4019,hard_ground_11
23.261,0,0,0,4027,hard_ground_11
23.266,0,3052,0,4029,hard_ground_11
23.272,0,3583,0,4033,hard_ground_11
23.273,2000,3631,0,4042,hard_ground_11
23.28,3657,3621,0,4046,hard_ground_11
23.287,3755,3362,0,4052,hard_ground_11
23.288,3732,0,0,4048,hard_ground_11
23.294,3028,0,0,4046,hard_ground_11
23.301,0,0,0,4036,hard_ground_11
23.307,0,0,0,4023,hard_ground_11
23.309,0,0,0,4022,hard_ground_11
23.315,0,0,0,4021,hard_ground_11
23.322,3061,0,0,4029,hard_ground_11
23.322,3557,0,0,4038,hard_ground_11
23.33,3570,0,0,4040,hard_ground_11
23.336,3311,0,0,4043,hard_ground_11
23.342,1720,0,0,4040,hard_ground_11
23.346,0,0,0,4037,hard_ground_11
23.349,0,0,0,4039,hard_ground_11
23.356,0,0,0,4041,hard_ground_11
23.362,0,0,0,4040,hard_ground_11
23.363,0,0,0,4037,hard_ground_11
23.372,0,1329,0,4040,hard_ground_11
23.377,0,2565,0,4039,hard_ground_11
23.378,0,2918,0,4039,hard_ground_11
23.385,0,3142,0,4035,hard_ground_11
23.391,0,3229,0,4030,hard_ground_11
23.393,0,3189,0,4034,hard_ground_11
23.399,0,2703,0,4034,hard_ground_11
23.406,0,2819,0,4027,hard_ground_11
23.412,0,3259,0,4036,hard_ground_11
23.413,0,3499,0,4036,hard_ground_11
23.419,0,3651,0,4040,hard_ground_11
23.426,0,3696,0,4036,hard_ground_11
23.428,0,3639,0,4041,hard_ground_11
23.437,0,3547,0,4036,hard_ground_11
23.448,0,3389,0,4028,hard_ground_11
23.448,0,3139,0,4027,hard_ground_11
23.452,0,3216,0,4017,hard_ground_11
23.455,0,3366,0,4014,hard_ground_11
23.46,0,3400,0,4016,hard_ground_11
23.465,0,3512,0,4022,hard_ground_11
23.472,0,3605,0,4026,hard_ground_11
23.475,0,3706,0,4029,hard_ground_11
23.482,0,3738,0,4032,hard_ground_11
23.483,0,3724,0,4031,hard_ground_11
23.489,0,3722,0,4035,hard_ground_11
23.496,0,3678,0,4031,hard_ground_11
23.498,0,3647,0,4028,hard_ground_11
23.503,0,3632,0,4024,hard_ground_11
23.51,0,3627,0,4019,hard_ground_11
23.517,0,3616,0,4018,hard_ground_11
23.518,0,3565,0,4017,hard_ground_11
23.524,0,3450,0,4026,hard_ground_11
23.53,0,3464,0,4021,hard_ground_11
23.537,0,3501,0,4027,hard_ground_11
23.537,0,3506,0,4028,hard_ground_11
23.545,0,3336,0,4029,hard_ground_11
23.551,0,3207,0,4027,hard_ground_11
23.557,0,2262,0,4027,hard_ground_11
23.558,0,0,0,4019,hard_ground_11
23.565,0,1960,0,4014,hard_ground_11
23.572,0,2862,0,4014,hard_ground_11
23.572,0,3014,0,4006,hard_ground_11
23.579,0,2979,0,4011,hard_ground_11
23.586,0,2778,0,4011,hard_ground_11
23.587,0,2620,0,4001,hard_ground_11
23.595,0,2726,0,3996,hard_ground_11
23.6,0,1690,0,3993,hard_ground_11
23.604,0,2186,0,3967,hard_ground_11
23.607,0,0,0,3955,hard_ground_11
23.615,0,0,0,3952,hard_ground_11
23.62,0,0,0,3929,hard_ground_11
23.622,0,0,0,3726,hard_ground_11
23.628,0,0,0,3653,hard_ground_11
23.635,0,0,0,3855,hard_ground_11
23.641,2705,0,0,3801,hard_ground_11
23.646,2859,2585,0,3875,hard_ground_11
23.648,2562,2174,0,3880,hard_ground_11
23.655,785,2210,0,3795,hard_ground_11
23.662,0,1072,0,3448,hard_ground_11
23.663,0,0,0,488,hard_ground_11
23.669,0,0,0,0,hard_ground_11
23.676,0,0,0,0,hard_ground_11
23.677,0,0,0,0,hard_ground_11
23.683,2751,0,0,0,hard_ground_11
23.69,3476,0,0,0,hard_ground_11
23.696,3528,0,0,0,hard_ground_11
23.698,3603,0,0,0,hard_ground_11
23.704,3532,0,1252,0,hard_ground_11
23.711,3665,0,1214,0,hard_ground_11
23.711,3829,0,0,0,hard_ground_11
23.72,3899,0,0,0,hard_ground_11
23.725,3900,0,1592,0,hard_ground_11
23.727,3744,0,2767,0,hard_ground_11
23.732,2775,0,3192,0,hard_ground_11
23.74,2503,0,3213,0,hard_ground_11
23.745,3179,0,3197,0,hard_ground_11
23.747,3517,0,2943,0,hard_ground_11
23.753,3607,0,2145,0,hard_ground_11
23.761,3520,0,1120,0,hard_ground_11
23.766,3088,0,1434,0,hard_ground_11
23.771,2682,0,2411,0,hard_ground_11
23.773,3066,0,2903,0,hard_ground_11
23.781,3441,0,3024,0,hard_ground_11
23.785,3648,0,2972,0,hard_ground_11
23.787,3799,0,2878,0,hard_ground_11
23.794,3807,0,2697,0,hard_ground_11
23.801,3653,0,2707,0,hard_ground_11
23.802,3520,0,2944,0,hard_ground_11
23.811,3397,0,3083,0,hard_ground_11
23.815,3557,0,2955,0,hard_ground_11
23.817,3808,0,2939,0,hard_ground_11
23.822,3898,0,2913,0,hard_ground_11
23.83,3935,0,3018,0,hard_ground_11
23.836,3927,0,3208,0,hard_ground_11
23.841,3902,0,3446,0,hard_ground_11
23.843,3900,0,3502,0,hard_ground_11
23.85,3909,0,3392,0,hard_ground_11
23.856,3885,0,2997,0,hard_ground_11
23.861,3893,0,2670,0,hard_ground_11
23.864,3905,0,2162,0,hard_ground_11
23.871,3899,0,2209,0,hard_ground_11
23.872,3858,0,2613,0,hard_ground_11
23.878,3852,0,2765,0,hard_ground_11
23.884,3869,0,3057,0,hard_ground_11
23.887,3882,0,3355,0,hard_ground_11
23.892,3895,0,3446,0,hard_ground_11
23.899,3892,0,3405,0,hard_ground_11
23.905,3838,0,3139,0,hard_ground_11
23.907,3547,0,2716,0,hard_ground_11
23.912,3270,0,1541,0,hard_ground_11
23.92,3049,0,0,0,hard_ground_11
23.926,3142,0,0,0,hard_ground_11
23.926,3221,0,1999,0,hard_ground_11
23.933,3519,0,2427,0,hard_ground_11
23.94,3747,0,2758,0,hard_ground_11
23.946,3808,0,3259,0,hard_ground_11
23.951,3823,0,3453,0,hard_ground_11
23.954,3809,0,3543,0,hard_ground_11
23.961,3804,0,3597,0,hard_ground_11
23.961,3837,0,3584,0,hard_ground_11
23.969,3869,0,3478,0,hard_ground_11
23.975,3878,0,3264,0,hard_ground_11
23.976,3899,0,2605,0,hard_ground_11
23.982,3906,0,0,0,hard_ground_11
23.989,3887,0,0,0,hard_ground_11
23.995,3736,0,2491,0,hard_ground_11
23.996,3417,0,3313,0,hard_ground_11
24.003,3544,0,3546,0,hard_ground_11
24.01,3787,0,3638,0,hard_ground_11
24.016,3912,0,3661,0,hard_ground_11
24.019,3944,0,3632,0,hard_ground_11
24.023,3908,0,3646,0,hard_ground_11
24.03,3911,0,3640,0,hard_ground_11
24.036,3915,0,3624,0,hard_ground_11
24.041,3926,0,3537,0,hard_ground_11
24.044,3889,0,3268,0,hard_ground_11
24.05,3767,0,2749,0,hard_ground_11
24.055,3431,0,1279,0,hard_ground_11
24.058,3259,0,0,0,hard_ground_11
24.065,3134,0,0,0,hard_ground_11
24.066,3088,0,0,0,hard_ground_11
24.075,3125,0,2198,0,hard_ground_11
24.079,3285,0,2924,0,hard_ground_11
24.086,3601,0,3183,0,hard_ground_11
24.086,3746,0,3333,0,hard_ground_11
24.094,3770,0,3471,0,hard_ground_11
24.1,3825,0,3567,0,hard_ground_11
24.101,3875,0,3606,0,hard_ground_11
24.11,3881,0,3596,0,hard_ground_11
24.114,3903,0,3533,0,hard_ground_11
24.118,3894,0,3497,0,hard_ground_11
24.121,3860,0,3422,0,hard_ground_11
24.128,3814,0,3292,0,hard_ground_11
24.135,3725,0,3177,0,hard_ground_11
24.135,3641,0,3154,0,hard_ground_11
24.146,3694,0,3191,0,hard_ground_11
24.148,3742,0,3360,0,hard_ground_11
24.155,3825,0,3522,0,hard_ground_11
24.159,3866,0,3594,0,hard_ground_11
24.163,3888,0,3661,0,hard_ground_11
24.169,3912,0,3671,0,hard_ground_11
24.176,3921,0,3670,0,hard_ground_11
24.176,3901,0,3612,0,hard_ground_11
24.185,3880,0,3561,0,hard_ground_11
24.19,3820,0,3543,0,hard_ground_11
24.195,3720,0,3453,0,hard_ground_11
24.197,3645,0,3345,0,hard_ground_11
24.204,3560,0,3351,0,hard_ground_11
24.204,3606,0,3404,0,hard_ground_11
24.212,3661,0,3500,0,hard_ground_11
24.218,3688,0,3550,0,hard_ground_11
24.225,3731,0,3575,0,hard_ground_11
24.229,3809,0,3616,0,hard_ground_11
24.235,3852,0,3610,0,hard_ground_11
24.238,3882,0,3624,0,hard_ground_11
24.245,3887,0,3603,0,hard_ground_11
24.246,3887,0,3577,0,hard_ground_11
24.253,3890,0,3544,0,hard_ground_11
24.259,3890,0,3527,0,hard_ground_11
24.261,3884,0,3503,0,hard_ground_11
24.266,3889,0,3507,0,hard_ground_11
24.274,3889,0,3522,0,hard_ground_11
24.28,3893,0,3513,0,hard_ground_11
24.28,3901,0,3547,0,hard_ground_11
24.287,3912,0,3582,0,hard_ground_11
24.294,3912,0,3610,0,hard_ground_11
24.3,3934,0,3597,0,hard_ground_11
24.304,3937,0,3607,0,hard_ground_11
24.309,3939,0,3609,0,hard_ground_11
24.315,3927,0,3601,0,hard_ground_11
24.32,3909,0,3596,0,hard_ground_11
24.322,3895,0,3587,0,hard_ground_11
24.329,3883,0,3552,0,hard_ground_11
24.335,3865,0,3547,0,hard_ground_11
24.336,3842,0,3560,0,hard_ground_11
24.343,3849,0,3541,0,hard_ground_11
24.35,3867,0,3555,0,hard_ground_11
24.35,3854,0,3576,0,hard_ground_11
24.36,3847,0,3589,0,hard_ground_11
24.364,3832,0,3596,0,hard_ground_11
24.37,3785,0,3651,0,hard_ground_11
24.375,3778,0,3648,0,hard_ground_11
24.378,3784,0,3651,0,hard_ground_11
24.384,3794,0,3611,0,hard_ground_11
24.384,3784,0,3604,0,hard_ground_11
24.391,3787,0,3581,0,hard_ground_11
24.398,3788,0,3570,0,hard_ground_11
24.404,3803,0,3551,0,hard_ground_11
24.406,3842,0,3564,0,hard_ground_11
24.412,3884,0,3563,0,hard_ground_11
24.42,3905,0,3575,0,hard_ground_11
24.42,3928,0,3592,0,hard_ground_11
24.428,3940,0,3602,0,hard_ground_11
24.434,3937,0,3596,0,hard_ground_11
24.44,3941,0,3594,0,hard_ground_11
24.445,3950,0,3578,0,hard_ground_11
24.447,3946,0,3560,0,hard_ground_11
24.454,3949,0,3567,0,hard_ground_11
24.46,3942,0,3556,0,hard_ground_11
24.461,3943,0,3569,0,hard_ground_11
24.468,3944,0,3565,0,hard_ground_11
24.475,3937,0,3567,0,hard_ground_11
24.475,3932,0,3583,0,hard_ground_11
24.482,3914,0,3580,0,hard_ground_11
24.488,3890,0,3618,0,hard_ground_11
24.495,3875,0,3645,0,hard_ground_11
24.499,3869,0,3656,0,hard_ground_11
24.503,3846,0,3665,0,hard_ground_11
24.51,3836,0,3645,0,hard_ground_11
24.51,3820,0,3626,0,hard_ground_11
24.516,3806,0,3611,0,hard_ground_11
24.523,3785,0,3599,0,hard_ground_11
24.525,3809,0,3591,0,hard_ground_11
24.53,3827,0,3611,0,hard_ground_11
24.538,3856,0,3600,0,hard_ground_11
24.544,3881,0,3624,0,hard_ground_11
24.545,3890,0,3607,0,hard_ground_11
24.551,3902,0,3604,0,hard_ground_11
24.558,3904,0,3603,0,hard_ground_11
24.564,3923,0,3572,0,hard_ground_11
24.565,3933,0,3564,0,hard_ground_11
24.575,3945,0,3560,0,hard_ground_11
24.579,3946,0,3559,0,hard_ground_11
24.58,3942,0,3554,0,hard_ground_11
24.588,3944,0,3555,0,hard_ground_11
24.593,3952,0,3563,0,hard_ground_11
24.6,3953,0,3570,0,hard_ground_11
24.6,3948,0,3573,0,hard_ground_11
24.607,3953,0,3582,0,hard_ground_11
24.613,3949,0,3600,0,hard_ground_11
24.619,3948,0,3611,0,hard_ground_11
24.624,3948,0,3604,0,hard_ground_11
24.627,3948,0,3623,0,hard_ground_11
24.635,3946,0,3622,0,hard_ground_11
24.635,3925,0,3606,0,hard_ground_11
24.642,3901,0,3630,0,hard_ground_11
24.648,3888,0,3640,0,hard_ground_11
24.65,3867,0,3634,0,hard_ground_11
24.655,3825,0,3644,0,hard_ground_11
24.662,3809,0,3645,0,hard_ground_11
24.669,3803,0,3645,0,hard_ground_11
24.669,3806,0,3642,0,hard_ground_11
24.676,3821,0,3628,0,hard_ground_11
24.683,3824,0,3625,0,hard_ground_11
24.689,3830,0,3601,0,hard_ground_11
24.69,3866,0,3570,0,hard_ground_11
24.697,3904,0,3561,0,hard_ground_11
24.704,3924,0,3565,0,hard_ground_11
24.709,3950,0,3581,0,hard_ground_11
24.711,3956,0,3562,0,hard_ground_11
24.718,3954,0,3560,0,hard_ground_11
24.724,3966,0,3583,0,hard_ground_11
24.725,3964,0,3562,0,hard_ground_11
24.734,3955,0,3553,0,hard_ground_11
24.738,3954,0,3561,0,hard_ground_11
24.744,3949,0,3566,0,hard_ground_11
24.746,3944,0,3575,0,hard_ground_11
24.753,3931,0,3596,0,hard_ground_11
24.759,3925,0,3597,0,hard_ground_11
24.76,3913,0,3620,0,hard_ground_11
24.766,3922,0,3640,0,hard_ground_11
24.774,3922,0,3649,0,hard_ground_11
24.779,3918,0,3646,0,hard_ground_11
24.784,3920,0,3658,0,hard_ground_11
24.788,3926,0,3654,0,hard_ground_11
24.794,3918,0,3656,0,hard_ground_11
24.794,3921,0,3653,0,hard_ground_11
24.801,3924,0,3645,0,hard_ground_11
24.808,3918,0,3643,0,hard_ground_11
24.814,3911,0,3633,0,hard_ground_11
24.819,3913,0,3588,0,hard_ground_11
24.822,3915,0,3583,0,hard_ground_11
24.829,3922,0,3580,0,hard_ground_11
24.829,3936,0,3589,0,hard_ground_11
24.838,3947,0,3595,0,hard_ground_11
24.844,3954,0,3613,0,hard_ground_11
24.846,3951,0,3608,0,hard_ground_11
24.854,3953,0,3588,0,hard_ground_11
24.857,3952,0,3573,0,hard_ground_11
24.864,3936,0,3576,0,hard_ground_11
24.864,3932,0,3580,0,hard_ground_11
24.872,3926,0,3590,0,hard_ground_11
24.877,3927,0,3584,0,hard_ground_11
24.88,3913,0,3596,0,hard_ground_11
24.889,3914,0,3576,0,hard_ground_11
24.891,3919,0,3563,0,hard_ground_11
24.898,3939,0,3535,0,hard_ground_11
24.898,3955,0,3536,0,hard_ground_11
24.909,3962,0,3567,0,hard_ground_11
24.912,3971,0,3574,0,hard_ground_11
24.918,3967,0,3593,0,hard_ground_11
24.924,3966,0,3590,0,hard_ground_11
24.926,3969,0,3583,0,hard_ground_11
24.933,3973,0,3587,0,hard_ground_11
24.933,3964,0,3571,0,hard_ground_11
24.94,3961,0,3583,0,hard_ground_11
24.947,3950,0,3578,0,hard_ground_11
24.954,3941,0,3570,0,hard_ground_11
24.954,3929,0,3588,0,hard_ground_11
24.961,3924,0,3616,0,hard_ground_11
24.968,3927,0,3633,0,hard_ground_11
24.968,3922,0,3646,0,hard_ground_11
24.979,3913,0,3643,0,hard_ground_11
24.982,3915,0,3638,0,hard_ground_11
24.989,3914,0,3638,0,hard_ground_11
24.989,3912,0,3625,0,hard_ground_11
24.995,3902,0,3626,0,hard_ground_11
25.002,3904,0,3609,0,hard_ground_11
25.009,3897,0,3602,0,hard_ground_11
25.014,3898,0,3560,0,hard_ground_11
25.017,3902,0,3456,0,hard_ground_11
25.024,3901,0,3294,0,hard_ground_11
25.024,3899,0,3254,0,hard_ground_11
25.031,3914,0,3356,0,hard_ground_11
25.037,3938,0,3523,0,hard_ground_11
25.039,3958,0,3616,0,hard_ground_11
25.048,3965,0,3720,0,hard_ground_11
25.051,3976,0,3746,0,hard_ground_11
25.058,3975,0,3754,0,hard_ground_11
25.058,3973,0,3724,0,hard_ground_11
25.065,3963,0,3659,0,hard_ground_11
25.073,3963,0,3604,0,hard_ground_11
25.078,3942,0,3559,0,hard_ground_11
25.083,3926,0,3516,0,hard_ground_11
25.087,3931,0,3479,0,hard_ground_11
25.092,3929,0,3533,0,hard_ground_11
25.099,3933,0,3579,0,hard_ground_11
25.1,3943,0,3627,0,hard_ground_11
25.107,3949,0,3677,0,hard_ground_11
25.113,3956,0,3716,0,hard_ground_11
25.118,3955,0,3720,0,hard_ground_11
25.121,3962,0,3725,0,hard_ground_11
25.127,3963,0,3704,0,hard_ground_11
25.129,3963,0,3591,0,hard_ground_11
25.134,3947,0,3410,0,hard_ground_11
25.143,3897,0,2814,0,hard_ground_11
25.149,3833,0,2704,0,hard_ground_11
25.149,3795,0,3269,0,hard_ground_11
25.155,3647,0,3483,0,hard_ground_11
25.162,3721,0,3524,0,hard_ground_11
25.164,3786,0,3460,0,hard_ground_11
25.169,3843,0,3330,0,hard_ground_11
25.176,3846,0,3256,0,hard_ground_11
25.183,3823,0,3370,0,hard_ground_11
25.183,3811,0,3529,0,hard_ground_11
25.191,3888,0,3625,0,hard_ground_11
25.197,3939,0,3690,0,hard_ground_11
25.199,3966,0,3748,0,hard_ground_11
25.204,3980,0,3765,0,hard_ground_11
25.213,3980,0,3773,0,hard_ground_11
25.217,3979,0,3785,0,hard_ground_11
25.223,3968,0,3784,0,hard_ground_11
25.225,3961,0,3755,0,hard_ground_11
25.232,3947,0,3720,0,hard_ground_11
25.238,3949,0,3681,0,hard_ground_11
25.242,3962,0,3649,0,hard_ground_11
25.247,3968,0,3638,0,hard_ground_11
25.253,3966,0,3644,0,hard_ground_11
25.258,3965,0,3655,0,hard_ground_11
25.259,3963,0,3670,0,hard_ground_11
25.267,3970,0,3673,0,hard_ground_11
25.274,3968,0,3677,0,hard_ground_11
25.275,3967,0,3659,0,hard_ground_11
25.28,3966,0,3587,0,hard_ground_11
25.288,3960,0,3366,0,hard_ground_11
25.293,3943,0,2508,0,hard_ground_11
25.298,3924,0,2241,0,hard_ground_11
25.301,3921,0,2996,0,hard_ground_11
25.304,3920,0,3512,0,hard_ground_11
25.308,3944,0,3604,0,hard_ground_11
25.317,3963,0,3645,0,hard_ground_11
25.322,3959,0,3645,0,hard_ground_11
25.328,3957,0,3619,0,hard_ground_11
25.329,3934,0,3616,0,hard_ground_11
25.337,3933,0,3638,0,hard_ground_11
25.342,3947,0,3653,0,hard_ground_11
25.348,3963,0,3661,0,hard_ground_11
25.35,3975,0,3689,0,hard_ground_11
25.357,3970,0,3680,0,hard_ground_11
25.363,3959,0,3683,0,hard_ground_11
25.364,3948,0,3676,0,hard_ground_11
25.37,3951,0,3710,0,hard_ground_11
25.377,3963,0,3739,0,hard_ground_11
25.379,3968,0,3734,0,hard_ground_11
25.387,3967,0,3690,0,hard_ground_11
25.391,3957,0,3649,0,hard_ground_11
25.397,3933,0,3619,0,hard_ground_11
25.399,3925,0,3602,0,hard_ground_11
25.405,3918,0,3586,0,hard_ground_11
25.412,3933,0,3582,0,hard_ground_11
25.418,3947,0,3596,0,hard_ground_11
25.419,3938,0,3621,0,hard_ground_11
25.426,3936,0,3679,0,hard_ground_11
25.433,3931,0,3664,0,hard_ground_11
25.434,3938,0,3617,0,hard_ground_11
25.44,3940,0,3548,0,hard_ground_11
25.448,3949,0,3435,0,hard_ground_11
25.448,3953,0,3443,0,hard_ground_11
25.456,3951,0,3524,0,hard_ground_11
25.461,3966,0,3612,0,hard_ground_11
25.468,3974,0,3583,0,hard_ground_11
25.473,3985,0,3566,0,hard_ground_11
25.475,3973,0,3493,0,hard_ground_11
25.481,3959,0,3574,0,hard_ground_11
25.488,3946,0,3646,0,hard_ground_11
25.489,3962,0,3722,0,hard_ground_11
25.496,3970,0,3772,0,hard_ground_11
25.502,3986,0,3791,0,hard_ground_11
25.502,3988,0,3787,0,hard_ground_11
25.51,3980,0,3783,0,hard_ground_11
25.516,3966,0,3758,0,hard_ground_11
25.52,3949,0,3718,0,hard_ground_11
25.527,3951,0,3671,0,hard_ground_11
25.531,3955,0,3637,0,hard_ground_11
25.537,3959,0,3635,0,hard_ground_11
25.537,3956,0,3652,0,hard_ground_11
25.544,3955,0,3693,0,hard_ground_11
25.551,3943,0,3722,0,hard_ground_11
25.553,3944,0,3738,0,hard_ground_11
25.558,3941,0,3734,0,hard_ground_11
25.565,3942,0,3719,0,hard_ground_11
25.572,3925,0,3644,0,hard_ground_11
25.572,3897,0,3615,0,hard_ground_11
25.579,3885,0,3586,0,hard_ground_11
25.586,3887,0,3432,0,hard_ground_11
25.592,3831,0,2960,0,hard_ground_11
25.597,3776,0,2424,0,hard_ground_11
25.6,3805,0,2457,0,hard_ground_11
25.607,3844,0,2768,0,hard_ground_11
25.607,3876,0,3142,0,hard_ground_11
25.617,3902,0,3288,0,hard_ground_11
25.62,3854,0,3185,0,hard_ground_11
25.627,3707,0,2992,0,hard_ground_11
25.632,3495,0,1846,0,hard_ground_11
25.635,2768,0,0,0,hard_ground_11
25.641,2773,0,0,0,hard_ground_11
25.647,2571,0,0,0,hard_ground_11
25.648,0,0,0,0,hard_ground_11
25.657,0,0,1526,0,hard_ground_11
25.662,0,494,1991,0,hard_ground_11
25.667,0,1350,2119,0,hard_ground_11
25.669,0,1564,2035,0,hard_ground_11
25.676,0,0,715,0,hard_ground_11
25.682,0,0,0,0,hard_ground_11
25.684,0,0,0,0,hard_ground_11
25.692,0,0,0,0,hard_ground_11
25.697,0,0,0,0,hard_ground_11
25.702,0,0,0,0,hard_ground_11
25.704,0,0,0,0,hard_ground_11
25.711,0,0,766,0,hard_ground_11
25.717,0,0,2054,0,hard_ground_11
25.718,0,0,2455,0,hard_ground_11
25.725,1392,0,2729,0,hard_ground_11
25.732,2299,0,2741,0,hard_ground_11
25.733,2399,0,2641,0,hard_ground_11
25.742,2506,0,2635,0,hard_ground_11
25.746,2638,0,2685,0,hard_ground_11
25.752,2783,0,2726,0,hard_ground_11
25.753,3207,0,2772,0,hard_ground_11
25.759,3341,0,2837,0,hard_ground_11
25.766,3637,0,2438,0,hard_ground_11
25.77,3590,0,1687,0,hard_ground_11
25.773,3632,0,1774,0,hard_ground_11
25.78,3594,0,2016,0,hard_ground_11
25.787,3589,0,2344,0,hard_ground_11
25.787,3594,0,2438,0,hard_ground_11
25.794,3639,2043,2670,0,hard_ground_11
25.801,3669,2777,2502,0,hard_ground_11
25.807,3752,2651,2529,0,hard_ground_11
25.808,3758,0,2752,0,hard_ground_11
25.815,3790,0,3249,0,hard_ground_11
25.822,3799,0,3427,0,hard_ground_11
25.822,3835,0,3402,0,hard_ground_11
25.829,3859,0,3430,0,hard_ground_11
25.835,3875,0,3371,0,hard_ground_11
25.84,3860,0,3384,0,hard_ground_11
25.846,3890,0,3490,0,hard_ground_11
25.85,3911,0,3605,0,hard_ground_11
25.857,3894,0,3709,0,hard_ground_11
25.862,3904,0,3766,0,hard_ground_11
25.864,3933,0,3808,0,hard_ground_11
25.87,3952,0,3842,0,hard_ground_11
25.876,3971,0,3867,0,hard_ground_11
25.881,3984,0,3872,0,hard_ground_11
25.884,3969,0,3884,0,hard_ground_11
25.891,3951,0,3887,0,hard_ground_11
25.891,3937,0,3861,0,hard_ground_11
25.898,3939,0,3838,0,hard_ground_11
25.905,3943,0,3807,0,hard_ground_11
25.911,3938,0,3775,0,hard_ground_11
25.916,3935,0,3780,0,hard_ground_11
25.919,3943,0,3816,0,hard_ground_11
25.926,3933,0,3847,0,hard_ground_11
25.932,3935,0,3860,0,hard_ground_11
25.933,3945,0,3851,0,hard_ground_11
25.94,3957,0,3831,0,hard_ground_11
25.946,3953,0,3869,0,hard_ground_11
25.947,3957,0,3872,0,hard_ground_11
25.954,3968,0,3887,0,hard_ground_11
25.961,3983,0,3880,0,hard_ground_11
25.967,3989,0,3892,0,hard_ground_11
25.968,3990,0,3886,0,hard_ground_11
25.976,3998,0,3894,0,hard_ground_11
25.982,4005,0,3901,0,hard_ground_11
25.982,4002,0,3900,0,hard_ground_11
25.988,4000,0,3894,0,hard_ground_11
25.995,3990,0,3891,0,hard_ground_11
25.997,3991,0,3886,0,hard_ground_11
26.002,3995,0,3874,0,hard_ground_11
26.009,3993,0,3863,0,hard_ground_11
26.016,3992,0,3856,0,hard_ground_11
26.016,3989,0,3877,0,hard_ground_11
26.025,3993,0,3876,0,hard_ground_11
26.03,4001,0,3885,0,hard_ground_11
26.036,4003,0,3908,0,hard_ground_11
26.037,4016,0,3903,0,hard_ground_11
26.044,4017,0,3919,0,hard_ground_11
26.051,4029,0,3931,0,hard_ground_11
26.056,4022,0,3939,0,hard_ground_11
26.061,4021,0,3929,0,hard_ground_11
26.065,4022,0,3914,0,hard_ground_11
26.069,4017,0,3909,0,hard_ground_11
26.072,4015,0,3876,0,hard_ground_11
26.08,4009,0,3868,0,hard_ground_11
26.086,4008,0,3864,0,hard_ground_11
26.091,3999,0,3875,0,hard_ground_11
26.097,4013,0,3865,0,hard_ground_11
26.1,4019,0,3888,0,hard_ground_11
26.107,4021,0,3895,0,hard_ground_11
26.107,4028,0,3879,0,hard_ground_11
26.114,4024,0,3891,0,hard_ground_11
26.12,4020,0,3896,0,hard_ground_11
26.122,4017,0,3910,0,hard_ground_11
26.127,4021,0,3909,0,hard_ground_11
26.134,4021,0,3918,0,hard_ground_11
26.141,4024,0,3911,0,hard_ground_11
26.141,4026,0,3920,0,hard_ground_11
26.149,4024,0,3910,0,hard_ground_11
26.155,4027,0,3907,0,hard_ground_11
26.161,4026,0,3904,0,hard_ground_11
26.162,4026,0,3901,0,hard_ground_11
26.169,4024,0,3902,0,hard_ground_11
26.176,4023,0,3896,0,hard_ground_11
26.179,4019,0,3895,0,hard_ground_11
26.184,4012,0,3899,0,hard_ground_11
26.19,4009,0,3890,0,hard_ground_11
26.192,4013,0,3887,0,hard_ground_11
26.197,4014,0,3890,0,hard_ground_11
26.204,4019,0,3901,0,hard_ground_11
26.21,4019,0,3905,0,hard_ground_11
26.213,4018,0,3906,0,hard_ground_11
26.218,4019,0,3910,0,hard_ground_11
26.225,4019,0,3900,0,hard_ground_11
26.231,4016,0,3896,0,hard_ground_11
26.236,4017,0,3900,0,hard_ground_11
26.238,4015,0,3901,0,hard_ground_11
26.246,4014,0,3901,0,hard_ground_11
26.246,4016,0,3903,0,hard_ground_11
26.256,4018,0,3900,0,hard_ground_11
26.259,4015,0,3897,0,hard_ground_11
26.266,4015,0,3900,0,hard_ground_11
26.271,4011,0,3889,0,hard_ground_11
26.273,4017,0,3895,0,hard_ground_11
26.28,4016,0,3894,0,hard_ground_11
26.28,4015,0,3897,0,hard_ground_11
26.287,4017,0,3893,0,hard_ground_11
26.294,4017,0,3899,0,hard_ground_11
26.301,4019,0,3903,0,hard_ground_11
26.305,4017,0,3900,0,hard_ground_11
26.308,4021,0,3890,0,hard_ground_11
26.315,4020,0,3875,0,hard_ground_11
26.321,4021,0,3880,0,hard_ground_11
26.322,4021,0,3894,0,hard_ground_11
26.329,4017,0,3893,0,hard_ground_11
26.335,4022,0,3872,0,hard_ground_11
26.341,4021,0,3811,0,hard_ground_11
26.343,4018,0,3799,0,hard_ground_11
26.349,4018,0,3774,0,hard_ground_11
26.356,4023,0,3807,0,hard_ground_11
26.357,4017,0,3697,0,hard_ground_11
26.366,4013,0,3564,0,hard_ground_11
26.37,4027,0,3292,0,hard_ground_11
26.37,4013,0,3006,3921,hard_ground_11
26.38,3999,0,3473,3128,hard_ground_11
26.384,4006,0,2932,3660,hard_ground_11
26.392,4011,0,2256,2835,hard_ground_11
26.395,3999,0,0,0,hard_ground_11
26.398,3999,0,811,0,hard_ground_11
26.405,4004,0,2909,0,hard_ground_11
26.405,4014,0,3350,0,hard_ground_11
26.416,4022,0,3440,3351,hard_ground_11
26.419,4032,0,3406,3809,hard_ground_11
26.427,4030,0,3356,3699,hard_ground_11
26.431,4032,0,3076,3161,hard_ground_11
26.433,4022,0,1375,0,hard_ground_11
26.44,4013,0,1502,0,hard_ground_11
26.44,4002,0,2127,0,hard_ground_11
26.451,3995,0,2347,0,hard_ground_11
26.454,3991,0,2621,0,hard_ground_11
26.461,3995,0,2581,0,hard_ground_11
26.465,4010,0,2457,0,hard_ground_11
26.471,4024,0,2546,0,hard_ground_11
26.474,4033,0,3138,3236,hard_ground_11
26.48,4035,0,3432,3683,hard_ground_11
26.482,4041,0,3488,3806,hard_ground_11
26.49,4038,0,3461,3831,hard_ground_11
26.495,4034,0,3193,3742,hard_ground_11
26.501,4027,0,2620,3554,hard_ground_11
26.502,4016,0,2026,3028,hard_ground_11
26.51,4000,0,1006,2710,hard_ground_11
26.516,3996,0,922,3435,hard_ground_11
26.521,3997,0,0,3720,hard_ground_11
26.523,4006,0,0,3726,hard_ground_11
26.531,4018,0,1782,3663,hard_ground_11
26.531,4027,0,2220,3446,hard_ground_11
26.538,4030,0,2625,3394,hard_ground_11
26.544,4031,0,2792,3324,hard_ground_11
26.551,4029,0,3318,3612,hard_ground_11
26.555,4030,0,3391,3600,hard_ground_11
26.558,4031,0,3382,3169,hard_ground_11
26.565,4031,0,3379,0,hard_ground_11
26.565,4032,0,3455,0,hard_ground_11
26.572,4030,0,3490,0,hard_ground_11
26.58,4028,0,3508,0,hard_ground_11
26.586,4027,0,3514,0,hard_ground_11
26.59,4032,0,3498,0,hard_ground_11
26.593,4029,0,3499,0,hard_ground_11
26.6,4029,0,3524,0,hard_ground_11
26.6,4026,0,3538,0,hard_ground_11
26.61,4031,0,3577,0,hard_ground_11
26.613,4040,0,3660,0,hard_ground_11
26.62,4040,0,3736,0,hard_ground_11
26.624,4037,0,3734,0,hard_ground_11
26.627,4039,0,3700,0,hard_ground_11
26.634,4038,0,3573,0,hard_ground_11
26.64,4034,0,3457,0,hard_ground_11
26.641,4032,0,3412,0,hard_ground_11
26.648,4028,0,3430,0,hard_ground_11
26.656,4025,0,3477,0,hard_ground_11
26.657,4022,0,3469,0,hard_ground_11
26.662,4029,0,3384,0,hard_ground_11
26.669,4032,0,3231,0,hard_ground_11
26.671,4038,0,2850,0,hard_ground_11
26.68,4037,0,3032,0,hard_ground_11
26.685,4041,0,3311,0,hard_ground_11
26.689,4044,0,3460,0,hard_ground_11
26.695,4042,0,3515,0,hard_ground_11
26.697,4045,0,3512,0,hard_ground_11
26.704,4043,0,3501,0,hard_ground_11
26.71,4042,0,3472,0,hard_ground_11
26.712,4040,0,3393,0,hard_ground_11
26.72,4039,0,3297,0,hard_ground_11
26.724,4040,0,3007,0,hard_ground_11
26.728,4041,0,3308,0,hard_ground_11
26.731,4038,0,3462,0,hard_ground_11
26.738,4041,0,3476,0,hard_ground_11
26.745,4046,0,3492,0,hard_ground_11
26.748,4042,0,3456,0,hard_ground_11
26.752,4044,0,3352,0,hard_ground_11
26.759,4037,0,3264,0,hard_ground_11
26.765,4035,0,3466,0,hard_ground_11
26.766,4029,0,3566,0,hard_ground_11
26.774,4031,0,3563,0,hard_ground_11
26.78,4029,0,3450,0,hard_ground_11
26.781,4027,0,3343,0,hard_ground_11
26.787,4022,0,3322,0,hard_ground_11
26.794,4015,0,2984,0,hard_ground_11
26.801,3999,0,2976,0,hard_ground_11
26.805,3988,0,3150,0,hard_ground_11
26.808,3974,0,3213,0,hard_ground_11
26.815,3985,0,3194,0,hard_ground_11
26.816,3985,0,3275,1748,hard_ground_11
26.824,3986,0,3362,2136,hard_ground_11
26.829,3980,0,3463,2681,hard_ground_11
26.835,3970,0,3514,3218,hard_ground_11
26.836,3944,0,3434,3370,hard_ground_11
26.843,3902,0,3116,3454,hard_ground_11
26.849,3771,0,2660,3440,hard_ground_11
26.852,3585,0,1840,3478,hard_ground_11
26.856,1467,0,0,3512,hard_ground_11
26.864,0,0,0,3528,hard_ground_11
26.87,0,0,0,3523,hard_ground_11
26.875,0,0,0,3611,hard_ground_11
26.88,0,0,0,3782,hard_ground_11
26.885,3224,0,2152,3896,hard_ground_11
26.891,3518,0,3009,3938,hard_ground_11
26.892,3199,0,3226,3973,hard_ground_11
26.9,0,0,2932,3977,hard_ground_11
26.905,0,0,906,3934,hard_ground_11
26.908,0,0,0,3836,hard_ground_11
26.912,0,0,0,3723,hard_ground_11
26.919,0,0,0,3907,hard_ground_11
26.925,0,0,0,3954,hard_ground_11
26.93,0,2308,0,3966,hard_ground_11
26.933,0,2566,0,3968,hard_ground_11
26.94,0,2651,0,3947,hard_ground_11
26.941,0,2638,0,3922,hard_ground_11
26.949,0,2599,0,3853,hard_ground_11
26.953,0,2624,0,3810,hard_ground_11
26.957,0,2960,0,3832,hard_ground_11
26.961,0,3235,0,3885,hard_ground_11
26.967,0,3338,0,3907,hard_ground_11
26.974,0,3481,0,3882,hard_ground_11
26.98,0,3503,0,3818,hard_ground_11
26.981,0,3489,0,3678,hard_ground_11
26.988,0,3449,0,3536,hard_ground_11
26.995,0,3430,0,3268,hard_ground_11
26.996,0,3507,0,3537,hard_ground_11
27.002,0,3587,0,3722,hard_ground_11
27.009,0,3673,0,3820,hard_ground_11
27.01,0,3718,0,3850,hard_ground_11
27.018,0,3735,0,3900,hard_ground_11
27.023,0,3701,0,3922,hard_ground_11
27.03,0,3688,0,3915,hard_ground_11
27.035,0,3713,0,3931,hard_ground_11
27.037,0,3717,0,3921,hard_ground_11
27.044,0,3706,0,3909,hard_ground_11
27.05,0,3640,0,3900,hard_ground_11
27.051,0,3585,0,3880,hard_ground_11
27.058,0,3464,0,3867,hard_ground_11
27.065,0,3276,0,3924,hard_ground_11
27.065,0,3182,0,3955,hard_ground_11
27.072,0,3441,0,3953,hard_ground_11
27.078,0,3552,0,3944,hard_ground_11
27.085,0,3632,0,3936,hard_ground_11
27.086,0,3662,0,3929,hard_ground_11
27.093,0,3644,0,3916,hard_ground_11
27.099,0,3635,0,3918,hard_ground_11
27.099,0,3646,0,3918,hard_ground_11
27.108,0,3639,0,3924,hard_ground_11
27.113,0,3632,0,3909,hard_ground_11
27.119,0,3622,0,3894,hard_ground_11
27.12,0,3461,0,3872,hard_ground_11
27.128,0,3321,0,3838,hard_ground_11
27.134,0,3365,0,3777,hard_ground_11
27.14,0,3416,0,3824,hard_ground_11
27.144,0,3551,0,3900,hard_ground_11
27.148,0,3623,0,3940,hard_ground_11
27.152,0,3642,0,3941,hard_ground_11
27.155,0,3652,0,3963,hard_ground_11
27.165,0,3640,0,3969,hard_ground_11
27.168,0,3646,0,3952,hard_ground_11
27.17,0,3627,0,3939,hard_ground_11
27.176,0,3633,0,3945,hard_ground_11
27.183,0,3655,0,3968,hard_ground_11
27.19,0,3670,0,3987,hard_ground_11
27.19,0,3752,0,4000,hard_ground_11
27.197,0,3739,0,3994,hard_ground_11
27.204,0,3643,0,3966,hard_ground_11
27.206,0,3067,0,3911,hard_ground_11
27.21,0,1355,0,3803,hard_ground_11
27.218,0,2353,0,3863,hard_ground_11
27.224,0,3449,0,3928,hard_ground_11
27.229,0,3676,0,3951,hard_ground_11
27.231,0,3752,0,3955,hard_ground_11
27.238,0,3772,0,3954,hard_ground_11
27.245,0,3726,0,3947,hard_ground_11
27.246,0,3592,0,3928,hard_ground_11
27.252,0,3336,0,3910,hard_ground_11
27.259,0,3073,0,3894,hard_ground_11
27.264,0,2990,0,3873,hard_ground_11
27.266,0,3144,0,3871,hard_ground_11
27.273,0,3222,0,3868,hard_ground_11
27.28,0,3489,0,3863,hard_ground_11
27.281,0,3548,0,3870,hard_ground_11
27.287,0,3561,0,3891,hard_ground_11
27.294,0,3674,0,3882,hard_ground_11
27.295,0,3714,0,3881,hard_ground_11
27.304,0,3728,0,3938,hard_ground_11
27.308,0,3733,0,3951,hard_ground_11
27.314,0,3741,0,3954,hard_ground_11
27.315,0,3759,0,3961,hard_ground_11
27.322,0,3769,0,3963,hard_ground_11
27.328,0,3758,0,3961,hard_ground_11
27.33,0,3752,0,3954,hard_ground_11
27.339,0,3752,0,3952,hard_ground_11
27.342,0,3721,0,3952,hard_ground_11
27.35,0,3705,0,3952,hard_ground_11
27.35,0,3700,0,3951,hard_ground_11
27.356,0,3712,0,3949,hard_ground_11
27.363,0,3736,0,3951,hard_ground_11
27.365,0,3751,0,3961,hard_ground_11
27.373,0,3745,0,3972,hard_ground_11
27.377,0,3751,0,3972,hard_ground_11
27.385,0,3750,0,3983,hard_ground_11
27.385,0,3737,0,3983,hard_ground_11
27.391,0,3732,0,3979,hard_ground_11
27.398,0,3719,0,3972,hard_ground_11
27.404,0,3700,0,3959,hard_ground_11
27.405,0,3686,0,3965,hard_ground_11
27.412,0,3695,0,3970,hard_ground_11
27.419,0,3688,0,3967,hard_ground_11
27.419,0,3685,0,3968,hard_ground_11
27.427,0,3690,0,3969,hard_ground_11
27.432,0,3730,0,3972,hard_ground_11
27.435,0,3752,0,3979,hard_ground_11
27.44,0,3771,0,3978,hard_ground_11
27.447,0,3781,0,3979,hard_ground_11
27.453,0,3786,0,3985,hard_ground_11
27.459,0,3777,0,3979,hard_ground_11
27.46,0,3749,0,3975,hard_ground_11
27.468,0,3725,0,3973,hard_ground_11
27.474,0,3705,0,3965,hard_ground_11
27.475,0,3687,0,3963,hard_ground_11
27.481,0,3694,0,3975,hard_ground_11
27.489,0,3722,0,3973,hard_ground_11
27.489,0,3752,0,3977,hard_ground_11
27.496,0,3768,0,3983,hard_ground_11
27.502,0,3783,0,3984,hard_ground_11
27.509,0,3760,0,3988,hard_ground_11
27.514,0,3771,0,3989,hard_ground_11
27.516,0,3772,0,3989,hard_ground_11
27.523,0,3799,0,3981,hard_ground_11
27.525,0,3790,0,3982,hard_ground_11
27.53,0,3768,0,3980,hard_ground_11
27.538,0,3756,0,3969,hard_ground_11
27.544,0,3718,0,3961,hard_ground_11
27.547,0,3700,0,3954,hard_ground_11
27.551,0,3703,0,3958,hard_ground_11
27.558,0,3726,0,3960,hard_ground_11
27.564,0,3758,0,3977,hard_ground_11
27.565,0,3794,0,3983,hard_ground_11
27.572,0,3803,0,3989,hard_ground_11
27.579,0,3805,0,3996,hard_ground_11
27.58,0,3769,0,3992,hard_ground_11
27.589,0,3697,0,3984,hard_ground_11
27.592,0,3562,0,3976,hard_ground_11
27.597,0,3468,0,3968,hard_ground_11
27.6,0,3487,0,3972,hard_ground_11
27.607,0,3589,0,3976,hard_ground_11
27.613,0,3746,0,3987,hard_ground_11
27.615,0,3822,0,3994,hard_ground_11
27.62,0,3843,0,4005,hard_ground_11
27.628,0,3857,0,3998,hard_ground_11
27.634,0,3851,0,3991,hard_ground_11
27.635,0,3802,0,3986,hard_ground_11
27.641,0,3700,0,3980,hard_ground_11
27.648,0,3584,0,3957,hard_ground_11
27.648,0,3529,0,3942,hard_ground_11
27.657,0,3573,0,3940,hard_ground_11
27.662,0,3650,0,3970,hard_ground_11
27.665,0,3762,0,3986,hard_ground_11
27.674,0,3797,0,3989,hard_ground_11
27.676,0,3816,0,3997,hard_ground_11
27.683,0,3810,0,3989,hard_ground_11
27.684,0,3813,0,3989,hard_ground_11
27.69,0,3805,0,3995,hard_ground_11
27.697,0,3787,0,3993,hard_ground_11
27.704,0,3781,0,3997,hard_ground_11
27.704,0,3780,0,3987,hard_ground_11
27.71,0,3770,0,3988,hard_ground_11
27.717,0,3769,0,3991,hard_ground_11
27.719,0,3759,0,3988,hard_ground_11
27.724,0,3753,0,3980,hard_ground_11
27.731,0,3754,0,3983,hard_ground_11
27.738,0,3725,0,3988,hard_ground_11
27.738,0,3715,0,3994,hard_ground_11
27.747,0,3702,0,3994,hard_ground_11
27.752,0,3724,0,3987,hard_ground_11
27.755,0,3746,0,3994,hard_ground_11
27.759,0,3762,0,4002,hard_ground_11
27.766,0,3775,0,4001,hard_ground_11
27.773,0,3792,0,4005,hard_ground_11
27.776,0,3785,0,4005,hard_ground_11
27.781,0,3807,0,4000,hard_ground_11
27.787,0,3778,0,3994,hard_ground_11
27.793,0,3751,0,3987,hard_ground_11
27.794,0,3708,0,3978,hard_ground_11
27.802,0,3708,0,3983,hard_ground_11
27.807,0,3737,0,3977,hard_ground_11
27.809,0,3790,0,3980,hard_ground_11
27.815,0,3799,0,3985,hard_ground_11
27.822,0,3815,0,3992,hard_ground_11
27.828,0,3817,0,3996,hard_ground_11
27.829,0,3812,0,3997,hard_ground_11
27.836,0,3794,0,3994,hard_ground_11
27.842,0,3762,0,3992,hard_ground_11
27.844,0,3753,0,3992,hard_ground_11
27.853,0,3723,0,3985,hard_ground_11
27.856,0,3724,0,3998,hard_ground_11
27.863,0,3736,0,3996,hard_ground_11
27.863,0,3760,0,3993,hard_ground_11
27.87,0,3768,0,3995,hard_ground_11
27.877,0,3747,0,3997,hard_ground_11
27.883,0,3705,0,3989,hard_ground_11
27.887,0,3697,0,3994,hard_ground_11
27.891,0,3738,0,3993,hard_ground_11
27.898,0,3789,0,4000,hard_ground_11
27.898,0,3818,0,4002,hard_ground_11
27.908,0,3835,0,4007,hard_ground_11
27.912,0,3829,0,4003,hard_ground_11
27.918,0,3813,0,3998,hard_ground_11
27.919,0,3783,0,3994,hard_ground_11
27.926,0,3728,0,3991,hard_ground_11
27.932,0,3716,0,3984,hard_ground_11
27.934,0,3693,0,3993,hard_ground_11
27.94,0,3701,0,3997,hard_ground_11
27.947,0,3731,0,3999,hard_ground_11
27.953,0,3751,0,3999,hard_ground_11
27.955,0,3752,0,4008,hard_ground_11
27.96,0,3769,0,4001,hard_ground_11
27.968,0,3755,0,3995,hard_ground_11
27.968,0,3757,0,4004,hard_ground_11
27.978,0,3778,0,4004,hard_ground_11
27.983,0,3799,0,4010,hard_ground_11
27.988,0,3812,0,4007,hard_ground_11
27.989,0,3808,0,4008,hard_ground_11
27.995,0,3802,0,3999,hard_ground_11
28.002,0,3790,0,3999,hard_ground_11
28.002,0,3759,0,3991,hard_ground_11
28.013,0,3745,0,3982,hard_ground_11
28.016,0,3738,0,3982,hard_ground_11
28.021,0,3753,0,3986,hard_ground_11
28.027,0,3769,0,3986,hard_ground_11
28.03,0,3786,0,3998,hard_ground_11
28.037,0,3783,0,4002,hard_ground_11
28.043,0,3786,0,4008,hard_ground_11
28.044,0,3789,0,4001,hard_ground_11
28.051,0,3791,0,4008,hard_ground_11
28.057,0,3795,0,4012,hard_ground_11
28.063,0,3785,0,4008,hard_ground_11
28.064,0,3774,0,4007,hard_ground_11
28.072,0,3765,0,4012,hard_ground_11
28.078,0,3737,0,4003,hard_ground_11
28.083,0,3728,0,4000,hard_ground_11
28.086,0,3709,0,4002,hard_ground_11
28.092,0,3716,0,3998,hard_ground_11
28.094,0,3721,0,4001,hard_ground_11
28.103,0,3728,0,4007,hard_ground_11
28.106,0,3744,0,4005,hard_ground_11
28.112,0,3782,0,4012,hard_ground_11
28.113,0,3794,0,4013,hard_ground_11
28.12,0,3794,0,4010,hard_ground_11
28.127,0,3786,0,4012,hard_ground_11
28.128,0,3783,0,4007,hard_ground_11
28.138,0,3767,0,4005,hard_ground_11
28.141,0,3742,0,4006,hard_ground_11
28.148,0,3730,0,4000,hard_ground_11
28.153,0,3745,0,3998,hard_ground_11
28.155,0,3772,0,4001,hard_ground_11
28.162,0,3779,0,3995,hard_ground_11
28.164,0,3792,0,4002,hard_ground_11
28.169,0,3789,0,3999,hard_ground_11
28.177,0,3785,0,3997,hard_ground_11
28.183,0,3777,0,3994,hard_ground_11
28.183,0,3781,0,3997,hard_ground_11
28.19,0,3780,0,4006,hard_ground_11
28.196,0,3793,0,4006,hard_ground_11
28.202,0,3804,0,4002,hard_ground_11
28.203,0,3802,0,4001,hard_ground_11
28.21,0,3755,0,3994,hard_ground_11
28.217,0,3684,0,3988,hard_ground_11
28.217,0,3622,0,3982,hard_ground_11
28.225,0,3608,0,3989,hard_ground_11
28.231,0,3691,0,3993,hard_ground_11
28.233,0,3745,0,4001,hard_ground_11
28.238,0,3784,0,4002,hard_ground_11
28.245,0,3797,0,4002,hard_ground_11
28.252,0,3794,0,4005,hard_ground_11
28.254,0,3786,0,4008,hard_ground_11
28.259,0,3767,0,4007,hard_ground_11
28.266,0,3758,0,4006,hard_ground_11
28.272,0,3773,0,4007,hard_ground_11
28.273,0,3802,0,4008,hard_ground_11
28.28,0,3812,0,4006,hard_ground_11
28.286,0,3820,0,4004,hard_ground_11
28.288,0,3798,0,4008,hard_ground_11
28.297,0,3786,0,4004,hard_ground_11
28.301,0,3780,0,4005,hard_ground_11
28.308,0,3776,0,3997,hard_ground_11
28.308,0,3780,0,3994,hard_ground_11
28.315,0,3787,0,3995,hard_ground_11
28.321,0,3793,0,4002,hard_ground_11
28.323,0,3766,0,4003,hard_ground_11
28.332,0,3736,0,3997,hard_ground_11
28.335,0,3707,0,3991,hard_ground_11
28.342,0,3695,0,3982,hard_ground_11
28.342,0,3748,0,3988,hard_ground_11
28.349,0,3785,0,3997,hard_ground_11
28.356,0,3799,0,4006,hard_ground_11
28.362,0,3736,0,4003,hard_ground_11
28.366,0,3693,0,3989,hard_ground_11
28.37,0,3603,0,3986,hard_ground_11
28.377,0,3565,0,3996,hard_ground_11
28.377,0,3622,0,4007,hard_ground_11
28.384,0,3717,0,4017,hard_ground_11
28.391,0,3775,0,4017,hard_ground_11
28.397,0,3799,0,4020,hard_ground_11
28.398,0,3828,0,4020,hard_ground_11
28.405,0,3841,0,4026,hard_ground_11
28.411,0,3832,0,4021,hard_ground_11
28.413,0,3823,0,4015,hard_ground_11
28.419,0,3816,0,4013,hard_ground_11
28.427,0,3805,0,4012,hard_ground_11
28.432,0,3804,0,4010,hard_ground_11
28.433,0,3784,0,4008,hard_ground_11
28.44,0,3768,0,3998,hard_ground_11
28.446,0,3760,0,4001,hard_ground_11
28.448,0,3759,0,3992,hard_ground_11
28.457,0,3759,0,3987,hard_ground_11
28.461,0,3753,0,3990,hard_ground_11
28.467,0,3769,0,3992,hard_ground_11
28.471,0,3792,0,3992,hard_ground_11
28.475,0,3779,0,3997,hard_ground_11
28.481,0,3726,0,3998,hard_ground_11
28.483,0,3654,0,3991,hard_ground_11
28.488,0,3570,0,3990,hard_ground_11
28.496,0,3646,0,3996,hard_ground_11
28.502,0,3708,0,4010,hard_ground_11
28.507,0,3778,0,4016,hard_ground_11
28.511,0,3796,0,4011,hard_ground_11
28.516,0,3756,0,4007,hard_ground_11
28.519,0,3678,0,4006,hard_ground_11
28.526,0,3734,0,4006,hard_ground_11
28.532,0,3789,0,4010,hard_ground_11
28.536,0,3826,0,4021,hard_ground_11
28.54,0,3857,0,4025,hard_ground_11
28.547,0,3862,0,4027,hard_ground_11
28.55,0,3864,0,4021,hard_ground_11
28.557,0,3854,0,4020,hard_ground_11
28.558,0,3815,0,4011,hard_ground_11
28.565,0,3790,0,4008,hard_ground_11
28.571,0,3754,0,4006,hard_ground_11
28.576,0,3736,0,4002,hard_ground_11
28.578,0,3737,0,4005,hard_ground_11
28.585,0,3771,0,4008,hard_ground_11
28.592,0,3796,0,4009,hard_ground_11
28.597,0,3803,0,4013,hard_ground_11
28.599,0,3802,0,4015,hard_ground_11
28.606,0,3782,0,4013,hard_ground_11
28.607,0,3770,0,4008,hard_ground_11
28.616,0,3779,0,4013,hard_ground_11
28.62,0,3789,0,4018,hard_ground_11
28.624,0,3742,0,4010,hard_ground_11
28.627,0,3673,0,3996,hard_ground_11
28.634,0,3529,0,3973,hard_ground_11
28.641,0,3389,0,3959,hard_ground_11
28.642,0,3513,0,3962,hard_ground_11
28.648,0,3634,0,3978,hard_ground_11
28.655,0,3729,0,3998,hard_ground_11
28.662,0,3747,0,3999,hard_ground_11
28.662,0,3723,0,3989,hard_ground_11
28.669,0,3687,0,3984,hard_ground_11
28.676,0,3666,0,3995,hard_ground_11
28.682,0,3732,0,4006,hard_ground_11
28.684,0,3797,0,4018,hard_ground_11
28.689,0,3843,0,4020,hard_ground_11
28.696,0,3855,0,4017,hard_ground_11
28.701,0,3843,0,4012,hard_ground_11
28.703,0,3826,0,4003,hard_ground_11
28.71,0,3815,0,3982,hard_ground_11
28.716,0,3764,0,3973,hard_ground_11
28.717,0,3697,0,3975,hard_ground_11
28.724,0,3676,0,3966,hard_ground_11
28.731,0,3702,0,3960,hard_ground_11
28.733,0,3709,0,3974,hard_ground_11
28.738,0,3707,0,3985,hard_ground_11
28.745,0,3682,0,3987,hard_ground_11
28.747,0,3599,0,3983,hard_ground_11
28.752,0,3428,0,3956,hard_ground_11
28.759,0,3191,0,3928,hard_ground_11
28.766,0,2639,0,3902,hard_ground_11
28.766,0,2111,0,3891,hard_ground_11
28.774,0,1375,0,3868,hard_ground_11
28.781,0,0,0,3810,hard_ground_11
28.784,0,0,0,3797,hard_ground_11
28.789,0,0,0,3832,hard_ground_11
28.794,0,1189,0,3897,hard_ground_11
28.801,0,2833,0,3939,hard_ground_11
28.805,0,3093,0,3953,hard_ground_11
28.807,0,2989,0,3932,hard_ground_11
28.815,0,2197,0,3884,hard_ground_11
28.822,0,0,0,3696,hard_ground_11
28.822,0,0,0,2816,hard_ground_11
28.831,0,0,0,876,hard_ground_11
28.835,0,0,0,2020,hard_ground_11
28.841,0,0,0,2977,hard_ground_11
28.842,0,0,0,3070,hard_ground_11
28.85,0,0,0,3588,hard_ground_11
28.856,0,0,2050,3547,hard_ground_11
28.857,0,0,2450,3310,hard_ground_11
28.863,0,0,2000,3288,hard_ground_11
28.87,0,0,2491,2288,hard_ground_11
28.876,0,0,2806,1593,hard_ground_11
28.877,0,0,2885,969,hard_ground_11
28.884,0,0,3031,1337,hard_ground_11
28.891,0,0,3127,1534,hard_ground_11
28.891,0,0,3179,1748,hard_ground_11
28.901,0,0,3115,1894,hard_ground_11
28.904,0,0,3018,1431,hard_ground_11
28.911,0,0,2931,1320,hard_ground_11
28.912,0,0,2640,1476,hard_ground_11
28.92,0,0,2338,2378,hard_ground_11
28.925,0,0,2200,3400,hard_ground_11
28.927,0,0,1784,3690,hard_ground_11
28.932,0,0,1158,3713,hard_ground_11
28.94,0,0,1513,3410,hard_ground_11
28.946,0,0,0,3525,hard_ground_11
28.947,0,0,0,3762,hard_ground_11
28.953,0,1137,0,3894,hard_ground_11
28.96,0,2116,0,3937,hard_ground_11
28.961,0,2575,0,3949,hard_ground_11
28.97,0,2873,0,3952,hard_ground_11
28.975,0,3120,0,3970,hard_ground_11
28.981,0,3274,0,3971,hard_ground_11
28.986,0,3326,0,3969,hard_ground_11
28.991,0,3498,0,3972,hard_ground_11
28.995,0,3569,0,3988,hard_ground_11
28.997,0,3627,0,4011,hard_ground_11
29.002,0,3665,0,4012,hard_ground_11
29.011,0,3700,0,4022,hard_ground_11
29.016,0,3761,0,4017,hard_ground_11
29.016,0,3786,0,3994,hard_ground_11
29.023,0,3745,0,3986,hard_ground_11
29.029,0,3645,0,4006,hard_ground_11
29.036,0,3564,0,4012,hard_ground_11
29.037,0,3523,0,4009,hard_ground_11
29.044,0,3481,0,4001,hard_ground_11
29.05,0,3605,0,3993,hard_ground_11
29.056,0,3660,0,3981,hard_ground_11
29.057,0,3685,0,4003,hard_ground_11
29.065,0,3658,0,4019,hard_ground_11
29.071,0,3688,0,4022,hard_ground_11
29.072,0,3727,0,4017,hard_ground_11
29.079,0,3777,0,4040,hard_ground_11
29.085,0,3808,0,4028,hard_ground_11
29.086,0,3882,0,4011,hard_ground_11
29.092,0,3848,0,4022,hard_ground_11
29.1,0,3849,0,4023,hard_ground_11
29.106,0,3839,0,4029,hard_ground_11
29.107,0,3794,0,4029,hard_ground_11
29.113,0,3791,0,4005,hard_ground_11
29.12,0,3800,0,4000,hard_ground_11
29.121,0,3788,0,3990,hard_ground_11
29.129,0,3761,0,4014,hard_ground_11
29.134,0,3743,0,4024,hard_ground_11
29.14,0,3747,0,4026,hard_ground_11
29.142,0,3788,0,4024,hard_ground_11
29.148,0,3815,0,4023,hard_ground_11
29.154,0,3837,0,4020,hard_ground_11
29.157,0,3837,0,4024,hard_ground_11
29.165,0,3825,0,4037,hard_ground_11
29.169,0,3838,0,4036,hard_ground_11
29.176,0,3857,0,4035,hard_ground_11
29.176,0,3868,0,4033,hard_ground_11
29.184,0,3875,0,4029,hard_ground_11
29.189,0,3857,0,4032,hard_ground_11
29.195,0,3837,0,4036,hard_ground_11
29.196,0,3818,0,4039,hard_ground_11
29.203,0,3817,0,4037,hard_ground_11
29.21,0,3846,0,4040,hard_ground_11
29.21,0,3846,0,4035,hard_ground_11
29.22,0,3855,0,4041,hard_ground_11
29.224,0,3830,0,4045,hard_ground_11
29.23,0,3799,0,4046,hard_ground_11
29.231,0,3788,0,4048,hard_ground_11
29.238,0,3786,0,4047,hard_ground_11
29.245,0,3776,0,4049,hard_ground_11
29.246,0,3763,0,4049,hard_ground_11
29.252,0,3765,0,4048,hard_ground_11
29.259,0,3759,0,4045,hard_ground_11
29.264,0,3753,0,4044,hard_ground_11
29.266,0,3745,0,4045,hard_ground_11
29.273,0,3736,0,4048,hard_ground_11
29.28,0,3745,0,4052,hard_ground_11
29.285,0,3804,0,4050,hard_ground_11
29.287,0,3830,0,4055,hard_ground_11
29.293,0,3857,0,4050,hard_ground_11
29.301,0,3868,0,4050,hard_ground_11
29.304,0,3860,0,4055,hard_ground_11
29.308,0,3827,0,4053,hard_ground_11
29.315,0,3814,0,4054,hard_ground_11
29.315,0,3793,0,4048,hard_ground_11
29.325,0,3791,0,4037,hard_ground_11
29.329,0,3754,0,4033,hard_ground_11
29.335,0,3646,0,4035,hard_ground_11
29.339,0,3580,0,4038,hard_ground_11
29.342,0,3582,0,4039,hard_ground_11
29.349,0,3697,0,4037,hard_ground_11
29.355,0,3788,0,4035,hard_ground_11
29.356,0,3811,0,4045,hard_ground_11
29.363,0,3831,0,4044,hard_ground_11
29.37,0,3827,0,4049,hard_ground_11
29.375,0,3847,0,4049,hard_ground_11
29.377,0,3844,0,4046,hard_ground_11
29.385,0,3846,0,4048,hard_ground_11
29.39,0,3818,0,4041,hard_ground_11
29.395,0,3796,0,4044,hard_ground_11
29.398,0,3736,0,4046,hard_ground_11
29.405,0,3774,0,4044,hard_ground_11
29.405,0,3820,0,4046,hard_ground_11
29.412,0,3825,0,4051,hard_ground_11
29.418,0,3824,0,4047,hard_ground_11
29.421,0,3787,0,4049,hard_ground_11
29.426,0,3792,0,4045,hard_ground_11
29.434,0,3801,0,4047,hard_ground_11
29.439,0,3815,0,4048,hard_ground_11
29.441,0,3827,0,4046,hard_ground_11
29.446,0,3811,0,4045,hard_ground_11
29.453,0,3789,0,4052,hard_ground_11
29.459,0,3786,0,4049,hard_ground_11
29.461,0,3809,0,4052,hard_ground_11
29.467,0,3801,0,4050,hard_ground_11
29.474,0,3820,0,4051,hard_ground_11
29.476,0,3844,0,4051,hard_ground_11
29.485,0,3850,0,4050,hard_ground_11
29.488,0,3812,0,4050,hard_ground_11
29.495,0,3765,0,4052,hard_ground_11
29.495,0,3719,0,4051,hard_ground_11
29.502,0,3688,0,4050,hard_ground_11
29.509,0,3694,0,4045,hard_ground_11
29.515,0,3695,0,4047,hard_ground_11
29.52,0,3674,0,4045,hard_ground_11
29.523,0,3635,0,4041,hard_ground_11
29.53,0,3641,0,4053,hard_ground_11
29.534,0,3640,0,4043,hard_ground_11
29.537,0,3660,0,4048,hard_ground_11
29.544,0,3663,0,4056,hard_ground_11
29.55,0,3725,0,4050,hard_ground_11
29.555,0,3799,0,4055,hard_ground_11
29.557,0,3828,0,4058,hard_ground_11
29.565,0,3836,0,4058,hard_ground_11
29.565,0,3832,0,4052,hard_ground_11
29.571,3856,3780,0,4042,hard_ground_11
29.578,0,3744,0,4049,hard_ground_11
29.578,0,3663,0,4036,hard_ground_11
29.587,0,3579,0,4017,hard_ground_11
29.592,0,3190,0,4024,hard_ground_11
29.599,0,3143,0,4018,hard_ground_11
29.604,0,3617,0,4009,hard_ground_11
29.606,0,3068,0,4016,hard_ground_11
29.613,3750,0,0,4023,hard_ground_11
29.613,3617,0,0,4019,hard_ground_11
29.621,3765,0,0,4001,hard_ground_11
29.627,1786,0,0,4005,hard_ground_11
29.634,0,0,0,4018,hard_ground_11
29.635,0,0,0,4018,hard_ground_11
29.641,0,0,0,4011,hard_ground_11
29.648,0,0,0,4008,hard_ground_11
29.655,0,2562,0,4002,hard_ground_11
29.655,0,3196,0,4019,hard_ground_11
29.662,0,3577,0,4023,hard_ground_11
29.668,0,3575,0,4037,hard_ground_11
29.674,0,3551,0,4042,hard_ground_11
29.675,3980,3525,0,4050,hard_ground_11
29.683,4003,3297,0,4047,hard_ground_11
29.689,4001,2211,0,4044,hard_ground_11
29.694,3956,0,0,4036,hard_ground_11
29.696,3927,0,0,4026,hard_ground_11
29.704,3773,0,0,4026,hard_ground_11
29.709,2962,0,0,4007,hard_ground_11
29.71,0,0,0,3990,hard_ground_11
29.717,0,0,0,3974,hard_ground_11
29.724,0,0,0,3980,hard_ground_11
29.725,0,0,0,4012,hard_ground_11
29.731,0,0,0,4028,hard_ground_11
29.738,0,1137,0,4036,hard_ground_11
29.744,0,2490,0,4041,hard_ground_11
29.745,0,3047,0,4047,hard_ground_11
29.752,0,3060,0,4048,hard_ground_11
29.759,0,2953,0,4043,hard_ground_11
29.764,0,2083,0,4040,hard_ground_11
29.766,0,575,0,4031,hard_ground_11
29.773,0,0,0,4020,hard_ground_11
29.779,0,0,0,4017,hard_ground_11
29.781,0,0,0,4006,hard_ground_11
29.786,0,1834,0,4010,hard_ground_11
29.794,0,2765,0,4015,hard_ground_11
29.799,0,3032,0,4026,hard_ground_11
29.8,0,3508,0,4035,hard_ground_11
29.808,0,3647,0,4037,hard_ground_11
29.814,0,3717,0,4040,hard_ground_11
29.815,0,3682,0,4043,hard_ground_11
29.824,0,3607,0,4038,hard_ground_11
29.828,0,3545,0,4029,hard_ground_11
29.831,0,3387,0,4028,hard_ground_11
29.835,0,3217,0,4021,hard_ground_11
29.843,0,2978,0,4005,hard_ground_11
29.849,0,3201,0,4001,hard_ground_11
29.854,0,3297,0,4009,hard_ground_11
29.856,0,3480,0,4023,hard_ground_11
29.863,0,3592,0,4027,hard_ground_11
29.869,0,3651,0,4031,hard_ground_11
29.874,0,3684,0,4035,hard_ground_11
29.877,0,3713,0,4035,hard_ground_11
29.884,0,3707,0,4034,hard_ground_11
29.885,0,3708,0,4032,hard_ground_11
29.892,0,3657,0,4026,hard_ground_11
29.898,0,3580,0,4023,hard_ground_11
29.9,0,3379,0,4010,hard_ground_11
29.909,0,3257,0,4000,hard_ground_11
29.914,0,2949,0,4002,hard_ground_11
29.919,0,3048,0,4004,hard_ground_11
29.92,0,3358,0,4015,hard_ground_11
29.925,0,3523,0,4021,hard_ground_11
29.933,0,3520,0,4019,hard_ground_11
29.939,0,3346,0,4025,hard_ground_11
29.944,0,3081,0,4023,hard_ground_11
29.946,0,2286,0,4016,hard_ground_11
29.953,0,2733,0,3999,hard_ground_11
29.953,0,2872,0,3997,hard_ground_11
29.96,0,2906,0,4002,hard_ground_11
29.967,0,2942,0,3997,hard_ground_11
29.974,0,2997,0,4000,hard_ground_11
29.974,0,2955,0,4005,hard_ground_11
29.981,0,3019,0,4007,hard_ground_11
29.988,0,2987,0,4006,hard_ground_11
29.988,0,3022,0,3997,hard_ground_11
29.996,0,2801,0,3988,hard_ground_11
30.002,0,0,0,3976,hard_ground_11
30.009,0,0,0,3962,hard_ground_11
30.013,0,0,0,3865,hard_ground_11
30.016,0,0,0,3779,hard_ground_11
30.022,0,0,0,3904,hard_ground_11
30.029,0,0,0,3938,hard_ground_11
30.03,0,2451,0,3948,hard_ground_11
30.038,1342,2728,0,3948,hard_ground_11
30.043,2343,2923,0,3902,hard_ground_11
30.049,0,2722,0,3569,hard_ground_11
30.05,0,0,0,1884,hard_ground_11
30.058,0,0,0,3015,hard_ground_11
30.058,0,0,0,0,hard_ground_11
30.064,0,0,0,0,hard_ground_11
30.071,2904,0,0,0,hard_ground_11
30.079,3795,0,0,0,hard_ground_11
30.082,3886,0,0,0,hard_ground_11
30.087,3867,0,0,0,hard_ground_11
30.092,3876,0,0,0,hard_ground_11
30.098,3919,0,0,0,hard_ground_11
30.099,3957,0,0,0,hard_ground_11
30.107,3969,0,0,0,hard_ground_11
30.113,3964,0,0,0,hard_ground_11
30.114,3953,0,2248,0,hard_ground_11
30.12,3864,0,2466,0,hard_ground_11
30.128,3328,0,3184,0,hard_ground_11
30.133,0,0,3153,0,hard_ground_11
30.137,0,0,3124,0,hard_ground_11
30.141,0,0,2956,0,hard_ground_11
30.148,0,0,2657,0,hard_ground_11
30.148,3283,0,2326,0,hard_ground_11
30.156,3837,0,2244,0,hard_ground_11
30.163,3819,0,2270,0,hard_ground_11
30.163,3514,0,2404,0,hard_ground_11
30.171,0,0,2647,0,hard_ground_11
30.179,0,0,2697,0,hard_ground_11
30.182,0,0,2630,0,hard_ground_11
30.188,0,0,2661,0,hard_ground_11
30.189,3249,0,2821,0,hard_ground_11
30.196,3520,0,3244,0,hard_ground_11
30.203,3612,0,3499,0,hard_ground_11
30.208,3814,0,3613,0,hard_ground_11
30.21,3901,0,3620,0,hard_ground_11
30.217,3943,0,3621,0,hard_ground_11
30.223,3983,0,3614,0,hard_ground_11
30.225,3974,0,3632,0,hard_ground_11
30.231,3938,0,3641,0,hard_ground_11
30.238,3883,0,3565,0,hard_ground_11
30.238,3832,0,3151,0,hard_ground_11
30.248,3801,0,2396,0,hard_ground_11
30.253,3838,0,1398,0,hard_ground_11
30.254,3848,0,1913,0,hard_ground_11
30.259,3854,0,2569,0,hard_ground_11
30.266,3866,0,3172,0,hard_ground_11
30.272,3888,0,3502,0,hard_ground_11
30.274,3918,0,3607,0,hard_ground_11
30.28,3952,0,3593,0,hard_ground_11
30.288,3964,0,3476,0,hard_ground_11
30.292,3960,0,3064,0,hard_ground_11
30.294,3939,0,2326,0,hard_ground_11
30.301,3830,0,0,0,hard_ground_11
30.307,3425,0,0,0,hard_ground_11
30.309,0,0,0,0,hard_ground_11
30.314,0,0,0,0,hard_ground_11
30.321,2865,0,0,0,hard_ground_11
30.328,3799,0,1417,0,hard_ground_11
30.329,3887,0,2473,0,hard_ground_11
30.335,3870,0,3110,0,hard_ground_11
30.342,3825,0,3366,0,hard_ground_11
30.343,3852,0,3479,0,hard_ground_11
30.351,3890,0,3385,0,hard_ground_11
30.356,3916,0,3286,0,hard_ground_11
30.363,3911,0,3060,0,hard_ground_11
30.368,3909,0,1137,0,hard_ground_11
30.37,3843,0,1072,0,hard_ground_11
30.376,3825,0,2461,0,hard_ground_11
30.379,3641,0,3318,0,hard_ground_11
30.388,3666,0,3671,0,hard_ground_11
30.391,3812,0,3739,0,hard_ground_11
30.397,3903,0,3755,0,hard_ground_11
30.399,3956,0,3746,0,hard_ground_11
30.405,3990,0,3711,0,hard_ground_11
30.412,3981,0,3686,0,hard_ground_11
30.418,3937,0,3688,0,hard_ground_11
30.419,3848,0,3631,0,hard_ground_11
30.426,3603,0,3559,0,hard_ground_11
30.432,3623,0,3303,0,hard_ground_11
30.434,3739,0,2988,0,hard_ground_11
30.442,3505,0,2605,0,hard_ground_11
30.446,2847,0,2794,0,hard_ground_11
30.45,1924,0,2979,0,hard_ground_11
30.454,2579,0,3029,0,hard_ground_11
30.46,3215,0,3140,0,hard_ground_11
30.467,3712,0,3326,0,hard_ground_11
30.469,3872,0,3507,0,hard_ground_11
30.474,3883,0,3575,0,hard_ground_11
30.481,3896,0,3621,0,hard_ground_11
30.488,3903,0,3606,0,hard_ground_11
30.488,3902,0,3556,0,hard_ground_11
30.495,3896,0,3484,0,hard_ground_11
30.501,3859,0,3327,0,hard_ground_11
30.504,3820,0,3129,0,hard_ground_11
30.509,3767,0,3081,0,hard_ground_11
30.516,3818,0,3135,0,hard_ground_11
30.523,3861,0,3360,0,hard_ground_11
30.523,3880,0,3505,0,hard_ground_11
30.531,3905,0,3558,0,hard_ground_11
30.536,3919,0,3591,0,hard_ground_11
30.539,3926,0,3604,0,hard_ground_11
30.544,3932,0,3603,0,hard_ground_11
30.55,3929,0,3602,0,hard_ground_11
30.557,3909,0,3567,0,hard_ground_11
30.558,3884,0,3514,0,hard_ground_11
30.564,3852,0,3449,0,hard_ground_11
30.572,3772,0,3394,0,hard_ground_11
30.577,3614,0,3441,0,hard_ground_11
30.579,3586,0,3523,0,hard_ground_11
30.585,3689,0,3550,0,hard_ground_11
30.592,3776,0,3570,0,hard_ground_11
30.594,3795,0,3599,0,hard_ground_11
30.599,3831,0,3614,0,hard_ground_11
30.606,3854,0,3624,0,hard_ground_11
30.608,3868,0,3627,0,hard_ground_11
30.613,3889,0,3611,0,hard_ground_11
30.622,3890,0,3616,0,hard_ground_11
30.627,3886,0,3584,0,hard_ground_11
30.627,3880,0,3566,0,hard_ground_11
30.634,3877,0,3566,0,hard_ground_11
30.641,3878,0,3562,0,hard_ground_11
30.647,3882,0,3554,0,hard_ground_11
30.648,3891,0,3551,0,hard_ground_11
30.655,3909,0,3543,0,hard_ground_11
30.662,3922,0,3555,0,hard_ground_11
30.667,3934,0,3571,0,hard_ground_11
30.668,3943,0,3574,0,hard_ground_11
30.675,3944,0,3576,0,hard_ground_11
30.683,3949,0,3562,0,hard_ground_11
30.683,3941,0,3587,0,hard_ground_11
30.691,3939,0,3579,0,hard_ground_11
30.696,3937,0,3548,0,hard_ground_11
30.702,3918,0,3541,0,hard_ground_11
30.703,3905,0,3545,0,hard_ground_11
30.71,3901,0,3544,0,hard_ground_11
30.717,3891,0,3558,0,hard_ground_11
30.722,3890,0,3569,0,hard_ground_11
30.724,3882,0,3567,0,hard_ground_11
30.731,3894,0,3577,0,hard_ground_11
30.731,3895,0,3593,0,hard_ground_11
30.738,3901,0,3598,0,hard_ground_11
30.747,3892,0,3612,0,hard_ground_11
30.752,3882,0,3611,0,hard_ground_11
30.755,3862,0,3618,0,hard_ground_11
30.759,3835,0,3602,0,hard_ground_11
30.766,3808,0,3625,0,hard_ground_11
30.771,3826,0,3600,0,hard_ground_11
30.773,3816,0,3586,0,hard_ground_11
30.78,3818,0,3568,0,hard_ground_11
30.786,3833,0,3566,0,hard_ground_11
30.788,3855,0,3577,0,hard_ground_11
30.793,3879,0,3576,0,hard_ground_11
30.801,3896,0,3585,0,hard_ground_11
30.807,3918,0,3580,0,hard_ground_11
30.808,3927,0,3585,0,hard_ground_11
30.814,3937,0,3588,0,hard_ground_11
30.821,3950,0,3579,0,hard_ground_11
30.822,3951,0,3546,0,hard_ground_11
30.831,3950,0,3539,0,hard_ground_11
30.835,3960,0,3545,0,hard_ground_11
30.842,3959,0,3531,0,hard_ground_11
30.847,3960,0,3534,0,hard_ground_11
30.849,3965,0,3552,0,hard_ground_11
30.855,3957,0,3560,0,hard_ground_11
30.858,3946,0,3558,0,hard_ground_11
30.863,3927,0,3572,0,hard_ground_11
30.87,3905,0,3596,0,hard_ground_11
30.877,3899,0,3615,0,hard_ground_11
30.878,3898,0,3634,0,hard_ground_11
30.884,3888,0,3639,0,hard_ground_11
30.891,3886,0,3622,0,hard_ground_11
30.897,3876,0,3603,0,hard_ground_11
30.899,3860,0,3590,0,hard_ground_11
30.905,3847,0,3594,0,hard_ground_11
30.912,3859,0,3584,0,hard_ground_11
30.912,3882,0,3598,0,hard_ground_11
30.92,3899,0,3596,0,hard_ground_11
30.925,3905,0,3589,0,hard_ground_11
30.929,3911,0,3593,0,hard_ground_11
30.933,3909,0,3588,0,hard_ground_11
30.939,3917,0,3583,0,hard_ground_11
30.946,3925,0,3570,0,hard_ground_11
30.946,3944,0,3551,0,hard_ground_11
30.955,3951,0,3542,0,hard_ground_11
30.96,3955,0,3542,0,hard_ground_11
30.964,3965,0,3537,0,hard_ground_11
30.972,3960,0,3545,0,hard_ground_11
30.974,3968,0,3554,0,hard_ground_11
30.981,3966,0,3552,0,hard_ground_11
30.983,3970,0,3547,0,hard_ground_11
30.988,3967,0,3573,0,hard_ground_11
30.995,3962,0,3584,0,hard_ground_11
31.002,3956,0,3592,0,hard_ground_11
31.002,3947,0,3594,0,hard_ground_11
31.009,3943,0,3589,0,hard_ground_11
31.015,3937,0,3616,0,hard_ground_11
31.017,3922,0,3597,0,hard_ground_11
31.025,3906,0,3619,0,hard_ground_11
31.03,3904,0,3620,0,hard_ground_11
31.037,3896,0,3629,0,hard_ground_11
31.037,3893,0,3641,0,hard_ground_11
31.043,3870,0,3626,0,hard_ground_11
31.05,3860,0,3627,0,hard_ground_11
31.052,3862,0,3622,0,hard_ground_11
31.057,3863,0,3613,0,hard_ground_11
31.064,3870,0,3621,0,hard_ground_11
31.071,3879,0,3595,0,hard_ground_11
31.071,3888,0,3589,0,hard_ground_11
31.079,3898,0,3576,0,hard_ground_11
31.085,3916,0,3586,0,hard_ground_11
31.088,3925,0,3573,0,hard_ground_11
31.095,3937,0,3567,0,hard_ground_11
31.099,3954,0,3546,0,hard_ground_11
31.106,3966,0,3541,0,hard_ground_11
31.106,3974,0,3532,0,hard_ground_11
31.113,3980,0,3528,0,hard_ground_11
31.12,3984,0,3527,0,hard_ground_11
31.122,3973,0,3533,0,hard_ground_11
31.127,3978,0,3522,0,hard_ground_11
31.134,3986,0,3521,0,hard_ground_11
31.141,3979,0,3547,0,hard_ground_11
31.141,3982,0,3542,0,hard_ground_11
31.149,3982,0,3564,0,hard_ground_11
31.154,3984,0,3593,0,hard_ground_11
31.162,3976,0,3611,0,hard_ground_11
31.165,3976,0,3602,0,hard_ground_11
31.168,3968,0,3597,0,hard_ground_11
31.175,3948,0,3635,0,hard_ground_11
31.182,3929,0,3644,0,hard_ground_11
31.182,3907,0,3624,0,hard_ground_11
31.19,3898,0,3621,0,hard_ground_11
31.196,3889,0,3604,0,hard_ground_11
31.197,3878,0,3612,0,hard_ground_11
31.203,3870,0,3612,0,hard_ground_11
31.21,3873,0,3604,0,hard_ground_11
31.216,3888,0,3607,0,hard_ground_11
31.217,3891,0,3614,0,hard_ground_11
31.224,3903,0,3621,0,hard_ground_11
31.231,3900,0,3633,0,hard_ground_11
31.231,3927,0,3617,0,hard_ground_11
31.239,3926,0,3601,0,hard_ground_11
31.245,3935,0,3578,0,hard_ground_11
31.247,3942,0,3545,0,hard_ground_11
31.255,3942,0,3529,0,hard_ground_11
31.259,3946,0,3515,0,hard_ground_11
31.265,3948,0,3489,0,hard_ground_11
31.271,3957,0,3515,0,hard_ground_11
31.272,3967,0,3506,0,hard_ground_11
31.28,3978,0,3517,0,hard_ground_11
31.286,3984,0,3522,0,hard_ground_11
31.288,3994,0,3530,0,hard_ground_11
31.293,3992,0,3543,0,hard_ground_11
31.3,3995,0,3547,0,hard_ground_11
31.305,3998,0,3556,0,hard_ground_11
31.307,3997,0,3551,0,hard_ground_11
31.314,3991,0,3548,0,hard_ground_11
31.321,3983,0,3556,0,hard_ground_11
31.321,3975,0,3564,0,hard_ground_11
31.33,3960,0,3560,0,hard_ground_11
31.335,3954,0,3574,0,hard_ground_11
31.338,3938,0,3594,0,hard_ground_11
31.342,3935,0,3624,0,hard_ground_11
31.349,3921,0,3631,0,hard_ground_11
31.356,3925,0,3648,0,hard_ground_11
31.357,3917,0,3638,0,hard_ground_11
31.363,3914,0,3634,0,hard_ground_11
31.37,3894,0,3608,0,hard_ground_11
31.376,3900,0,3584,0,hard_ground_11
31.377,3886,0,3565,0,hard_ground_11
31.384,3889,0,3565,0,hard_ground_11
31.39,3897,0,3580,0,hard_ground_11
31.39,3898,0,3602,0,hard_ground_11
31.399,3902,0,3561,0,hard_ground_11
31.404,3903,0,3460,0,hard_ground_11
31.407,3896,0,3385,0,hard_ground_11
31.415,3901,0,3342,0,hard_ground_11
31.418,3911,0,3405,0,hard_ground_11
31.425,3931,0,3574,0,hard_ground_11
31.431,3957,0,3674,0,hard_ground_11
31.432,3982,0,3727,0,hard_ground_11
31.44,3991,0,3757,0,hard_ground_11
31.446,4001,0,3738,0,hard_ground_11
31.448,3998,0,3719,0,hard_ground_11
31.453,3992,0,3681,0,hard_ground_11
31.46,3979,0,3635,0,hard_ground_11
31.465,3962,0,3599,0,hard_ground_11
31.467,3959,0,3527,0,hard_ground_11
31.474,3960,0,3538,0,hard_ground_11
31.481,3960,0,3578,0,hard_ground_11
31.481,3971,0,3632,0,hard_ground_11
31.489,3968,0,3682,0,hard_ground_11
31.495,3974,0,3709,0,hard_ground_11
31.497,3975,0,3729,0,hard_ground_11
31.502,3986,0,3737,0,hard_ground_11
31.509,3988,0,3732,0,hard_ground_11
31.516,3989,0,3702,0,hard_ground_11
31.516,3962,0,3556,0,hard_ground_11
31.522,3907,0,3091,0,hard_ground_11
31.529,3882,0,2382,0,hard_ground_11
31.531,3867,0,2726,0,hard_ground_11
31.54,3869,0,3363,0,hard_ground_11
31.543,3873,0,3638,0,hard_ground_11
31.551,3893,0,3673,0,hard_ground_11
31.551,3904,0,3651,0,hard_ground_11
31.557,3904,0,3543,0,hard_ground_11
31.564,3897,0,3353,0,hard_ground_11
31.566,3910,0,3347,0,hard_ground_11
31.571,3915,0,3458,0,hard_ground_11
31.578,3924,0,3647,0,hard_ground_11
31.585,3934,0,3688,0,hard_ground_11
31.589,3953,0,3737,0,hard_ground_11
31.592,3982,0,3777,0,hard_ground_11
31.599,3996,0,3786,0,hard_ground_11
31.605,3997,0,3801,0,hard_ground_11
31.606,3995,0,3809,0,hard_ground_11
31.613,3995,0,3812,0,hard_ground_11
31.619,3990,0,3806,0,hard_ground_11
31.621,3993,0,3772,0,hard_ground_11
31.627,3993,0,3751,0,hard_ground_11
31.634,4000,0,3643,0,hard_ground_11
31.64,3995,0,3602,0,hard_ground_11
31.641,3982,0,3593,0,hard_ground_11
31.648,3977,0,3599,0,hard_ground_11
31.655,3976,0,3623,0,hard_ground_11
31.661,3979,0,3621,0,hard_ground_11
31.661,3974,0,3613,0,hard_ground_11
31.67,3976,0,3544,0,hard_ground_11
31.675,3950,0,3291,0,hard_ground_11
31.676,3947,0,2993,0,hard_ground_11
31.682,3948,0,3131,0,hard_ground_11
31.689,3957,0,3416,0,hard_ground_11
31.695,3968,0,3640,0,hard_ground_11
31.696,3977,0,3696,0,hard_ground_11
31.705,3978,0,3676,0,hard_ground_11
31.71,3977,0,3652,0,hard_ground_11
31.71,3960,0,3637,0,hard_ground_11
31.718,3932,0,3632,0,hard_ground_11
31.724,3937,0,3669,0,hard_ground_11
31.73,3964,0,3691,0,hard_ground_11
31.731,3983,0,3704,0,hard_ground_11
31.738,3997,0,3722,0,hard_ground_11
31.744,3996,0,3718,0,hard_ground_11
31.75,3991,0,3705,0,hard_ground_11
31.752,3984,0,3705,0,hard_ground_11
31.759,3981,0,3685,0,hard_ground_11
31.765,3969,0,3731,0,hard_ground_11
31.77,3976,0,3770,0,hard_ground_11
31.772,3990,0,3752,0,hard_ground_11
31.78,3994,0,3725,0,hard_ground_11
31.781,4005,0,3670,0,hard_ground_11
31.789,3999,0,3652,0,hard_ground_11
31.793,3992,0,3660,0,hard_ground_11
31.804,3990,0,3662,0,hard_ground_11
31.804,3995,0,3662,0,hard_ground_11
31.81,3998,0,3653,0,hard_ground_11
31.815,3998,0,3638,0,hard_ground_11
31.82,3994,0,3592,0,hard_ground_11
31.825,3988,0,3562,0,hard_ground_11
31.829,3974,0,3431,0,hard_ground_11
31.835,3957,0,3336,0,hard_ground_11
31.837,3965,0,3390,0,hard_ground_11
31.845,3954,0,3493,0,hard_ground_11
31.849,3950,0,3599,0,hard_ground_11
31.853,3969,0,3559,0,hard_ground_11
31.856,3971,0,3498,0,hard_ground_11
31.864,3987,0,3522,0,hard_ground_11
31.869,3975,0,3641,0,hard_ground_11
31.871,3972,0,3700,0,hard_ground_11
31.877,3967,0,3765,0,hard_ground_11
31.884,3984,0,3798,0,hard_ground_11
31.89,4000,0,3800,0,hard_ground_11
31.891,4009,0,3799,0,hard_ground_11
31.897,4009,0,3773,0,hard_ground_11
31.905,4002,0,3754,0,hard_ground_11
31.905,3985,0,3741,0,hard_ground_11
31.913,3950,0,3716,0,hard_ground_11
31.918,3943,0,3651,0,hard_ground_11
31.925,3920,0,3569,0,hard_ground_11
31.93,3931,0,3358,0,hard_ground_11
31.932,3932,0,3283,0,hard_ground_11
31.939,3914,0,3397,0,hard_ground_11
31.94,3900,0,3571,0,hard_ground_11
31.946,3907,0,3591,0,hard_ground_11
31.954,3917,0,3549,0,hard_ground_11
31.96,3932,0,3427,0,hard_ground_11
31.96,3914,0,3198,0,hard_ground_11
31.967,3885,0,2873,0,hard_ground_11
31.974,3759,0,2099,0,hard_ground_11
31.98,3676,0,0,0,hard_ground_11
31.98,3392,0,0,0,hard_ground_11
31.99,3445,0,0,0,hard_ground_11
31.995,3620,0,1468,0,hard_ground_11
31.995,3691,0,3012,0,hard_ground_11
32.005,3814,0,3075,0,hard_ground_11
32.008,3750,0,2974,0,hard_ground_11
32.011,3453,0,0,0,hard_ground_11
32.016,0,0,0,0,hard_ground_11
32.023,0,0,0,0,hard_ground_11
32.029,0,0,0,0,hard_ground_11
32.029,0,0,0,0,hard_ground_11
32.036,0,0,0,1987,hard_ground_11
32.045,0,0,0,3473,hard_ground_11
32.045,0,1878,0,3595,hard_ground_11
32.053,0,2955,818,3665,hard_ground_11
32.057,0,2972,1033,3677,hard_ground_11
32.064,0,2461,0,3687,hard_ground_11
32.069,0,0,0,3608,hard_ground_11
32.071,0,0,0,3469,hard_ground_11
32.079,0,0,0,3045,hard_ground_11
32.084,0,0,0,2237,hard_ground_11
32.085,0,0,0,2183,hard_ground_11
32.092,0,0,0,2167,hard_ground_11
32.099,0,0,0,2209,hard_ground_11
32.104,2451,0,0,3041,hard_ground_11
32.106,3448,1316,1992,3269,hard_ground_11
32.113,3448,1445,2313,3147,hard_ground_11
32.119,2389,1429,2198,0,hard_ground_11
32.12,0,0,1530,0,hard_ground_11
32.127,0,0,0,0,hard_ground_11
32.134,0,0,0,0,hard_ground_11
32.14,0,0,1531,0,hard_ground_11
32.14,0,0,2404,0,hard_ground_11
32.149,2268,0,2089,0,hard_ground_11
32.154,2449,0,1946,0,hard_ground_11
32.154,3125,0,0,0,hard_ground_11
32.161,3432,0,1712,0,hard_ground_11
32.168,3400,0,2043,0,hard_ground_11
32.174,3094,0,2552,0,hard_ground_11
32.175,2990,1695,3128,0,hard_ground_11
32.182,3175,2862,3077,0,hard_ground_11
32.189,3339,2877,3071,0,hard_ground_11
32.19,3457,1169,3117,0,hard_ground_11
32.198,3617,0,3298,0,hard_ground_11
32.203,3743,0,3461,0,hard_ground_11
32.205,3717,0,3551,0,hard_ground_11
32.21,3852,0,3528,0,hard_ground_11
32.219,3912,0,3457,0,hard_ground_11
32.223,3932,0,3397,0,hard_ground_11
32.225,3934,0,3328,0,hard_ground_11
32.231,3919,0,3456,0,hard_ground_11
32.238,3889,0,3519,0,hard_ground_11
32.244,3871,0,3630,0,hard_ground_11
32.249,3876,0,3773,0,hard_ground_11
32.255,3933,0,3798,0,hard_ground_11
32.259,3969,0,3831,0,hard_ground_11
32.26,3973,0,3873,0,hard_ground_11
32.268,3976,0,3879,0,hard_ground_11
32.272,3974,0,3904,0,hard_ground_11
32.279,3976,0,3911,0,hard_ground_11
32.28,3974,0,3917,0,hard_ground_11
32.286,3973,0,3899,0,hard_ground_11
32.293,3982,0,3878,0,hard_ground_11
32.295,3976,0,3855,0,hard_ground_11
32.3,3966,0,3866,0,hard_ground_11
32.309,3952,0,3861,0,hard_ground_11
32.314,3943,0,3871,0,hard_ground_11
32.319,3950,0,3871,0,hard_ground_11
32.321,3962,0,3867,0,hard_ground_11
32.328,3969,0,3878,0,hard_ground_11
32.334,3970,0,3894,0,hard_ground_11
32.335,3983,0,3894,0,hard_ground_11
32.342,4000,0,3914,0,hard_ground_11
32.349,4009,0,3925,0,hard_ground_11
32.349,4012,0,3931,0,hard_ground_11
32.358,4009,0,3928,0,hard_ground_11
32.362,4001,0,3925,0,hard_ground_11
32.369,3996,0,3915,0,hard_ground_11
32.37,3995,0,3914,0,hard_ground_11
32.377,3994,0,3909,0,hard_ground_11
32.383,3986,0,3892,0,hard_ground_11
32.384,3972,0,3887,0,hard_ground_11
32.39,3966,0,3861,0,hard_ground_11
32.397,3973,0,3869,0,hard_ground_11
32.403,3978,0,3876,0,hard_ground_11
32.404,3989,0,3901,0,hard_ground_11
32.414,4008,0,3919,0,hard_ground_11
32.418,4018,0,3935,0,hard_ground_11
32.424,4026,0,3943,0,hard_ground_11
32.425,4031,0,3948,0,hard_ground_11
32.432,4036,0,3945,0,hard_ground_11
32.439,4037,0,3933,0,hard_ground_11
32.44,4034,0,3939,0,hard_ground_11
32.446,4031,0,3927,0,hard_ground_11
32.453,4029,0,3911,0,hard_ground_11
32.459,4027,0,3884,0,hard_ground_11
32.46,4025,0,3872,0,hard_ground_11
32.467,4025,0,3869,0,hard_ground_11
32.474,4025,0,3870,0,hard_ground_11
32.476,4028,0,3887,0,hard_ground_11
32.482,4025,0,3894,0,hard_ground_11
32.487,4027,0,3897,0,hard_ground_11
32.494,4027,0,3912,0,hard_ground_11
32.495,4033,0,3912,0,hard_ground_11
32.502,4034,0,3901,0,hard_ground_11
32.508,4031,0,3923,0,hard_ground_11
32.513,4021,0,3934,0,hard_ground_11
32.515,4021,0,3914,0,hard_ground_11
32.523,4026,0,3910,0,hard_ground_11
32.529,4025,0,3925,0,hard_ground_11
32.529,4025,0,3921,0,hard_ground_11
32.536,4026,0,3920,0,hard_ground_11
32.543,4026,0,3911,0,hard_ground_11
32.544,4023,0,3916,0,hard_ground_11
32.553,4025,0,3925,0,hard_ground_11
32.557,4024,0,3921,0,hard_ground_11
32.561,4024,0,3909,0,hard_ground_11
32.564,4018,0,3914,0,hard_ground_11
32.571,4018,0,3918,0,hard_ground_11
32.578,4015,0,3904,0,hard_ground_11
32.579,4017,0,3903,0,hard_ground_11
32.585,4018,0,3907,0,hard_ground_11
32.592,4020,0,3912,0,hard_ground_11
32.598,4021,0,3920,0,hard_ground_11
32.599,4019,0,3923,0,hard_ground_11
32.606,4021,0,3916,0,hard_ground_11
32.612,4022,0,3917,0,hard_ground_11
32.618,4027,0,3908,0,hard_ground_11
32.623,4025,0,3906,0,hard_ground_11
32.627,4025,0,3906,0,hard_ground_11
32.634,4016,0,3920,0,hard_ground_11
32.634,4013,0,3924,0,hard_ground_11
32.64,4018,0,3908,0,hard_ground_11
32.647,4017,0,3904,0,hard_ground_11
32.653,4015,0,3911,0,hard_ground_11
32.658,4016,0,3904,0,hard_ground_11
32.661,4018,0,3907,0,hard_ground_11
32.668,4022,0,3915,0,hard_ground_11
32.67,4030,0,3918,0,hard_ground_11
32.675,4030,0,3915,0,hard_ground_11
32.682,4030,0,3927,0,hard_ground_11
32.688,4029,0,3921,0,hard_ground_11
32.69,4030,0,3923,0,hard_ground_11
32.696,4029,0,3906,0,hard_ground_11
32.703,4025,0,3874,0,hard_ground_11
32.703,4024,0,3862,0,hard_ground_11
32.713,4024,0,3849,0,hard_ground_11
32.716,4026,0,3829,0,hard_ground_11
32.723,4028,0,3781,0,hard_ground_11
32.724,4026,0,3756,0,hard_ground_11
32.731,4032,0,3755,0,hard_ground_11
32.737,4036,0,3719,3329,hard_ground_11
32.743,4036,0,3769,0,hard_ground_11
32.744,4040,0,3828,0,hard_ground_11
32.751,4031,0,3833,0,hard_ground_11
32.758,4032,0,3777,0,hard_ground_11
32.758,4036,0,3646,0,hard_ground_11
32.768,4031,0,3540,3961,hard_ground_11
32.772,4021,0,3661,3839,hard_ground_11
32.778,4016,0,3326,3922,hard_ground_11
32.783,4016,0,3053,0,hard_ground_11
32.787,4019,0,0,0,hard_ground_11
32.793,4008,0,0,0,hard_ground_11
32.795,4011,0,0,0,hard_ground_11
32.8,4019,0,2678,0,hard_ground_11
32.807,4023,0,3625,0,hard_ground_11
32.809,4031,0,3749,0,hard_ground_11
32.817,4043,0,3697,3906,hard_ground_11
32.821,4048,0,3642,4001,hard_ground_11
32.825,4048,0,3583,4016,hard_ground_11
32.828,4045,0,2865,4019,hard_ground_11
32.835,4031,0,0,3745,hard_ground_11
32.841,3990,0,0,0,hard_ground_11
32.844,3879,0,0,0,hard_ground_11
32.849,3821,0,0,0,hard_ground_11
32.856,3874,0,0,0,hard_ground_11
32.863,3953,0,569,0,hard_ground_11
32.864,4010,0,3509,3910,hard_ground_11
32.87,4034,0,3709,4006,hard_ground_11
32.877,4045,0,3718,4016,hard_ground_11
32.883,4050,0,3519,3998,hard_ground_11
32.884,4053,0,2810,3960,hard_ground_11
32.89,4048,0,0,3950,hard_ground_11
32.898,4041,0,0,3919,hard_ground_11
32.902,4035,0,0,3811,hard_ground_11
32.905,4024,0,0,3778,hard_ground_11
32.911,4022,0,0,3842,hard_ground_11
32.914,4019,0,0,3874,hard_ground_11
32.919,4022,0,0,3862,hard_ground_11
32.927,4011,0,2643,3820,hard_ground_11
32.932,4015,0,2935,3753,hard_ground_11
32.935,4018,0,2655,3591,hard_ground_11
32.939,4029,0,2231,3143,hard_ground_11
32.946,4032,0,1935,1364,hard_ground_11
32.953,4041,0,2301,1983,hard_ground_11
32.954,4040,0,3064,3722,hard_ground_11
32.96,4036,0,3465,3936,hard_ground_11
32.967,4040,0,3600,3924,hard_ground_11
32.973,4036,0,3585,3546,hard_ground_11
32.974,4037,0,3384,0,hard_ground_11
32.981,4035,0,3147,0,hard_ground_11
32.987,4030,0,3046,0,hard_ground_11
32.989,4024,0,3306,0,hard_ground_11
32.995,4018,0,3505,0,hard_ground_11
33.002,4022,0,3674,0,hard_ground_11
33.008,4037,0,3695,0,hard_ground_11
33.01,4045,0,3668,0,hard_ground_11
33.015,4045,0,3591,0,hard_ground_11
33.022,4044,0,3552,0,hard_ground_11
33.022,4043,0,3557,0,hard_ground_11
33.032,4040,0,3565,0,hard_ground_11
33.036,4042,0,3523,0,hard_ground_11
33.043,4037,0,3436,0,hard_ground_11
33.043,4038,0,3374,0,hard_ground_11
33.05,4037,0,3420,0,hard_ground_11
33.057,4036,0,3455,0,hard_ground_11
33.058,4036,0,3413,0,hard_ground_11
33.066,4042,0,3390,0,hard_ground_11
33.071,4047,0,3370,0,hard_ground_11
33.075,4048,0,3383,0,hard_ground_11
33.078,4047,0,3436,0,hard_ground_11
33.085,4044,0,3468,0,hard_ground_11
33.092,4039,0,3524,0,hard_ground_11
33.095,4034,0,3443,0,hard_ground_11
33.102,4034,0,3331,0,hard_ground_11
33.106,4035,0,3230,0,hard_ground_11
33.113,4029,0,3216,0,hard_ground_11
33.117,4028,0,3427,2917,hard_ground_11
33.122,4034,0,3571,3647,hard_ground_11
33.126,4037,0,3609,3647,hard_ground_11
33.132,4040,0,3516,2100,hard_ground_11
33.134,4038,0,3413,0,hard_ground_11
33.14,4038,0,3252,0,hard_ground_11
33.147,4028,0,3340,0,hard_ground_11
33.148,4028,0,3540,0,hard_ground_11
33.154,4019,0,3593,0,hard_ground_11
33.161,4019,0,3487,0,hard_ground_11
33.167,4028,0,2907,0,hard_ground_11
33.168,4021,0,2782,0,hard_ground_11
33.175,4016,0,2877,0,hard_ground_11
33.182,4004,0,2883,0,hard_ground_11
33.183,3989,0,3372,0,hard_ground_11
33.192,3979,0,3383,0,hard_ground_11
33.196,3985,0,2775,0,hard_ground_11
33.202,3985,0,1725,0,hard_ground_11
33.203,3986,0,2277,0,hard_ground_11
33.21,3970,0,3296,0,hard_ground_11
33.216,3968,0,3475,2776,hard_ground_11
33.216,3949,0,3520,3600,hard_ground_11
33.224,3937,0,3339,3700,hard_ground_11
33.231,3939,0,2258,3586,hard_ground_11
33.237,3903,0,1550,3593,hard_ground_11
33.242,3753,0,0,3708,hard_ground_11
33.244,3556,0,0,3760,hard_ground_11
33.252,3297,0,0,3780,hard_ground_11
33.258,0,0,0,3789,hard_ground_11
33.258,0,0,0,3804,hard_ground_11
33.265,0,0,0,3890,hard_ground_11
33.272,0,0,2257,3940,hard_ground_11
33.273,0,0,2893,3977,hard_ground_11
33.279,0,0,3012,3977,hard_ground_11
33.286,0,0,2527,3951,hard_ground_11
33.292,0,0,0,3891,hard_ground_11
33.295,0,0,0,3833,hard_ground_11
33.3,0,0,0,3882,hard_ground_11
33.307,0,0,0,3926,hard_ground_11
33.307,0,927,0,3950,hard_ground_11
33.317,0,2422,0,3951,hard_ground_11
33.321,0,2711,0,3949,hard_ground_11
33.327,0,2853,0,3946,hard_ground_11
33.328,0,2834,0,3934,hard_ground_11
33.335,0,2801,0,3920,hard_ground_11
33.341,0,2926,0,3921,hard_ground_11
33.343,0,3167,0,3934,hard_ground_11
33.348,0,3375,0,3941,hard_ground_11
33.356,0,3488,0,3932,hard_ground_11
33.362,0,3485,0,3911,hard_ground_11
33.363,0,3457,0,3902,hard_ground_11
33.369,0,3471,0,3888,hard_ground_11
33.376,0,3482,0,3919,hard_ground_11
33.378,0,3554,0,3921,hard_ground_11
33.386,0,3608,0,3916,hard_ground_11
33.39,0,3629,0,3895,hard_ground_11
33.397,0,3620,0,3905,hard_ground_11
33.397,0,3573,0,3917,hard_ground_11
33.404,0,3533,0,3926,hard_ground_11
33.411,0,3467,0,3889,hard_ground_11
33.417,0,3524,0,3885,hard_ground_11
33.422,0,3581,0,3919,hard_ground_11
33.425,0,3672,0,3926,hard_ground_11
33.432,0,3715,0,3950,hard_ground_11
33.432,0,3694,0,3955,hard_ground_11
33.45,0,3656,0,3948,hard_ground_11
33.462,0,3597,0,3921,hard_ground_11
33.462,0,3334,0,3944,hard_ground_11
33.465,0,3402,0,3944,hard_ground_11
33.465,0,3580,0,3965,hard_ground_11
33.466,0,3650,0,3972,hard_ground_11
33.47,0,3696,0,3963,hard_ground_11
33.476,0,3698,0,3967,hard_ground_11
33.482,0,3651,0,3963,hard_ground_11
33.486,0,3649,0,3959,hard_ground_11
33.488,0,3701,0,3958,hard_ground_11
33.497,0,3715,0,3951,hard_ground_11
33.501,0,3712,0,3936,hard_ground_11
33.507,0,3664,0,3919,hard_ground_11
33.508,0,3513,0,3875,hard_ground_11
33.515,0,3297,0,3842,hard_ground_11
33.522,0,3381,0,3838,hard_ground_11
33.523,0,3533,0,3891,hard_ground_11
33.529,0,3598,0,3938,hard_ground_11
33.537,0,3620,0,3957,hard_ground_11
33.537,0,3572,0,3965,hard_ground_11
33.545,0,3549,0,3970,hard_ground_11
33.55,0,3542,0,3968,hard_ground_11
33.553,0,3522,0,3968,hard_ground_11
33.562,0,3521,0,3968,hard_ground_11
33.564,0,3546,0,3979,hard_ground_11
33.571,0,3627,0,4007,hard_ground_11
33.576,0,3682,0,4013,hard_ground_11
33.578,0,3730,0,4008,hard_ground_11
33.585,0,3616,0,4007,hard_ground_11
33.592,0,3100,0,3966,hard_ground_11
33.597,0,1519,0,3846,hard_ground_11
33.599,0,0,0,3872,hard_ground_11
33.605,0,2964,0,3965,hard_ground_11
33.607,0,3603,0,3998,hard_ground_11
33.612,0,3752,0,4010,hard_ground_11
33.62,0,3819,0,4012,hard_ground_11
33.627,0,3808,0,4006,hard_ground_11
33.627,0,3767,0,3985,hard_ground_11
33.635,0,3585,0,3957,hard_ground_11
33.64,0,3322,0,3941,hard_ground_11
33.646,0,2692,0,3922,hard_ground_11
33.647,0,2015,0,3890,hard_ground_11
33.654,0,2394,0,3891,hard_ground_11
33.661,0,3054,0,3892,hard_ground_11
33.662,0,3446,0,3906,hard_ground_11
33.668,0,3590,0,3915,hard_ground_11
33.675,0,3660,0,3929,hard_ground_11
33.682,0,3732,0,3945,hard_ground_11
33.683,0,3743,0,3965,hard_ground_11
33.689,0,3753,0,3971,hard_ground_11
33.696,0,3743,0,3976,hard_ground_11
33.697,0,3720,0,3961,hard_ground_11
33.703,0,3713,0,3943,hard_ground_11
33.71,0,3722,0,3942,hard_ground_11
33.716,0,3739,0,3948,hard_ground_11
33.718,0,3753,0,3955,hard_ground_11
33.723,0,3754,0,3968,hard_ground_11
33.731,0,3761,0,3972,hard_ground_11
33.737,0,3758,0,3971,hard_ground_11
33.737,0,3742,0,3975,hard_ground_11
33.746,0,3679,0,3984,hard_ground_11
33.751,0,3629,0,3981,hard_ground_11
33.751,0,3668,0,3988,hard_ground_11
33.758,0,3735,0,3989,hard_ground_11
33.765,0,3760,0,3995,hard_ground_11
33.767,0,3789,0,4000,hard_ground_11
33.776,0,3777,0,3999,hard_ground_11
33.779,0,3767,0,3995,hard_ground_11
33.786,0,3723,0,3981,hard_ground_11
33.786,0,3653,0,3978,hard_ground_11
33.793,0,3579,0,3971,hard_ground_11
33.8,0,3565,0,3961,hard_ground_11
33.804,0,3562,0,3986,hard_ground_11
33.807,0,3593,0,3982,hard_ground_11
33.814,0,3676,0,3987,hard_ground_11
33.82,0,3739,0,3992,hard_ground_11
33.826,0,3770,0,3997,hard_ground_11
33.828,0,3779,0,3996,hard_ground_11
33.835,0,3777,0,3991,hard_ground_11
33.841,0,3766,0,3991,hard_ground_11
33.846,0,3765,0,3989,hard_ground_11
33.848,0,3760,0,3985,hard_ground_11
33.856,0,3755,0,3986,hard_ground_11
33.86,0,3757,0,3986,hard_ground_11
33.862,0,3768,0,3980,hard_ground_11
33.869,0,3768,0,3979,hard_ground_11
33.875,0,3765,0,3982,hard_ground_11
33.876,0,3757,0,3984,hard_ground_11
33.885,0,3741,0,3985,hard_ground_11
33.89,0,3690,0,3984,hard_ground_11
33.89,0,3613,0,3984,hard_ground_11
33.898,0,3586,0,3982,hard_ground_11
33.904,0,3641,0,3987,hard_ground_11
33.911,0,3736,0,3999,hard_ground_11
33.912,0,3800,0,4006,hard_ground_11
33.918,0,3817,0,4009,hard_ground_11
33.925,0,3825,0,4005,hard_ground_11
33.925,0,3818,0,4006,hard_ground_11
33.936,0,3792,0,3994,hard_ground_11
33.939,0,3755,0,3983,hard_ground_11
33.946,0,3697,0,3969,hard_ground_11
33.946,0,3646,0,3957,hard_ground_11
33.953,0,3605,0,3948,hard_ground_11
33.96,0,3623,0,3953,hard_ground_11
33.96,0,3696,0,3965,hard_ground_11
33.969,0,3734,0,3984,hard_ground_11
33.973,0,3771,0,3991,hard_ground_11
33.98,0,3790,0,3998,hard_ground_11
33.981,0,3805,0,4004,hard_ground_11
33.987,0,3787,0,4007,hard_ground_11
33.994,0,3780,0,4008,hard_ground_11
34.001,0,3737,0,4008,hard_ground_11
34.006,0,3698,0,4004,hard_ground_11
34.008,0,3658,0,3999,hard_ground_11
34.015,0,3657,0,4003,hard_ground_11
34.016,0,3696,0,3997,hard_ground_11
34.024,0,3729,0,3998,hard_ground_11
34.029,0,3750,0,4003,hard_ground_11
34.036,0,3786,0,4001,hard_ground_11
34.037,0,3806,0,4004,hard_ground_11
34.043,0,3806,0,3994,hard_ground_11
34.05,0,3823,0,3991,hard_ground_11
34.055,0,3804,0,3989,hard_ground_11
34.057,0,3782,0,3981,hard_ground_11
34.064,0,3752,0,3970,hard_ground_11
34.071,0,3736,0,3969,hard_ground_11
34.071,0,3720,0,3958,hard_ground_11
34.079,0,3722,0,3965,hard_ground_11
34.084,0,3748,0,3975,hard_ground_11
34.09,0,3759,0,3982,hard_ground_11
34.092,0,3778,0,3990,hard_ground_11
34.099,0,3776,0,3991,hard_ground_11
34.105,0,3763,0,3988,hard_ground_11
34.106,0,3757,0,4002,hard_ground_11
34.112,0,3777,0,4004,hard_ground_11
34.119,0,3787,0,4002,hard_ground_11
34.125,0,3803,0,4006,hard_ground_11
34.126,0,3809,0,4008,hard_ground_11
34.133,0,3810,0,4010,hard_ground_11
34.14,0,3799,0,4008,hard_ground_11
34.142,0,3752,0,4002,hard_ground_11
34.147,0,3683,0,3997,hard_ground_11
34.156,0,3534,0,3997,hard_ground_11
34.161,0,3420,0,3991,hard_ground_11
34.162,0,3418,0,3990,hard_ground_11
34.168,0,3560,0,3996,hard_ground_11
34.175,0,3674,0,4003,hard_ground_11
34.176,0,3754,0,4009,hard_ground_11
34.182,0,3794,0,4007,hard_ground_11
34.189,0,3819,0,4013,hard_ground_11
34.195,0,3836,0,4011,hard_ground_11
34.2,0,3848,0,4016,hard_ground_11
34.202,0,3851,0,4009,hard_ground_11
34.21,0,3825,0,4003,hard_ground_11
34.216,0,3791,0,3990,hard_ground_11
34.216,0,3738,0,3971,hard_ground_11
34.224,0,3699,0,3944,hard_ground_11
34.23,0,3679,0,3923,hard_ground_11
34.231,0,3710,0,3938,hard_ground_11
34.237,0,3745,0,3948,hard_ground_11
34.244,0,3795,0,3967,hard_ground_11
34.25,0,3817,0,3985,hard_ground_11
34.252,0,3826,0,3994,hard_ground_11
34.258,0,3804,0,4003,hard_ground_11
34.265,0,3757,0,4008,hard_ground_11
34.265,0,3722,0,4004,hard_ground_11
34.274,0,3611,0,4010,hard_ground_11
34.279,0,3575,0,4005,hard_ground_11
34.285,0,3613,0,4008,hard_ground_11
34.286,0,3702,0,4004,hard_ground_11
34.293,0,3781,0,4016,hard_ground_11
34.3,0,3821,0,4015,hard_ground_11
34.301,0,3837,0,4009,hard_ground_11
34.307,0,3843,0,4012,hard_ground_11
34.314,0,3808,0,4013,hard_ground_11
34.32,0,3739,0,4002,hard_ground_11
34.321,0,3650,0,3990,hard_ground_11
34.328,0,3586,0,3980,hard_ground_11
34.334,0,3593,0,3968,hard_ground_11
34.336,0,3652,0,3980,hard_ground_11
34.341,0,3737,0,3984,hard_ground_11
34.348,0,3774,0,3993,hard_ground_11
34.355,0,3810,0,4002,hard_ground_11
34.356,0,3820,0,4010,hard_ground_11
34.362,0,3828,0,4006,hard_ground_11
34.369,0,3812,0,4010,hard_ground_11
34.374,0,3780,0,4008,hard_ground_11
34.376,0,3754,0,4005,hard_ground_11
34.383,0,3744,0,4004,hard_ground_11
34.39,0,3741,0,4005,hard_ground_11
34.391,0,3777,0,4008,hard_ground_11
34.399,0,3809,0,4007,hard_ground_11
34.404,0,3824,0,4013,hard_ground_11
34.41,0,3819,0,4005,hard_ground_11
34.411,0,3799,0,4001,hard_ground_11
34.418,0,3754,0,4002,hard_ground_11
34.424,0,3706,0,3994,hard_ground_11
34.43,0,3637,0,3991,hard_ground_11
34.432,0,3570,0,3992,hard_ground_11
34.439,0,3606,0,4005,hard_ground_11
34.445,0,3686,0,4006,hard_ground_11
34.446,0,3760,0,4013,hard_ground_11
34.454,0,3802,0,4015,hard_ground_11
34.459,0,3816,0,4017,hard_ground_11
34.464,0,3817,0,4019,hard_ground_11
34.466,0,3797,0,4017,hard_ground_11
34.473,0,3742,0,4013,hard_ground_11
34.48,0,3690,0,4010,hard_ground_11
34.48,0,3621,0,4006,hard_ground_11
34.489,0,3605,0,4002,hard_ground_11
34.494,0,3657,0,4004,hard_ground_11
34.497,0,3720,0,4003,hard_ground_11
34.502,0,3760,0,4004,hard_ground_11
34.508,0,3790,0,4006,hard_ground_11
34.515,0,3803,0,4006,hard_ground_11
34.515,0,3818,0,4008,hard_ground_11
34.522,0,3809,0,4007,hard_ground_11
34.529,0,3812,0,4004,hard_ground_11
34.53,0,3800,0,4002,hard_ground_11
34.536,0,3785,0,4002,hard_ground_11
34.543,0,3769,0,3993,hard_ground_11
34.549,0,3751,0,3993,hard_ground_11
34.55,0,3747,0,3988,hard_ground_11
34.557,0,3742,0,3987,hard_ground_11
34.564,0,3745,0,3996,hard_ground_11
34.57,0,3758,0,4003,hard_ground_11
34.571,0,3785,0,4007,hard_ground_11
34.577,0,3797,0,4011,hard_ground_11
34.585,0,3797,0,4011,hard_ground_11
34.586,0,3784,0,4012,hard_ground_11
34.594,0,3758,0,4015,hard_ground_11
34.598,0,3694,0,4011,hard_ground_11
34.603,0,3571,0,4003,hard_ground_11
34.605,0,3566,0,3991,hard_ground_11
34.613,0,3578,0,3990,hard_ground_11
34.619,0,3667,0,3995,hard_ground_11
34.62,0,3734,0,4004,hard_ground_11
34.626,0,3798,0,4005,hard_ground_11
34.634,0,3832,0,4015,hard_ground_11
34.639,0,3836,0,4015,hard_ground_11
34.64,0,3834,0,4012,hard_ground_11
34.648,0,3817,0,4018,hard_ground_11
34.654,0,3798,0,4011,hard_ground_11
34.655,0,3780,0,3999,hard_ground_11
34.661,0,3764,0,3994,hard_ground_11
34.668,0,3763,0,3997,hard_ground_11
34.675,0,3778,0,3999,hard_ground_11
34.675,0,3775,0,3995,hard_ground_11
34.684,0,3784,0,3998,hard_ground_11
34.688,0,3783,0,3999,hard_ground_11
34.694,0,3788,0,3999,hard_ground_11
34.696,0,3768,0,3994,hard_ground_11
34.703,0,3715,0,3987,hard_ground_11
34.709,0,3704,0,3980,hard_ground_11
34.71,0,3645,0,3990,hard_ground_11
34.716,0,3703,0,3987,hard_ground_11
34.723,0,3767,0,3992,hard_ground_11
34.73,0,3799,0,4002,hard_ground_11
34.73,0,3819,0,4006,hard_ground_11
34.737,0,3818,0,4008,hard_ground_11
34.744,0,3806,0,4005,hard_ground_11
34.744,0,3711,0,4000,hard_ground_11
34.752,0,3512,0,3995,hard_ground_11
34.758,0,3209,0,3969,hard_ground_11
34.76,0,3066,0,3979,hard_ground_11
34.765,0,3411,0,4002,hard_ground_11
34.773,0,3668,0,4015,hard_ground_11
34.779,0,3782,0,4021,hard_ground_11
34.784,0,3838,0,4026,hard_ground_11
34.786,0,3862,0,4029,hard_ground_11
34.793,0,3867,0,4023,hard_ground_11
34.799,0,3841,0,4021,hard_ground_11
34.801,0,3823,0,4024,hard_ground_11
34.807,0,3786,0,4018,hard_ground_11
34.813,0,3787,0,4018,hard_ground_11
34.815,0,3795,0,4014,hard_ground_11
34.821,0,3795,0,4011,hard_ground_11
34.828,0,3779,0,4010,hard_ground_11
34.834,0,3783,0,4012,hard_ground_11
34.835,0,3763,0,4011,hard_ground_11
34.841,0,3758,0,4011,hard_ground_11
34.849,0,3762,0,4007,hard_ground_11
34.85,0,3767,0,4001,hard_ground_11
34.858,0,3755,0,4001,hard_ground_11
34.862,0,3701,0,3978,hard_ground_11
34.869,0,3523,0,3976,hard_ground_11
34.874,0,3270,0,3965,hard_ground_11
34.876,0,3452,0,3955,hard_ground_11
34.883,0,3631,0,3954,hard_ground_11
34.889,0,3753,0,3963,hard_ground_11
34.89,0,3809,0,3980,hard_ground_11
34.898,0,3793,0,3985,hard_ground_11
34.904,0,3737,0,3991,hard_ground_11
34.909,0,3670,0,3988,hard_ground_11
34.911,0,3760,0,3994,hard_ground_11
34.918,0,3815,0,4003,hard_ground_11
34.924,0,3860,0,4011,hard_ground_11
34.929,0,3871,0,4025,hard_ground_11
34.932,0,3857,0,4028,hard_ground_11
34.939,0,3855,0,4026,hard_ground_11
34.939,0,3836,0,4023,hard_ground_11
34.948,0,3775,0,4016,hard_ground_11
34.952,0,3755,0,4011,hard_ground_11
34.959,0,3743,0,4004,hard_ground_11
34.959,0,3727,0,4006,hard_ground_11
34.966,0,3739,0,4018,hard_ground_11
34.973,0,3760,0,4018,hard_ground_11
34.974,0,3807,0,4020,hard_ground_11
34.98,0,3832,0,4019,hard_ground_11
34.987,0,3833,0,4019,hard_ground_11
34.995,0,3831,0,4022,hard_ground_11
34.995,0,3787,0,4017,hard_ground_11
35.001,0,3748,0,4008,hard_ground_11
35.009,0,3741,0,4004,hard_ground_11
35.013,0,3656,0,3996,hard_ground_11
35.015,0,3534,0,3990,hard_ground_11
35.023,0,3448,0,3968,hard_ground_11
35.029,0,3377,0,3965,hard_ground_11
35.029,0,3570,0,3968,hard_ground_11
35.037,0,3684,0,3986,hard_ground_11
35.043,0,3762,0,4002,hard_ground_11
35.045,0,3735,0,4004,hard_ground_11
35.053,0,3693,0,3994,hard_ground_11
35.057,0,3645,0,3995,hard_ground_11
35.064,0,3645,0,3983,hard_ground_11
35.064,0,3655,0,3981,hard_ground_11
35.07,0,3705,0,3992,hard_ground_11
35.077,0,3754,0,4002,hard_ground_11
35.079,0,3805,0,3995,hard_ground_11
35.084,0,3806,0,3976,hard_ground_11
35.091,0,3793,0,3974,hard_ground_11
35.098,0,3699,0,3941,hard_ground_11
35.101,0,3535,0,3928,hard_ground_11
35.106,0,3431,0,3939,hard_ground_11
35.112,0,3494,0,3943,hard_ground_11
35.114,0,3574,0,3958,hard_ground_11
35.122,0,3583,0,3960,hard_ground_11
35.126,0,3553,0,3938,hard_ground_11
35.133,0,3329,0,3919,hard_ground_11
35.134,0,3005,0,3903,hard_ground_11
35.14,0,2346,0,3866,hard_ground_11
35.147,0,1685,0,3846,hard_ground_11
35.153,0,1526,0,3828,hard_ground_11
35.154,0,1804,0,3850,hard_ground_11
35.162,0,1486,0,3867,hard_ground_11
35.169,0,0,0,3841,hard_ground_11
35.169,0,0,0,3799,hard_ground_11
35.179,0,0,0,3790,hard_ground_11
35.183,0,0,0,3843,hard_ground_11
35.188,0,2089,0,3878,hard_ground_11
35.192,0,2535,1296,3888,hard_ground_11
35.197,0,0,1133,3849,hard_ground_11
35.203,0,0,0,3496,hard_ground_11
35.203,0,0,0,0,hard_ground_11
35.213,0,0,0,0,hard_ground_11
35.217,0,0,821,0,hard_ground_11
35.222,0,0,1138,0,hard_ground_11
35.228,0,0,1755,0,hard_ground_11
35.231,0,0,1804,0,hard_ground_11
35.237,0,0,2209,0,hard_ground_11
35.237,3277,0,2497,0,hard_ground_11
35.245,3621,0,2889,0,hard_ground_11
35.251,3703,0,3150,0,hard_ground_11
35.258,3703,0,3255,0,hard_ground_11
35.263,3491,0,3337,0,hard_ground_11
35.265,3129,0,3469,0,hard_ground_11
35.272,3045,0,3529,0,hard_ground_11
35.278,3169,0,3544,0,hard_ground_11
35.283,3093,0,3529,0,hard_ground_11
35.287,1100,0,3478,0,hard_ground_11
35.292,0,0,3448,0,hard_ground_11
35.298,0,0,3405,0,hard_ground_11
35.302,0,0,3366,0,hard_ground_11
35.307,0,0,3378,0,hard_ground_11
35.313,0,0,3279,0,hard_ground_11
35.314,0,0,2993,1448,hard_ground_11
35.32,0,0,2552,1475,hard_ground_11
35.327,0,0,2923,1378,hard_ground_11
35.329,0,0,2844,1560,hard_ground_11
35.338,0,0,2867,3390,hard_ground_11
35.341,0,0,2462,3822,hard_ground_11
35.347,0,0,1624,3892,hard_ground_11
35.348,0,1576,0,3925,hard_ground_11
35.357,0,1593,1096,3924,hard_ground_11
35.362,0,2388,237,3896,hard_ground_11
35.364,0,3015,0,3836,hard_ground_11
35.369,0,3227,0,3855,hard_ground_11
35.376,0,3407,0,3925,hard_ground_11
35.383,0,3408,0,3981,hard_ground_11
35.388,0,3504,0,4003,hard_ground_11
35.39,0,3572,0,4016,hard_ground_11
35.397,0,3599,0,4017,hard_ground_11
35.403,0,3679,0,4018,hard_ground_11
35.408,0,3721,0,4012,hard_ground_11
35.411,0,3724,0,4018,hard_ground_11
35.418,0,3687,0,4019,hard_ground_11
35.418,0,3661,0,4013,hard_ground_11
35.425,0,3610,0,3999,hard_ground_11
35.431,0,3572,0,3990,hard_ground_11
35.434,0,3537,0,3967,hard_ground_11
35.439,0,3548,0,3966,hard_ground_11
35.445,0,3520,0,3999,hard_ground_11
35.452,0,3645,0,3999,hard_ground_11
35.458,0,3714,0,4009,hard_ground_11
35.459,0,3779,0,4024,hard_ground_11
35.466,0,3814,0,4023,hard_ground_11
35.473,0,3819,0,4019,hard_ground_11
35.474,0,3836,0,3997,hard_ground_11
35.48,0,3837,0,3992,hard_ground_11
35.487,0,3812,0,4008,hard_ground_11
35.488,0,3760,0,4013,hard_ground_11
35.497,0,3765,0,4006,hard_ground_11
35.502,0,3811,0,3985,hard_ground_11
35.504,0,3831,0,3969,hard_ground_11
35.513,0,3839,0,3974,hard_ground_11
35.515,0,3811,0,4009,hard_ground_11
35.522,0,3782,0,4022,hard_ground_11
35.528,0,3758,0,4028,hard_ground_11
35.529,0,3795,0,4018,hard_ground_11
35.536,0,3835,0,4017,hard_ground_11
35.543,0,3837,0,4014,hard_ground_11
35.543,0,3816,0,4022,hard_ground_11
35.55,0,3791,0,4026,hard_ground_11
35.556,0,3784,0,4028,hard_ground_11
35.558,0,3815,0,4024,hard_ground_11
35.568,0,3833,0,4009,hard_ground_11
35.57,0,3820,0,4011,hard_ground_11
35.578,0,3776,0,4021,hard_ground_11
35.578,0,3773,0,4030,hard_ground_11
35.584,0,3800,0,4032,hard_ground_11
35.591,0,3845,0,4033,hard_ground_11
35.593,0,3864,0,4033,hard_ground_11
35.602,0,3865,0,4036,hard_ground_11
35.605,0,3841,0,4040,hard_ground_11
35.612,0,3793,0,4040,hard_ground_11
35.612,0,3745,0,4036,hard_ground_11
35.62,0,3738,0,4046,hard_ground_11
35.626,0,3805,0,4039,hard_ground_11
35.628,0,3810,0,4041,hard_ground_11
35.637,0,3805,0,4043,hard_ground_11
35.64,0,3788,0,4050,hard_ground_11
35.647,0,3800,0,4048,hard_ground_11
35.652,0,3816,0,4053,hard_ground_11
35.654,0,3800,0,4047,hard_ground_11
35.662,0,3780,0,4048,hard_ground_11
35.668,0,3745,0,4051,hard_ground_11
35.668,0,3752,0,4051,hard_ground_11
35.675,0,3795,0,4043,hard_ground_11
35.681,0,3828,0,4043,hard_ground_11
35.683,0,3832,0,4047,hard_ground_11
35.692,0,3821,0,4052,hard_ground_11
35.695,0,3801,0,4050,hard_ground_11
35.703,0,3813,0,4050,hard_ground_11
35.703,0,3824,0,4044,hard_ground_11
35.712,0,3834,0,4041,hard_ground_11
35.716,0,3824,0,4039,hard_ground_11
35.719,0,3762,0,4040,hard_ground_11
35.723,0,3705,0,4042,hard_ground_11
35.73,0,3724,0,4046,hard_ground_11
35.737,0,3738,0,4042,hard_ground_11
35.737,0,3781,0,4045,hard_ground_11
35.744,0,3806,0,4045,hard_ground_11
35.751,0,3820,0,4046,hard_ground_11
35.754,0,3818,0,4048,hard_ground_11
35.761,0,3835,0,4046,hard_ground_11
35.765,0,3822,0,4048,hard_ground_11
35.772,0,3799,0,4048,hard_ground_11
35.772,0,3786,0,4045,hard_ground_11
35.779,0,3763,0,4044,hard_ground_11
35.785,0,3773,0,4044,hard_ground_11
35.792,0,3779,0,4048,hard_ground_11
35.796,0,3763,0,4048,hard_ground_11
35.802,0,3762,0,4050,hard_ground_11
35.807,0,3800,0,4051,hard_ground_11
35.807,0,3819,0,4049,hard_ground_11
35.814,0,3826,0,4046,hard_ground_11
35.82,0,3833,0,4046,hard_ground_11
35.823,0,3811,0,4042,hard_ground_11
35.831,0,3794,0,4040,hard_ground_11
35.835,0,3782,0,4040,hard_ground_11
35.841,0,3737,0,4041,hard_ground_11
35.847,0,3716,0,4046,hard_ground_11
35.848,0,3709,0,4051,hard_ground_11
35.855,0,3744,0,4049,hard_ground_11
35.862,0,3816,0,4048,hard_ground_11
35.866,0,3856,0,4048,hard_ground_11
35.869,0,3861,0,4052,hard_ground_11
35.876,0,3842,0,4056,hard_ground_11
35.882,0,3825,0,4058,hard_ground_11
35.883,0,3826,0,4056,hard_ground_11
35.89,0,3826,0,4054,hard_ground_11
35.897,0,3835,0,4050,hard_ground_11
35.902,0,3795,0,4045,hard_ground_11
35.904,0,3689,0,4053,hard_ground_11
35.911,0,3584,0,4048,hard_ground_11
35.916,0,3584,0,4047,hard_ground_11
35.918,0,3587,0,4021,hard_ground_11
35.926,0,3583,0,4052,hard_ground_11
35.931,0,3584,0,4053,hard_ground_11
35.937,0,3683,0,4047,hard_ground_11
35.938,0,3754,0,4053,hard_ground_11
35.945,0,3811,0,4052,hard_ground_11
35.952,0,3833,0,4051,hard_ground_11
35.957,3787,3837,0,4051,hard_ground_11
35.959,0,3789,0,4054,hard_ground_11
35.966,0,3769,0,4045,hard_ground_11
35.968,0,3723,0,4034,hard_ground_11
35.976,0,3638,0,4030,hard_ground_11
35.98,0,2972,0,4026,hard_ground_11
35.986,0,3589,0,3983,hard_ground_11
35.987,0,2925,0,3985,hard_ground_11
35.995,0,0,0,4003,hard_ground_11
36.001,1215,0,0,4015,hard_ground_11
36.003,1874,0,0,4003,hard_ground_11
36.011,1708,0,0,3988,hard_ground_11
36.015,0,0,0,3988,hard_ground_11
36.02,0,0,0,4007,hard_ground_11
36.027,0,0,0,4021,hard_ground_11
36.029,0,0,0,4024,hard_ground_11
36.035,0,1696,0,4028,hard_ground_11
36.042,0,3217,0,4031,hard_ground_11
36.042,0,3474,0,4032,hard_ground_11
36.051,0,3675,0,4037,hard_ground_11
36.056,1230,3681,0,4041,hard_ground_11
36.056,3909,3655,0,4049,hard_ground_11
36.063,3963,3372,0,4048,hard_ground_11
36.07,3939,0,0,4045,hard_ground_11
36.077,3840,0,0,4037,hard_ground_11
36.078,3742,0,0,4031,hard_ground_11
36.084,3330,0,0,4022,hard_ground_11
36.092,0,0,0,4019,hard_ground_11
36.092,0,0,0,4001,hard_ground_11
36.1,0,0,0,3995,hard_ground_11
36.105,0,0,0,3994,hard_ground_11
36.111,0,0,0,4016,hard_ground_11
36.112,0,0,0,4029,hard_ground_11
36.12,0,0,0,4038,hard_ground_11
36.126,0,183,0,4046,hard_ground_11
36.131,0,2420,0,4048,hard_ground_11
36.133,0,3130,0,4050,hard_ground_11
36.141,0,3301,0,4050,hard_ground_11
36.146,0,3237,0,4042,hard_ground_11
36.147,0,3043,0,4043,hard_ground_11
36.154,0,2353,0,4036,hard_ground_11
36.16,0,1301,0,4032,hard_ground_11
36.166,0,2117,0,4027,hard_ground_11
36.171,0,2931,0,4031,hard_ground_11
36.175,0,3336,0,4035,hard_ground_11
36.182,0,3471,0,4040,hard_ground_11
36.182,0,3596,0,4041,hard_ground_11
36.188,0,3654,0,4035,hard_ground_11
36.195,0,3711,0,4038,hard_ground_11
36.201,0,3662,0,4036,hard_ground_11
36.203,0,3494,0,4033,hard_ground_11
36.209,0,3369,0,4027,hard_ground_11
36.216,0,3223,0,4016,hard_ground_11
36.217,0,3021,0,4014,hard_ground_11
36.224,0,3312,0,4003,hard_ground_11
36.23,0,3271,0,4008,hard_ground_11
36.232,0,3140,0,4012,hard_ground_11
36.237,0,3243,0,4022,hard_ground_11
36.244,0,3440,0,4023,hard_ground_11
36.251,0,3648,0,4029,hard_ground_11
36.256,0,3703,0,4027,hard_ground_11
36.258,0,3725,0,4032,hard_ground_11
36.265,0,3706,0,4030,hard_ground_11
36.271,0,3684,0,4031,hard_ground_11
36.272,0,3633,0,4032,hard_ground_11
36.279,0,3555,0,4028,hard_ground_11
36.286,0,3489,0,4019,hard_ground_11
36.287,0,3419,0,4017,hard_ground_11
36.296,0,3300,0,4012,hard_ground_11
36.3,0,3078,0,4012,hard_ground_11
36.307,0,3052,0,4018,hard_ground_11
36.307,0,3271,0,4023,hard_ground_11
36.315,0,3322,0,4024,hard_ground_11
36.32,0,3355,0,4030,hard_ground_11
36.322,0,3432,0,4029,hard_ground_11
36.327,0,3308,0,4029,hard_ground_11
36.335,0,2952,0,4028,hard_ground_11
36.341,0,2948,0,4023,hard_ground_11
36.342,0,3214,0,4019,hard_ground_11
36.348,0,3338,0,4013,hard_ground_11
36.355,0,3288,0,4018,hard_ground_11
36.361,0,3113,0,4011,hard_ground_11
36.362,0,1682,0,4009,hard_ground_11
36.369,0,0,0,3995,hard_ground_11
36.376,0,0,0,3983,hard_ground_11
36.376,0,0,0,3962,hard_ground_11
36.384,0,0,0,3947,hard_ground_11
36.39,0,0,0,3947,hard_ground_11
36.392,0,1784,0,3939,hard_ground_11
36.397,0,2360,0,3942,hard_ground_11
36.404,0,2031,0,3941,hard_ground_11
36.41,0,1984,0,3940,hard_ground_11
36.416,0,1241,0,3899,hard_ground_11
36.417,0,0,0,3807,hard_ground_11
36.424,0,0,0,3723,hard_ground_11
36.431,0,0,0,3412,hard_ground_11
36.432,0,0,0,2448,hard_ground_11
36.438,0,0,0,0,hard_ground_11
36.445,0,0,0,0,hard_ground_11
36.446,0,0,0,1377,hard_ground_11
36.455,0,0,0,2593,hard_ground_11
36.459,0,0,0,3084,hard_ground_11
36.466,1779,1973,0,3001,hard_ground_11
36.467,3617,0,0,0,hard_ground_11
36.473,3685,0,0,0,hard_ground_11
36.48,3716,0,0,0,hard_ground_11
36.485,3608,0,0,0,hard_ground_11
36.487,3796,0,0,0,hard_ground_11
36.494,3875,0,0,0,hard_ground_11
36.501,3930,0,0,0,hard_ground_11
36.503,3921,0,2289,0,hard_ground_11
36.51,3832,0,2614,0,hard_ground_11
36.515,0,0,3066,0,hard_ground_11
36.521,0,0,3050,0,hard_ground_11
36.522,2091,0,2706,0,hard_ground_11
36.529,3626,0,2777,0,hard_ground_11
36.535,3863,0,2727,0,hard_ground_11
36.541,3894,0,3089,0,hard_ground_11
36.542,3767,0,3164,0,hard_ground_11
36.549,3526,0,3125,0,hard_ground_11
36.556,2968,0,2789,0,hard_ground_11
36.556,0,0,2381,0,hard_ground_11
36.564,0,0,2194,0,hard_ground_11
36.57,0,0,2072,0,hard_ground_11
36.57,0,0,2256,0,hard_ground_11
36.578,0,0,2786,0,hard_ground_11
36.584,3508,0,3180,0,hard_ground_11
36.59,3832,0,3389,0,hard_ground_11
36.595,3912,0,3531,0,hard_ground_11
36.598,3950,0,3562,0,hard_ground_11
36.605,3961,0,3569,0,hard_ground_11
36.606,3977,0,3609,0,hard_ground_11
36.612,3974,0,3630,0,hard_ground_11
36.619,3961,0,3623,0,hard_ground_11
36.626,3951,0,3551,0,hard_ground_11
36.627,3910,0,2880,0,hard_ground_11
36.633,3777,0,2130,0,hard_ground_11
36.64,3629,0,0,0,hard_ground_11
36.646,3687,0,0,0,hard_ground_11
36.647,3666,0,1499,0,hard_ground_11
36.655,3758,0,2514,0,hard_ground_11
36.66,3826,0,3091,0,hard_ground_11
36.661,3886,0,3469,0,hard_ground_11
36.668,3921,0,3540,0,hard_ground_11
36.675,3948,0,3504,0,hard_ground_11
36.681,3964,0,3434,0,hard_ground_11
36.681,3956,0,3249,0,hard_ground_11
36.688,3948,0,2475,0,hard_ground_11
36.695,3903,0,1814,0,hard_ground_11
36.695,3769,0,0,0,hard_ground_11
36.704,2319,0,0,0,hard_ground_11
36.709,0,0,0,0,hard_ground_11
36.714,0,0,0,0,hard_ground_11
36.716,2296,0,2132,0,hard_ground_11
36.723,3566,0,2976,0,hard_ground_11
36.73,3834,0,3372,0,hard_ground_11
36.73,3871,0,3541,0,hard_ground_11
36.738,3891,0,3636,0,hard_ground_11
36.744,3901,0,3622,0,hard_ground_11
36.746,3897,0,3367,0,hard_ground_11
36.755,3883,0,2728,0,hard_ground_11
36.758,3705,0,1813,0,hard_ground_11
36.765,3008,0,2973,0,hard_ground_11
36.77,2835,0,3316,0,hard_ground_11
36.773,3286,0,3581,0,hard_ground_11
36.778,3784,0,3698,0,hard_ground_11
36.786,3881,0,3713,0,hard_ground_11
36.79,3920,0,3695,0,hard_ground_11
36.795,3947,0,3689,0,hard_ground_11
36.801,3975,0,3687,0,hard_ground_11
36.804,3978,0,3655,0,hard_ground_11
36.809,3938,0,3579,0,hard_ground_11
36.815,3918,0,3480,0,hard_ground_11
36.82,3879,0,2844,0,hard_ground_11
36.825,3844,0,1511,0,hard_ground_11
36.829,3625,0,0,0,hard_ground_11
36.834,2967,0,0,0,hard_ground_11
36.836,2912,0,0,0,hard_ground_11
36.842,3011,0,0,0,hard_ground_11
36.849,3350,0,0,0,hard_ground_11
36.855,3520,0,2581,0,hard_ground_11
36.86,3576,0,3227,0,hard_ground_11
36.862,3759,0,3522,0,hard_ground_11
36.869,3848,0,3574,0,hard_ground_11
36.869,3897,0,3591,0,hard_ground_11
36.88,3911,0,3600,0,hard_ground_11
36.883,3910,0,3590,0,hard_ground_11
36.89,3890,0,3588,0,hard_ground_11
36.894,3867,0,3576,0,hard_ground_11
36.897,3842,0,3528,0,hard_ground_11
36.904,3821,0,3474,0,hard_ground_11
36.91,3777,0,3458,0,hard_ground_11
36.911,3703,0,3511,0,hard_ground_11
36.918,3713,0,3574,0,hard_ground_11
36.924,3798,0,3585,0,hard_ground_11
36.926,3872,0,3599,0,hard_ground_11
36.931,3889,0,3615,0,hard_ground_11
36.94,3895,0,3616,0,hard_ground_11
36.945,3881,0,3633,0,hard_ground_11
36.95,3882,0,3624,0,hard_ground_11
36.953,3868,0,3629,0,hard_ground_11
36.959,3863,0,3624,0,hard_ground_11
36.96,3866,0,3597,0,hard_ground_11
36.968,3840,0,3591,0,hard_ground_11
36.973,3789,0,3566,0,hard_ground_11
36.98,3749,0,3524,0,hard_ground_11
36.98,3736,0,3506,0,hard_ground_11
36.988,3768,0,3509,0,hard_ground_11
36.994,3835,0,3501,0,hard_ground_11
37.0,3878,0,3516,0,hard_ground_11
37.005,3895,0,3553,0,hard_ground_11
37.008,3914,0,3570,0,hard_ground_11
37.015,3917,0,3586,0,hard_ground_11
37.015,3925,0,3589,0,hard_ground_11
37.022,3922,0,3590,0,hard_ground_11
37.029,3920,0,3566,0,hard_ground_11
37.035,3914,0,3574,0,hard_ground_11
37.036,3906,0,3582,0,hard_ground_11
37.043,3901,0,3557,0,hard_ground_11
37.049,3888,0,3549,0,hard_ground_11
37.05,3880,0,3549,0,hard_ground_11
37.056,3876,0,3576,0,hard_ground_11
37.063,3887,0,3585,0,hard_ground_11
37.07,3891,0,3607,0,hard_ground_11
37.071,3904,0,3603,0,hard_ground_11
37.077,3898,0,3605,0,hard_ground_11
37.084,3902,0,3594,0,hard_ground_11
37.086,3924,0,3600,0,hard_ground_11
37.091,3927,0,3606,0,hard_ground_11
37.098,3932,0,3592,0,hard_ground_11
37.104,3924,0,3565,0,hard_ground_11
37.105,3927,0,3554,0,hard_ground_11
37.115,3921,0,3575,0,hard_ground_11
37.119,3931,0,3564,0,hard_ground_11
37.119,3913,0,3574,0,hard_ground_11
37.13,3898,0,3575,0,hard_ground_11
37.133,3880,0,3556,0,hard_ground_11
37.14,3843,0,3611,0,hard_ground_11
37.144,3776,0,3613,0,hard_ground_11
37.147,3757,0,3616,0,hard_ground_11
37.154,3765,0,3594,0,hard_ground_11
37.16,3775,0,3583,0,hard_ground_11
37.161,3849,0,3579,0,hard_ground_11
37.168,3878,0,3575,0,hard_ground_11
37.174,3883,0,3586,0,hard_ground_11
37.176,3885,0,3588,0,hard_ground_11
37.181,3900,0,3590,0,hard_ground_11
37.188,3918,0,3594,0,hard_ground_11
37.194,3943,0,3585,0,hard_ground_11
37.195,3947,0,3582,0,hard_ground_11
37.202,3923,0,3580,0,hard_ground_11
37.209,3916,0,3589,0,hard_ground_11
37.21,3924,0,3581,0,hard_ground_11
37.216,3927,0,3564,0,hard_ground_11
37.225,3935,0,3556,0,hard_ground_11
37.225,3945,0,3572,0,hard_ground_11
37.232,3943,0,3582,0,hard_ground_11
37.237,3945,0,3592,0,hard_ground_11
37.244,3948,0,3593,0,hard_ground_11
37.249,3949,0,3602,0,hard_ground_11
37.251,3958,0,3598,0,hard_ground_11
37.259,3948,0,3610,0,hard_ground_11
37.264,3939,0,3597,0,hard_ground_11
37.265,3918,0,3612,0,hard_ground_11
37.272,3903,0,3598,0,hard_ground_11
37.278,3898,0,3594,0,hard_ground_11
37.28,3875,0,3597,0,hard_ground_11
37.286,3862,0,3592,0,hard_ground_11
37.293,3857,0,3592,0,hard_ground_11
37.3,3851,0,3610,0,hard_ground_11
37.304,3869,0,3598,0,hard_ground_11
37.306,3881,0,3601,0,hard_ground_11
37.314,3885,0,3611,0,hard_ground_11
37.319,3892,0,3600,0,hard_ground_11
37.324,3904,0,3604,0,hard_ground_11
37.329,3906,0,3596,0,hard_ground_11
37.334,3916,0,3593,0,hard_ground_11
37.334,3924,0,3587,0,hard_ground_11
37.342,3926,0,3574,0,hard_ground_11
37.348,3933,0,3534,0,hard_ground_11
37.35,3947,0,3531,0,hard_ground_11
37.355,3947,0,3538,0,hard_ground_11
37.364,3959,0,3534,0,hard_ground_11
37.37,3968,0,3548,0,hard_ground_11
37.374,3972,0,3563,0,hard_ground_11
37.379,3982,0,3575,0,hard_ground_11
37.383,3985,0,3593,0,hard_ground_11
37.385,3981,0,3593,0,hard_ground_11
37.39,3985,0,3589,0,hard_ground_11
37.399,3977,0,3590,0,hard_ground_11
37.404,3967,0,3598,0,hard_ground_11
37.409,3949,0,3602,0,hard_ground_11
37.414,3926,0,3600,0,hard_ground_11
37.417,3922,0,3587,0,hard_ground_11
37.42,3903,0,3615,0,hard_ground_11
37.428,3885,0,3620,0,hard_ground_11
37.431,3877,0,3635,0,hard_ground_11
37.439,3865,0,3646,0,hard_ground_11
37.439,3869,0,3653,0,hard_ground_11
37.449,3869,0,3659,0,hard_ground_11
37.452,3868,0,3662,0,hard_ground_11
37.455,3876,0,3655,0,hard_ground_11
37.46,3889,0,3623,0,hard_ground_11
37.469,3907,0,3601,0,hard_ground_11
37.473,3905,0,3592,0,hard_ground_11
37.475,3909,0,3583,0,hard_ground_11
37.48,3923,0,3575,0,hard_ground_11
37.487,3939,0,3565,0,hard_ground_11
37.494,3953,0,3552,0,hard_ground_11
37.499,3964,0,3557,0,hard_ground_11
37.501,3972,0,3547,0,hard_ground_11
37.509,3972,0,3549,0,hard_ground_11
37.514,3979,0,3534,0,hard_ground_11
37.516,3977,0,3548,0,hard_ground_11
37.522,3983,0,3558,0,hard_ground_11
37.528,3981,0,3573,0,hard_ground_11
37.53,3983,0,3578,0,hard_ground_11
37.535,3986,0,3579,0,hard_ground_11
37.544,3979,0,3593,0,hard_ground_11
37.549,3975,0,3596,0,hard_ground_11
37.55,3956,0,3598,0,hard_ground_11
37.557,3940,0,3595,0,hard_ground_11
37.563,3927,0,3608,0,hard_ground_11
37.565,3922,0,3614,0,hard_ground_11
37.573,3920,0,3623,0,hard_ground_11
37.577,3911,0,3631,0,hard_ground_11
37.583,3904,0,3632,0,hard_ground_11
37.584,3906,0,3630,0,hard_ground_11
37.591,3897,0,3613,0,hard_ground_11
37.598,3916,0,3617,0,hard_ground_11
37.599,3927,0,3615,0,hard_ground_11
37.605,3939,0,3615,0,hard_ground_11
37.612,3941,0,3609,0,hard_ground_11
37.619,3939,0,3592,0,hard_ground_11
37.619,3921,0,3558,0,hard_ground_11
37.626,3920,0,3569,0,hard_ground_11
37.634,3916,0,3561,0,hard_ground_11
37.634,3912,0,3571,0,hard_ground_11
37.643,3914,0,3559,0,hard_ground_11
37.647,3910,0,3544,0,hard_ground_11
37.653,3916,0,3551,0,hard_ground_11
37.658,3941,0,3540,0,hard_ground_11
37.66,3971,0,3526,0,hard_ground_11
37.667,3988,0,3545,0,hard_ground_11
37.674,3994,0,3567,0,hard_ground_11
37.674,3996,0,3571,0,hard_ground_11
37.683,3998,0,3574,0,hard_ground_11
37.688,3993,0,3563,0,hard_ground_11
37.694,3996,0,3555,0,hard_ground_11
37.695,3995,0,3539,0,hard_ground_11
37.702,3992,0,3537,0,hard_ground_11
37.708,3979,0,3541,0,hard_ground_11
37.709,3967,0,3541,0,hard_ground_11
37.716,3958,0,3561,0,hard_ground_11
37.723,3947,0,3588,0,hard_ground_11
37.724,3952,0,3618,0,hard_ground_11
37.733,3950,0,3635,0,hard_ground_11
37.737,3935,0,3673,0,hard_ground_11
37.743,3928,0,3682,0,hard_ground_11
37.744,3920,0,3682,0,hard_ground_11
37.751,3909,0,3637,0,hard_ground_11
37.757,3886,0,3602,0,hard_ground_11
37.759,3872,0,3579,0,hard_ground_11
37.768,3867,0,3573,0,hard_ground_11
37.772,3873,0,3586,0,hard_ground_11
37.779,3898,0,3609,0,hard_ground_11
37.779,3915,0,3628,0,hard_ground_11
37.786,3927,0,3581,0,hard_ground_11
37.792,3930,0,3540,0,hard_ground_11
37.799,3913,0,3418,0,hard_ground_11
37.802,3913,0,3335,0,hard_ground_11
37.806,3918,0,3392,0,hard_ground_11
37.813,3937,0,3490,0,hard_ground_11
37.818,3963,0,3640,0,hard_ground_11
37.82,3982,0,3705,0,hard_ground_11
37.827,3992,0,3748,0,hard_ground_11
37.833,3996,0,3757,0,hard_ground_11
37.834,3994,0,3727,0,hard_ground_11
37.841,3987,0,3700,0,hard_ground_11
37.848,3981,0,3636,0,hard_ground_11
37.849,3972,0,3601,0,hard_ground_11
37.855,3961,0,3557,0,hard_ground_11
37.862,3953,0,3548,0,hard_ground_11
37.868,3953,0,3557,0,hard_ground_11
37.869,3956,0,3597,0,hard_ground_11
37.876,3951,0,3670,0,hard_ground_11
37.884,3951,0,3709,0,hard_ground_11
37.884,3954,0,3743,0,hard_ground_11
37.892,3956,0,3738,0,hard_ground_11
37.897,3959,0,3712,0,hard_ground_11
37.903,3940,0,3675,0,hard_ground_11
37.904,3928,0,3515,0,hard_ground_11
37.911,3906,0,3299,0,hard_ground_11
37.917,3889,0,3114,0,hard_ground_11
37.919,3879,0,3358,0,hard_ground_11
37.924,3890,0,3605,0,hard_ground_11
37.931,3906,0,3682,0,hard_ground_11
37.938,3925,0,3685,0,hard_ground_11
37.938,3930,0,3645,0,hard_ground_11
37.945,3927,0,3506,0,hard_ground_11
37.953,3903,0,3368,0,hard_ground_11
37.954,3890,0,3336,0,hard_ground_11
37.959,3901,0,3504,0,hard_ground_11
37.968,3933,0,3625,0,hard_ground_11
37.973,3957,0,3683,0,hard_ground_11
37.974,3978,0,3732,0,hard_ground_11
37.98,3990,0,3772,0,hard_ground_11
37.987,3996,0,3793,0,hard_ground_11
37.993,4006,0,3805,0,hard_ground_11
37.998,4005,0,3811,0,hard_ground_11
38.001,4011,0,3805,0,hard_ground_11
38.008,4006,0,3786,0,hard_ground_11
38.009,4007,0,3760,0,hard_ground_11
38.015,3996,0,3702,0,hard_ground_11
38.022,3989,0,3631,0,hard_ground_11
38.026,3976,0,3595,0,hard_ground_11
38.029,3967,0,3533,0,hard_ground_11
38.038,3962,0,3550,0,hard_ground_11
38.042,3953,0,3598,0,hard_ground_11
38.044,3952,0,3628,0,hard_ground_11
38.05,3942,0,3640,0,hard_ground_11
38.057,3951,0,3592,0,hard_ground_11
38.063,3955,0,3440,0,hard_ground_11
38.064,3961,0,3202,0,hard_ground_11
38.07,3959,0,3377,0,hard_ground_11
38.077,3959,0,3577,0,hard_ground_11
38.079,3966,0,3675,0,hard_ground_11
38.087,3973,0,3720,0,hard_ground_11
38.091,3973,0,3695,0,hard_ground_11
38.095,3959,0,3660,0,hard_ground_11
38.098,3936,0,3626,0,hard_ground_11
38.106,3923,0,3640,0,hard_ground_11
38.112,3922,0,3666,0,hard_ground_11
38.114,3948,0,3689,0,hard_ground_11
38.119,3959,0,3700,0,hard_ground_11
38.126,3966,0,3709,0,hard_ground_11
38.133,3983,0,3711,0,hard_ground_11
38.134,3993,0,3692,0,hard_ground_11
38.14,3983,0,3699,0,hard_ground_11
38.147,3969,0,3698,0,hard_ground_11
38.153,3956,0,3728,0,hard_ground_11
38.154,3964,0,3742,0,hard_ground_11
38.161,3982,0,3735,0,hard_ground_11
38.168,3989,0,3715,0,hard_ground_11
38.168,3999,0,3686,0,hard_ground_11
38.176,3993,0,3680,0,hard_ground_11
38.181,3971,0,3688,0,hard_ground_11
38.188,3962,0,3675,0,hard_ground_11
38.188,3971,0,3643,0,hard_ground_11
38.195,3981,0,3586,0,hard_ground_11
38.202,3981,0,3541,0,hard_ground_11
38.207,3972,0,3491,0,hard_ground_11
38.21,3962,0,3484,0,hard_ground_11
38.216,3962,0,3420,0,hard_ground_11
38.223,3963,0,3397,0,hard_ground_11
38.223,3989,0,3601,0,hard_ground_11
38.23,4005,0,3661,0,hard_ground_11
38.237,4011,0,3719,0,hard_ground_11
38.241,4006,0,3695,0,hard_ground_11
38.244,3996,0,3641,0,hard_ground_11
38.251,3978,0,3584,0,hard_ground_11
38.253,3955,0,3572,0,hard_ground_11
38.258,3938,0,3628,0,hard_ground_11
38.266,3919,0,3668,0,hard_ground_11
38.272,3939,0,3733,0,hard_ground_11
38.277,3962,0,3788,0,hard_ground_11
38.278,3981,0,3791,0,hard_ground_11
38.285,3990,0,3786,0,hard_ground_11
38.292,3991,0,3791,0,hard_ground_11
38.293,3976,0,3752,0,hard_ground_11
38.299,3958,0,3674,0,hard_ground_11
38.306,3876,0,3607,0,hard_ground_11
38.312,3874,0,3320,0,hard_ground_11
38.313,3824,0,3081,0,hard_ground_11
38.321,3772,0,3238,0,hard_ground_11
38.327,3782,0,3452,0,hard_ground_11
38.332,3823,0,3543,0,hard_ground_11
38.334,3871,0,3613,0,hard_ground_11
38.341,3931,0,3597,0,hard_ground_11
38.347,3955,0,3556,0,hard_ground_11
38.352,3895,0,3340,0,hard_ground_11
38.355,3814,0,3090,0,hard_ground_11
38.362,3720,0,1901,0,hard_ground_11
38.362,3648,0,0,0,hard_ground_11
38.372,3554,0,0,0,hard_ground_11
38.375,3692,0,0,0,hard_ground_11
38.379,3372,0,2145,0,hard_ground_11
38.386,2329,0,2898,0,hard_ground_11
38.39,2297,0,2789,0,hard_ground_11
38.397,2632,0,278,0,hard_ground_11
38.397,2184,0,0,0,hard_ground_11
38.404,0,0,0,0,hard_ground_11
38.41,0,0,0,0,hard_ground_11
38.416,0,0,0,0,hard_ground_11
38.422,0,0,0,1649,hard_ground_11
38.424,0,0,0,2757,hard_ground_11
38.432,0,0,0,3350,hard_ground_11
38.432,0,1258,0,3592,hard_ground_11
38.439,0,2581,0,3611,hard_ground_11
38.445,0,2849,0,3608,hard_ground_11
38.451,0,2339,0,3599,hard_ground_11
38.456,0,1412,0,3518,hard_ground_11
38.459,0,0,0,3372,hard_ground_11
38.466,0,0,0,2908,hard_ground_11
38.472,0,0,0,2225,hard_ground_11
38.473,0,0,0,1740,hard_ground_11
38.481,0,0,0,1712,hard_ground_11
38.487,0,0,0,1737,hard_ground_11
38.492,0,0,0,1703,hard_ground_11
38.494,0,0,0,1246,hard_ground_11
38.501,0,0,1179,0,hard_ground_11
38.507,0,0,1594,0,hard_ground_11
38.512,0,0,1033,0,hard_ground_11
38.518,0,0,0,0,hard_ground_11
38.522,0,0,0,0,hard_ground_11
38.527,0,0,1289,0,hard_ground_11
38.529,0,669,2105,0,hard_ground_11
38.537,1879,600,2105,0,hard_ground_11
38.537,2139,0,1918,0,hard_ground_11
38.547,1985,0,1023,0,hard_ground_11
38.55,2779,0,2044,0,hard_ground_11
38.556,3145,0,1855,0,hard_ground_11
38.556,3011,0,2563,0,hard_ground_11
38.563,3010,1601,2780,0,hard_ground_11
38.57,2839,2266,3065,0,hard_ground_11
38.576,3051,2123,3158,0,hard_ground_11
38.581,3280,1481,3222,0,hard_ground_11
38.584,3368,0,3238,0,hard_ground_11
38.591,3423,0,3197,0,hard_ground_11
38.591,3090,1149,3191,0,hard_ground_11
38.598,3548,0,3100,0,hard_ground_11
38.605,3722,0,2890,0,hard_ground_11
38.612,3781,0,2996,0,hard_ground_11
38.616,3757,0,3098,0,hard_ground_11
38.619,3825,0,3183,0,hard_ground_11
38.626,3823,0,3316,0,hard_ground_11
38.626,3869,0,3352,0,hard_ground_11
38.633,3905,0,3293,0,hard_ground_11
38.639,3942,0,3522,0,hard_ground_11
38.646,3942,0,3729,0,hard_ground_11
38.647,3968,0,3792,0,hard_ground_11
38.653,3961,0,3850,0,hard_ground_11
38.661,3957,0,3850,0,hard_ground_11
38.661,3959,0,3852,0,hard_ground_11
38.672,3962,0,3852,0,hard_ground_11
38.675,3962,0,3846,0,hard_ground_11
38.682,3964,0,3864,0,hard_ground_11
38.686,3951,0,3853,0,hard_ground_11
38.688,3935,0,3857,0,hard_ground_11
38.695,3931,0,3852,0,hard_ground_11
38.702,3942,0,3839,0,hard_ground_11
38.702,3955,0,3828,0,hard_ground_11
38.71,3952,0,3835,0,hard_ground_11
38.716,3952,0,3844,0,hard_ground_11
38.717,3952,0,3862,0,hard_ground_11
38.723,3960,0,3876,0,hard_ground_11
38.73,3971,0,3893,0,hard_ground_11
38.736,3996,0,3906,0,hard_ground_11
38.741,3998,0,3913,0,hard_ground_11
38.744,3999,0,3918,0,hard_ground_11
38.751,3995,0,3916,0,hard_ground_11
38.757,3996,0,3912,0,hard_ground_11
38.758,3991,0,3905,0,hard_ground_11
38.764,3991,0,3889,0,hard_ground_11
38.771,3982,0,3880,0,hard_ground_11
38.776,3975,0,3868,0,hard_ground_11
38.778,3966,0,3824,0,hard_ground_11
38.785,3960,0,3850,0,hard_ground_11
38.788,3962,0,3860,0,hard_ground_11
38.792,3978,0,3898,0,hard_ground_11
38.799,3990,0,3909,0,hard_ground_11
38.806,4004,0,3917,0,hard_ground_11
38.81,4014,0,3895,0,hard_ground_11
38.814,4021,0,3935,0,hard_ground_11
38.82,4030,0,3933,0,hard_ground_11
38.826,4033,0,3945,0,hard_ground_11
38.83,4029,0,3923,0,hard_ground_11
38.834,4029,0,3922,0,hard_ground_11
38.841,4022,0,3897,0,hard_ground_11
38.841,4018,0,3871,0,hard_ground_11
38.848,4018,0,3857,0,hard_ground_11
38.854,4015,0,3868,0,hard_ground_11
38.861,4010,0,3863,0,hard_ground_11
38.866,4009,0,3873,0,hard_ground_11
38.869,4014,0,3858,0,hard_ground_11
38.876,4021,0,3881,0,hard_ground_11
38.876,4025,0,3867,0,hard_ground_11
38.883,4029,0,3883,0,hard_ground_11
38.889,4029,0,3889,0,hard_ground_11
38.896,4029,0,3893,0,hard_ground_11
38.897,4025,0,3904,0,hard_ground_11
38.903,4028,0,3902,0,hard_ground_11
38.91,4029,0,3903,0,hard_ground_11
38.916,4032,0,3890,0,hard_ground_11
38.917,4026,0,3882,0,hard_ground_11
38.925,4023,0,3884,0,hard_ground_11
38.932,4018,0,3880,0,hard_ground_11
38.932,4016,0,3877,0,hard_ground_11
38.938,4019,0,3861,0,hard_ground_11
38.945,4018,0,3868,0,hard_ground_11
38.951,4020,0,3883,0,hard_ground_11
38.956,4019,0,3888,0,hard_ground_11
38.959,4023,0,3882,0,hard_ground_11
38.966,4023,0,3902,0,hard_ground_11
38.966,4028,0,3913,0,hard_ground_11
38.975,4032,0,3898,0,hard_ground_11
38.981,4026,0,3910,0,hard_ground_11
38.983,4023,0,3912,0,hard_ground_11
38.988,4020,0,3904,0,hard_ground_11
38.995,4021,0,3880,0,hard_ground_11
39.001,4018,0,3870,0,hard_ground_11
39.006,4018,0,3861,0,hard_ground_11
39.01,4020,0,3879,0,hard_ground_11
39.016,4011,0,3879,0,hard_ground_11
39.021,4010,0,3889,0,hard_ground_11
39.026,4007,0,3903,0,hard_ground_11
39.028,4011,0,3919,0,hard_ground_11
39.035,4026,0,3920,0,hard_ground_11
39.04,4025,0,3918,0,hard_ground_11
39.042,4025,0,3917,0,hard_ground_11
39.049,4029,0,3922,0,hard_ground_11
39.056,4023,0,3927,0,hard_ground_11
39.056,4025,0,3915,0,hard_ground_11
39.065,4026,0,3908,0,hard_ground_11
39.07,4021,0,3891,0,hard_ground_11
39.076,4023,0,3892,0,hard_ground_11
39.077,4014,0,3890,0,hard_ground_11
39.084,4017,0,3888,0,hard_ground_11
39.091,4020,0,3883,0,hard_ground_11
39.092,4027,0,3874,0,hard_ground_11
39.098,4026,0,3856,0,hard_ground_11
39.104,4023,0,3848,0,hard_ground_11
39.11,4021,0,3829,0,hard_ground_11
39.112,4021,0,3801,0,hard_ground_11
39.119,4018,0,3776,0,hard_ground_11
39.125,4017,0,3770,0,hard_ground_11
39.127,4014,0,3793,0,hard_ground_11
39.132,4015,0,3824,0,hard_ground_11
39.139,4015,0,3821,0,hard_ground_11
39.146,4024,0,3816,0,hard_ground_11
39.147,4025,0,3774,781,hard_ground_11
39.153,4033,0,3783,0,hard_ground_11
39.16,4025,0,3607,0,hard_ground_11
39.161,4019,0,3793,3880,hard_ground_11
39.17,4032,0,3654,0,hard_ground_11
39.174,4024,0,3541,0,hard_ground_11
39.181,4015,0,3517,0,hard_ground_11
39.181,4012,0,3290,0,hard_ground_11
39.188,4008,0,3163,0,hard_ground_11
39.195,4003,0,3401,0,hard_ground_11
39.201,4004,0,3081,0,hard_ground_11
39.202,4020,0,3211,0,hard_ground_11
39.211,4027,0,3359,0,hard_ground_11
39.216,4038,0,3484,0,hard_ground_11
39.216,4037,0,3555,0,hard_ground_11
39.225,4035,0,3527,0,hard_ground_11
39.23,4032,0,3348,0,hard_ground_11
39.233,4032,0,2490,0,hard_ground_11
39.237,4031,0,0,0,hard_ground_11
39.244,4024,0,876,3676,hard_ground_11
39.25,4023,0,2613,3916,hard_ground_11
39.25,4025,0,1153,3954,hard_ground_11
39.259,4024,0,0,3975,hard_ground_11
39.264,4027,0,0,3931,hard_ground_11
39.267,4023,0,0,3203,hard_ground_11
39.271,4017,0,0,0,hard_ground_11
39.278,4019,0,0,3714,hard_ground_11
39.285,4030,0,0,3891,hard_ground_11
39.285,4041,0,990,3956,hard_ground_11
39.294,4044,0,3011,3965,hard_ground_11
39.299,4043,0,2923,3951,hard_ground_11
39.306,4041,0,2622,3820,hard_ground_11
39.311,4036,0,2212,3539,hard_ground_11
39.315,4031,0,1954,2919,hard_ground_11
39.32,4029,0,2144,2755,hard_ground_11
39.321,4035,0,2701,3461,hard_ground_11
39.327,4035,0,3210,3706,hard_ground_11
39.334,4036,0,3323,3842,hard_ground_11
39.34,4039,0,3428,3834,hard_ground_11
39.346,4034,0,3440,3676,hard_ground_11
39.348,4036,0,3437,2775,hard_ground_11
39.355,4033,0,3389,0,hard_ground_11
39.361,4031,0,3265,0,hard_ground_11
39.362,4029,0,3372,0,hard_ground_11
39.369,4032,0,3456,0,hard_ground_11
39.375,4038,0,3586,0,hard_ground_11
39.376,4037,0,3650,0,hard_ground_11
39.382,4038,0,3684,595,hard_ground_11
39.39,4037,0,3749,1517,hard_ground_11
39.396,4040,0,3718,1508,hard_ground_11
39.397,4042,0,3653,0,hard_ground_11
39.403,4040,0,3452,0,hard_ground_11
39.41,4035,0,3369,0,hard_ground_11
39.411,4035,0,3411,0,hard_ground_11
39.42,4024,0,3461,0,hard_ground_11
39.424,4019,0,3494,0,hard_ground_11
39.43,4028,0,3426,0,hard_ground_11
39.431,4036,0,3293,0,hard_ground_11
39.438,4038,0,3143,0,hard_ground_11
39.445,4043,0,3298,0,hard_ground_11
39.446,4044,0,3410,0,hard_ground_11
39.452,4048,0,3445,0,hard_ground_11
39.459,4054,0,3504,0,hard_ground_11
39.466,4053,0,3547,0,hard_ground_11
39.466,4052,0,3561,0,hard_ground_11
39.475,4052,0,3574,0,hard_ground_11
39.48,4048,0,3551,0,hard_ground_11
39.485,4042,0,3487,0,hard_ground_11
39.487,4043,0,3286,0,hard_ground_11
39.494,4039,0,2883,1180,hard_ground_11
39.5,4033,0,2731,738,hard_ground_11
39.502,4030,0,2940,967,hard_ground_11
39.507,4032,0,3297,0,hard_ground_11
39.514,4036,0,3206,0,hard_ground_11
39.521,4041,0,3000,0,hard_ground_11
39.521,4044,0,3191,0,hard_ground_11
39.528,4044,0,3271,0,hard_ground_11
39.535,4036,0,3412,0,hard_ground_11
39.54,4029,0,3492,613,hard_ground_11
39.542,4031,0,3541,2458,hard_ground_11
39.549,4031,0,3333,0,hard_ground_11
39.555,4031,0,2648,0,hard_ground_11
39.557,4021,0,1931,0,hard_ground_11
39.563,4012,0,2209,2298,hard_ground_11
39.57,4005,0,2392,2843,hard_ground_11
39.57,3981,0,3003,2903,hard_ground_11
39.58,3973,0,2838,3381,hard_ground_11
39.584,3975,0,2240,3327,hard_ground_11
39.59,3970,0,2686,1707,hard_ground_11
39.591,3950,0,3147,2594,hard_ground_11
39.598,3930,0,3303,3496,hard_ground_11
39.605,3916,0,3429,3637,hard_ground_11
39.605,3860,0,3415,3682,hard_ground_11
39.612,3818,0,3105,3620,hard_ground_11
39.618,3736,0,2019,3470,hard_ground_11
39.624,3481,0,1531,3449,hard_ground_11
39.629,3279,0,1231,3563,hard_ground_11
39.632,2260,0,1917,3721,hard_ground_11
39.639,1196,0,1972,3855,hard_ground_11
39.645,3165,0,2022,3920,hard_ground_11
39.646,3333,0,2026,3943,hard_ground_11
39.653,3369,0,2391,3942,hard_ground_11
39.66,755,0,2444,3932,hard_ground_11
39.664,0,0,2009,3898,hard_ground_11
39.667,0,0,0,3866,hard_ground_11
39.674,0,0,0,3742,hard_ground_11
39.68,0,0,0,3761,hard_ground_11
39.681,0,0,0,3851,hard_ground_11
39.688,0,0,0,3927,hard_ground_11
39.695,0,2237,1081,3976,hard_ground_11
39.696,0,2507,1396,3983,hard_ground_11
39.705,0,2796,0,3971,hard_ground_11
39.709,0,2794,0,3929,hard_ground_11
39.715,0,2604,0,3877,hard_ground_11
39.716,0,2523,0,3834,hard_ground_11
39.724,0,2640,0,3787,hard_ground_11
39.729,0,3068,0,3791,hard_ground_11
39.731,0,3243,0,3883,hard_ground_11
39.736,0,3349,0,3910,hard_ground_11
39.743,0,3442,0,3913,hard_ground_11
39.75,0,3381,0,3897,hard_ground_11
39.751,0,3235,0,3824,hard_ground_11
39.757,0,3242,0,3779,hard_ground_11
39.764,0,3440,0,3720,hard_ground_11
39.764,0,3502,0,3721,hard_ground_11
39.775,0,3554,0,3743,hard_ground_11
39.778,0,3589,0,3819,hard_ground_11
39.784,0,3583,0,3864,hard_ground_11
39.789,0,3595,0,3934,hard_ground_11
39.793,0,3628,0,3952,hard_ground_11
39.799,0,3645,0,3941,hard_ground_11
39.8,0,3664,0,3894,hard_ground_11
39.806,0,3635,0,3880,hard_ground_11
39.813,0,3564,0,3889,hard_ground_11
39.82,0,3392,0,3870,hard_ground_11
39.821,0,3244,0,3857,hard_ground_11
39.827,0,2949,0,3772,hard_ground_11
39.834,0,3000,0,3673,hard_ground_11
39.84,0,3206,0,3878,hard_ground_11
39.84,0,3499,0,3945,hard_ground_11
39.848,0,3630,0,3976,hard_ground_11
39.855,0,3702,0,3978,hard_ground_11
39.855,0,3712,0,3979,hard_ground_11
39.864,0,3682,0,3956,hard_ground_11
39.868,0,3576,0,3916,hard_ground_11
39.874,0,3473,0,3914,hard_ground_11
39.875,0,3452,0,3904,hard_ground_11
39.884,0,3463,0,3907,hard_ground_11
39.889,0,3482,0,3918,hard_ground_11
39.89,0,3479,0,3887,hard_ground_11
39.896,0,3499,0,3823,hard_ground_11
39.903,0,3503,0,3755,hard_ground_11
39.909,0,3532,0,3760,hard_ground_11
39.91,0,3576,0,3872,hard_ground_11
39.917,0,3532,0,3944,hard_ground_11
39.924,0,3494,0,3965,hard_ground_11
39.925,0,3448,0,3972,hard_ground_11
39.931,0,3431,0,3964,hard_ground_11
39.938,0,3487,0,3967,hard_ground_11
39.942,0,3597,0,3979,hard_ground_11
39.945,0,3684,0,3980,hard_ground_11
39.954,0,3749,0,3986,hard_ground_11
39.958,0,3723,0,3995,hard_ground_11
39.964,0,3658,0,3990,hard_ground_11
39.966,0,3268,0,3981,hard_ground_11
39.973,0,0,0,3902,hard_ground_11
39.979,0,0,0,3755,hard_ground_11
39.98,0,0,0,3555,hard_ground_11
39.986,0,0,0,3881,hard_ground_11
39.994,0,3368,0,3981,hard_ground_11
40.0,0,3732,0,4014,hard_ground_11
40.0,0,3826,0,4025,hard_ground_11
