time,fsr1,fsr2,fsr3,fsr4,label
0.0,3558,0,0,3956,hard_ground_18
0.0,3555,0,0,3956,hard_ground_18
0.0,3554,0,0,3954,hard_ground_18
0.0,3556,0,0,3957,hard_ground_18
0.0,3556,0,0,3951,hard_ground_18
0.0,3552,0,0,3955,hard_ground_18
0.0,3554,0,0,3958,hard_ground_18
0.0,3551,0,0,3959,hard_ground_18
0.0,3554,0,0,3955,hard_ground_18
0.0,3553,0,0,3959,hard_ground_18
0.0,3550,0,0,3956,hard_ground_18
0.0,3555,0,0,3954,hard_ground_18
0.0,3554,0,0,3956,hard_ground_18
0.0,3556,0,0,3953,hard_ground_18
0.0,3557,0,0,3957,hard_ground_18
0.0,3556,0,0,3956,hard_ground_18
0.0,3551,0,0,3956,hard_ground_18
0.0,3554,0,0,3958,hard_ground_18
0.0,3552,0,0,3957,hard_ground_18
0.0,3556,0,0,3954,hard_ground_18
0.0,3558,0,0,3960,hard_ground_18
0.0,3558,0,0,3955,hard_ground_18
0.0,3550,0,0,3956,hard_ground_18
0.0,3555,0,0,3959,hard_ground_18
0.0,3549,0,0,3955,hard_ground_18
0.0,3559,0,0,3956,hard_ground_18
0.0,3558,0,0,3953,hard_ground_18
0.0,3558,0,0,3953,hard_ground_18
0.0,3552,0,0,3956,hard_ground_18
0.0,3557,0,0,3956,hard_ground_18
0.0,3556,0,0,3961,hard_ground_18
0.006,3555,0,0,3956,hard_ground_18
0.006,3556,0,0,3955,hard_ground_18
0.006,3556,0,0,3955,hard_ground_18
0.006,3547,0,0,3961,hard_ground_18
0.006,3556,0,0,3958,hard_ground_18
0.006,3552,0,0,3958,hard_ground_18
0.006,3553,0,0,3953,hard_ground_18
0.008,3551,0,0,3964,hard_ground_18
0.008,3555,0,0,3953,hard_ground_18
0.008,3554,0,0,3952,hard_ground_18
0.008,3553,0,0,3961,hard_ground_18
0.008,3557,0,0,3958,hard_ground_18
0.008,3556,0,0,3954,hard_ground_18
0.008,3554,0,0,3957,hard_ground_18
0.008,3557,0,0,3958,hard_ground_18
0.008,3552,0,0,3958,hard_ground_18
0.008,3557,0,0,3953,hard_ground_18
0.008,3554,0,0,3957,hard_ground_18
0.008,3551,0,0,3955,hard_ground_18
0.008,3557,0,0,3963,hard_ground_18
0.008,3557,0,0,3959,hard_ground_18
0.008,3554,0,0,3958,hard_ground_18
0.01,3557,0,0,3958,hard_ground_18
0.01,3556,0,0,3955,hard_ground_18
0.01,3555,0,0,3953,hard_ground_18
0.01,3557,0,0,3956,hard_ground_18
0.01,3559,0,0,3956,hard_ground_18
0.01,3553,0,0,3955,hard_ground_18
0.01,3558,0,0,3957,hard_ground_18
0.01,3556,0,0,3957,hard_ground_18
0.01,3553,0,0,3960,hard_ground_18
0.01,3556,0,0,3960,hard_ground_18
0.01,3555,0,0,3954,hard_ground_18
0.01,3556,0,0,3958,hard_ground_18
0.01,3556,0,0,3959,hard_ground_18
0.01,3555,0,0,3959,hard_ground_18
0.01,3552,0,0,3955,hard_ground_18
0.01,3556,0,0,3956,hard_ground_18
0.01,3552,0,0,3952,hard_ground_18
0.01,3558,0,0,3950,hard_ground_18
0.01,3560,0,0,3957,hard_ground_18
0.01,3555,0,0,3958,hard_ground_18
0.01,3553,0,0,3957,hard_ground_18
0.01,3554,0,0,3958,hard_ground_18
0.01,3553,0,0,3958,hard_ground_18
0.01,3555,0,0,3957,hard_ground_18
0.01,3547,0,0,3957,hard_ground_18
0.01,3552,0,0,3958,hard_ground_18
0.01,3549,0,0,3955,hard_ground_18
0.01,3552,0,0,3956,hard_ground_18
0.01,3557,0,0,3957,hard_ground_18
0.01,3554,0,0,3958,hard_ground_18
0.01,3558,0,0,3956,hard_ground_18
0.01,3555,0,0,3960,hard_ground_18
0.01,3553,0,0,3955,hard_ground_18
0.01,3559,0,0,3957,hard_ground_18
0.015,3557,0,0,3960,hard_ground_18
0.015,3549,0,0,3958,hard_ground_18
0.015,3558,0,0,3956,hard_ground_18
0.015,3548,0,0,3958,hard_ground_18
0.015,3556,0,0,3956,hard_ground_18
0.015,3554,0,0,3957,hard_ground_18
0.015,3560,0,0,3957,hard_ground_18
0.015,3555,0,0,3957,hard_ground_18
0.015,3557,0,0,3960,hard_ground_18
0.015,3556,0,0,3955,hard_ground_18
0.015,3554,0,0,3955,hard_ground_18
0.015,3553,0,0,3957,hard_ground_18
0.015,3556,0,0,3954,hard_ground_18
0.015,3554,0,0,3957,hard_ground_18
0.015,3552,0,0,3956,hard_ground_18
0.015,3557,0,0,3959,hard_ground_18
0.015,3556,0,0,3967,hard_ground_18
0.015,3548,0,0,3957,hard_ground_18
0.015,3554,0,0,3955,hard_ground_18
0.015,3557,0,0,3956,hard_ground_18
0.015,3556,0,0,3956,hard_ground_18
0.015,3557,0,0,3961,hard_ground_18
0.015,3554,0,0,3960,hard_ground_18
0.015,3551,0,0,3957,hard_ground_18
0.015,3553,0,0,3961,hard_ground_18
0.015,3552,0,0,3961,hard_ground_18
0.015,3556,0,0,3959,hard_ground_18
0.015,3549,0,0,3957,hard_ground_18
0.015,3552,0,0,3958,hard_ground_18
0.015,3556,0,0,3958,hard_ground_18
0.02,3556,0,0,3958,hard_ground_18
0.02,3557,0,0,3959,hard_ground_18
0.02,3556,0,0,3957,hard_ground_18
0.02,3558,0,0,3952,hard_ground_18
0.02,3556,0,0,3956,hard_ground_18
0.021,3555,0,0,3958,hard_ground_18
0.021,3552,0,0,3956,hard_ground_18
0.021,3551,0,0,3959,hard_ground_18
0.021,3555,0,0,3956,hard_ground_18
0.021,3552,0,0,3957,hard_ground_18
0.021,3557,0,0,3956,hard_ground_18
0.021,3555,0,0,3958,hard_ground_18
0.021,3555,0,0,3957,hard_ground_18
0.021,3558,0,0,3957,hard_ground_18
0.021,3554,0,0,3960,hard_ground_18
0.021,3564,0,0,3958,hard_ground_18
0.021,3555,0,0,3963,hard_ground_18
0.021,3558,0,0,3960,hard_ground_18
0.021,3555,0,0,3957,hard_ground_18
0.021,3558,0,0,3959,hard_ground_18
0.024,3553,0,0,3961,hard_ground_18
0.024,3555,0,0,3960,hard_ground_18
0.024,3559,0,0,3961,hard_ground_18
0.024,3558,0,0,3958,hard_ground_18
0.024,3556,0,0,3959,hard_ground_18
0.024,3559,0,0,3959,hard_ground_18
0.024,3556,0,0,3962,hard_ground_18
0.024,3558,0,0,3957,hard_ground_18
0.024,3559,0,0,3958,hard_ground_18
0.024,3556,0,0,3961,hard_ground_18
0.024,3551,0,0,3959,hard_ground_18
0.024,3560,0,0,3956,hard_ground_18
0.025,3555,0,0,3958,hard_ground_18
0.025,3558,0,0,3959,hard_ground_18
0.025,3552,0,0,3961,hard_ground_18
0.025,3557,0,0,3959,hard_ground_18
0.025,3559,0,0,3961,hard_ground_18
0.025,3556,0,0,3960,hard_ground_18
0.025,3558,0,0,3960,hard_ground_18
0.025,3554,0,0,3958,hard_ground_18
0.027,3559,0,0,3962,hard_ground_18
0.027,3556,0,0,3960,hard_ground_18
0.027,3560,0,0,3956,hard_ground_18
0.027,3567,0,0,3955,hard_ground_18
0.027,3558,0,0,3958,hard_ground_18
0.027,3555,0,0,3958,hard_ground_18
0.027,3557,0,0,3956,hard_ground_18
0.027,3556,0,0,3957,hard_ground_18
0.027,3555,0,0,3957,hard_ground_18
0.027,3554,0,0,3959,hard_ground_18
0.027,3559,0,0,3958,hard_ground_18
0.027,3559,0,0,3956,hard_ground_18
0.027,3556,0,0,3959,hard_ground_18
0.027,3558,0,0,3958,hard_ground_18
0.027,3557,0,0,3958,hard_ground_18
0.027,3560,0,0,3958,hard_ground_18
0.027,3554,0,0,3962,hard_ground_18
0.027,3561,0,0,3961,hard_ground_18
0.027,3553,0,0,3964,hard_ground_18
0.027,3557,0,0,3961,hard_ground_18
0.027,3564,0,0,3955,hard_ground_18
0.027,3557,0,0,3956,hard_ground_18
0.027,3561,0,0,3959,hard_ground_18
0.027,3561,0,0,3958,hard_ground_18
0.031,3560,0,0,3959,hard_ground_18
0.031,3558,0,0,3960,hard_ground_18
0.031,3557,0,0,3958,hard_ground_18
0.031,3560,0,0,3958,hard_ground_18
0.031,3556,0,0,3958,hard_ground_18
0.031,3561,0,0,3957,hard_ground_18
0.031,3558,0,0,3961,hard_ground_18
0.032,3564,0,0,3955,hard_ground_18
0.032,3553,0,0,3957,hard_ground_18
0.032,3557,0,0,3961,hard_ground_18
0.032,3550,0,0,3961,hard_ground_18
0.032,3560,0,0,3958,hard_ground_18
0.032,3556,0,0,3960,hard_ground_18
0.032,3561,0,0,3959,hard_ground_18
0.032,3562,0,0,3956,hard_ground_18
0.032,3557,0,0,3955,hard_ground_18
0.032,3553,0,0,3962,hard_ground_18
0.032,3562,0,0,3957,hard_ground_18
0.032,3557,0,0,3960,hard_ground_18
0.032,3558,0,0,3961,hard_ground_18
0.034,3559,0,0,3960,hard_ground_18
0.034,3559,0,0,3961,hard_ground_18
0.034,3556,0,0,3958,hard_ground_18
0.034,3553,0,0,3962,hard_ground_18
0.034,3553,0,0,3957,hard_ground_18
0.034,3560,0,0,3957,hard_ground_18
0.034,3557,0,0,3957,hard_ground_18
0.034,3555,0,0,3960,hard_ground_18
0.034,3556,0,0,3960,hard_ground_18
0.034,3557,0,0,3955,hard_ground_18
0.034,3557,0,0,3959,hard_ground_18
0.035,3552,0,0,3956,hard_ground_18
0.035,3553,0,0,3958,hard_ground_18
0.035,3554,0,0,3960,hard_ground_18
0.035,3557,0,0,3958,hard_ground_18
0.035,3559,0,0,3958,hard_ground_18
0.035,3555,0,0,3961,hard_ground_18
0.035,3554,0,0,3957,hard_ground_18
0.035,3565,0,0,3960,hard_ground_18
0.035,3554,0,0,3959,hard_ground_18
0.035,3554,0,0,3959,hard_ground_18
0.035,3551,0,0,3958,hard_ground_18
0.035,3552,0,0,3957,hard_ground_18
0.035,3554,0,0,3958,hard_ground_18
0.035,3556,0,0,3958,hard_ground_18
0.035,3558,0,0,3963,hard_ground_18
0.035,3555,0,0,3959,hard_ground_18
0.035,3550,0,0,3960,hard_ground_18
0.035,3553,0,0,3958,hard_ground_18
0.035,3552,0,0,3959,hard_ground_18
0.035,3549,0,0,3952,hard_ground_18
0.035,3550,0,0,3956,hard_ground_18
0.035,3552,0,0,3962,hard_ground_18
0.035,3552,0,0,3956,hard_ground_18
0.035,3553,0,0,3960,hard_ground_18
0.035,3561,0,0,3965,hard_ground_18
0.035,3550,0,0,3960,hard_ground_18
0.035,3555,0,0,3955,hard_ground_18
0.035,3552,0,0,3958,hard_ground_18
0.035,3550,0,0,3959,hard_ground_18
0.04,3552,0,0,3959,hard_ground_18
0.04,3552,0,0,3958,hard_ground_18
0.04,3550,0,0,3966,hard_ground_18
0.04,3554,0,0,3953,hard_ground_18
0.04,3550,0,0,3960,hard_ground_18
0.04,3555,0,0,3960,hard_ground_18
0.041,3554,0,0,3958,hard_ground_18
0.041,3548,0,0,3961,hard_ground_18
0.041,3550,0,0,3957,hard_ground_18
0.041,3556,0,0,3962,hard_ground_18
0.041,3549,0,0,3958,hard_ground_18
0.041,3556,0,0,3965,hard_ground_18
0.041,3550,0,0,3958,hard_ground_18
0.041,3553,0,0,3959,hard_ground_18
0.041,3548,0,0,3960,hard_ground_18
0.041,3552,0,0,3958,hard_ground_18
0.041,3552,0,0,3962,hard_ground_18
0.041,3550,0,0,3961,hard_ground_18
0.041,3546,0,0,3959,hard_ground_18
0.041,3546,0,0,3959,hard_ground_18
0.041,3553,0,0,3958,hard_ground_18
0.041,3555,0,0,3956,hard_ground_18
0.041,3553,0,0,3962,hard_ground_18
0.041,3547,0,0,3953,hard_ground_18
0.041,3552,0,0,3963,hard_ground_18
0.041,3547,0,0,3957,hard_ground_18
0.041,3553,0,0,3960,hard_ground_18
0.041,3554,0,0,3960,hard_ground_18
0.041,3552,0,0,3957,hard_ground_18
0.041,3548,0,0,3959,hard_ground_18
0.041,3550,0,0,3961,hard_ground_18
0.041,3542,0,0,3957,hard_ground_18
0.041,3554,0,0,3956,hard_ground_18
0.041,3551,0,0,3964,hard_ground_18
0.041,3548,0,0,3958,hard_ground_18
0.041,3548,0,0,3959,hard_ground_18
0.041,3550,0,0,3957,hard_ground_18
0.041,3550,0,0,3958,hard_ground_18
0.041,3548,0,0,3957,hard_ground_18
0.045,3548,0,0,3959,hard_ground_18
0.045,3548,0,0,3958,hard_ground_18
0.045,3552,0,0,3958,hard_ground_18
0.045,3548,0,0,3954,hard_ground_18
0.045,3550,0,0,3957,hard_ground_18
0.045,3549,0,0,3962,hard_ground_18
0.045,3553,0,0,3957,hard_ground_18
0.045,3554,0,0,3963,hard_ground_18
0.047,3552,0,0,3955,hard_ground_18
0.047,3553,0,0,3959,hard_ground_18
0.047,3554,0,0,3958,hard_ground_18
0.047,3554,0,0,3954,hard_ground_18
0.047,3555,0,0,3956,hard_ground_18
0.047,3551,0,0,3960,hard_ground_18
0.047,3555,0,0,3957,hard_ground_18
0.047,3554,0,0,3963,hard_ground_18
0.047,3555,0,0,3958,hard_ground_18
0.047,3550,0,0,3959,hard_ground_18
0.047,3559,0,0,3968,hard_ground_18
0.047,3556,0,0,3961,hard_ground_18
0.047,3550,0,0,3957,hard_ground_18
0.047,3555,0,0,3963,hard_ground_18
0.047,3553,0,0,3961,hard_ground_18
0.047,3556,0,0,3959,hard_ground_18
0.047,3561,0,0,3956,hard_ground_18
0.047,3551,0,0,3959,hard_ground_18
0.047,3554,0,0,3959,hard_ground_18
0.047,3560,0,0,3960,hard_ground_18
0.047,3556,0,0,3963,hard_ground_18
0.047,3556,0,0,3961,hard_ground_18
0.047,3554,0,0,3956,hard_ground_18
0.047,3554,0,0,3957,hard_ground_18
0.051,3556,0,0,3963,hard_ground_18
0.051,3556,0,0,3964,hard_ground_18
0.051,3558,0,0,3959,hard_ground_18
0.051,3555,0,0,3961,hard_ground_18
0.051,3560,0,0,3961,hard_ground_18
0.051,3554,0,0,3963,hard_ground_18
0.051,3563,0,0,3962,hard_ground_18
0.051,3554,0,0,3959,hard_ground_18
0.051,3556,0,0,3966,hard_ground_18
0.051,3557,0,0,3962,hard_ground_18
0.051,3555,0,0,3961,hard_ground_18
0.051,3557,0,0,3962,hard_ground_18
0.051,3561,0,0,3962,hard_ground_18
0.051,3559,0,0,3961,hard_ground_18
0.051,3559,0,0,3964,hard_ground_18
0.051,3557,0,0,3966,hard_ground_18
0.051,3558,0,0,3960,hard_ground_18
0.051,3556,0,0,3961,hard_ground_18
0.051,3561,0,0,3966,hard_ground_18
0.051,3555,0,0,3960,hard_ground_18
0.051,3561,0,0,3960,hard_ground_18
0.051,3560,0,0,3961,hard_ground_18
0.051,3562,0,0,3956,hard_ground_18
0.051,3562,0,0,3958,hard_ground_18
0.054,3564,0,0,3961,hard_ground_18
0.054,3560,0,0,3961,hard_ground_18
0.054,3563,0,0,3961,hard_ground_18
0.054,3564,0,0,3962,hard_ground_18
0.054,3564,0,0,3962,hard_ground_18
0.054,3556,0,0,3965,hard_ground_18
0.054,3557,0,0,3964,hard_ground_18
0.055,3561,0,0,3964,hard_ground_18
0.055,3565,0,0,3962,hard_ground_18
0.055,3564,0,0,3963,hard_ground_18
0.055,3567,0,0,3960,hard_ground_18
0.055,3563,0,0,3963,hard_ground_18
0.055,3559,0,0,3959,hard_ground_18
0.055,3561,0,0,3959,hard_ground_18
0.055,3561,0,0,3957,hard_ground_18
0.055,3562,0,0,3964,hard_ground_18
0.055,3563,0,0,3964,hard_ground_18
0.055,3559,0,0,3967,hard_ground_18
0.055,3569,0,0,3968,hard_ground_18
0.055,3565,0,0,3960,hard_ground_18
0.055,3560,0,0,3960,hard_ground_18
0.055,3561,0,0,3964,hard_ground_18
0.055,3563,0,0,3964,hard_ground_18
0.055,3559,0,0,3965,hard_ground_18
0.055,3564,0,0,3962,hard_ground_18
0.055,3570,0,0,3959,hard_ground_18
0.055,3566,0,0,3965,hard_ground_18
0.055,3562,0,0,3963,hard_ground_18
0.055,3565,0,0,3962,hard_ground_18
0.055,3562,0,0,3964,hard_ground_18
0.055,3561,0,0,3958,hard_ground_18
0.055,3559,0,0,3958,hard_ground_18
0.055,3562,0,0,3962,hard_ground_18
0.055,3562,0,0,3964,hard_ground_18
0.055,3566,0,0,3962,hard_ground_18
0.055,3566,0,0,3961,hard_ground_18
0.055,3563,0,0,3962,hard_ground_18
0.055,3559,0,0,3957,hard_ground_18
0.055,3566,0,0,3962,hard_ground_18
0.055,3566,0,0,3964,hard_ground_18
0.055,3565,0,0,3961,hard_ground_18
0.055,3569,0,0,3963,hard_ground_18
0.06,3569,0,0,3963,hard_ground_18
0.06,3567,0,0,3960,hard_ground_18
0.06,3569,0,0,3970,hard_ground_18
0.06,3569,0,0,3959,hard_ground_18
0.06,3568,0,0,3961,hard_ground_18
0.06,3564,0,0,3962,hard_ground_18
0.061,3568,0,0,3963,hard_ground_18
0.061,3564,0,0,3963,hard_ground_18
0.061,3567,0,0,3961,hard_ground_18
0.061,3566,0,0,3960,hard_ground_18
0.061,3569,0,0,3964,hard_ground_18
0.061,3572,0,0,3962,hard_ground_18
0.061,3568,0,0,3965,hard_ground_18
0.061,3565,0,0,3959,hard_ground_18
0.061,3565,0,0,3965,hard_ground_18
0.061,3567,0,0,3963,hard_ground_18
0.061,3566,0,0,3965,hard_ground_18
0.061,3571,0,0,3965,hard_ground_18
0.061,3563,0,0,3960,hard_ground_18
0.061,3572,0,0,3965,hard_ground_18
0.061,3568,0,0,3961,hard_ground_18
0.061,3566,0,0,3967,hard_ground_18
0.061,3570,0,0,3965,hard_ground_18
0.061,3576,0,0,3965,hard_ground_18
0.061,3569,0,0,3960,hard_ground_18
0.061,3570,0,0,3961,hard_ground_18
0.061,3569,0,0,3966,hard_ground_18
0.061,3575,0,0,3962,hard_ground_18
0.061,3571,0,0,3967,hard_ground_18
0.061,3563,0,0,3956,hard_ground_18
0.061,3571,0,0,3963,hard_ground_18
0.061,3567,0,0,3962,hard_ground_18
0.065,3569,0,0,3965,hard_ground_18
0.065,3575,0,0,3965,hard_ground_18
0.065,3568,0,0,3967,hard_ground_18
0.065,3570,0,0,3964,hard_ground_18
0.068,3569,0,0,3957,hard_ground_18
0.074,3567,0,0,3960,hard_ground_18
0.076,3574,0,0,3961,hard_ground_18
0.082,3572,0,0,3964,hard_ground_18
0.089,3567,0,0,3965,hard_ground_18
0.09,3575,0,0,3959,hard_ground_18
0.096,3576,0,0,3961,hard_ground_18
0.103,3572,0,0,3967,hard_ground_18
0.109,3577,0,0,3966,hard_ground_18
0.11,3579,0,0,3966,hard_ground_18
0.117,3578,0,0,3966,hard_ground_18
0.124,3579,0,0,3964,hard_ground_18
0.124,3583,0,0,3966,hard_ground_18
0.131,3581,0,0,3965,hard_ground_18
0.137,3579,0,0,3967,hard_ground_18
0.144,3583,0,0,3964,hard_ground_18
0.146,3577,0,0,3965,hard_ground_18
0.151,3578,0,0,3971,hard_ground_18
0.158,3579,0,0,3968,hard_ground_18
0.16,3578,0,0,3965,hard_ground_18
0.166,3577,0,0,3964,hard_ground_18
0.172,3578,0,0,3964,hard_ground_18
0.179,3578,0,0,3959,hard_ground_18
0.18,3578,0,0,3967,hard_ground_18
0.186,3577,0,0,3962,hard_ground_18
0.193,3580,0,0,3962,hard_ground_18
0.198,3582,0,0,3960,hard_ground_18
0.2,3572,0,0,3962,hard_ground_18
0.209,3578,0,0,3962,hard_ground_18
0.213,3577,0,0,3968,hard_ground_18
0.214,3577,0,0,3962,hard_ground_18
0.224,3577,0,0,3962,hard_ground_18
0.228,3577,0,0,3965,hard_ground_18
0.233,3578,0,0,3963,hard_ground_18
0.236,3579,0,0,3966,hard_ground_18
0.244,3576,0,0,3964,hard_ground_18
0.249,3576,0,0,3965,hard_ground_18
0.249,3580,0,0,3962,hard_ground_18
0.258,3577,0,0,3961,hard_ground_18
0.263,3577,0,0,3960,hard_ground_18
0.263,3575,0,0,3965,hard_ground_18
0.271,3580,0,0,3962,hard_ground_18
0.276,3578,0,0,3965,hard_ground_18
0.283,3578,0,0,3965,hard_ground_18
0.288,3581,0,0,3964,hard_ground_18
0.292,3576,0,0,3960,hard_ground_18
0.297,3579,0,0,3960,hard_ground_18
0.304,3576,0,0,3962,hard_ground_18
0.304,3576,0,0,3964,hard_ground_18
0.311,3574,0,0,3967,hard_ground_18
0.318,3572,0,0,3962,hard_ground_18
0.319,3579,0,0,3965,hard_ground_18
0.325,3578,0,0,3962,hard_ground_18
0.333,3576,0,0,3964,hard_ground_18
0.339,3579,0,0,3963,hard_ground_18
0.343,3580,0,0,3957,hard_ground_18
0.347,3577,0,0,3962,hard_ground_18
0.353,3580,0,0,3957,hard_ground_18
0.354,3579,0,0,3963,hard_ground_18
0.36,3571,0,0,3963,hard_ground_18
0.368,3578,0,0,3963,hard_ground_18
0.374,3577,0,0,3965,hard_ground_18
0.374,3573,0,0,3963,hard_ground_18
0.381,3574,0,0,3961,hard_ground_18
0.387,3571,0,0,3961,hard_ground_18
0.393,3579,0,0,3962,hard_ground_18
0.395,3583,0,0,3961,hard_ground_18
0.403,3578,0,0,3959,hard_ground_18
0.408,3575,0,0,3961,hard_ground_18
0.409,3576,0,0,3965,hard_ground_18
0.416,3578,0,0,3957,hard_ground_18
0.422,3574,0,0,3960,hard_ground_18
0.424,3577,0,0,3962,hard_ground_18
0.43,3577,0,0,3968,hard_ground_18
0.437,3580,0,0,3956,hard_ground_18
0.443,3578,0,0,3960,hard_ground_18
0.448,3581,0,0,3961,hard_ground_18
0.45,3577,0,0,3962,hard_ground_18
0.457,3579,0,0,3962,hard_ground_18
0.463,3577,0,0,3957,hard_ground_18
0.464,3575,0,0,3962,hard_ground_18
0.471,3580,0,0,3961,hard_ground_18
0.478,3575,0,0,3965,hard_ground_18
0.478,3581,0,0,3961,hard_ground_18
0.486,3584,0,0,3962,hard_ground_18
0.491,3586,0,0,3959,hard_ground_18
0.498,3580,0,0,3961,hard_ground_18
0.499,3581,0,0,3967,hard_ground_18
0.506,3580,0,0,3957,hard_ground_18
0.512,3580,0,0,3964,hard_ground_18
0.514,3576,0,0,3964,hard_ground_18
0.519,3577,0,0,3957,hard_ground_18
0.527,3577,0,0,3959,hard_ground_18
0.533,3580,0,0,3961,hard_ground_18
0.534,3577,0,0,3956,hard_ground_18
0.54,3581,0,0,3960,hard_ground_18
0.547,3581,0,0,3962,hard_ground_18
0.553,3578,0,0,3961,hard_ground_18
0.557,3578,0,0,3961,hard_ground_18
0.561,3576,0,0,3960,hard_ground_18
0.568,3574,0,0,3961,hard_ground_18
0.573,3577,0,0,3960,hard_ground_18
0.575,3577,0,0,3960,hard_ground_18
0.582,3578,0,0,3958,hard_ground_18
0.582,3578,0,0,3957,hard_ground_18
0.59,3572,0,0,3961,hard_ground_18
0.596,3573,0,0,3967,hard_ground_18
0.603,3577,0,0,3962,hard_ground_18
0.607,3580,0,0,3962,hard_ground_18
0.611,3577,0,0,3961,hard_ground_18
0.616,3574,0,0,3961,hard_ground_18
0.619,3576,0,0,3964,hard_ground_18
0.624,3579,0,0,3963,hard_ground_18
0.632,3572,0,0,3961,hard_ground_18
0.638,3571,0,0,3962,hard_ground_18
0.639,3574,0,0,3960,hard_ground_18
0.645,3572,0,0,3962,hard_ground_18
0.652,3572,0,0,3963,hard_ground_18
0.658,3575,0,0,3957,hard_ground_18
0.659,3573,0,0,3957,hard_ground_18
0.665,3575,0,0,3960,hard_ground_18
0.672,3569,0,0,3957,hard_ground_18
0.672,3570,0,0,3960,hard_ground_18
0.681,3571,0,0,3961,hard_ground_18
0.686,3575,0,0,3957,hard_ground_18
0.692,3572,0,0,3957,hard_ground_18
0.697,3573,0,0,3955,hard_ground_18
0.7,3571,0,0,3955,hard_ground_18
0.707,3569,0,0,3962,hard_ground_18
0.709,3572,0,0,3961,hard_ground_18
0.714,3567,0,0,3960,hard_ground_18
0.722,3578,0,0,3962,hard_ground_18
0.727,3571,0,0,3962,hard_ground_18
0.733,3569,0,0,3957,hard_ground_18
0.735,3566,0,0,3959,hard_ground_18
0.742,3568,0,0,3957,hard_ground_18
0.748,3562,0,0,3958,hard_ground_18
0.749,3565,0,0,3956,hard_ground_18
0.756,3562,0,0,3956,hard_ground_18
0.763,3568,0,0,3953,hard_ground_18
0.763,3566,0,0,3961,hard_ground_18
0.772,3567,0,0,3955,hard_ground_18
0.776,3569,0,0,3956,hard_ground_18
0.778,3564,0,0,3955,hard_ground_18
0.783,3566,0,0,3960,hard_ground_18
0.792,3562,0,0,3954,hard_ground_18
0.798,3568,0,0,3957,hard_ground_18
0.802,3569,0,0,3953,hard_ground_18
0.805,3566,0,0,3950,hard_ground_18
0.811,3562,0,0,3950,hard_ground_18
0.813,3563,0,0,3953,hard_ground_18
0.822,3566,0,0,3948,hard_ground_18
0.825,3560,0,0,3952,hard_ground_18
0.832,3563,0,0,3956,hard_ground_18
0.832,3560,0,0,3951,hard_ground_18
0.839,3564,0,0,3956,hard_ground_18
0.846,3561,0,0,3945,hard_ground_18
0.852,3557,0,0,3950,hard_ground_18
0.853,3559,0,0,3947,hard_ground_18
0.86,3556,0,0,3948,hard_ground_18
0.866,3556,0,0,3949,hard_ground_18
0.872,3556,0,0,3950,hard_ground_18
0.873,3557,0,0,3947,hard_ground_18
0.882,3563,0,0,3949,hard_ground_18
0.888,3556,0,0,3947,hard_ground_18
0.888,3559,0,0,3945,hard_ground_18
0.894,3554,0,0,3951,hard_ground_18
0.901,3557,0,0,3946,hard_ground_18
0.903,3557,0,0,3945,hard_ground_18
0.908,3555,0,0,3944,hard_ground_18
0.916,3552,0,0,3946,hard_ground_18
0.922,3556,0,0,3943,hard_ground_18
0.923,3556,0,0,3946,hard_ground_18
0.931,3558,0,0,3945,hard_ground_18
0.937,3555,0,0,3943,hard_ground_18
0.942,3553,0,0,3943,hard_ground_18
0.944,3552,0,0,3947,hard_ground_18
0.95,3554,0,0,3945,hard_ground_18
0.957,3551,0,0,3943,hard_ground_18
0.958,3553,0,0,3941,hard_ground_18
0.964,3553,0,0,3942,hard_ground_18
0.971,3554,0,0,3942,hard_ground_18
0.977,3547,0,0,3943,hard_ground_18
0.981,3552,0,0,3943,hard_ground_18
0.985,3553,0,0,3941,hard_ground_18
0.992,3553,0,0,3942,hard_ground_18
0.993,3552,0,0,3944,hard_ground_18
0.999,3552,0,0,3945,hard_ground_18
1.006,3556,0,0,3943,hard_ground_18
1.012,3549,0,0,3940,hard_ground_18
1.016,3555,0,0,3942,hard_ground_18
1.019,3552,0,0,3945,hard_ground_18
1.026,3553,0,0,3939,hard_ground_18
1.032,3554,0,0,3942,hard_ground_18
1.033,3547,0,0,3945,hard_ground_18
1.04,3551,0,0,3945,hard_ground_18
1.047,3553,0,0,3945,hard_ground_18
1.049,3550,0,0,3945,hard_ground_18
1.054,3545,0,0,3940,hard_ground_18
1.061,3549,0,0,3942,hard_ground_18
1.063,3545,0,0,3944,hard_ground_18
1.068,3548,0,0,3941,hard_ground_18
1.075,3548,0,0,3942,hard_ground_18
1.083,3547,0,0,3945,hard_ground_18
1.083,3547,0,0,3943,hard_ground_18
1.091,3543,0,0,3943,hard_ground_18
1.096,3545,0,0,3943,hard_ground_18
1.102,3547,0,0,3943,hard_ground_18
1.103,3549,0,0,3942,hard_ground_18
1.111,3546,0,0,3942,hard_ground_18
1.116,3544,0,0,3941,hard_ground_18
1.118,3540,0,0,3941,hard_ground_18
1.123,3541,0,0,3945,hard_ground_18
1.13,3543,0,0,3947,hard_ground_18
1.137,3542,0,0,3939,hard_ground_18
1.137,3544,0,0,3939,hard_ground_18
1.147,3535,0,0,3939,hard_ground_18
1.151,3534,0,0,3940,hard_ground_18
1.151,3530,0,0,3941,hard_ground_18
1.159,3532,0,0,3938,hard_ground_18
1.167,3529,0,0,3940,hard_ground_18
1.172,3526,0,0,3938,hard_ground_18
1.175,3519,0,0,3927,hard_ground_18
1.179,3500,0,0,3913,hard_ground_18
1.186,3497,0,0,3907,hard_ground_18
1.192,3499,0,0,3907,hard_ground_18
1.193,3505,0,0,3938,hard_ground_18
1.2,3482,0,0,3955,hard_ground_18
1.207,3496,0,0,3942,hard_ground_18
1.207,3436,0,0,3952,hard_ground_18
1.216,3175,0,0,3956,hard_ground_18
1.221,3230,0,0,3973,hard_ground_18
1.227,1658,0,0,3989,hard_ground_18
1.229,0,0,0,4004,hard_ground_18
1.235,0,1309,0,4010,hard_ground_18
1.241,0,0,0,4021,hard_ground_18
1.243,0,0,0,4025,hard_ground_18
1.25,0,1998,0,4031,hard_ground_18
1.255,0,2870,0,4041,hard_ground_18
1.262,0,3041,0,4042,hard_ground_18
1.262,0,3050,0,4043,hard_ground_18
1.272,0,3105,0,4037,hard_ground_18
1.276,0,3138,0,4031,hard_ground_18
1.282,0,2914,0,4024,hard_ground_18
1.283,0,2026,0,4009,hard_ground_18
1.29,0,1725,0,3990,hard_ground_18
1.297,0,1337,0,3991,hard_ground_18
1.298,0,2028,0,4005,hard_ground_18
1.304,0,3135,0,3996,hard_ground_18
1.311,0,3291,0,4014,hard_ground_18
1.317,0,3303,0,4027,hard_ground_18
1.318,0,3478,0,4029,hard_ground_18
1.326,0,3565,0,4032,hard_ground_18
1.332,0,3602,0,4029,hard_ground_18
1.332,0,3603,0,4033,hard_ground_18
1.339,0,3580,0,4029,hard_ground_18
1.345,0,3528,0,4025,hard_ground_18
1.351,0,3524,0,4011,hard_ground_18
1.356,0,3485,0,3992,hard_ground_18
1.36,0,3396,0,3998,hard_ground_18
1.367,0,3337,0,4013,hard_ground_18
1.367,0,3462,0,4028,hard_ground_18
1.377,0,3567,0,4026,hard_ground_18
1.38,0,3571,0,4026,hard_ground_18
1.384,0,3554,0,4021,hard_ground_18
1.391,0,3517,0,3997,hard_ground_18
1.394,0,3390,0,3972,hard_ground_18
1.401,0,3127,0,3972,hard_ground_18
1.401,0,2486,0,3970,hard_ground_18
1.409,0,2944,0,3987,hard_ground_18
1.415,0,3366,0,4019,hard_ground_18
1.421,0,3549,0,4027,hard_ground_18
1.426,0,3709,0,4030,hard_ground_18
1.429,0,3739,0,4040,hard_ground_18
1.437,0,3733,0,4032,hard_ground_18
1.437,0,3724,0,4023,hard_ground_18
1.447,0,3706,0,3999,hard_ground_18
1.451,0,3618,0,3984,hard_ground_18
1.457,0,3424,0,3976,hard_ground_18
1.461,0,3196,0,3949,hard_ground_18
1.463,0,2644,0,3961,hard_ground_18
1.471,0,2715,0,3949,hard_ground_18
1.471,0,3343,0,3979,hard_ground_18
1.482,0,3649,0,3994,hard_ground_18
1.485,0,3780,0,4015,hard_ground_18
1.492,0,3837,0,4016,hard_ground_18
1.496,0,3853,0,4023,hard_ground_18
1.499,0,3825,0,4002,hard_ground_18
1.505,0,3778,0,3986,hard_ground_18
1.512,0,3687,0,3978,hard_ground_18
1.512,0,3555,0,3969,hard_ground_18
1.52,0,3442,0,3949,hard_ground_18
1.527,0,3446,0,3931,hard_ground_18
1.528,0,3461,0,3942,hard_ground_18
1.536,0,3511,0,3989,hard_ground_18
1.54,0,3628,0,4024,hard_ground_18
1.544,0,3732,0,4029,hard_ground_18
1.551,0,3825,0,4033,hard_ground_18
1.554,0,3860,0,4032,hard_ground_18
1.56,0,3869,0,4022,hard_ground_18
1.566,0,3863,0,4016,hard_ground_18
1.568,0,3830,0,4027,hard_ground_18
1.575,0,3779,0,4018,hard_ground_18
1.581,0,3687,0,4014,hard_ground_18
1.586,0,3608,0,4021,hard_ground_18
1.589,0,3613,0,4021,hard_ground_18
1.596,0,3658,0,4007,hard_ground_18
1.597,0,3692,0,3991,hard_ground_18
1.605,0,3628,0,3972,hard_ground_18
1.61,0,3489,0,3954,hard_ground_18
1.617,0,3416,0,3837,hard_ground_18
1.617,0,3319,0,3560,hard_ground_18
1.623,0,3051,0,3729,hard_ground_18
1.63,0,2080,0,3938,hard_ground_18
1.634,0,1655,0,3993,hard_ground_18
1.64,0,2811,0,4002,hard_ground_18
1.644,0,3554,0,4014,hard_ground_18
1.652,0,3780,3672,4015,hard_ground_18
1.652,0,3837,3383,4001,hard_ground_18
1.658,0,3836,0,3968,hard_ground_18
1.665,0,3787,0,3956,hard_ground_18
1.671,0,3753,0,3865,hard_ground_18
1.672,0,3665,0,3926,hard_ground_18
1.681,0,3495,0,3974,hard_ground_18
1.686,0,3343,3219,3994,hard_ground_18
1.691,0,3441,3157,3967,hard_ground_18
1.693,0,3541,2450,3993,hard_ground_18
1.7,0,3608,0,3976,hard_ground_18
1.706,0,3627,0,3945,hard_ground_18
1.711,0,3559,0,3944,hard_ground_18
1.714,0,3239,0,3935,hard_ground_18
1.721,0,3147,0,3942,hard_ground_18
1.721,0,3045,0,3959,hard_ground_18
1.731,0,3311,1431,3951,hard_ground_18
1.735,0,3413,3151,3958,hard_ground_18
1.741,0,3352,3104,3956,hard_ground_18
1.742,0,3482,2563,3938,hard_ground_18
1.751,0,3592,0,3890,hard_ground_18
1.755,0,3584,0,3783,hard_ground_18
1.762,0,3488,0,3806,hard_ground_18
1.762,0,3348,0,3864,hard_ground_18
1.771,0,3332,0,3900,hard_ground_18
1.776,0,3331,1458,3918,hard_ground_18
1.777,0,3460,1140,3918,hard_ground_18
1.783,0,3698,0,3908,hard_ground_18
1.79,0,3758,0,3911,hard_ground_18
1.796,0,3787,0,3926,hard_ground_18
1.797,0,3802,1520,3919,hard_ground_18
1.804,0,3769,2967,3909,hard_ground_18
1.811,0,3750,3027,3878,hard_ground_18
1.811,0,3761,2486,3826,hard_ground_18
1.82,0,3749,834,3785,hard_ground_18
1.825,0,3749,0,3759,hard_ground_18
1.827,0,3742,0,3743,hard_ground_18
1.832,0,3744,0,3777,hard_ground_18
1.839,0,3761,0,3870,hard_ground_18
1.845,0,3770,0,3918,hard_ground_18
1.851,0,3786,0,3942,hard_ground_18
1.853,0,3792,0,3952,hard_ground_18
1.86,0,3790,0,3969,hard_ground_18
1.866,0,3778,0,3967,hard_ground_18
1.867,0,3799,0,3981,hard_ground_18
1.874,0,3792,0,3991,hard_ground_18
1.88,0,3787,0,3998,hard_ground_18
1.882,0,3776,0,4002,hard_ground_18
1.891,0,3765,0,4013,hard_ground_18
1.894,0,3767,0,3997,hard_ground_18
1.9,0,3767,0,3999,hard_ground_18
1.906,0,3752,0,3998,hard_ground_18
1.91,0,3735,0,3999,hard_ground_18
1.916,0,3695,0,3994,hard_ground_18
1.921,0,3633,0,3995,hard_ground_18
1.923,0,3617,0,3986,hard_ground_18
1.931,0,3594,0,3982,hard_ground_18
1.937,0,3622,0,3976,hard_ground_18
1.938,0,3641,0,3981,hard_ground_18
1.943,0,3700,0,3983,hard_ground_18
1.95,0,3747,0,3989,hard_ground_18
1.956,0,3769,0,3983,hard_ground_18
1.957,0,3795,0,3992,hard_ground_18
1.964,0,3789,0,3991,hard_ground_18
1.971,0,3788,0,3992,hard_ground_18
1.972,0,3795,0,3989,hard_ground_18
1.98,0,3785,0,3979,hard_ground_18
1.984,0,3782,0,3977,hard_ground_18
1.988,0,3764,0,3960,hard_ground_18
1.992,0,3755,0,3958,hard_ground_18
1.998,0,3756,0,3955,hard_ground_18
2.005,0,3767,0,3955,hard_ground_18
2.011,0,3789,0,3967,hard_ground_18
2.012,0,3797,0,3978,hard_ground_18
2.019,0,3831,0,3987,hard_ground_18
2.025,0,3822,0,3994,hard_ground_18
2.026,0,3800,0,3997,hard_ground_18
2.033,0,3792,0,3992,hard_ground_18
2.04,0,3767,0,3996,hard_ground_18
2.046,0,3727,0,3983,hard_ground_18
2.047,0,3643,0,3990,hard_ground_18
2.054,0,3568,0,3985,hard_ground_18
2.061,0,3513,0,3994,hard_ground_18
2.061,0,3555,0,3997,hard_ground_18
2.068,0,3599,0,3991,hard_ground_18
2.075,0,3673,0,3997,hard_ground_18
2.081,0,3761,0,3997,hard_ground_18
2.081,0,3798,0,4003,hard_ground_18
2.089,0,3817,0,4003,hard_ground_18
2.096,0,3830,0,4012,hard_ground_18
2.096,0,3822,0,4004,hard_ground_18
2.105,0,3807,0,4005,hard_ground_18
2.109,0,3778,0,3996,hard_ground_18
2.113,0,3720,0,3976,hard_ground_18
2.117,0,3635,0,3938,hard_ground_18
2.123,0,3609,0,3903,hard_ground_18
2.131,0,3647,0,3875,hard_ground_18
2.131,0,3711,0,3904,hard_ground_18
2.137,0,3753,0,3946,hard_ground_18
2.144,0,3788,0,3975,hard_ground_18
2.15,0,3808,0,3986,hard_ground_18
2.152,0,3833,0,3992,hard_ground_18
2.158,0,3828,0,3998,hard_ground_18
2.165,0,3803,0,4000,hard_ground_18
2.166,0,3774,0,3999,hard_ground_18
2.173,0,3732,0,3989,hard_ground_18
2.179,0,3683,0,3988,hard_ground_18
2.185,0,3680,0,3989,hard_ground_18
2.186,0,3741,0,3989,hard_ground_18
2.193,0,3782,0,3993,hard_ground_18
2.2,0,3797,0,4001,hard_ground_18
2.2,0,3813,0,4009,hard_ground_18
2.209,0,3829,0,4005,hard_ground_18
2.214,0,3808,0,3994,hard_ground_18
2.22,0,3781,0,3987,hard_ground_18
2.225,0,3735,0,3975,hard_ground_18
2.229,0,3626,0,3968,hard_ground_18
2.234,0,3590,0,3967,hard_ground_18
2.236,0,3652,0,3977,hard_ground_18
2.241,0,3741,0,3986,hard_ground_18
2.248,0,3782,0,3997,hard_ground_18
2.256,0,3801,0,4002,hard_ground_18
2.256,0,3812,0,4009,hard_ground_18
2.262,0,3787,0,4007,hard_ground_18
2.27,0,3753,0,4003,hard_ground_18
2.271,0,3708,0,4003,hard_ground_18
2.28,0,3653,0,3993,hard_ground_18
2.283,0,3702,0,3996,hard_ground_18
2.29,0,3758,0,3999,hard_ground_18
2.295,0,3788,0,4008,hard_ground_18
2.297,0,3816,0,4007,hard_ground_18
2.304,0,3812,0,4017,hard_ground_18
2.31,0,3836,0,4011,hard_ground_18
2.311,0,3800,0,3999,hard_ground_18
2.319,0,3765,0,3988,hard_ground_18
2.324,0,3723,0,3961,hard_ground_18
2.327,0,3608,0,3953,hard_ground_18
2.332,0,3608,0,3956,hard_ground_18
2.339,0,3680,0,3964,hard_ground_18
2.345,0,3737,0,3977,hard_ground_18
2.35,0,3793,0,3994,hard_ground_18
2.353,0,3813,0,4000,hard_ground_18
2.36,0,3824,0,4007,hard_ground_18
2.36,0,3837,0,4011,hard_ground_18
2.368,0,3802,0,4005,hard_ground_18
2.373,0,3786,0,4006,hard_ground_18
2.376,0,3749,0,3996,hard_ground_18
2.385,0,3721,0,3990,hard_ground_18
2.387,0,3720,0,3991,hard_ground_18
2.394,0,3761,0,3996,hard_ground_18
2.394,0,3791,0,3997,hard_ground_18
2.401,0,3805,0,4008,hard_ground_18
2.408,0,3811,0,4003,hard_ground_18
2.415,0,3795,0,4004,hard_ground_18
2.42,0,3803,0,4006,hard_ground_18
2.422,0,3743,0,3999,hard_ground_18
2.429,0,3667,0,3997,hard_ground_18
2.429,0,3584,0,3992,hard_ground_18
2.438,0,3559,0,3987,hard_ground_18
2.443,0,3574,0,3992,hard_ground_18
2.45,0,3620,0,4004,hard_ground_18
2.455,0,3738,0,4008,hard_ground_18
2.457,0,3784,0,4008,hard_ground_18
2.464,0,3799,0,4006,hard_ground_18
2.47,0,3831,0,4018,hard_ground_18
2.471,0,3851,0,4011,hard_ground_18
2.478,0,3856,0,4012,hard_ground_18
2.485,0,3848,0,4006,hard_ground_18
2.489,0,3796,0,4010,hard_ground_18
2.491,0,3774,0,3993,hard_ground_18
2.498,0,3746,0,3960,hard_ground_18
2.505,0,3701,0,3946,hard_ground_18
2.506,0,3691,0,3938,hard_ground_18
2.513,0,3707,0,3957,hard_ground_18
2.519,0,3762,0,3973,hard_ground_18
2.521,0,3784,0,4000,hard_ground_18
2.526,0,3792,0,4004,hard_ground_18
2.533,0,3837,0,4014,hard_ground_18
2.54,0,3815,0,4010,hard_ground_18
2.544,0,3784,0,4011,hard_ground_18
2.547,0,3730,0,4013,hard_ground_18
2.554,0,3590,0,3999,hard_ground_18
2.555,0,3498,0,4011,hard_ground_18
2.564,0,3489,0,4003,hard_ground_18
2.568,0,3536,0,4007,hard_ground_18
2.574,0,3645,0,4012,hard_ground_18
2.575,0,3723,0,4014,hard_ground_18
2.583,0,3768,0,4019,hard_ground_18
2.588,0,3794,0,4019,hard_ground_18
2.59,0,3815,0,4013,hard_ground_18
2.596,0,3794,0,4012,hard_ground_18
2.603,0,3784,0,4005,hard_ground_18
2.609,0,3768,0,3999,hard_ground_18
2.609,0,3740,0,3999,hard_ground_18
2.616,0,3733,0,3983,hard_ground_18
2.623,0,3765,0,3985,hard_ground_18
2.629,0,3769,0,3969,hard_ground_18
2.63,0,3776,0,3963,hard_ground_18
2.637,0,3779,0,3981,hard_ground_18
2.644,0,3779,0,3990,hard_ground_18
2.645,0,3788,0,4001,hard_ground_18
2.653,0,3809,0,3999,hard_ground_18
2.658,0,3819,0,4004,hard_ground_18
2.664,0,3824,0,4005,hard_ground_18
2.666,0,3805,0,4005,hard_ground_18
2.672,0,3758,0,4005,hard_ground_18
2.679,0,3614,0,3992,hard_ground_18
2.679,0,3447,0,3987,hard_ground_18
2.689,0,3445,0,3964,hard_ground_18
2.693,0,3565,0,3970,hard_ground_18
2.7,0,3702,0,3993,hard_ground_18
2.704,0,3830,0,3999,hard_ground_18
2.707,0,3862,0,4005,hard_ground_18
2.714,0,3875,0,4013,hard_ground_18
2.715,0,3869,0,4016,hard_ground_18
2.721,0,3860,0,4013,hard_ground_18
2.728,0,3814,0,4007,hard_ground_18
2.734,0,3775,0,4011,hard_ground_18
2.739,0,3750,0,4006,hard_ground_18
2.741,0,3744,0,4006,hard_ground_18
2.748,0,3732,0,4004,hard_ground_18
2.753,0,3729,0,4010,hard_ground_18
2.755,0,3733,0,4014,hard_ground_18
2.762,0,3743,0,4012,hard_ground_18
2.769,0,3737,0,4011,hard_ground_18
2.77,0,3713,0,4010,hard_ground_18
2.776,0,3697,0,4008,hard_ground_18
2.783,0,3686,0,4010,hard_ground_18
2.788,0,3649,0,3992,hard_ground_18
2.79,0,3540,0,3972,hard_ground_18
2.798,0,3384,0,3964,hard_ground_18
2.804,0,3325,0,3959,hard_ground_18
2.805,0,3404,0,3981,hard_ground_18
2.811,0,3621,0,3983,hard_ground_18
2.818,0,3786,0,3991,hard_ground_18
2.824,0,3816,0,3991,hard_ground_18
2.829,0,3786,0,3984,hard_ground_18
2.832,0,3677,0,3981,hard_ground_18
2.839,0,3624,0,3990,hard_ground_18
2.839,0,3593,0,3991,hard_ground_18
2.846,0,3667,0,4002,hard_ground_18
2.853,0,3766,0,4009,hard_ground_18
2.859,0,3825,0,4018,hard_ground_18
2.86,0,3849,0,4024,hard_ground_18
2.866,0,3849,0,4030,hard_ground_18
2.873,0,3858,0,4030,hard_ground_18
2.874,0,3852,0,4026,hard_ground_18
2.88,0,3848,0,4023,hard_ground_18
2.889,0,3832,0,4016,hard_ground_18
2.894,0,3814,0,4016,hard_ground_18
2.895,0,3789,0,4018,hard_ground_18
2.901,0,3771,0,4013,hard_ground_18
2.908,0,3743,0,4011,hard_ground_18
2.913,0,3709,0,4005,hard_ground_18
2.915,0,3693,0,4002,hard_ground_18
2.922,0,3701,0,3997,hard_ground_18
2.929,0,3700,0,4003,hard_ground_18
2.929,0,3728,0,4001,hard_ground_18
2.935,0,3738,0,3983,hard_ground_18
2.943,0,3664,0,3963,hard_ground_18
2.949,0,3388,0,3950,hard_ground_18
2.953,0,3193,0,3958,hard_ground_18
2.958,0,3363,0,3969,hard_ground_18
2.964,0,3595,0,3987,hard_ground_18
2.964,0,3763,0,3995,hard_ground_18
2.973,0,3803,0,4002,hard_ground_18
2.977,0,3784,0,4003,hard_ground_18
2.983,0,3737,0,3989,hard_ground_18
2.985,0,3656,0,3973,hard_ground_18
2.992,0,3669,0,3987,hard_ground_18
2.998,0,3763,0,3998,hard_ground_18
3.001,0,3807,0,4019,hard_ground_18
3.005,0,3842,0,4035,hard_ground_18
3.012,0,3852,0,4030,hard_ground_18
3.018,0,3858,0,4028,hard_ground_18
3.023,0,3823,0,4025,hard_ground_18
3.026,0,3768,0,4020,hard_ground_18
3.034,0,3707,0,4015,hard_ground_18
3.034,0,3637,0,4003,hard_ground_18
3.042,0,3613,0,4004,hard_ground_18
3.047,0,3686,0,4001,hard_ground_18
3.053,0,3735,0,4006,hard_ground_18
3.054,0,3756,0,4006,hard_ground_18
3.061,0,3769,0,4005,hard_ground_18
3.068,0,3788,0,4009,hard_ground_18
3.07,0,3786,0,4007,hard_ground_18
3.075,0,3784,0,4000,hard_ground_18
3.082,0,3781,0,3998,hard_ground_18
3.088,0,3781,0,4005,hard_ground_18
3.089,0,3756,0,4009,hard_ground_18
3.096,0,3690,0,4008,hard_ground_18
3.103,0,3600,0,3985,hard_ground_18
3.108,0,3481,0,3985,hard_ground_18
3.109,0,3487,0,3986,hard_ground_18
3.117,0,3649,0,3980,hard_ground_18
3.123,0,3720,0,3996,hard_ground_18
3.124,0,3640,0,3970,hard_ground_18
3.13,0,3514,0,3957,hard_ground_18
3.137,0,3238,0,3942,hard_ground_18
3.139,0,2715,0,3926,hard_ground_18
3.148,0,2667,0,3929,hard_ground_18
3.151,0,2813,0,3940,hard_ground_18
3.158,0,3218,0,3964,hard_ground_18
3.158,0,3471,0,3983,hard_ground_18
3.165,0,3599,0,3990,hard_ground_18
3.172,0,3646,1979,4005,hard_ground_18
3.174,0,3602,2323,3990,hard_ground_18
3.182,0,3515,1960,3992,hard_ground_18
3.186,0,3244,0,3973,hard_ground_18
3.193,0,3059,0,3950,hard_ground_18
3.193,0,2819,0,3921,hard_ground_18
3.2,0,2461,0,3874,hard_ground_18
3.206,0,1173,0,3844,hard_ground_18
3.209,0,0,0,3854,hard_ground_18
3.217,0,0,0,3857,hard_ground_18
3.22,0,0,1322,3848,hard_ground_18
3.228,0,1514,1722,3815,hard_ground_18
3.228,0,2533,1756,3779,hard_ground_18
3.238,0,2680,1796,3693,hard_ground_18
3.241,0,2416,1787,3691,hard_ground_18
3.248,0,0,1832,3688,hard_ground_18
3.252,0,0,2039,3536,hard_ground_18
3.255,0,0,2495,3347,hard_ground_18
3.262,0,0,2945,2709,hard_ground_18
3.262,0,0,2981,2747,hard_ground_18
3.269,0,0,2955,1978,hard_ground_18
3.276,0,0,2942,2136,hard_ground_18
3.282,0,0,2980,0,hard_ground_18
3.287,0,0,3097,0,hard_ground_18
3.29,0,0,3169,0,hard_ground_18
3.297,0,0,3162,0,hard_ground_18
3.297,0,0,2993,0,hard_ground_18
3.308,0,0,2821,0,hard_ground_18
3.311,0,0,2743,0,hard_ground_18
3.318,0,0,2706,0,hard_ground_18
3.322,0,0,2676,0,hard_ground_18
3.325,0,0,2593,1877,hard_ground_18
3.332,0,0,2273,3289,hard_ground_18
3.338,0,0,1513,3617,hard_ground_18
3.343,0,0,1511,3702,hard_ground_18
3.346,0,0,1543,3768,hard_ground_18
3.352,0,0,1061,3776,hard_ground_18
3.354,0,0,0,3787,hard_ground_18
3.361,0,0,0,3782,hard_ground_18
3.366,0,0,0,3790,hard_ground_18
3.369,0,0,0,3827,hard_ground_18
3.373,0,0,1741,3855,hard_ground_18
3.38,0,0,1756,3877,hard_ground_18
3.387,0,0,2089,3884,hard_ground_18
3.392,0,0,2251,3879,hard_ground_18
3.394,0,0,2337,3881,hard_ground_18
3.401,0,0,2288,3866,hard_ground_18
3.408,0,0,2231,3874,hard_ground_18
3.41,0,0,2380,3899,hard_ground_18
3.415,0,0,2488,3945,hard_ground_18
3.422,0,0,2579,3981,hard_ground_18
3.423,0,0,2757,3982,hard_ground_18
3.432,0,1566,2743,3993,hard_ground_18
3.436,0,2230,2632,3992,hard_ground_18
3.443,0,861,2382,3975,hard_ground_18
3.443,0,1405,2280,3953,hard_ground_18
3.45,0,1817,1744,3917,hard_ground_18
3.456,0,1893,1549,3870,hard_ground_18
3.462,0,1496,1310,3948,hard_ground_18
3.464,0,0,1803,4002,hard_ground_18
3.471,0,2106,1846,4012,hard_ground_18
3.477,0,2796,0,4008,hard_ground_18
3.478,0,3098,0,4003,hard_ground_18
3.484,0,3337,0,3998,hard_ground_18
3.492,0,3314,0,4014,hard_ground_18
3.497,0,3223,0,4015,hard_ground_18
3.502,0,3166,0,4019,hard_ground_18
3.507,0,2595,0,4022,hard_ground_18
3.512,0,2340,0,3982,hard_ground_18
3.514,0,2647,0,3937,hard_ground_18
3.522,0,2872,0,3916,hard_ground_18
3.526,0,2993,0,3968,hard_ground_18
3.531,0,3087,0,3979,hard_ground_18
3.533,0,3292,0,3964,hard_ground_18
3.54,0,3349,0,3961,hard_ground_18
3.546,0,3338,0,3936,hard_ground_18
3.552,0,3376,0,3942,hard_ground_18
3.554,0,3409,0,3960,hard_ground_18
3.561,0,3402,0,3975,hard_ground_18
3.567,0,3479,0,3982,hard_ground_18
3.569,0,3571,0,3975,hard_ground_18
3.574,0,3670,0,3959,hard_ground_18
3.582,0,3743,0,3985,hard_ground_18
3.583,0,3762,0,4007,hard_ground_18
3.592,0,3754,0,4020,hard_ground_18
3.597,0,3740,0,4022,hard_ground_18
3.601,0,3696,0,4013,hard_ground_18
3.606,0,3715,0,4000,hard_ground_18
3.612,0,3722,0,4005,hard_ground_18
3.616,0,3702,0,4020,hard_ground_18
3.623,0,3725,0,4028,hard_ground_18
3.626,0,3769,0,4019,hard_ground_18
3.631,0,3796,0,4023,hard_ground_18
3.637,0,3821,0,4008,hard_ground_18
3.642,0,3824,0,4007,hard_ground_18
3.644,0,3804,0,4020,hard_ground_18
3.652,0,3793,0,4020,hard_ground_18
3.654,0,3772,0,4024,hard_ground_18
3.658,0,3742,0,4027,hard_ground_18
3.665,0,3787,0,4029,hard_ground_18
3.668,0,3828,0,4025,hard_ground_18
3.677,0,3856,0,4026,hard_ground_18
3.679,0,3850,0,4031,hard_ground_18
3.686,0,3858,0,4032,hard_ground_18
3.686,0,3879,0,4022,hard_ground_18
3.693,0,3820,0,4041,hard_ground_18
3.7,0,3813,0,4041,hard_ground_18
3.707,0,3837,0,4039,hard_ground_18
3.708,0,3834,0,4034,hard_ground_18
3.714,0,3833,0,4039,hard_ground_18
3.721,0,3808,0,4039,hard_ground_18
3.727,0,3779,0,4038,hard_ground_18
3.728,0,3783,0,4042,hard_ground_18
3.735,0,3796,0,4044,hard_ground_18
3.741,0,3803,0,4042,hard_ground_18
3.743,0,3802,0,4034,hard_ground_18
3.748,0,3792,0,4047,hard_ground_18
3.755,0,3764,0,4047,hard_ground_18
3.758,0,3755,0,4048,hard_ground_18
3.763,0,3754,0,4049,hard_ground_18
3.771,0,3736,0,4046,hard_ground_18
3.776,0,3709,0,4047,hard_ground_18
3.779,0,3642,0,4047,hard_ground_18
3.783,0,3502,0,4050,hard_ground_18
3.79,0,3620,0,4050,hard_ground_18
3.796,0,3693,0,4049,hard_ground_18
3.797,0,3767,0,4050,hard_ground_18
3.804,0,3804,0,4051,hard_ground_18
3.811,0,3770,0,4051,hard_ground_18
3.817,0,3755,0,4056,hard_ground_18
3.817,0,3750,0,4058,hard_ground_18
3.825,0,3725,0,4052,hard_ground_18
3.832,0,3738,0,4052,hard_ground_18
3.832,0,3735,0,4049,hard_ground_18
3.841,0,3737,0,4049,hard_ground_18
3.845,0,3749,0,4053,hard_ground_18
3.848,0,3753,0,4056,hard_ground_18
3.854,0,3778,0,4062,hard_ground_18
3.859,0,3819,0,4056,hard_ground_18
3.866,0,3840,0,4056,hard_ground_18
3.871,0,3857,0,4052,hard_ground_18
3.873,0,3844,0,4050,hard_ground_18
3.88,0,3829,0,4051,hard_ground_18
3.886,0,3775,0,4049,hard_ground_18
3.891,0,3737,0,4049,hard_ground_18
3.894,0,3696,0,4046,hard_ground_18
3.897,0,3674,0,4040,hard_ground_18
3.902,0,3704,0,4043,hard_ground_18
3.908,0,3747,0,4045,hard_ground_18
3.916,0,3773,0,4050,hard_ground_18
3.921,0,3794,0,4054,hard_ground_18
3.923,0,3811,0,4057,hard_ground_18
3.929,0,3807,0,4061,hard_ground_18
3.936,0,3865,0,4059,hard_ground_18
3.937,0,3873,0,4055,hard_ground_18
3.946,0,3893,0,4060,hard_ground_18
3.95,0,3878,0,4058,hard_ground_18
3.956,0,3837,0,4058,hard_ground_18
3.957,0,3807,0,4053,hard_ground_18
3.963,0,3757,0,4047,hard_ground_18
3.97,0,3724,0,4043,hard_ground_18
3.976,0,3716,0,4040,hard_ground_18
3.978,0,3683,0,4039,hard_ground_18
3.984,0,3706,0,4046,hard_ground_18
3.991,0,3747,0,4040,hard_ground_18
3.991,0,3770,0,4040,hard_ground_18
4.001,0,3777,0,4050,hard_ground_18
4.005,0,3762,0,4046,hard_ground_18
4.007,0,3744,0,4045,hard_ground_18
4.015,0,3643,0,4050,hard_ground_18
4.019,0,3482,0,4043,hard_ground_18
4.026,0,3557,0,4033,hard_ground_18
4.026,0,0,0,4027,hard_ground_18
4.033,0,0,0,4027,hard_ground_18
4.039,0,0,0,4017,hard_ground_18
4.046,0,0,0,4001,hard_ground_18
4.047,0,0,0,3988,hard_ground_18
4.056,0,0,0,4008,hard_ground_18
4.06,0,3031,0,4026,hard_ground_18
4.062,0,3679,0,4039,hard_ground_18
4.067,0,3772,0,4045,hard_ground_18
4.074,0,3773,0,4056,hard_ground_18
4.081,0,3673,0,4060,hard_ground_18
4.082,0,3476,0,4056,hard_ground_18
4.089,0,2723,0,4048,hard_ground_18
4.095,0,0,0,4033,hard_ground_18
4.101,0,0,0,4025,hard_ground_18
4.102,0,0,0,4028,hard_ground_18
4.109,0,0,0,4037,hard_ground_18
4.116,0,2988,0,4042,hard_ground_18
4.117,0,3603,0,4047,hard_ground_18
4.123,0,3737,0,4051,hard_ground_18
4.13,0,3785,0,4052,hard_ground_18
4.136,0,3808,0,4055,hard_ground_18
4.137,0,3734,0,4050,hard_ground_18
4.145,3811,3316,0,4054,hard_ground_18
4.151,3584,0,0,4050,hard_ground_18
4.156,0,0,0,4035,hard_ground_18
4.158,0,0,0,4017,hard_ground_18
4.165,0,0,0,4003,hard_ground_18
4.171,0,0,0,3967,hard_ground_18
4.172,0,0,0,3943,hard_ground_18
4.179,0,0,0,3953,hard_ground_18
4.186,0,0,0,3994,hard_ground_18
4.186,0,0,0,4024,hard_ground_18
4.194,1756,0,0,4033,hard_ground_18
4.199,0,0,0,4039,hard_ground_18
4.201,0,1456,0,4043,hard_ground_18
4.206,0,2526,0,4040,hard_ground_18
4.214,0,2781,0,4039,hard_ground_18
4.22,0,2679,0,4043,hard_ground_18
4.22,0,2602,0,4041,hard_ground_18
4.229,0,2596,0,4039,hard_ground_18
4.234,0,2772,0,4043,hard_ground_18
4.236,0,2783,0,4040,hard_ground_18
4.241,0,2676,0,4035,hard_ground_18
4.248,0,2641,0,4031,hard_ground_18
4.256,0,2815,0,4031,hard_ground_18
4.26,0,3228,0,4030,hard_ground_18
4.262,0,3393,0,4036,hard_ground_18
4.27,0,3535,0,4044,hard_ground_18
4.276,0,3629,0,4046,hard_ground_18
4.276,0,3624,0,4041,hard_ground_18
4.282,0,3558,0,4033,hard_ground_18
4.29,0,3409,0,4031,hard_ground_18
4.291,0,3029,0,4030,hard_ground_18
4.3,0,2702,0,4029,hard_ground_18
4.304,0,2994,0,4028,hard_ground_18
4.31,0,3098,0,4026,hard_ground_18
4.311,0,3395,0,4029,hard_ground_18
4.318,0,3480,0,4027,hard_ground_18
4.324,0,3526,0,4032,hard_ground_18
4.33,0,3584,0,4033,hard_ground_18
4.331,0,3609,0,4035,hard_ground_18
4.34,0,3595,0,4038,hard_ground_18
4.346,0,3547,0,4037,hard_ground_18
4.346,0,3536,0,4037,hard_ground_18
4.352,0,3524,0,4036,hard_ground_18
4.359,0,3502,0,4034,hard_ground_18
4.361,0,3504,0,4030,hard_ground_18
4.369,0,3517,0,4029,hard_ground_18
4.374,0,3507,0,4018,hard_ground_18
4.38,0,3527,0,4020,hard_ground_18
4.38,0,3522,0,4022,hard_ground_18
4.389,0,3516,0,4031,hard_ground_18
4.394,0,3491,0,4029,hard_ground_18
4.396,0,3350,0,4031,hard_ground_18
4.404,0,2979,0,4024,hard_ground_18
4.408,0,2864,0,4017,hard_ground_18
4.415,0,2622,0,4019,hard_ground_18
4.415,0,2893,0,4010,hard_ground_18
4.422,0,3281,0,4012,hard_ground_18
4.428,0,3528,0,4011,hard_ground_18
4.434,0,3583,0,4020,hard_ground_18
4.439,0,3545,0,4021,hard_ground_18
4.442,0,3420,0,4022,hard_ground_18
4.45,0,3153,0,4026,hard_ground_18
4.45,0,2848,0,4008,hard_ground_18
4.46,0,1486,0,3990,hard_ground_18
4.463,0,0,0,3988,hard_ground_18
4.469,0,0,0,3969,hard_ground_18
4.474,0,0,0,3965,hard_ground_18
4.477,0,0,0,3969,hard_ground_18
4.485,0,0,0,3985,hard_ground_18
4.49,0,0,0,3985,hard_ground_18
4.491,0,1271,0,3980,hard_ground_18
4.498,0,0,0,3962,hard_ground_18
4.501,0,0,0,3948,hard_ground_18
4.51,0,0,0,3886,hard_ground_18
4.512,0,0,0,3768,hard_ground_18
4.519,0,0,0,3715,hard_ground_18
4.519,0,0,0,3554,hard_ground_18
4.527,0,2465,0,3219,hard_ground_18
4.533,0,2974,0,3199,hard_ground_18
4.54,0,2631,0,3635,hard_ground_18
4.544,0,0,0,3509,hard_ground_18
4.55,0,0,0,3187,hard_ground_18
4.553,0,0,0,0,hard_ground_18
4.56,2509,0,0,0,hard_ground_18
4.561,3684,0,0,0,hard_ground_18
4.568,3850,0,0,0,hard_ground_18
4.574,3844,0,0,0,hard_ground_18
4.576,3733,0,0,0,hard_ground_18
4.581,3637,0,0,0,hard_ground_18
4.588,3470,0,2013,0,hard_ground_18
4.595,2752,0,2369,0,hard_ground_18
4.595,0,0,2388,0,hard_ground_18
4.602,0,0,2490,0,hard_ground_18
4.609,0,0,2629,0,hard_ground_18
4.611,3049,0,2955,0,hard_ground_18
4.618,3573,0,3111,0,hard_ground_18
4.624,3815,0,2996,0,hard_ground_18
4.627,3886,0,2524,0,hard_ground_18
4.635,3905,0,2333,0,hard_ground_18
4.637,3858,0,2253,0,hard_ground_18
4.644,3596,0,2430,0,hard_ground_18
4.645,3145,0,2526,0,hard_ground_18
4.651,2974,0,2666,0,hard_ground_18
4.659,3650,0,2749,0,hard_ground_18
4.664,3838,0,2807,0,hard_ground_18
4.665,3881,0,2920,0,hard_ground_18
4.672,3873,0,3114,0,hard_ground_18
4.678,3885,0,3015,0,hard_ground_18
4.684,3935,0,2788,0,hard_ground_18
4.686,3949,0,2560,0,hard_ground_18
4.692,3928,0,2606,0,hard_ground_18
4.7,3849,0,2791,0,hard_ground_18
4.7,3822,0,3124,0,hard_ground_18
4.706,3897,0,3331,0,hard_ground_18
4.713,3961,0,3147,0,hard_ground_18
4.719,3976,0,2768,0,hard_ground_18
4.72,3940,0,2813,0,hard_ground_18
4.727,3887,0,3246,0,hard_ground_18
4.734,3860,0,3494,0,hard_ground_18
4.734,3890,0,3514,0,hard_ground_18
4.744,3916,0,3492,0,hard_ground_18
4.748,3928,0,3313,0,hard_ground_18
4.754,3903,0,2853,0,hard_ground_18
4.756,3859,0,2392,0,hard_ground_18
4.762,3778,0,2292,0,hard_ground_18
4.768,3786,0,1740,0,hard_ground_18
4.77,3830,0,1738,0,hard_ground_18
4.776,3792,0,1807,0,hard_ground_18
4.783,3775,0,1804,0,hard_ground_18
4.789,3713,0,2340,0,hard_ground_18
4.79,3707,0,2738,0,hard_ground_18
4.797,3707,0,3111,0,hard_ground_18
4.804,3755,0,3220,0,hard_ground_18
4.805,3778,0,3281,0,hard_ground_18
4.814,3741,0,3335,0,hard_ground_18
4.817,3801,0,3374,0,hard_ground_18
4.824,3847,0,3378,0,hard_ground_18
4.825,3917,0,3375,0,hard_ground_18
4.831,3927,0,3287,0,hard_ground_18
4.838,3933,0,3009,0,hard_ground_18
4.841,3902,0,3069,0,hard_ground_18
4.848,3712,0,3224,0,hard_ground_18
4.852,2935,0,3386,0,hard_ground_18
4.859,3570,0,3522,0,hard_ground_18
4.864,3873,0,3589,0,hard_ground_18
4.869,3930,0,3570,0,hard_ground_18
4.873,3930,0,3501,0,hard_ground_18
4.879,3919,0,3562,0,hard_ground_18
4.881,3929,0,3590,0,hard_ground_18
4.887,3926,0,3568,0,hard_ground_18
4.894,3921,0,3496,0,hard_ground_18
4.898,3895,0,3425,0,hard_ground_18
4.901,3711,0,3145,0,hard_ground_18
4.908,3490,0,2843,0,hard_ground_18
4.908,3373,0,0,0,hard_ground_18
4.915,3518,0,0,0,hard_ground_18
4.922,3594,0,1825,0,hard_ground_18
4.929,3691,0,2643,0,hard_ground_18
4.933,3619,0,3128,0,hard_ground_18
4.936,3625,0,3283,0,hard_ground_18
4.942,3593,0,3420,0,hard_ground_18
4.949,3835,0,3477,0,hard_ground_18
4.949,3872,0,3515,0,hard_ground_18
4.956,3911,0,3521,0,hard_ground_18
4.963,3921,0,3521,0,hard_ground_18
4.965,3912,0,3507,0,hard_ground_18
4.97,3888,0,3418,0,hard_ground_18
4.978,3868,0,3344,0,hard_ground_18
4.984,3865,0,3336,0,hard_ground_18
4.989,3853,0,3417,0,hard_ground_18
4.992,3853,0,3493,0,hard_ground_18
4.998,3871,0,3492,0,hard_ground_18
4.999,3880,0,3508,0,hard_ground_18
5.008,3903,0,3526,0,hard_ground_18
5.012,3907,0,3545,0,hard_ground_18
5.016,3890,0,3573,0,hard_ground_18
5.02,3871,0,3564,0,hard_ground_18
5.026,3872,0,3554,0,hard_ground_18
5.033,3852,0,3566,0,hard_ground_18
5.039,3834,0,3546,0,hard_ground_18
5.04,3797,0,3518,0,hard_ground_18
5.046,3748,0,3498,0,hard_ground_18
5.054,3782,0,3482,0,hard_ground_18
5.059,3766,0,3481,0,hard_ground_18
5.061,3813,0,3465,0,hard_ground_18
5.068,3849,0,3457,0,hard_ground_18
5.074,3881,0,3482,0,hard_ground_18
5.074,3904,0,3529,0,hard_ground_18
5.081,3923,0,3539,0,hard_ground_18
5.088,3927,0,3553,0,hard_ground_18
5.089,3933,0,3564,0,hard_ground_18
5.095,3936,0,3555,0,hard_ground_18
5.102,3927,0,3554,0,hard_ground_18
5.109,3907,0,3559,0,hard_ground_18
5.109,3877,0,3568,0,hard_ground_18
5.116,3866,0,3568,0,hard_ground_18
5.123,3860,0,3541,0,hard_ground_18
5.124,3861,0,3541,0,hard_ground_18
5.133,3862,0,3547,0,hard_ground_18
5.137,3868,0,3528,0,hard_ground_18
5.143,3874,0,3545,0,hard_ground_18
5.144,3879,0,3552,0,hard_ground_18
5.151,3896,0,3569,0,hard_ground_18
5.157,3917,0,3586,0,hard_ground_18
5.159,3923,0,3581,0,hard_ground_18
5.165,3926,0,3595,0,hard_ground_18
5.173,3934,0,3581,0,hard_ground_18
5.178,3932,0,3559,0,hard_ground_18
5.179,3934,0,3541,0,hard_ground_18
5.185,3933,0,3530,0,hard_ground_18
5.193,3930,0,3515,0,hard_ground_18
5.193,3935,0,3511,0,hard_ground_18
5.201,3935,0,3513,0,hard_ground_18
5.207,3930,0,3531,0,hard_ground_18
5.213,3924,0,3544,0,hard_ground_18
5.218,3917,0,3544,0,hard_ground_18
5.22,3912,0,3568,0,hard_ground_18
5.227,3870,0,3591,0,hard_ground_18
5.233,3859,0,3632,0,hard_ground_18
5.234,3856,0,3624,0,hard_ground_18
5.242,3846,0,3610,0,hard_ground_18
5.249,3846,0,3567,0,hard_ground_18
5.253,3833,0,3526,0,hard_ground_18
5.256,3777,0,3531,0,hard_ground_18
5.262,3806,0,3556,0,hard_ground_18
5.267,3861,0,3521,0,hard_ground_18
5.27,3895,0,3539,0,hard_ground_18
5.276,3921,0,3562,0,hard_ground_18
5.283,3936,0,3566,0,hard_ground_18
5.287,3939,0,3583,0,hard_ground_18
5.29,3938,0,3588,0,hard_ground_18
5.297,3932,0,3592,0,hard_ground_18
5.303,3954,0,3574,0,hard_ground_18
5.304,3946,0,3560,0,hard_ground_18
5.313,3942,0,3524,0,hard_ground_18
5.317,3933,0,3525,0,hard_ground_18
5.323,3913,0,3528,0,hard_ground_18
5.324,3887,0,3535,0,hard_ground_18
5.331,3881,0,3560,0,hard_ground_18
5.338,3881,0,3618,0,hard_ground_18
5.343,3891,0,3601,0,hard_ground_18
5.345,3894,0,3598,0,hard_ground_18
5.352,3911,0,3582,0,hard_ground_18
5.358,3914,0,3607,0,hard_ground_18
5.359,3921,0,3575,0,hard_ground_18
5.366,3928,0,3556,0,hard_ground_18
5.373,3929,0,3540,0,hard_ground_18
5.373,3947,0,3532,0,hard_ground_18
5.383,3942,0,3535,0,hard_ground_18
5.387,3947,0,3562,0,hard_ground_18
5.393,3952,0,3560,0,hard_ground_18
5.394,3954,0,3573,0,hard_ground_18
5.401,3947,0,3568,0,hard_ground_18
5.408,3920,0,3565,0,hard_ground_18
5.412,3881,0,3562,0,hard_ground_18
5.415,3859,0,3564,0,hard_ground_18
5.422,3848,0,3569,0,hard_ground_18
5.422,3856,0,3557,0,hard_ground_18
5.433,3870,0,3579,0,hard_ground_18
5.435,3880,0,3558,0,hard_ground_18
5.443,3885,0,3562,0,hard_ground_18
5.447,3901,0,3563,0,hard_ground_18
5.449,3918,0,3554,0,hard_ground_18
5.456,3924,0,3567,0,hard_ground_18
5.463,3946,0,3558,0,hard_ground_18
5.463,3971,0,3560,0,hard_ground_18
5.471,3974,0,3547,0,hard_ground_18
5.477,3977,0,3556,0,hard_ground_18
5.483,3975,0,3559,0,hard_ground_18
5.484,3967,0,3534,0,hard_ground_18
5.491,3953,0,3549,0,hard_ground_18
5.498,3951,0,3521,0,hard_ground_18
5.502,3951,0,3551,0,hard_ground_18
5.505,3927,0,3559,0,hard_ground_18
5.513,3919,0,3599,0,hard_ground_18
5.516,3928,0,3602,0,hard_ground_18
5.519,3917,0,3612,0,hard_ground_18
5.526,3908,0,3646,0,hard_ground_18
5.533,3908,0,3634,0,hard_ground_18
5.533,3903,0,3629,0,hard_ground_18
5.542,3902,0,3637,0,hard_ground_18
5.546,3915,0,3630,0,hard_ground_18
5.552,3918,0,3609,0,hard_ground_18
5.553,3916,0,3594,0,hard_ground_18
5.56,3937,0,3554,0,hard_ground_18
5.567,3933,0,3550,0,hard_ground_18
5.572,3935,0,3541,0,hard_ground_18
5.574,3940,0,3536,0,hard_ground_18
5.581,3950,0,3536,0,hard_ground_18
5.587,3968,0,3546,0,hard_ground_18
5.588,3976,0,3567,0,hard_ground_18
5.597,3966,0,3569,0,hard_ground_18
5.602,3977,0,3575,0,hard_ground_18
5.603,3970,0,3577,0,hard_ground_18
5.609,3963,0,3584,0,hard_ground_18
5.616,3952,0,3584,0,hard_ground_18
5.622,3935,0,3587,0,hard_ground_18
5.623,3932,0,3576,0,hard_ground_18
5.63,3926,0,3585,0,hard_ground_18
5.637,3928,0,3588,0,hard_ground_18
5.639,3914,0,3574,0,hard_ground_18
5.644,3912,0,3572,0,hard_ground_18
5.651,3927,0,3578,0,hard_ground_18
5.657,3940,0,3600,0,hard_ground_18
5.66,3947,0,3598,0,hard_ground_18
5.665,3958,0,3600,0,hard_ground_18
5.671,3960,0,3613,0,hard_ground_18
5.673,3970,0,3593,0,hard_ground_18
5.678,3973,0,3586,0,hard_ground_18
5.685,3978,0,3570,0,hard_ground_18
5.692,3973,0,3580,0,hard_ground_18
5.692,3971,0,3564,0,hard_ground_18
5.701,3950,0,3568,0,hard_ground_18
5.706,3922,0,3551,0,hard_ground_18
5.712,3901,0,3554,0,hard_ground_18
5.713,3900,0,3536,0,hard_ground_18
5.72,3901,0,3562,0,hard_ground_18
5.727,3886,0,3574,0,hard_ground_18
5.728,3891,0,3578,0,hard_ground_18
5.734,3910,0,3578,0,hard_ground_18
5.742,3933,0,3570,0,hard_ground_18
5.747,3960,0,3553,0,hard_ground_18
5.748,3977,0,3554,0,hard_ground_18
5.755,3980,0,3546,0,hard_ground_18
5.762,3987,0,3536,0,hard_ground_18
5.762,3992,0,3545,0,hard_ground_18
5.772,3991,0,3553,0,hard_ground_18
5.775,3991,0,3541,0,hard_ground_18
5.778,3987,0,3526,0,hard_ground_18
5.783,3978,0,3515,0,hard_ground_18
5.792,3967,0,3489,0,hard_ground_18
5.796,3944,0,3499,0,hard_ground_18
5.796,3933,0,3521,0,hard_ground_18
5.804,3938,0,3544,0,hard_ground_18
5.812,3949,0,3598,0,hard_ground_18
5.812,3951,0,3624,0,hard_ground_18
5.82,3948,0,3680,0,hard_ground_18
5.824,3946,0,3667,0,hard_ground_18
5.831,3926,0,3657,0,hard_ground_18
5.837,3914,0,3623,0,hard_ground_18
5.838,3901,0,3590,0,hard_ground_18
5.845,3894,0,3571,0,hard_ground_18
5.851,3900,0,3568,0,hard_ground_18
5.852,3902,0,3592,0,hard_ground_18
5.86,3908,0,3610,0,hard_ground_18
5.866,3910,0,3609,0,hard_ground_18
5.872,3926,0,3587,0,hard_ground_18
5.876,3944,0,3517,0,hard_ground_18
5.88,3956,0,3404,0,hard_ground_18
5.887,3949,0,3387,0,hard_ground_18
5.887,3953,0,3492,0,hard_ground_18
5.894,3961,0,3576,0,hard_ground_18
5.9,3988,0,3635,0,hard_ground_18
5.906,4001,0,3657,0,hard_ground_18
5.911,3999,0,3690,0,hard_ground_18
5.914,3998,0,3694,0,hard_ground_18
5.922,3991,0,3691,0,hard_ground_18
5.922,3971,0,3669,0,hard_ground_18
5.929,3956,0,3604,0,hard_ground_18
5.935,3951,0,3573,0,hard_ground_18
5.94,3955,0,3566,0,hard_ground_18
5.942,3948,0,3576,0,hard_ground_18
5.949,3941,0,3587,0,hard_ground_18
5.956,3942,0,3646,0,hard_ground_18
5.961,3946,0,3678,0,hard_ground_18
5.963,3954,0,3703,0,hard_ground_18
5.97,3959,0,3718,0,hard_ground_18
5.977,3967,0,3717,0,hard_ground_18
5.978,3958,0,3652,0,hard_ground_18
5.984,3936,0,3487,0,hard_ground_18
5.991,3887,0,3328,0,hard_ground_18
5.992,3855,0,3307,0,hard_ground_18
6.0,3866,0,3439,0,hard_ground_18
6.005,3915,0,3624,0,hard_ground_18
6.008,3948,0,3669,0,hard_ground_18
6.012,3947,0,3676,0,hard_ground_18
6.019,3942,0,3656,0,hard_ground_18
6.025,3916,0,3613,0,hard_ground_18
6.027,3869,0,3552,0,hard_ground_18
6.033,3863,0,3436,0,hard_ground_18
6.04,3881,0,3362,0,hard_ground_18
6.046,3911,0,3446,0,hard_ground_18
6.047,3955,0,3554,0,hard_ground_18
6.053,3985,0,3626,0,hard_ground_18
6.061,3991,0,3695,0,hard_ground_18
6.062,4001,0,3735,0,hard_ground_18
6.07,4005,0,3764,0,hard_ground_18
6.074,4005,0,3761,0,hard_ground_18
6.081,4005,0,3751,0,hard_ground_18
6.082,4000,0,3726,0,hard_ground_18
6.088,3994,0,3706,0,hard_ground_18
6.095,3999,0,3694,0,hard_ground_18
6.097,3987,0,3673,0,hard_ground_18
6.105,3976,0,3668,0,hard_ground_18
6.109,3969,0,3634,0,hard_ground_18
6.116,3952,0,3630,0,hard_ground_18
6.116,3951,0,3617,0,hard_ground_18
6.123,3953,0,3625,0,hard_ground_18
6.13,3950,0,3510,0,hard_ground_18
6.132,3940,0,3311,0,hard_ground_18
6.137,3942,0,3087,0,hard_ground_18
6.144,3958,0,3133,0,hard_ground_18
6.151,3972,0,3375,0,hard_ground_18
6.151,3982,0,3601,0,hard_ground_18
6.158,3998,0,3694,0,hard_ground_18
6.164,4000,0,3730,0,hard_ground_18
6.167,3997,0,3724,0,hard_ground_18
6.172,3986,0,3722,0,hard_ground_18
6.179,3979,0,3677,0,hard_ground_18
6.185,3967,0,3646,0,hard_ground_18
6.185,3971,0,3640,0,hard_ground_18
6.194,3973,0,3650,0,hard_ground_18
6.199,3987,0,3705,0,hard_ground_18
6.206,3989,0,3743,0,hard_ground_18
6.21,3996,0,3788,0,hard_ground_18
6.213,4001,0,3796,0,hard_ground_18
6.22,3995,0,3800,0,hard_ground_18
6.226,3990,0,3766,0,hard_ground_18
6.227,3986,0,3681,0,hard_ground_18
6.234,3986,0,3590,0,hard_ground_18
6.241,3967,0,3560,0,hard_ground_18
6.243,3955,0,3543,0,hard_ground_18
6.248,3942,0,3590,0,hard_ground_18
6.255,3960,0,3610,0,hard_ground_18
6.261,3977,0,3638,0,hard_ground_18
6.262,3987,0,3673,0,hard_ground_18
6.269,3991,0,3701,0,hard_ground_18
6.276,3989,0,3736,0,hard_ground_18
6.276,3989,0,3711,0,hard_ground_18
6.284,3981,0,3598,0,hard_ground_18
6.289,3958,0,3300,0,hard_ground_18
6.291,3926,0,2789,0,hard_ground_18
6.297,3912,0,2409,0,hard_ground_18
6.303,3913,0,2938,0,hard_ground_18
6.31,3947,0,3546,0,hard_ground_18
6.311,3961,0,3715,0,hard_ground_18
6.317,3994,0,3767,0,hard_ground_18
6.325,4011,0,3797,0,hard_ground_18
6.33,4014,0,3801,0,hard_ground_18
6.331,4016,0,3788,0,hard_ground_18
6.338,4005,0,3764,0,hard_ground_18
6.345,3997,0,3755,0,hard_ground_18
6.346,4002,0,3694,0,hard_ground_18
6.352,4000,0,3664,0,hard_ground_18
6.359,4003,0,3663,0,hard_ground_18
6.365,4006,0,3668,0,hard_ground_18
6.366,3989,0,3639,0,hard_ground_18
6.373,3936,0,3652,0,hard_ground_18
6.38,3919,0,3614,0,hard_ground_18
6.381,3942,0,3453,0,hard_ground_18
6.389,3905,0,3355,0,hard_ground_18
6.394,3892,0,3367,0,hard_ground_18
6.401,3906,0,3358,0,hard_ground_18
6.406,3921,0,3452,0,hard_ground_18
6.408,3927,0,3481,0,hard_ground_18
6.414,3925,0,3465,0,hard_ground_18
6.416,3917,0,3467,0,hard_ground_18
6.421,3891,0,3460,0,hard_ground_18
6.428,3826,0,3459,0,hard_ground_18
6.435,3773,0,3109,0,hard_ground_18
6.436,3704,0,2901,0,hard_ground_18
6.442,3729,0,2513,0,hard_ground_18
6.449,3787,0,2657,0,hard_ground_18
6.455,3826,0,2784,0,hard_ground_18
6.456,3837,0,2991,0,hard_ground_18
6.464,3794,0,2925,0,hard_ground_18
6.47,3568,0,2600,0,hard_ground_18
6.47,1866,0,0,0,hard_ground_18
6.479,0,0,0,0,hard_ground_18
6.484,0,0,0,0,hard_ground_18
6.487,0,0,0,0,hard_ground_18
6.491,0,0,0,0,hard_ground_18
6.498,0,0,0,0,hard_ground_18
6.505,0,1230,0,3248,hard_ground_18
6.505,0,2664,0,3581,hard_ground_18
6.512,0,2909,0,3635,hard_ground_18
6.52,0,2737,0,3633,hard_ground_18
6.52,0,1792,0,3608,hard_ground_18
6.528,0,1238,0,3547,hard_ground_18
6.533,0,0,0,3455,hard_ground_18
6.539,0,0,0,3448,hard_ground_18
6.541,0,0,0,3415,hard_ground_18
6.546,0,0,0,3406,hard_ground_18
6.553,0,0,0,3378,hard_ground_18
6.56,0,0,0,3276,hard_ground_18
6.563,0,0,0,2917,hard_ground_18
6.567,0,0,0,2024,hard_ground_18
6.574,0,1645,0,0,hard_ground_18
6.576,0,1704,0,0,hard_ground_18
6.584,0,1604,0,0,hard_ground_18
6.588,0,2021,0,0,hard_ground_18
6.595,0,1813,0,0,hard_ground_18
6.595,0,1492,0,0,hard_ground_18
6.602,2709,1007,0,0,hard_ground_18
6.609,2842,1237,0,0,hard_ground_18
6.611,1612,1566,0,0,hard_ground_18
6.616,0,1811,1006,0,hard_ground_18
6.623,2190,1631,2300,0,hard_ground_18
6.63,2913,0,2446,0,hard_ground_18
6.63,2902,1483,2621,0,hard_ground_18
6.639,2891,2715,2698,0,hard_ground_18
6.643,3009,2884,2664,0,hard_ground_18
6.647,3011,2248,2536,0,hard_ground_18
6.651,3247,1522,2406,0,hard_ground_18
6.658,3301,0,2418,0,hard_ground_18
6.665,3311,0,2442,0,hard_ground_18
6.665,3380,0,2457,0,hard_ground_18
6.672,3392,2083,2449,0,hard_ground_18
6.68,3521,2554,2414,0,hard_ground_18
6.68,3676,2327,2225,0,hard_ground_18
6.688,3607,1781,1843,0,hard_ground_18
6.692,3517,0,1547,0,hard_ground_18
6.699,3413,0,1569,0,hard_ground_18
6.7,3471,0,2505,0,hard_ground_18
6.706,3577,0,3074,0,hard_ground_18
6.713,3738,0,3371,0,hard_ground_18
6.72,3859,0,3495,0,hard_ground_18
6.72,3922,0,3642,0,hard_ground_18
6.727,3950,0,3762,0,hard_ground_18
6.734,3939,0,3812,0,hard_ground_18
6.735,3932,0,3868,0,hard_ground_18
6.741,3933,0,3861,0,hard_ground_18
6.748,3953,0,3861,0,hard_ground_18
6.755,3963,0,3858,0,hard_ground_18
6.755,3962,0,3848,0,hard_ground_18
6.763,3972,0,3838,0,hard_ground_18
6.769,3892,0,3876,0,hard_ground_18
6.775,3880,0,3860,0,hard_ground_18
6.775,3881,0,3858,0,hard_ground_18
6.782,3895,0,3846,0,hard_ground_18
6.79,3904,0,3821,0,hard_ground_18
6.79,3900,0,3828,0,hard_ground_18
6.798,3889,0,3810,0,hard_ground_18
6.803,3897,0,3819,0,hard_ground_18
6.806,3915,0,3835,0,hard_ground_18
6.81,3937,0,3851,0,hard_ground_18
6.817,3956,0,3866,0,hard_ground_18
6.824,3981,0,3896,0,hard_ground_18
6.825,3991,0,3911,0,hard_ground_18
6.831,4004,0,3926,0,hard_ground_18
6.838,4009,0,3934,0,hard_ground_18
6.844,4016,0,3930,0,hard_ground_18
6.845,4020,0,3922,0,hard_ground_18
6.852,4023,0,3907,0,hard_ground_18
6.859,4017,0,3888,0,hard_ground_18
6.863,4006,0,3861,0,hard_ground_18
6.867,3994,0,3838,0,hard_ground_18
6.873,3983,0,3835,0,hard_ground_18
6.875,3988,0,3803,0,hard_ground_18
6.883,3999,0,3790,0,hard_ground_18
6.887,4006,0,3817,0,hard_ground_18
6.893,4012,0,3853,0,hard_ground_18
6.899,4019,0,3890,0,hard_ground_18
6.9,4026,0,3901,0,hard_ground_18
6.907,4033,0,3915,0,hard_ground_18
6.914,4032,0,3912,0,hard_ground_18
6.916,4032,0,3894,0,hard_ground_18
6.921,4029,0,3889,0,hard_ground_18
6.928,4021,0,3877,0,hard_ground_18
6.934,4022,0,3887,0,hard_ground_18
6.935,4023,0,3874,0,hard_ground_18
6.942,4022,0,3866,0,hard_ground_18
6.949,4024,0,3878,0,hard_ground_18
6.95,4024,0,3878,0,hard_ground_18
6.956,4026,0,3886,0,hard_ground_18
6.963,4023,0,3882,0,hard_ground_18
6.969,4029,0,3898,0,hard_ground_18
6.97,4026,0,3898,0,hard_ground_18
6.977,4026,0,3903,0,hard_ground_18
6.984,4031,0,3911,0,hard_ground_18
6.984,4037,0,3920,0,hard_ground_18
6.992,4039,0,3933,0,hard_ground_18
6.998,4039,0,3936,0,hard_ground_18
7.0,4037,0,3929,0,hard_ground_18
7.009,4033,0,3920,0,hard_ground_18
7.013,4033,0,3916,0,hard_ground_18
7.018,4029,0,3899,0,hard_ground_18
7.019,4019,0,3883,0,hard_ground_18
7.028,4016,0,3868,0,hard_ground_18
7.033,4008,0,3838,0,hard_ground_18
7.036,4010,0,3791,0,hard_ground_18
7.043,4012,0,3804,0,hard_ground_18
7.047,4009,0,3831,0,hard_ground_18
7.053,4014,0,3870,0,hard_ground_18
7.055,4024,0,3892,0,hard_ground_18
7.063,4029,0,3901,0,hard_ground_18
7.067,4030,0,3912,0,hard_ground_18
7.074,4033,0,3913,0,hard_ground_18
7.076,4030,0,3916,0,hard_ground_18
7.081,4030,0,3917,0,hard_ground_18
7.088,4030,0,3898,0,hard_ground_18
7.089,4031,0,3882,0,hard_ground_18
7.095,4026,0,3896,0,hard_ground_18
7.102,4011,0,3892,0,hard_ground_18
7.109,4012,0,3895,0,hard_ground_18
7.109,4020,0,3894,0,hard_ground_18
7.116,4030,0,3912,0,hard_ground_18
7.123,4029,0,3915,0,hard_ground_18
7.124,4029,0,3922,0,hard_ground_18
7.133,4035,0,3922,0,hard_ground_18
7.137,4037,0,3932,0,hard_ground_18
7.144,4040,0,3934,0,hard_ground_18
7.149,4038,0,3943,0,hard_ground_18
7.151,4040,0,3924,0,hard_ground_18
7.157,4035,0,3893,0,hard_ground_18
7.163,4026,0,3829,0,hard_ground_18
7.164,4032,0,3727,3833,hard_ground_18
7.171,4013,0,3724,0,hard_ground_18
7.178,4007,0,3380,0,hard_ground_18
7.178,4002,0,0,0,hard_ground_18
7.186,4010,0,1928,0,hard_ground_18
7.192,4004,0,3513,0,hard_ground_18
7.194,4006,0,3811,0,hard_ground_18
7.199,4022,0,3867,0,hard_ground_18
7.206,4033,0,3870,3952,hard_ground_18
7.212,4040,0,3841,3811,hard_ground_18
7.214,4044,0,3606,0,hard_ground_18
7.22,4039,0,2167,0,hard_ground_18
7.227,4024,0,993,0,hard_ground_18
7.234,4010,0,2169,0,hard_ground_18
7.234,3997,0,3377,0,hard_ground_18
7.241,4012,0,3634,3600,hard_ground_18
7.248,4030,0,3622,3993,hard_ground_18
7.249,4037,0,3417,4002,hard_ground_18
7.257,4033,0,3453,4011,hard_ground_18
7.264,4029,0,3492,3938,hard_ground_18
7.269,4023,0,2902,0,hard_ground_18
7.269,4012,0,1646,0,hard_ground_18
7.276,4005,0,0,0,hard_ground_18
7.282,4013,0,2847,0,hard_ground_18
7.284,4023,0,3567,0,hard_ground_18
7.29,4033,0,3790,0,hard_ground_18
7.297,4037,0,3872,0,hard_ground_18
7.302,4047,0,3879,0,hard_ground_18
7.304,4048,0,3857,0,hard_ground_18
7.311,4049,0,3694,0,hard_ground_18
7.317,4046,0,3380,3563,hard_ground_18
7.319,4033,0,2450,3746,hard_ground_18
7.324,4008,0,1567,3784,hard_ground_18
7.331,3967,0,0,3796,hard_ground_18
7.338,3947,0,0,3518,hard_ground_18
7.339,3946,0,0,0,hard_ground_18
7.345,3947,0,0,0,hard_ground_18
7.352,3974,0,0,3753,hard_ground_18
7.358,4002,0,2242,3956,hard_ground_18
7.359,4025,0,3342,3992,hard_ground_18
7.366,4035,0,3394,4007,hard_ground_18
7.372,4039,0,3295,3975,hard_ground_18
7.374,4049,0,2713,3891,hard_ground_18
7.38,4045,0,1913,3625,hard_ground_18
7.387,4039,0,2341,0,hard_ground_18
7.393,4023,0,2890,0,hard_ground_18
7.394,4013,0,3139,3254,hard_ground_18
7.4,4010,0,3284,3619,hard_ground_18
7.407,4015,0,3280,3558,hard_ground_18
7.409,4022,0,3331,2712,hard_ground_18
7.417,4022,0,3412,0,hard_ground_18
7.421,4023,0,3400,0,hard_ground_18
7.428,4027,0,3468,0,hard_ground_18
7.433,4037,0,3569,0,hard_ground_18
7.435,4038,0,3638,0,hard_ground_18
7.442,4043,0,3703,0,hard_ground_18
7.444,4039,0,3731,0,hard_ground_18
7.449,4037,0,3737,0,hard_ground_18
7.457,4040,0,3736,0,hard_ground_18
7.462,4031,0,3721,0,hard_ground_18
7.464,4030,0,3699,0,hard_ground_18
7.47,4020,0,3676,0,hard_ground_18
7.477,4016,0,3652,0,hard_ground_18
7.479,4010,0,3640,0,hard_ground_18
7.484,4015,0,3573,0,hard_ground_18
7.491,4019,0,3527,0,hard_ground_18
7.497,4024,0,3540,0,hard_ground_18
7.503,4031,0,3594,0,hard_ground_18
7.505,4033,0,3628,0,hard_ground_18
7.512,4035,0,3663,0,hard_ground_18
7.518,4036,0,3676,0,hard_ground_18
7.519,4038,0,3675,0,hard_ground_18
7.527,4036,0,3641,0,hard_ground_18
7.532,4037,0,3602,0,hard_ground_18
7.533,4032,0,3523,0,hard_ground_18
7.539,4025,0,3402,0,hard_ground_18
7.546,4019,0,3242,0,hard_ground_18
7.552,4025,0,3112,0,hard_ground_18
7.554,4032,0,3203,0,hard_ground_18
7.562,4035,0,3295,0,hard_ground_18
7.567,4040,0,3418,0,hard_ground_18
7.57,4045,0,3578,0,hard_ground_18
7.574,4045,0,3607,0,hard_ground_18
7.581,4048,0,3650,0,hard_ground_18
7.588,4045,0,3664,0,hard_ground_18
7.592,4043,0,3632,0,hard_ground_18
7.595,4035,0,3563,0,hard_ground_18
7.602,4034,0,3477,0,hard_ground_18
7.603,4027,0,3469,0,hard_ground_18
7.612,4023,0,3332,0,hard_ground_18
7.616,4022,0,3468,0,hard_ground_18
7.623,4018,0,3506,0,hard_ground_18
7.627,4021,0,3537,3103,hard_ground_18
7.63,4025,0,3484,3624,hard_ground_18
7.636,4014,0,3431,3320,hard_ground_18
7.642,4009,0,2940,0,hard_ground_18
7.643,3992,0,1204,0,hard_ground_18
7.65,3971,0,1901,0,hard_ground_18
7.657,3943,0,3001,0,hard_ground_18
7.658,3937,0,3491,3493,hard_ground_18
7.664,3934,0,3681,3784,hard_ground_18
7.671,3977,0,3639,3914,hard_ground_18
7.677,3985,0,3567,3916,hard_ground_18
7.678,3967,0,3331,3804,hard_ground_18
7.685,3843,0,3018,3763,hard_ground_18
7.692,3305,0,2739,3753,hard_ground_18
7.692,0,0,2651,3787,hard_ground_18
7.702,0,0,2571,3812,hard_ground_18
7.706,0,0,2510,3768,hard_ground_18
7.712,0,0,2151,3711,hard_ground_18
7.713,0,0,1928,3748,hard_ground_18
7.72,0,0,2173,3788,hard_ground_18
7.727,0,0,2653,3839,hard_ground_18
7.732,2782,0,3326,3902,hard_ground_18
7.734,3086,0,3542,3932,hard_ground_18
7.741,2906,0,3560,3927,hard_ground_18
7.746,0,0,3446,3891,hard_ground_18
7.748,0,0,3161,3815,hard_ground_18
7.755,0,0,2483,3704,hard_ground_18
7.761,0,0,0,3680,hard_ground_18
7.767,0,0,0,3808,hard_ground_18
7.768,0,995,1651,3863,hard_ground_18
7.775,0,1868,1883,3970,hard_ground_18
7.782,0,2312,1638,3989,hard_ground_18
7.783,0,2812,0,3990,hard_ground_18
7.789,0,2874,0,3986,hard_ground_18
7.796,0,2928,0,3984,hard_ground_18
7.802,0,3061,0,3984,hard_ground_18
7.803,0,3029,0,3986,hard_ground_18
7.81,0,3024,0,3984,hard_ground_18
7.817,0,3023,0,3989,hard_ground_18
7.819,0,2957,0,3983,hard_ground_18
7.824,0,2890,0,3963,hard_ground_18
7.831,0,2862,0,3891,hard_ground_18
7.836,0,2865,0,3832,hard_ground_18
7.838,0,2824,0,3844,hard_ground_18
7.847,0,3039,0,3832,hard_ground_18
7.851,0,3310,0,3868,hard_ground_18
7.853,0,3545,0,3912,hard_ground_18
7.859,0,3608,0,3927,hard_ground_18
7.866,0,3653,0,3950,hard_ground_18
7.872,0,3657,0,3974,hard_ground_18
7.873,0,3640,0,3981,hard_ground_18
7.88,0,3639,0,3978,hard_ground_18
7.887,0,3645,0,3957,hard_ground_18
7.887,0,3668,0,3941,hard_ground_18
7.894,0,3631,0,3951,hard_ground_18
7.9,0,3585,0,3954,hard_ground_18
7.907,0,3409,0,3953,hard_ground_18
7.912,0,3185,0,3885,hard_ground_18
7.914,0,3177,0,3759,hard_ground_18
7.921,0,3356,0,3887,hard_ground_18
7.922,0,3556,0,3939,hard_ground_18
7.928,0,3635,0,3967,hard_ground_18
7.935,0,3686,0,3980,hard_ground_18
7.942,0,3691,0,3966,hard_ground_18
7.947,0,3701,0,3937,hard_ground_18
7.949,0,3646,0,3894,hard_ground_18
7.956,0,3583,0,3885,hard_ground_18
7.962,0,3380,0,3886,hard_ground_18
7.963,0,3126,0,3903,hard_ground_18
7.97,0,2890,0,3889,hard_ground_18
7.976,0,2876,0,3878,hard_ground_18
7.982,0,2985,0,3863,hard_ground_18
7.984,0,2922,0,3913,hard_ground_18
7.99,0,2934,0,3941,hard_ground_18
7.997,0,3156,0,3961,hard_ground_18
7.998,0,3452,0,3971,hard_ground_18
8.004,0,3566,0,3985,hard_ground_18
8.011,0,3667,0,4001,hard_ground_18
8.016,0,3694,0,4005,hard_ground_18
8.019,0,3661,0,4013,hard_ground_18
8.026,0,3607,0,4019,hard_ground_18
8.032,0,3601,0,4011,hard_ground_18
8.033,0,3657,0,4000,hard_ground_18
8.039,0,3672,0,3981,hard_ground_18
8.046,0,3608,0,3973,hard_ground_18
8.047,0,2991,0,3969,hard_ground_18
8.055,0,0,0,3912,hard_ground_18
8.06,0,0,0,3751,hard_ground_18
8.064,0,2053,0,3585,hard_ground_18
8.067,0,3359,0,3826,hard_ground_18
8.074,0,3674,0,3962,hard_ground_18
8.081,0,3802,0,4004,hard_ground_18
8.086,0,3839,0,4016,hard_ground_18
8.088,0,3852,0,4014,hard_ground_18
8.095,0,3816,0,4008,hard_ground_18
8.101,0,3707,0,3993,hard_ground_18
8.102,0,3409,0,3950,hard_ground_18
8.109,0,2171,0,3898,hard_ground_18
8.116,0,0,0,3859,hard_ground_18
8.116,0,0,0,3813,hard_ground_18
8.125,0,2208,0,3664,hard_ground_18
8.13,0,3252,0,3888,hard_ground_18
8.137,0,3549,0,3943,hard_ground_18
8.137,0,3696,0,3957,hard_ground_18
8.143,0,3750,0,3968,hard_ground_18
8.15,0,3768,0,3986,hard_ground_18
8.156,0,3766,0,3979,hard_ground_18
8.161,0,3739,0,3974,hard_ground_18
8.164,0,3662,0,3976,hard_ground_18
8.171,0,3628,0,3960,hard_ground_18
8.171,0,3635,0,3958,hard_ground_18
8.178,0,3677,0,3969,hard_ground_18
8.185,0,3713,0,3964,hard_ground_18
8.187,0,3756,0,3964,hard_ground_18
8.195,0,3746,0,3973,hard_ground_18
8.199,0,3740,0,3967,hard_ground_18
8.206,0,3700,0,3971,hard_ground_18
8.211,0,3683,0,3977,hard_ground_18
8.213,0,3704,0,3985,hard_ground_18
8.22,0,3734,0,3990,hard_ground_18
8.222,0,3772,0,4001,hard_ground_18
8.227,0,3788,0,4004,hard_ground_18
8.234,0,3789,0,4003,hard_ground_18
8.241,0,3794,0,4001,hard_ground_18
8.241,0,3780,0,3989,hard_ground_18
8.249,0,3734,0,3984,hard_ground_18
8.254,0,3648,0,3970,hard_ground_18
8.258,0,3553,0,3955,hard_ground_18
8.261,0,3390,0,3952,hard_ground_18
8.268,0,3362,0,3961,hard_ground_18
8.275,0,3524,0,3964,hard_ground_18
8.281,0,3670,0,3978,hard_ground_18
8.282,0,3749,0,3998,hard_ground_18
8.289,0,3785,0,4004,hard_ground_18
8.296,0,3799,0,4006,hard_ground_18
8.296,0,3804,0,4009,hard_ground_18
8.303,0,3789,0,4010,hard_ground_18
8.31,0,3764,0,4000,hard_ground_18
8.312,0,3717,0,3995,hard_ground_18
8.32,0,3667,0,3982,hard_ground_18
8.324,0,3630,0,3979,hard_ground_18
8.331,0,3628,0,3976,hard_ground_18
8.331,0,3665,0,3980,hard_ground_18
8.338,0,3717,0,3984,hard_ground_18
8.344,0,3741,0,3991,hard_ground_18
8.351,0,3759,0,3996,hard_ground_18
8.355,0,3773,0,4004,hard_ground_18
8.359,0,3772,0,4002,hard_ground_18
8.366,0,3755,0,4005,hard_ground_18
8.367,0,3742,0,4001,hard_ground_18
8.373,0,3750,0,4000,hard_ground_18
8.379,0,3768,0,3993,hard_ground_18
8.383,0,3777,0,3997,hard_ground_18
8.386,0,3781,0,3999,hard_ground_18
8.393,0,3787,0,3995,hard_ground_18
8.401,0,3783,0,3975,hard_ground_18
8.406,0,3776,0,3983,hard_ground_18
8.411,0,3748,0,3974,hard_ground_18
8.414,0,3734,0,3967,hard_ground_18
8.42,0,3703,0,3967,hard_ground_18
8.425,0,3689,0,3973,hard_ground_18
8.428,0,3705,0,3979,hard_ground_18
8.435,0,3719,0,3994,hard_ground_18
8.435,0,3750,0,4001,hard_ground_18
8.442,0,3770,0,4006,hard_ground_18
8.449,0,3781,0,4007,hard_ground_18
8.456,0,3794,0,4009,hard_ground_18
8.46,0,3789,0,4009,hard_ground_18
8.463,0,3766,0,4009,hard_ground_18
8.471,0,3724,0,4007,hard_ground_18
8.471,0,3655,0,4000,hard_ground_18
8.477,0,3586,0,4003,hard_ground_18
8.484,0,3541,0,3993,hard_ground_18
8.491,0,3590,0,3994,hard_ground_18
8.494,0,3647,0,3998,hard_ground_18
8.5,0,3700,0,3993,hard_ground_18
8.504,0,3727,0,3994,hard_ground_18
8.51,0,3767,0,3999,hard_ground_18
8.511,0,3797,0,4005,hard_ground_18
8.518,0,3836,0,4003,hard_ground_18
8.525,0,3854,0,4001,hard_ground_18
8.526,0,3850,0,3999,hard_ground_18
8.532,0,3823,0,3990,hard_ground_18
8.539,0,3791,0,3981,hard_ground_18
8.545,0,3742,0,3971,hard_ground_18
8.546,0,3698,0,3960,hard_ground_18
8.553,0,3688,0,3942,hard_ground_18
8.56,0,3672,0,3949,hard_ground_18
8.56,0,3693,0,3961,hard_ground_18
8.57,0,3717,0,3976,hard_ground_18
8.574,0,3748,0,3989,hard_ground_18
8.58,0,3758,0,3998,hard_ground_18
8.581,0,3771,0,4006,hard_ground_18
8.589,0,3787,0,4010,hard_ground_18
8.595,0,3788,0,4014,hard_ground_18
8.595,0,3792,0,4014,hard_ground_18
8.603,0,3790,0,4010,hard_ground_18
8.608,0,3779,0,4011,hard_ground_18
8.616,0,3759,0,4008,hard_ground_18
8.619,0,3711,0,4002,hard_ground_18
8.622,0,3639,0,3994,hard_ground_18
8.629,0,3525,0,3991,hard_ground_18
8.629,0,3459,0,3981,hard_ground_18
8.636,0,3502,0,3988,hard_ground_18
8.643,0,3617,0,3992,hard_ground_18
8.65,0,3704,0,4004,hard_ground_18
8.655,0,3756,0,4013,hard_ground_18
8.657,0,3785,0,4008,hard_ground_18
8.664,0,3792,0,4013,hard_ground_18
8.668,0,3798,0,4015,hard_ground_18
8.671,0,3808,0,4007,hard_ground_18
8.678,0,3811,0,4006,hard_ground_18
8.685,0,3806,0,4002,hard_ground_18
8.686,0,3805,0,3996,hard_ground_18
8.692,0,3789,0,3988,hard_ground_18
8.699,0,3793,0,3978,hard_ground_18
8.699,0,3783,0,3975,hard_ground_18
8.71,0,3777,0,3971,hard_ground_18
8.713,0,3774,0,3973,hard_ground_18
8.72,0,3766,0,3985,hard_ground_18
8.72,0,3746,0,3985,hard_ground_18
8.727,0,3747,0,3994,hard_ground_18
8.733,0,3749,0,3996,hard_ground_18
8.74,0,3713,0,3999,hard_ground_18
8.741,0,3678,0,4003,hard_ground_18
8.749,0,3673,0,4009,hard_ground_18
8.755,0,3689,0,4005,hard_ground_18
8.758,0,3723,0,4012,hard_ground_18
8.763,0,3756,0,4010,hard_ground_18
8.768,0,3782,0,4014,hard_ground_18
8.774,0,3789,0,4020,hard_ground_18
8.779,0,3793,0,4014,hard_ground_18
8.785,0,3777,0,4005,hard_ground_18
8.789,0,3750,0,3997,hard_ground_18
8.791,0,3706,0,3987,hard_ground_18
8.796,0,3663,0,3975,hard_ground_18
8.803,0,3638,0,3977,hard_ground_18
8.81,0,3669,0,3975,hard_ground_18
8.811,0,3705,0,3980,hard_ground_18
8.817,0,3768,0,3995,hard_ground_18
8.824,0,3786,0,4005,hard_ground_18
8.83,0,3809,0,4010,hard_ground_18
8.831,0,3822,0,4014,hard_ground_18
8.839,0,3814,0,4013,hard_ground_18
8.845,0,3791,0,4009,hard_ground_18
8.846,0,3792,0,4016,hard_ground_18
8.853,0,3745,0,4009,hard_ground_18
8.859,0,3712,0,4006,hard_ground_18
8.861,0,3692,0,4003,hard_ground_18
8.868,0,3687,0,3999,hard_ground_18
8.873,0,3695,0,3999,hard_ground_18
8.88,0,3729,0,4007,hard_ground_18
8.881,0,3774,0,4006,hard_ground_18
8.887,0,3791,0,4010,hard_ground_18
8.894,0,3796,0,4015,hard_ground_18
8.9,0,3792,0,4008,hard_ground_18
8.901,0,3788,0,4013,hard_ground_18
8.908,0,3772,0,4010,hard_ground_18
8.914,0,3740,0,4009,hard_ground_18
8.915,0,3728,0,4005,hard_ground_18
8.921,0,3741,0,4007,hard_ground_18
8.929,0,3758,0,4006,hard_ground_18
8.934,0,3762,0,4009,hard_ground_18
8.935,0,3760,0,4007,hard_ground_18
8.942,0,3735,0,4010,hard_ground_18
8.949,0,3703,0,4008,hard_ground_18
8.954,0,3680,0,4006,hard_ground_18
8.956,0,3675,0,4011,hard_ground_18
8.963,0,3695,0,4014,hard_ground_18
8.969,0,3728,0,4015,hard_ground_18
8.97,0,3751,0,4016,hard_ground_18
8.978,0,3770,0,4017,hard_ground_18
8.984,0,3790,0,4012,hard_ground_18
8.986,0,3791,0,4014,hard_ground_18
8.994,0,3788,0,4011,hard_ground_18
8.998,0,3779,0,4004,hard_ground_18
9.005,0,3764,0,3998,hard_ground_18
9.005,0,3744,0,3993,hard_ground_18
9.012,0,3737,0,3988,hard_ground_18
9.019,0,3733,0,3983,hard_ground_18
9.019,0,3748,0,3987,hard_ground_18
9.028,0,3768,0,3989,hard_ground_18
9.032,0,3790,0,3997,hard_ground_18
9.039,0,3796,0,4008,hard_ground_18
9.039,0,3808,0,4014,hard_ground_18
9.046,0,3792,0,4011,hard_ground_18
9.053,0,3741,0,3996,hard_ground_18
9.055,0,3665,0,3990,hard_ground_18
9.06,0,3545,0,3984,hard_ground_18
9.069,0,3453,0,3984,hard_ground_18
9.074,0,3540,0,3992,hard_ground_18
9.074,0,3696,0,4002,hard_ground_18
9.081,0,3773,0,4008,hard_ground_18
9.089,0,3790,0,4010,hard_ground_18
9.089,0,3784,0,4009,hard_ground_18
9.097,0,3769,0,4013,hard_ground_18
9.102,0,3766,0,4012,hard_ground_18
9.109,0,3753,0,4013,hard_ground_18
9.114,0,3755,0,4007,hard_ground_18
9.119,0,3777,0,4009,hard_ground_18
9.123,0,3792,0,4005,hard_ground_18
9.125,0,3801,0,4012,hard_ground_18
9.13,0,3800,0,4009,hard_ground_18
9.138,0,3793,0,4006,hard_ground_18
9.143,0,3784,0,3993,hard_ground_18
9.149,0,3765,0,3994,hard_ground_18
9.15,0,3768,0,3997,hard_ground_18
9.157,0,3778,0,4003,hard_ground_18
9.164,0,3798,0,4001,hard_ground_18
9.165,0,3760,0,4002,hard_ground_18
9.171,0,3703,0,3997,hard_ground_18
9.178,0,3652,0,3992,hard_ground_18
9.184,0,3648,0,3992,hard_ground_18
9.189,0,3697,0,3994,hard_ground_18
9.192,0,3753,0,4002,hard_ground_18
9.199,0,3784,0,4002,hard_ground_18
9.199,0,3787,0,3996,hard_ground_18
9.209,0,3773,0,3994,hard_ground_18
9.213,0,3730,0,3987,hard_ground_18
9.215,0,3640,0,3986,hard_ground_18
9.22,0,3583,0,3993,hard_ground_18
9.227,0,3654,0,4003,hard_ground_18
9.233,0,3766,0,4010,hard_ground_18
9.235,0,3823,0,4023,hard_ground_18
9.24,0,3862,0,4029,hard_ground_18
9.247,0,3876,0,4030,hard_ground_18
9.253,0,3863,0,4026,hard_ground_18
9.255,0,3838,0,4020,hard_ground_18
9.262,0,3802,0,4006,hard_ground_18
9.268,0,3732,0,4004,hard_ground_18
9.274,0,3694,0,3993,hard_ground_18
9.275,0,3679,0,3995,hard_ground_18
9.282,0,3709,0,3995,hard_ground_18
9.288,0,3752,0,3997,hard_ground_18
9.289,0,3768,0,4009,hard_ground_18
9.296,0,3768,0,4011,hard_ground_18
9.303,0,3755,0,4009,hard_ground_18
9.303,0,3739,0,4011,hard_ground_18
9.31,0,3727,0,4007,hard_ground_18
9.317,0,3686,0,4007,hard_ground_18
9.324,0,3617,0,3998,hard_ground_18
9.328,0,3546,0,3979,hard_ground_18
9.331,0,3548,0,3973,hard_ground_18
9.337,0,3588,0,3973,hard_ground_18
9.34,0,3664,0,3997,hard_ground_18
9.348,0,3744,0,4008,hard_ground_18
9.352,0,3815,0,4002,hard_ground_18
9.356,0,3828,0,4001,hard_ground_18
9.359,0,3822,0,3999,hard_ground_18
9.365,0,3759,0,3991,hard_ground_18
9.372,0,3655,0,3997,hard_ground_18
9.372,0,3545,0,3993,hard_ground_18
9.383,0,3615,0,3988,hard_ground_18
9.386,0,3739,0,3999,hard_ground_18
9.393,0,3843,0,4016,hard_ground_18
9.393,0,3855,0,4027,hard_ground_18
9.401,0,3853,0,4030,hard_ground_18
9.407,0,3857,0,4036,hard_ground_18
9.409,0,3840,0,4028,hard_ground_18
9.414,0,3823,0,4021,hard_ground_18
9.421,0,3804,0,4016,hard_ground_18
9.428,0,3767,0,4014,hard_ground_18
9.433,0,3731,0,4013,hard_ground_18
9.435,0,3728,0,4017,hard_ground_18
9.442,0,3754,0,4012,hard_ground_18
9.448,0,3784,0,4011,hard_ground_18
9.453,0,3789,0,4007,hard_ground_18
9.455,0,3785,0,4004,hard_ground_18
9.463,0,3791,0,3997,hard_ground_18
9.464,0,3771,0,3996,hard_ground_18
9.473,0,3768,0,3982,hard_ground_18
9.476,0,3759,0,3985,hard_ground_18
9.483,0,3697,0,3976,hard_ground_18
9.488,0,3631,0,3970,hard_ground_18
9.49,0,3613,0,3977,hard_ground_18
9.497,0,3623,0,3979,hard_ground_18
9.503,0,3697,0,3988,hard_ground_18
9.504,0,3748,0,3991,hard_ground_18
9.513,0,3795,0,3994,hard_ground_18
9.518,0,3725,0,3998,hard_ground_18
9.523,0,3674,0,4008,hard_ground_18
9.525,0,3648,0,4003,hard_ground_18
9.532,0,3664,0,3999,hard_ground_18
9.532,0,3690,0,4014,hard_ground_18
9.54,0,3741,0,4007,hard_ground_18
9.547,0,3798,0,4009,hard_ground_18
9.553,0,3783,0,4009,hard_ground_18
9.558,0,3743,0,4003,hard_ground_18
9.56,0,3698,0,3991,hard_ground_18
9.567,0,3569,0,3982,hard_ground_18
9.573,0,3545,0,3977,hard_ground_18
9.574,0,3590,0,3973,hard_ground_18
9.581,0,3644,0,3992,hard_ground_18
9.587,0,3622,0,3996,hard_ground_18
9.589,0,3588,0,3992,hard_ground_18
9.595,0,3517,1500,3983,hard_ground_18
9.602,0,3222,1739,3954,hard_ground_18
9.608,0,2743,1039,3912,hard_ground_18
9.609,0,2292,0,3886,hard_ground_18
9.615,0,1873,0,3861,hard_ground_18
9.622,0,2026,0,3838,hard_ground_18
9.624,0,2360,829,3835,hard_ground_18
9.629,0,1982,895,3864,hard_ground_18
9.636,0,1771,698,3870,hard_ground_18
9.642,0,1855,1732,3878,hard_ground_18
9.643,0,2174,1917,3887,hard_ground_18
9.653,0,2911,2091,3902,hard_ground_18
9.657,0,2983,2112,3911,hard_ground_18
9.657,0,3008,1898,3849,hard_ground_18
9.664,0,2256,1491,3699,hard_ground_18
9.673,0,0,1623,3513,hard_ground_18
9.678,0,0,2102,3314,hard_ground_18
9.683,0,0,2513,2971,hard_ground_18
9.685,0,0,2770,3385,hard_ground_18
9.692,0,0,3010,3534,hard_ground_18
9.698,0,0,3112,3615,hard_ground_18
9.699,0,0,3175,3683,hard_ground_18
9.706,0,0,3184,3662,hard_ground_18
9.712,0,0,3243,3484,hard_ground_18
9.714,0,0,3347,3063,hard_ground_18
9.719,0,0,3326,2418,hard_ground_18
9.727,0,0,3377,1290,hard_ground_18
9.732,0,0,3426,0,hard_ground_18
9.738,0,0,3516,0,hard_ground_18
9.741,1295,0,3540,0,hard_ground_18
9.747,1597,0,3527,0,hard_ground_18
9.752,1363,0,3519,0,hard_ground_18
9.754,0,0,3453,0,hard_ground_18
9.762,0,0,3376,0,hard_ground_18
9.768,0,0,3369,0,hard_ground_18
9.77,0,0,3372,0,hard_ground_18
9.775,0,0,3328,1062,hard_ground_18
9.783,0,0,3237,3143,hard_ground_18
9.783,0,0,3009,3718,hard_ground_18
9.792,0,0,2818,3757,hard_ground_18
9.796,0,0,2820,3684,hard_ground_18
9.802,0,0,3020,3744,hard_ground_18
9.804,0,0,2828,3859,hard_ground_18
9.811,0,938,2643,3927,hard_ground_18
9.817,0,2219,1897,3961,hard_ground_18
9.818,0,2996,2610,3963,hard_ground_18
9.824,0,3163,2494,3941,hard_ground_18
9.832,0,3486,1920,3902,hard_ground_18
9.837,0,3489,1708,3848,hard_ground_18
9.838,0,3417,0,3929,hard_ground_18
9.846,0,3292,0,3980,hard_ground_18
9.852,0,3299,0,4002,hard_ground_18
9.852,0,3476,0,4011,hard_ground_18
9.86,0,3671,0,4010,hard_ground_18
9.866,0,3746,0,3999,hard_ground_18
9.873,0,3802,0,4000,hard_ground_18
9.876,0,3797,0,4012,hard_ground_18
9.879,0,3765,0,4017,hard_ground_18
9.886,0,3708,0,4027,hard_ground_18
9.892,0,3565,0,4013,hard_ground_18
9.893,0,3542,0,3996,hard_ground_18
9.901,0,3547,0,3978,hard_ground_18
9.907,0,3521,0,3976,hard_ground_18
9.908,0,3492,0,4008,hard_ground_18
9.914,0,3516,0,4020,hard_ground_18
9.921,0,3639,0,4024,hard_ground_18
9.927,0,3701,0,4032,hard_ground_18
9.928,0,3768,0,4021,hard_ground_18
9.935,0,3833,0,4027,hard_ground_18
9.942,0,3835,0,4034,hard_ground_18
9.942,0,3857,0,4038,hard_ground_18
9.949,0,3850,0,4032,hard_ground_18
9.957,0,3847,0,4030,hard_ground_18
9.957,0,3825,0,4021,hard_ground_18
9.965,0,3803,0,4012,hard_ground_18
9.97,0,3782,0,3994,hard_ground_18
9.976,0,3774,0,4001,hard_ground_18
9.982,0,3783,0,4013,hard_ground_18
9.984,0,3766,0,4017,hard_ground_18
9.99,0,3800,0,4019,hard_ground_18
9.997,0,3846,0,4013,hard_ground_18
9.998,0,3854,0,4014,hard_ground_18
10.004,0,3851,0,4023,hard_ground_18
10.011,0,3843,0,4029,hard_ground_18
10.017,0,3851,0,4036,hard_ground_18
10.018,0,3854,0,4022,hard_ground_18
10.025,0,3863,0,4023,hard_ground_18
10.032,0,3863,0,4025,hard_ground_18
10.032,0,3856,0,4035,hard_ground_18
10.042,0,3851,0,4044,hard_ground_18
10.046,0,3839,0,4036,hard_ground_18
10.052,0,3855,0,4035,hard_ground_18
10.053,0,3847,0,4034,hard_ground_18
10.06,0,3856,0,4036,hard_ground_18
10.066,0,3851,0,4040,hard_ground_18
10.068,0,3844,0,4041,hard_ground_18
10.074,0,3807,0,4045,hard_ground_18
10.08,0,3810,0,4051,hard_ground_18
10.087,0,3804,0,4048,hard_ground_18
10.088,0,3806,0,4050,hard_ground_18
10.094,0,3811,0,4047,hard_ground_18
10.102,0,3823,0,4051,hard_ground_18
10.102,0,3838,0,4046,hard_ground_18
10.109,0,3832,0,4051,hard_ground_18
10.115,0,3825,0,4050,hard_ground_18
10.121,0,3807,0,4049,hard_ground_18
10.126,0,3782,0,4054,hard_ground_18
10.129,0,3754,0,4054,hard_ground_18
10.136,0,3791,0,4053,hard_ground_18
10.141,0,3814,0,4047,hard_ground_18
10.143,0,3831,0,4051,hard_ground_18
10.15,0,3819,0,4053,hard_ground_18
10.157,0,3765,0,4052,hard_ground_18
10.161,0,3719,0,4051,hard_ground_18
10.164,0,3731,0,4049,hard_ground_18
10.171,0,3777,0,4044,hard_ground_18
10.177,0,3799,0,4037,hard_ground_18
10.178,0,3795,0,4041,hard_ground_18
10.186,0,3768,0,4040,hard_ground_18
10.192,0,3731,0,4042,hard_ground_18
10.192,0,3740,0,4044,hard_ground_18
10.199,0,3768,0,4042,hard_ground_18
10.206,0,3796,0,4042,hard_ground_18
10.212,0,3813,0,4044,hard_ground_18
10.212,0,3835,0,4049,hard_ground_18
10.22,0,3844,0,4046,hard_ground_18
10.226,0,3867,0,4052,hard_ground_18
10.227,0,3863,0,4046,hard_ground_18
10.233,0,3858,0,4049,hard_ground_18
10.24,0,3829,0,4053,hard_ground_18
10.247,0,3817,0,4045,hard_ground_18
10.251,0,3806,0,4041,hard_ground_18
10.254,0,3809,0,4038,hard_ground_18
10.262,0,3835,0,4045,hard_ground_18
10.262,0,3835,0,4054,hard_ground_18
10.27,0,3820,0,4053,hard_ground_18
10.275,0,3831,0,4055,hard_ground_18
10.281,0,3827,0,4057,hard_ground_18
10.282,0,3858,0,4046,hard_ground_18
10.289,0,3862,0,4043,hard_ground_18
10.296,0,3848,0,4043,hard_ground_18
10.296,0,3789,0,4034,hard_ground_18
10.304,0,3760,0,4044,hard_ground_18
10.309,0,3758,0,4048,hard_ground_18
10.312,0,3740,0,4050,hard_ground_18
10.32,0,3765,0,4052,hard_ground_18
10.324,0,3789,0,4048,hard_ground_18
10.331,0,3811,0,4053,hard_ground_18
10.332,0,3817,0,4054,hard_ground_18
10.338,0,3821,0,4051,hard_ground_18
10.344,0,3779,0,4050,hard_ground_18
10.351,0,3746,0,4048,hard_ground_18
10.356,0,3710,0,4045,hard_ground_18
10.358,0,3714,0,4044,hard_ground_18
10.365,0,3725,0,4046,hard_ground_18
10.372,0,3716,0,4049,hard_ground_18
10.374,0,3726,0,4050,hard_ground_18
10.379,0,3741,0,4052,hard_ground_18
10.386,0,3717,0,4050,hard_ground_18
10.386,0,3721,0,4049,hard_ground_18
10.396,0,3743,0,4048,hard_ground_18
10.4,0,3790,0,4054,hard_ground_18
10.406,0,3805,0,4055,hard_ground_18
10.407,0,3817,0,4058,hard_ground_18
10.414,0,3808,0,4058,hard_ground_18
10.421,0,3777,0,4050,hard_ground_18
10.426,0,3754,0,4051,hard_ground_18
10.428,0,3784,0,4047,hard_ground_18
10.436,0,3805,0,4045,hard_ground_18
10.438,0,3782,0,4046,hard_ground_18
10.442,0,3748,0,4044,hard_ground_18
10.449,0,3712,0,4055,hard_ground_18
10.456,0,3715,0,4042,hard_ground_18
10.456,3911,3782,0,4043,hard_ground_18
10.463,0,3803,0,4043,hard_ground_18
10.471,0,3785,0,4037,hard_ground_18
10.474,0,3696,0,4020,hard_ground_18
10.479,0,3357,0,4033,hard_ground_18
10.483,3778,1220,0,4024,hard_ground_18
10.49,3688,3005,0,4017,hard_ground_18
10.494,3824,0,0,4016,hard_ground_18
10.5,0,0,0,4010,hard_ground_18
10.505,0,0,0,4014,hard_ground_18
10.511,0,0,0,4002,hard_ground_18
10.515,0,0,0,4002,hard_ground_18
10.521,0,0,0,3998,hard_ground_18
10.526,0,3080,0,4026,hard_ground_18
10.531,0,3563,0,4030,hard_ground_18
10.532,3877,3529,0,4046,hard_ground_18
10.539,3983,3351,0,4050,hard_ground_18
10.546,3985,0,0,4047,hard_ground_18
10.546,3973,0,0,4048,hard_ground_18
10.553,3925,0,0,4037,hard_ground_18
10.559,3808,0,0,4032,hard_ground_18
10.566,3728,0,0,4034,hard_ground_18
10.57,3633,0,0,4034,hard_ground_18
10.574,3361,0,0,4016,hard_ground_18
10.581,2416,0,0,4014,hard_ground_18
10.581,0,0,0,4016,hard_ground_18
10.591,0,0,0,4026,hard_ground_18
10.594,0,0,0,4038,hard_ground_18
10.601,0,0,0,4043,hard_ground_18
10.605,0,0,0,4046,hard_ground_18
10.608,0,1799,0,4042,hard_ground_18
10.616,0,2235,0,4046,hard_ground_18
10.616,0,2989,0,4046,hard_ground_18
10.626,0,3249,0,4048,hard_ground_18
10.629,0,3297,0,4047,hard_ground_18
10.635,0,3380,0,4047,hard_ground_18
10.64,0,3448,0,4048,hard_ground_18
10.643,0,3503,0,4052,hard_ground_18
10.651,0,3550,0,4042,hard_ground_18
10.651,0,3621,0,4041,hard_ground_18
10.657,0,3718,0,4037,hard_ground_18
10.664,0,3696,0,4038,hard_ground_18
10.671,0,3661,0,4035,hard_ground_18
10.676,0,3454,0,4041,hard_ground_18
10.678,0,3353,0,4027,hard_ground_18
10.685,0,3080,0,4030,hard_ground_18
10.685,0,3059,0,4023,hard_ground_18
10.692,0,3087,0,4021,hard_ground_18
10.699,0,3167,0,4022,hard_ground_18
10.706,0,3208,0,4023,hard_ground_18
10.711,0,3385,0,4022,hard_ground_18
10.713,0,3619,0,4024,hard_ground_18
10.72,0,3691,0,4027,hard_ground_18
10.72,0,3705,0,4026,hard_ground_18
10.73,0,3692,0,4025,hard_ground_18
10.733,0,3619,0,4019,hard_ground_18
10.741,0,3597,0,4027,hard_ground_18
10.745,0,3566,0,4026,hard_ground_18
10.747,0,3589,0,4028,hard_ground_18
10.754,0,3632,0,4029,hard_ground_18
10.754,0,3640,0,4027,hard_ground_18
10.765,0,3589,0,4022,hard_ground_18
10.77,0,3599,0,4021,hard_ground_18
10.775,0,3628,0,4025,hard_ground_18
10.778,0,3632,0,4027,hard_ground_18
10.782,0,3499,0,4028,hard_ground_18
10.79,0,3309,0,4029,hard_ground_18
10.796,0,3231,0,4030,hard_ground_18
10.797,0,2971,0,4029,hard_ground_18
10.803,0,3367,0,4026,hard_ground_18
10.81,0,3541,0,4024,hard_ground_18
10.811,0,3582,0,4024,hard_ground_18
10.82,0,3419,0,4019,hard_ground_18
10.823,0,2975,0,4013,hard_ground_18
10.831,0,1128,0,4002,hard_ground_18
10.831,0,0,0,3999,hard_ground_18
10.837,0,0,0,3993,hard_ground_18
10.844,0,0,0,3981,hard_ground_18
10.849,0,0,0,3979,hard_ground_18
10.851,0,0,0,3984,hard_ground_18
10.86,0,0,0,3976,hard_ground_18
10.865,0,0,0,3982,hard_ground_18
10.866,0,0,0,3983,hard_ground_18
10.872,0,0,0,3969,hard_ground_18
10.879,0,1997,0,3948,hard_ground_18
10.885,0,0,0,3905,hard_ground_18
10.886,0,0,0,3862,hard_ground_18
10.895,0,2226,0,3788,hard_ground_18
10.9,0,2082,0,3745,hard_ground_18
10.901,0,2018,0,3670,hard_ground_18
10.907,0,0,0,3540,hard_ground_18
10.914,0,0,0,3508,hard_ground_18
10.92,0,2411,0,3425,hard_ground_18
10.922,0,2871,0,3412,hard_ground_18
10.928,0,2330,0,3412,hard_ground_18
10.935,0,0,0,3245,hard_ground_18
10.936,0,0,0,3101,hard_ground_18
10.945,0,0,0,3057,hard_ground_18
10.948,0,0,0,2546,hard_ground_18
10.952,3099,0,0,0,hard_ground_18
10.956,0,0,0,0,hard_ground_18
10.962,0,0,0,0,hard_ground_18
10.969,0,0,0,0,hard_ground_18
10.975,0,0,1101,0,hard_ground_18
10.976,0,0,2295,0,hard_ground_18
10.983,0,0,2385,0,hard_ground_18
10.99,3550,0,2943,0,hard_ground_18
10.991,3783,0,3120,0,hard_ground_18
10.997,3848,0,3185,0,hard_ground_18
11.004,3907,0,3235,0,hard_ground_18
11.005,3921,0,3250,0,hard_ground_18
11.015,3914,0,3217,0,hard_ground_18
11.018,3824,0,3187,0,hard_ground_18
11.025,3576,0,3076,0,hard_ground_18
11.029,0,0,2990,0,hard_ground_18
11.032,0,0,2841,0,hard_ground_18
11.039,0,0,2762,0,hard_ground_18
11.045,1913,0,2822,0,hard_ground_18
11.046,2622,0,3014,0,hard_ground_18
11.055,3225,0,3179,0,hard_ground_18
11.059,3608,0,3341,0,hard_ground_18
11.065,3751,0,3383,0,hard_ground_18
11.067,3854,0,3334,0,hard_ground_18
11.074,3936,0,3076,0,hard_ground_18
11.076,3942,0,3146,0,hard_ground_18
11.081,3938,0,3293,0,hard_ground_18
11.087,3923,0,3464,0,hard_ground_18
11.094,3912,0,3462,0,hard_ground_18
11.098,3901,0,3317,0,hard_ground_18
11.101,3926,0,2981,0,hard_ground_18
11.108,3924,0,2602,0,hard_ground_18
11.108,3924,0,2865,0,hard_ground_18
11.116,3915,0,3158,0,hard_ground_18
11.123,3908,0,3433,0,hard_ground_18
11.129,3900,0,3527,0,hard_ground_18
11.134,3902,0,3519,0,hard_ground_18
11.136,3861,0,3362,0,hard_ground_18
11.143,3846,0,2932,0,hard_ground_18
11.149,3848,0,2573,0,hard_ground_18
11.15,3765,0,2247,0,hard_ground_18
11.157,3749,0,2248,0,hard_ground_18
11.164,3763,0,2078,0,hard_ground_18
11.169,3701,0,2369,0,hard_ground_18
11.171,3477,0,2574,0,hard_ground_18
11.178,3361,0,2815,0,hard_ground_18
11.184,3483,0,3238,0,hard_ground_18
11.189,3763,0,3418,0,hard_ground_18
11.194,3876,0,3459,0,hard_ground_18
11.198,3909,0,3447,0,hard_ground_18
11.202,3919,0,3242,0,hard_ground_18
11.205,3855,0,2189,0,hard_ground_18
11.214,3580,0,1590,0,hard_ground_18
11.219,3294,0,1881,0,hard_ground_18
11.221,3391,0,2695,0,hard_ground_18
11.226,3722,0,3291,0,hard_ground_18
11.234,3842,0,3587,0,hard_ground_18
11.239,3930,0,3725,0,hard_ground_18
11.24,3947,0,3750,0,hard_ground_18
11.247,3954,0,3743,0,hard_ground_18
11.254,3964,0,3707,0,hard_ground_18
11.254,3953,0,3570,0,hard_ground_18
11.262,3902,0,3252,0,hard_ground_18
11.268,3828,0,3120,0,hard_ground_18
11.27,3637,0,3160,0,hard_ground_18
11.276,3687,0,3258,0,hard_ground_18
11.282,3767,0,3299,0,hard_ground_18
11.289,3780,0,3363,0,hard_ground_18
11.294,3732,0,3262,0,hard_ground_18
11.296,3398,0,3328,0,hard_ground_18
11.303,3073,0,3411,0,hard_ground_18
11.309,2976,0,3333,0,hard_ground_18
11.31,3277,0,3225,0,hard_ground_18
11.317,3582,0,3103,0,hard_ground_18
11.323,3838,0,3126,0,hard_ground_18
11.329,3868,0,3339,0,hard_ground_18
11.33,3867,0,3514,0,hard_ground_18
11.338,3867,0,3594,0,hard_ground_18
11.344,3873,0,3638,0,hard_ground_18
11.349,3904,0,3606,0,hard_ground_18
11.351,3904,0,3527,0,hard_ground_18
11.358,3864,0,3426,0,hard_ground_18
11.364,3823,0,3287,0,hard_ground_18
11.365,3726,0,3348,0,hard_ground_18
11.372,3688,0,3406,0,hard_ground_18
11.379,3811,0,3431,0,hard_ground_18
11.38,3853,0,3495,0,hard_ground_18
11.386,3889,0,3542,0,hard_ground_18
11.393,3890,0,3590,0,hard_ground_18
11.399,3903,0,3638,0,hard_ground_18
11.4,3891,0,3649,0,hard_ground_18
11.407,3878,0,3655,0,hard_ground_18
11.414,3860,0,3660,0,hard_ground_18
11.414,3831,0,3643,0,hard_ground_18
11.422,3795,0,3559,0,hard_ground_18
11.427,3685,0,3523,0,hard_ground_18
11.43,3745,0,3528,0,hard_ground_18
11.439,3778,0,3494,0,hard_ground_18
11.442,3799,0,3484,0,hard_ground_18
11.449,3841,0,3508,0,hard_ground_18
11.449,3871,0,3523,0,hard_ground_18
11.456,3885,0,3583,0,hard_ground_18
11.462,3913,0,3630,0,hard_ground_18
11.469,3919,0,3650,0,hard_ground_18
11.474,3925,0,3635,0,hard_ground_18
11.476,3919,0,3635,0,hard_ground_18
11.483,3914,0,3631,0,hard_ground_18
11.483,3894,0,3637,0,hard_ground_18
11.49,3863,0,3633,0,hard_ground_18
11.497,3838,0,3597,0,hard_ground_18
11.5,3821,0,3590,0,hard_ground_18
11.509,3824,0,3570,0,hard_ground_18
11.511,3838,0,3567,0,hard_ground_18
11.518,3831,0,3574,0,hard_ground_18
11.518,3857,0,3591,0,hard_ground_18
11.525,3880,0,3601,0,hard_ground_18
11.532,3902,0,3642,0,hard_ground_18
11.539,3915,0,3650,0,hard_ground_18
11.543,3919,0,3666,0,hard_ground_18
11.546,3915,0,3662,0,hard_ground_18
11.553,3915,0,3648,0,hard_ground_18
11.553,3908,0,3606,0,hard_ground_18
11.563,3918,0,3583,0,hard_ground_18
11.567,3912,0,3566,0,hard_ground_18
11.574,3908,0,3552,0,hard_ground_18
11.576,3916,0,3556,0,hard_ground_18
11.58,3913,0,3567,0,hard_ground_18
11.587,3919,0,3581,0,hard_ground_18
11.589,3923,0,3598,0,hard_ground_18
11.594,3918,0,3623,0,hard_ground_18
11.602,3916,0,3625,0,hard_ground_18
11.608,3905,0,3654,0,hard_ground_18
11.609,3888,0,3670,0,hard_ground_18
11.616,3860,0,3681,0,hard_ground_18
11.622,3849,0,3678,0,hard_ground_18
11.628,3819,0,3650,0,hard_ground_18
11.633,3812,0,3605,0,hard_ground_18
11.636,3810,0,3584,0,hard_ground_18
11.643,3807,0,3587,0,hard_ground_18
11.648,3804,0,3589,0,hard_ground_18
11.65,3846,0,3602,0,hard_ground_18
11.657,3889,0,3626,0,hard_ground_18
11.663,3908,0,3641,0,hard_ground_18
11.665,3918,0,3657,0,hard_ground_18
11.671,3925,0,3662,0,hard_ground_18
11.677,3924,0,3663,0,hard_ground_18
11.679,3927,0,3643,0,hard_ground_18
11.685,3938,0,3629,0,hard_ground_18
11.692,3940,0,3599,0,hard_ground_18
11.698,3944,0,3587,0,hard_ground_18
11.699,3927,0,3593,0,hard_ground_18
11.705,3913,0,3594,0,hard_ground_18
11.712,3911,0,3587,0,hard_ground_18
11.719,3907,0,3605,0,hard_ground_18
11.719,3911,0,3621,0,hard_ground_18
11.726,3908,0,3665,0,hard_ground_18
11.733,3914,0,3659,0,hard_ground_18
11.733,3900,0,3648,0,hard_ground_18
11.743,3916,0,3624,0,hard_ground_18
11.747,3911,0,3626,0,hard_ground_18
11.753,3920,0,3612,0,hard_ground_18
11.754,3927,0,3586,0,hard_ground_18
11.762,3939,0,3596,0,hard_ground_18
11.768,3944,0,3597,0,hard_ground_18
11.769,3940,0,3623,0,hard_ground_18
11.777,3953,0,3624,0,hard_ground_18
11.782,3953,0,3644,0,hard_ground_18
11.788,3951,0,3648,0,hard_ground_18
11.789,3926,0,3667,0,hard_ground_18
11.798,3912,0,3636,0,hard_ground_18
11.803,3883,0,3641,0,hard_ground_18
11.803,3856,0,3649,0,hard_ground_18
11.81,3824,0,3649,0,hard_ground_18
11.818,3827,0,3623,0,hard_ground_18
11.818,3842,0,3595,0,hard_ground_18
11.826,3878,0,3582,0,hard_ground_18
11.83,3902,0,3588,0,hard_ground_18
11.838,3903,0,3611,0,hard_ground_18
11.842,3907,0,3621,0,hard_ground_18
11.848,3944,0,3619,0,hard_ground_18
11.851,3964,0,3622,0,hard_ground_18
11.857,3977,0,3649,0,hard_ground_18
11.858,3972,0,3632,0,hard_ground_18
11.867,3963,0,3619,0,hard_ground_18
11.872,3943,0,3623,0,hard_ground_18
11.877,3929,0,3607,0,hard_ground_18
11.879,3917,0,3594,0,hard_ground_18
11.887,3908,0,3596,0,hard_ground_18
11.893,3910,0,3586,0,hard_ground_18
11.894,3912,0,3571,0,hard_ground_18
11.9,3901,0,3612,0,hard_ground_18
11.907,3913,0,3611,0,hard_ground_18
11.913,3922,0,3638,0,hard_ground_18
11.915,3933,0,3670,0,hard_ground_18
11.923,3950,0,3676,0,hard_ground_18
11.927,3952,0,3682,0,hard_ground_18
11.933,3956,0,3668,0,hard_ground_18
11.934,3954,0,3649,0,hard_ground_18
11.942,3946,0,3630,0,hard_ground_18
11.948,3925,0,3602,0,hard_ground_18
11.949,3926,0,3597,0,hard_ground_18
11.955,3928,0,3602,0,hard_ground_18
11.962,3920,0,3611,0,hard_ground_18
11.962,3925,0,3628,0,hard_ground_18
11.973,3916,0,3618,0,hard_ground_18
11.977,3915,0,3617,0,hard_ground_18
11.979,3918,0,3623,0,hard_ground_18
11.983,3920,0,3640,0,hard_ground_18
11.99,3923,0,3665,0,hard_ground_18
11.997,3925,0,3677,0,hard_ground_18
11.997,3940,0,3660,0,hard_ground_18
12.004,3932,0,3619,0,hard_ground_18
12.011,3934,0,3598,0,hard_ground_18
12.018,3926,0,3551,0,hard_ground_18
12.018,3923,0,3559,0,hard_ground_18
12.025,3940,0,3549,0,hard_ground_18
12.032,3947,0,3558,0,hard_ground_18
12.032,3957,0,3576,0,hard_ground_18
12.042,3969,0,3579,0,hard_ground_18
12.046,3970,0,3606,0,hard_ground_18
12.053,3975,0,3612,0,hard_ground_18
12.053,3978,0,3629,0,hard_ground_18
12.059,3972,0,3636,0,hard_ground_18
12.066,3974,0,3624,0,hard_ground_18
12.072,3965,0,3612,0,hard_ground_18
12.077,3943,0,3626,0,hard_ground_18
12.082,3920,0,3636,0,hard_ground_18
12.087,3923,0,3641,0,hard_ground_18
12.087,3901,0,3643,0,hard_ground_18
12.094,3893,0,3675,0,hard_ground_18
12.101,3900,0,3659,0,hard_ground_18
12.107,3900,0,3674,0,hard_ground_18
12.108,3903,0,3671,0,hard_ground_18
12.117,3909,0,3669,0,hard_ground_18
12.123,3919,0,3642,0,hard_ground_18
12.123,3925,0,3629,0,hard_ground_18
12.129,3943,0,3588,0,hard_ground_18
12.136,3963,0,3578,0,hard_ground_18
12.138,3973,0,3564,0,hard_ground_18
12.143,3977,0,3556,0,hard_ground_18
12.152,3977,0,3540,0,hard_ground_18
12.157,3976,0,3546,0,hard_ground_18
12.157,3985,0,3541,0,hard_ground_18
12.164,3980,0,3543,0,hard_ground_18
12.17,3986,0,3540,0,hard_ground_18
12.177,3981,0,3555,0,hard_ground_18
12.181,3981,0,3586,0,hard_ground_18
12.184,3971,0,3594,0,hard_ground_18
12.191,3965,0,3607,0,hard_ground_18
12.191,3954,0,3634,0,hard_ground_18
12.202,3938,0,3649,0,hard_ground_18
12.205,3928,0,3664,0,hard_ground_18
12.212,3918,0,3639,0,hard_ground_18
12.216,3903,0,3634,0,hard_ground_18
12.222,3900,0,3629,0,hard_ground_18
12.227,3903,0,3634,0,hard_ground_18
12.232,3901,0,3649,0,hard_ground_18
12.234,3909,0,3654,0,hard_ground_18
12.24,3914,0,3672,0,hard_ground_18
12.247,3921,0,3637,0,hard_ground_18
12.248,3913,0,3561,0,hard_ground_18
12.254,3897,0,3498,0,hard_ground_18
12.261,3892,0,3475,0,hard_ground_18
12.267,3897,0,3563,0,hard_ground_18
12.271,3918,0,3621,0,hard_ground_18
12.277,3952,0,3714,0,hard_ground_18
12.282,3972,0,3763,0,hard_ground_18
12.287,3981,0,3758,0,hard_ground_18
12.289,3984,0,3760,0,hard_ground_18
12.296,3976,0,3731,0,hard_ground_18
12.302,3968,0,3676,0,hard_ground_18
12.303,3947,0,3606,0,hard_ground_18
12.31,3936,0,3565,0,hard_ground_18
12.316,3934,0,3565,0,hard_ground_18
12.318,3948,0,3562,0,hard_ground_18
12.327,3950,0,3583,0,hard_ground_18
12.33,3961,0,3630,0,hard_ground_18
12.336,3966,0,3676,0,hard_ground_18
12.337,3971,0,3711,0,hard_ground_18
12.346,3972,0,3725,0,hard_ground_18
12.351,3967,0,3714,0,hard_ground_18
12.357,3966,0,3680,0,hard_ground_18
12.358,3966,0,3641,0,hard_ground_18
12.365,3959,0,3501,0,hard_ground_18
12.372,3941,0,3171,0,hard_ground_18
12.372,3904,0,2916,0,hard_ground_18
12.382,3895,0,3023,0,hard_ground_18
12.386,3892,0,3406,0,hard_ground_18
12.392,3907,0,3584,0,hard_ground_18
12.393,3950,0,3671,0,hard_ground_18
12.402,3971,0,3689,0,hard_ground_18
12.407,3963,0,3644,0,hard_ground_18
12.407,3938,0,3600,0,hard_ground_18
12.414,3900,0,3522,0,hard_ground_18
12.42,3861,0,3481,0,hard_ground_18
12.422,3836,0,3485,0,hard_ground_18
12.428,3860,0,3524,0,hard_ground_18
12.435,3873,0,3639,0,hard_ground_18
12.441,3906,0,3735,0,hard_ground_18
12.441,3926,0,3771,0,hard_ground_18
12.448,3956,0,3812,0,hard_ground_18
12.455,3970,0,3820,0,hard_ground_18
12.462,3982,0,3820,0,hard_ground_18
12.463,3988,0,3811,0,hard_ground_18
12.469,3998,0,3796,0,hard_ground_18
12.476,4003,0,3791,0,hard_ground_18
12.478,4007,0,3751,0,hard_ground_18
12.486,4004,0,3716,0,hard_ground_18
12.49,3998,0,3662,0,hard_ground_18
12.496,3992,0,3601,0,hard_ground_18
12.497,3978,0,3557,0,hard_ground_18
12.504,3967,0,3543,0,hard_ground_18
12.511,3960,0,3535,0,hard_ground_18
12.512,3946,0,3436,0,hard_ground_18
12.518,3934,0,3245,0,hard_ground_18
12.526,3927,0,2709,0,hard_ground_18
12.531,3925,0,2837,0,hard_ground_18
12.536,3941,0,3389,0,hard_ground_18
12.539,3972,0,3635,0,hard_ground_18
12.546,3993,0,3713,0,hard_ground_18
12.547,4001,0,3752,0,hard_ground_18
12.555,3989,0,3754,0,hard_ground_18
12.559,3965,0,3698,0,hard_ground_18
12.567,3948,0,3652,0,hard_ground_18
12.567,3931,0,3631,0,hard_ground_18
12.573,3937,0,3650,0,hard_ground_18
12.58,3938,0,3707,0,hard_ground_18
12.586,3950,0,3731,0,hard_ground_18
12.587,3962,0,3779,0,hard_ground_18
12.595,3976,0,3803,0,hard_ground_18
12.601,3982,0,3819,0,hard_ground_18
12.606,3988,0,3798,0,hard_ground_18
12.608,3988,0,3784,0,hard_ground_18
12.615,3974,0,3739,0,hard_ground_18
12.621,3964,0,3713,0,hard_ground_18
12.622,3950,0,3695,0,hard_ground_18
12.631,3938,0,3661,0,hard_ground_18
12.636,3930,0,3645,0,hard_ground_18
12.641,3925,0,3609,0,hard_ground_18
12.643,3927,0,3631,0,hard_ground_18
12.65,3929,0,3657,0,hard_ground_18
12.656,3977,0,3670,0,hard_ground_18
12.657,3996,0,3676,0,hard_ground_18
12.665,4003,0,3666,0,hard_ground_18
12.671,3987,0,3609,0,hard_ground_18
12.671,3974,0,3375,0,hard_ground_18
12.681,3959,0,2428,0,hard_ground_18
12.685,3953,0,1491,0,hard_ground_18
12.691,3952,0,2446,0,hard_ground_18
12.694,3955,0,3465,0,hard_ground_18
12.698,3984,0,3678,0,hard_ground_18
12.705,3994,0,3722,0,hard_ground_18
12.707,4000,0,3728,0,hard_ground_18
12.712,4000,0,3709,0,hard_ground_18
12.719,3996,0,3694,0,hard_ground_18
12.726,3987,0,3687,0,hard_ground_18
12.731,3972,0,3691,0,hard_ground_18
12.733,3969,0,3694,0,hard_ground_18
12.74,3978,0,3717,0,hard_ground_18
12.74,3983,0,3725,0,hard_ground_18
12.748,3984,0,3746,0,hard_ground_18
12.754,3982,0,3755,0,hard_ground_18
12.761,3975,0,3754,0,hard_ground_18
12.765,3942,0,3743,0,hard_ground_18
12.768,3921,0,3725,0,hard_ground_18
12.775,3922,0,3656,0,hard_ground_18
12.779,3921,0,3535,0,hard_ground_18
12.786,3878,0,3536,0,hard_ground_18
12.789,3825,0,3521,0,hard_ground_18
12.796,3812,0,3515,0,hard_ground_18
12.8,3810,0,3500,0,hard_ground_18
12.803,3867,0,3490,0,hard_ground_18
12.809,3890,0,3439,0,hard_ground_18
12.816,3868,0,3433,0,hard_ground_18
12.817,3743,0,3240,0,hard_ground_18
12.826,3569,0,2708,0,hard_ground_18
12.83,3181,0,0,0,hard_ground_18
12.836,3531,0,0,0,hard_ground_18
12.837,3564,0,0,0,hard_ground_18
12.844,3646,0,756,0,hard_ground_18
12.851,3618,0,1793,0,hard_ground_18
12.856,3265,0,0,0,hard_ground_18
12.858,0,0,0,0,hard_ground_18
12.865,0,0,0,0,hard_ground_18
12.871,0,0,0,0,hard_ground_18
12.872,0,0,0,0,hard_ground_18
12.879,0,0,0,0,hard_ground_18
12.886,0,2070,0,3141,hard_ground_18
12.886,0,2969,0,3564,hard_ground_18
12.893,0,3159,0,3643,hard_ground_18
12.899,0,3146,0,3707,hard_ground_18
12.906,0,2940,0,3732,hard_ground_18
12.907,0,2381,0,3711,hard_ground_18
12.914,0,1798,0,3635,hard_ground_18
12.92,0,1110,0,3612,hard_ground_18
12.925,0,0,0,3594,hard_ground_18
12.927,0,0,0,3604,hard_ground_18
12.934,0,0,0,3629,hard_ground_18
12.941,0,0,0,3631,hard_ground_18
12.942,0,0,0,3623,hard_ground_18
12.948,0,0,0,3591,hard_ground_18
12.956,0,253,0,3541,hard_ground_18
12.956,0,619,0,3399,hard_ground_18
12.965,0,1388,0,1566,hard_ground_18
12.969,0,0,0,0,hard_ground_18
12.975,0,0,707,0,hard_ground_18
12.979,0,0,1965,0,hard_ground_18
12.983,0,0,2423,0,hard_ground_18
12.99,0,0,2894,0,hard_ground_18
12.995,0,0,2602,0,hard_ground_18
12.997,0,0,2698,0,hard_ground_18
13.004,0,0,2497,0,hard_ground_18
13.01,0,1093,2594,0,hard_ground_18
13.015,0,0,2685,0,hard_ground_18
13.018,2115,0,2560,0,hard_ground_18
13.025,2725,0,2400,0,hard_ground_18
13.026,3131,1156,2655,0,hard_ground_18
13.034,3632,2608,1720,0,hard_ground_18
13.038,3767,2229,2278,0,hard_ground_18
13.045,3783,0,2386,0,hard_ground_18
13.046,3761,0,2551,0,hard_ground_18
13.052,3710,0,2913,0,hard_ground_18
13.06,3665,0,3139,0,hard_ground_18
13.066,3812,2594,3129,0,hard_ground_18
13.066,3854,2503,3217,0,hard_ground_18
13.073,3861,1523,3147,0,hard_ground_18
13.08,3835,1157,2719,0,hard_ground_18
13.085,3642,0,2980,0,hard_ground_18
13.087,3335,0,3024,0,hard_ground_18
13.094,3657,0,3084,0,hard_ground_18
13.1,3777,0,3584,0,hard_ground_18
13.101,3824,0,3707,0,hard_ground_18
13.108,3837,0,3795,0,hard_ground_18
13.115,3846,0,3822,0,hard_ground_18
13.116,3874,0,3855,0,hard_ground_18
13.122,3883,0,3882,0,hard_ground_18
13.129,3905,0,3886,0,hard_ground_18
13.135,3928,0,3891,0,hard_ground_18
13.136,3940,0,3893,0,hard_ground_18
13.143,3949,0,3886,0,hard_ground_18
13.149,3965,0,3886,0,hard_ground_18
13.155,3947,0,3873,0,hard_ground_18
13.157,3920,0,3878,0,hard_ground_18
13.164,3932,0,3881,0,hard_ground_18
13.17,3938,0,3874,0,hard_ground_18
13.171,3939,0,3872,0,hard_ground_18
13.179,3947,0,3871,0,hard_ground_18
13.184,3957,0,3868,0,hard_ground_18
13.186,3954,0,3873,0,hard_ground_18
13.194,3956,0,3872,0,hard_ground_18
13.198,3958,0,3882,0,hard_ground_18
13.204,3962,0,3869,0,hard_ground_18
13.205,3970,0,3877,0,hard_ground_18
13.212,3982,0,3888,0,hard_ground_18
13.219,3994,0,3898,0,hard_ground_18
13.225,4001,0,3914,0,hard_ground_18
13.23,4010,0,3912,0,hard_ground_18
13.233,4011,0,3914,0,hard_ground_18
13.239,4004,0,3901,0,hard_ground_18
13.24,4005,0,3897,0,hard_ground_18
13.247,3997,0,3882,0,hard_ground_18
13.254,3991,0,3875,0,hard_ground_18
13.256,3991,0,3876,0,hard_ground_18
13.264,3997,0,3881,0,hard_ground_18
13.268,4007,0,3893,0,hard_ground_18
13.275,4016,0,3907,0,hard_ground_18
13.279,4022,0,3917,0,hard_ground_18
13.283,4029,0,3918,0,hard_ground_18
13.289,4029,0,3916,0,hard_ground_18
13.291,4031,0,3932,0,hard_ground_18
13.296,4032,0,3926,0,hard_ground_18
13.303,4032,0,3919,0,hard_ground_18
13.309,4027,0,3904,0,hard_ground_18
13.309,4022,0,3884,0,hard_ground_18
13.317,4019,0,3867,0,hard_ground_18
13.323,4011,0,3858,0,hard_ground_18
13.329,3999,0,3857,0,hard_ground_18
13.334,3990,0,3876,0,hard_ground_18
13.337,4008,0,3884,0,hard_ground_18
13.344,4013,0,3885,0,hard_ground_18
13.344,4022,0,3887,0,hard_ground_18
13.351,4021,0,3893,0,hard_ground_18
13.358,4020,0,3896,0,hard_ground_18
13.365,4021,0,3911,0,hard_ground_18
13.37,4025,0,3922,0,hard_ground_18
13.372,4027,0,3918,0,hard_ground_18
13.379,4031,0,3916,0,hard_ground_18
13.385,4026,0,3923,0,hard_ground_18
13.386,4027,0,3911,0,hard_ground_18
13.393,4024,0,3897,0,hard_ground_18
13.399,4025,0,3888,0,hard_ground_18
13.399,4019,0,3882,0,hard_ground_18
13.406,4017,0,3876,0,hard_ground_18
13.413,4013,0,3876,0,hard_ground_18
13.42,4013,0,3884,0,hard_ground_18
13.42,4019,0,3890,0,hard_ground_18
13.428,4024,0,3898,0,hard_ground_18
13.435,4023,0,3910,0,hard_ground_18
13.435,4020,0,3922,0,hard_ground_18
13.443,4023,0,3913,0,hard_ground_18
13.448,4022,0,3917,0,hard_ground_18
13.454,4020,0,3913,0,hard_ground_18
13.455,4019,0,3898,0,hard_ground_18
13.462,4017,0,3897,0,hard_ground_18
13.469,4015,0,3901,0,hard_ground_18
13.47,4015,0,3892,0,hard_ground_18
13.48,4016,0,3890,0,hard_ground_18
13.483,4012,0,3888,0,hard_ground_18
13.489,4017,0,3895,0,hard_ground_18
13.49,4016,0,3893,0,hard_ground_18
13.497,4019,0,3882,0,hard_ground_18
13.504,4011,0,3886,0,hard_ground_18
13.509,4019,0,3890,0,hard_ground_18
13.514,4015,0,3878,0,hard_ground_18
13.518,4017,0,3876,0,hard_ground_18
13.524,4014,0,3877,0,hard_ground_18
13.525,4015,0,3882,0,hard_ground_18
13.531,4015,0,3892,0,hard_ground_18
13.538,4019,0,3888,0,hard_ground_18
13.54,4020,0,3887,0,hard_ground_18
13.545,4021,0,3892,0,hard_ground_18
13.554,4025,0,3897,0,hard_ground_18
13.559,4020,0,3897,0,hard_ground_18
13.559,4018,0,3898,0,hard_ground_18
13.566,4018,0,3894,0,hard_ground_18
13.573,4018,0,3878,0,hard_ground_18
13.579,4020,0,3855,0,hard_ground_18
13.58,4015,0,3859,0,hard_ground_18
13.587,4014,0,3879,0,hard_ground_18
13.594,4015,0,3884,0,hard_ground_18
13.594,4016,0,3887,0,hard_ground_18
13.601,4024,0,3886,0,hard_ground_18
13.608,4017,0,3886,0,hard_ground_18
13.614,4014,0,3886,0,hard_ground_18
13.615,4013,0,3878,0,hard_ground_18
13.622,4018,0,3879,0,hard_ground_18
13.629,4022,0,3867,0,hard_ground_18
13.629,4024,0,3858,0,hard_ground_18
13.637,4028,0,3842,0,hard_ground_18
13.642,4023,0,3821,0,hard_ground_18
13.649,4020,0,3812,0,hard_ground_18
13.65,4014,0,3759,0,hard_ground_18
13.657,4016,0,3634,4066,hard_ground_18
13.663,4014,0,3562,0,hard_ground_18
13.665,4013,0,3524,0,hard_ground_18
13.67,3998,0,3477,4029,hard_ground_18
13.677,4012,0,3201,0,hard_ground_18
13.684,4020,0,2910,3992,hard_ground_18
13.685,4024,0,2432,3919,hard_ground_18
13.692,4017,0,2236,3868,hard_ground_18
13.698,4016,0,0,3859,hard_ground_18
13.7,4017,0,0,0,hard_ground_18
13.709,4015,0,0,0,hard_ground_18
13.712,4017,0,0,0,hard_ground_18
13.719,4015,0,0,0,hard_ground_18
13.719,4021,0,2101,3255,hard_ground_18
13.726,4025,0,3283,3510,hard_ground_18
13.733,4033,0,2849,3548,hard_ground_18
13.739,4036,0,2205,3242,hard_ground_18
13.744,4038,0,0,3106,hard_ground_18
13.747,4035,0,0,3265,hard_ground_18
13.754,4034,0,0,3852,hard_ground_18
13.754,4040,0,0,3950,hard_ground_18
13.761,4041,0,0,4008,hard_ground_18
13.767,4040,0,0,4000,hard_ground_18
13.774,4034,0,0,3958,hard_ground_18
13.779,4028,0,0,3726,hard_ground_18
13.781,4019,0,0,3666,hard_ground_18
13.789,4012,0,0,3722,hard_ground_18
13.789,4017,0,0,3796,hard_ground_18
13.795,4024,0,3020,3743,hard_ground_18
13.802,4031,0,3357,3326,hard_ground_18
13.809,4030,0,3566,2472,hard_ground_18
13.813,4030,0,3591,582,hard_ground_18
13.816,4029,0,3570,0,hard_ground_18
13.823,4029,0,3522,0,hard_ground_18
13.829,4033,0,3559,0,hard_ground_18
13.83,4034,0,3595,0,hard_ground_18
13.837,4038,0,3691,0,hard_ground_18
13.844,4040,0,3697,0,hard_ground_18
13.849,4035,0,3735,0,hard_ground_18
13.851,4031,0,3777,0,hard_ground_18
13.859,4034,0,3764,0,hard_ground_18
13.864,4039,0,3697,0,hard_ground_18
13.865,4042,0,3643,0,hard_ground_18
13.872,4046,0,3648,0,hard_ground_18
13.879,4046,0,3689,0,hard_ground_18
13.88,4046,0,3714,0,hard_ground_18
13.889,4044,0,3730,0,hard_ground_18
13.892,4043,0,3695,0,hard_ground_18
13.899,4041,0,3715,0,hard_ground_18
13.903,4040,0,3739,0,hard_ground_18
13.906,4038,0,3730,0,hard_ground_18
13.914,4039,0,3708,0,hard_ground_18
13.914,4040,0,3684,0,hard_ground_18
13.923,4042,0,3672,0,hard_ground_18
13.929,4039,0,3639,0,hard_ground_18
13.933,4038,0,3629,0,hard_ground_18
13.937,4038,0,3641,0,hard_ground_18
13.941,4035,0,3636,0,hard_ground_18
13.949,4038,0,3638,0,hard_ground_18
13.954,4045,0,3634,0,hard_ground_18
13.959,4044,0,3669,0,hard_ground_18
13.962,4041,0,3715,3414,hard_ground_18
13.968,4046,0,3731,2524,hard_ground_18
13.973,4035,0,3705,0,hard_ground_18
13.976,4036,0,3633,0,hard_ground_18
13.983,4037,0,3563,0,hard_ground_18
13.985,4041,0,3577,0,hard_ground_18
13.99,4039,0,3584,0,hard_ground_18
13.999,4033,0,3662,0,hard_ground_18
14.004,4034,0,3745,1331,hard_ground_18
14.009,4034,0,3756,3109,hard_ground_18
14.011,4033,0,3611,0,hard_ground_18
14.018,4033,0,3449,0,hard_ground_18
14.018,4034,0,2309,0,hard_ground_18
14.029,4020,0,1247,0,hard_ground_18
14.032,4009,0,3024,3142,hard_ground_18
14.039,3996,0,3496,2717,hard_ground_18
14.043,3996,0,3530,0,hard_ground_18
14.046,4000,0,3426,2847,hard_ground_18
14.052,4002,0,3087,3292,hard_ground_18
14.058,4005,0,3343,2958,hard_ground_18
14.06,3992,0,3570,3299,hard_ground_18
14.066,3979,0,3588,3777,hard_ground_18
14.073,3965,0,3548,3843,hard_ground_18
14.078,3905,0,3478,3840,hard_ground_18
14.081,3763,0,2949,3829,hard_ground_18
14.088,3565,0,0,3725,hard_ground_18
14.094,3376,0,0,3553,hard_ground_18
14.095,3101,0,0,3543,hard_ground_18
14.101,3414,0,0,3783,hard_ground_18
14.109,3576,0,543,3870,hard_ground_18
14.114,3689,0,2980,3913,hard_ground_18
14.115,3664,0,3384,3938,hard_ground_18
14.122,3444,0,3532,3933,hard_ground_18
14.129,1582,0,3572,3919,hard_ground_18
14.13,0,0,3369,3887,hard_ground_18
14.136,0,0,459,3763,hard_ground_18
14.143,0,0,0,3315,hard_ground_18
14.149,0,0,0,3194,hard_ground_18
14.15,0,0,0,3781,hard_ground_18
14.157,0,0,0,3887,hard_ground_18
14.16,0,2313,2276,3969,hard_ground_18
14.164,0,3091,3180,3991,hard_ground_18
14.173,0,3357,3306,3982,hard_ground_18
14.178,0,3399,0,3973,hard_ground_18
14.184,0,3284,0,3958,hard_ground_18
14.185,0,3190,0,3924,hard_ground_18
14.191,0,3040,0,3908,hard_ground_18
14.198,0,3076,0,3907,hard_ground_18
14.199,0,3109,0,3932,hard_ground_18
14.205,0,3188,0,3906,hard_ground_18
14.213,0,3233,0,3885,hard_ground_18
14.218,0,3303,0,3875,hard_ground_18
14.22,0,3449,0,3889,hard_ground_18
14.226,0,3504,0,3927,hard_ground_18
14.233,0,3532,0,3956,hard_ground_18
14.234,0,3599,0,3932,hard_ground_18
14.24,0,3648,0,3880,hard_ground_18
14.247,0,3634,0,3846,hard_ground_18
14.254,0,3588,0,3884,hard_ground_18
14.254,0,3607,0,3895,hard_ground_18
14.261,0,3647,0,3918,hard_ground_18
14.268,0,3716,0,3909,hard_ground_18
14.268,0,3723,0,3915,hard_ground_18
14.277,0,3678,0,3924,hard_ground_18
14.282,0,3570,0,3898,hard_ground_18
14.289,0,3502,0,3828,hard_ground_18
14.294,0,3416,0,3653,hard_ground_18
14.296,0,3419,0,3488,hard_ground_18
14.302,0,3514,0,3609,hard_ground_18
14.304,0,3630,0,3904,hard_ground_18
14.309,0,3755,0,3979,hard_ground_18
14.316,0,3800,0,4008,hard_ground_18
14.323,0,3826,0,4010,hard_ground_18
14.323,0,3823,0,4004,hard_ground_18
14.33,0,3786,0,3984,hard_ground_18
14.337,0,3713,0,3970,hard_ground_18
14.343,0,3633,0,3946,hard_ground_18
14.344,0,3575,0,3929,hard_ground_18
14.351,0,3411,0,3936,hard_ground_18
14.358,0,3343,0,3933,hard_ground_18
14.358,0,3287,0,3924,hard_ground_18
14.365,0,3250,0,3927,hard_ground_18
14.372,0,3356,0,3922,hard_ground_18
14.378,0,3405,0,3924,hard_ground_18
14.383,0,3583,0,3918,hard_ground_18
14.386,0,3628,0,3948,hard_ground_18
14.393,0,3654,0,3976,hard_ground_18
14.393,0,3656,0,3996,hard_ground_18
14.4,0,3626,0,4004,hard_ground_18
14.406,0,3588,0,4009,hard_ground_18
14.413,0,3528,0,4005,hard_ground_18
14.413,0,3493,0,3996,hard_ground_18
14.42,0,3447,0,3982,hard_ground_18
14.427,0,3253,0,3969,hard_ground_18
14.427,0,3291,0,3968,hard_ground_18
14.438,0,3370,0,3973,hard_ground_18
14.441,0,3544,0,3975,hard_ground_18
14.448,0,3623,0,3974,hard_ground_18
14.452,0,3640,0,3959,hard_ground_18
14.455,0,3761,0,3985,hard_ground_18
14.462,0,3786,0,4006,hard_ground_18
14.468,0,3808,0,4019,hard_ground_18
14.469,0,3825,0,4022,hard_ground_18
14.476,0,3826,0,4014,hard_ground_18
14.483,0,3732,0,3994,hard_ground_18
14.488,0,3582,0,3951,hard_ground_18
14.49,0,3167,0,3857,hard_ground_18
14.497,0,2674,0,3727,hard_ground_18
14.503,0,2175,0,3449,hard_ground_18
14.504,0,2783,0,3447,hard_ground_18
14.511,0,3319,0,3690,hard_ground_18
14.518,0,3506,0,3858,hard_ground_18
14.518,0,3627,0,3915,hard_ground_18
14.527,0,3748,0,3952,hard_ground_18
14.531,0,3794,0,3974,hard_ground_18
14.535,0,3825,0,3975,hard_ground_18
14.539,0,3826,0,3974,hard_ground_18
14.545,0,3793,0,3982,hard_ground_18
14.552,0,3731,0,3977,hard_ground_18
14.554,0,3686,0,3980,hard_ground_18
14.559,0,3683,0,3978,hard_ground_18
14.566,0,3699,0,3972,hard_ground_18
14.572,0,3726,0,3967,hard_ground_18
14.573,0,3737,0,3966,hard_ground_18
14.583,0,3750,0,3977,hard_ground_18
14.587,0,3768,0,3985,hard_ground_18
14.592,0,3784,0,3998,hard_ground_18
14.594,0,3806,0,3997,hard_ground_18
14.601,0,3804,0,4006,hard_ground_18
14.607,0,3806,0,4008,hard_ground_18
14.609,0,3802,0,3998,hard_ground_18
14.615,0,3794,0,3990,hard_ground_18
14.622,0,3762,0,3991,hard_ground_18
14.623,0,3673,0,3992,hard_ground_18
14.632,0,3573,0,3994,hard_ground_18
14.636,0,3510,0,3981,hard_ground_18
14.643,0,3511,0,3984,hard_ground_18
14.647,0,3592,0,3989,hard_ground_18
14.65,0,3704,0,3996,hard_ground_18
14.657,0,3797,0,4000,hard_ground_18
14.663,0,3834,0,4009,hard_ground_18
14.667,0,3845,0,4010,hard_ground_18
14.67,0,3841,0,4009,hard_ground_18
14.678,0,3814,0,4002,hard_ground_18
14.678,0,3769,0,3989,hard_ground_18
14.686,0,3675,0,3971,hard_ground_18
14.691,0,3589,0,3957,hard_ground_18
14.697,0,3586,0,3951,hard_ground_18
14.698,0,3643,0,3957,hard_ground_18
14.705,0,3736,0,3965,hard_ground_18
14.712,0,3803,0,3976,hard_ground_18
14.713,0,3828,0,3995,hard_ground_18
14.719,0,3854,0,3999,hard_ground_18
14.726,0,3848,0,4007,hard_ground_18
14.733,0,3842,0,4001,hard_ground_18
14.733,0,3810,0,4009,hard_ground_18
14.74,0,3797,0,3999,hard_ground_18
14.747,0,3751,0,4001,hard_ground_18
14.748,0,3730,0,4001,hard_ground_18
14.757,0,3732,0,4000,hard_ground_18
14.761,0,3748,0,3998,hard_ground_18
14.767,0,3783,0,4002,hard_ground_18
14.768,0,3787,0,4007,hard_ground_18
14.774,0,3791,0,4008,hard_ground_18
14.781,0,3789,0,4004,hard_ground_18
14.787,0,3772,0,4005,hard_ground_18
14.792,0,3750,0,4007,hard_ground_18
14.795,0,3709,0,4007,hard_ground_18
14.801,0,3699,0,4008,hard_ground_18
14.803,0,3698,0,4003,hard_ground_18
14.809,0,3747,0,4006,hard_ground_18
14.816,0,3784,0,4009,hard_ground_18
14.818,0,3814,0,4011,hard_ground_18
14.827,0,3824,0,4001,hard_ground_18
14.83,0,3822,0,4000,hard_ground_18
14.837,0,3817,0,3995,hard_ground_18
14.837,0,3785,0,3988,hard_ground_18
14.845,0,3741,0,3980,hard_ground_18
14.851,0,3727,0,3973,hard_ground_18
14.853,0,3732,0,3975,hard_ground_18
14.862,0,3749,0,3984,hard_ground_18
14.865,0,3792,0,3997,hard_ground_18
14.872,0,3819,0,4007,hard_ground_18
14.872,0,3839,0,4011,hard_ground_18
14.879,0,3845,0,4013,hard_ground_18
14.885,0,3838,0,4014,hard_ground_18
14.892,0,3803,0,4010,hard_ground_18
14.897,0,3770,0,4011,hard_ground_18
14.899,0,3693,0,4003,hard_ground_18
14.907,0,3655,0,3996,hard_ground_18
14.907,0,3641,0,3997,hard_ground_18
14.913,0,3688,0,4004,hard_ground_18
14.92,0,3768,0,4004,hard_ground_18
14.923,0,3817,0,4010,hard_ground_18
14.931,0,3844,0,4016,hard_ground_18
14.937,0,3852,0,4012,hard_ground_18
14.942,0,3847,0,4011,hard_ground_18
14.946,0,3822,0,4008,hard_ground_18
14.948,0,3782,0,3990,hard_ground_18
14.955,0,3709,0,3975,hard_ground_18
14.962,0,3675,0,3973,hard_ground_18
14.963,0,3678,0,3974,hard_ground_18
14.971,0,3710,0,3972,hard_ground_18
14.976,0,3782,0,3986,hard_ground_18
14.982,0,3812,0,4000,hard_ground_18
14.984,0,3828,0,4006,hard_ground_18
14.99,0,3843,0,4009,hard_ground_18
14.996,0,3831,0,4014,hard_ground_18
15.002,0,3811,0,4013,hard_ground_18
15.004,0,3799,0,4015,hard_ground_18
15.011,0,3781,0,4012,hard_ground_18
15.017,0,3756,0,4012,hard_ground_18
15.018,0,3761,0,4009,hard_ground_18
15.024,0,3781,0,4015,hard_ground_18
15.031,0,3789,0,4014,hard_ground_18
15.031,0,3802,0,4015,hard_ground_18
15.04,0,3811,0,4014,hard_ground_18
15.045,0,3809,0,4015,hard_ground_18
15.052,0,3791,0,4011,hard_ground_18
15.053,0,3769,0,4010,hard_ground_18
15.06,0,3770,0,4013,hard_ground_18
15.066,0,3775,0,4010,hard_ground_18
15.066,0,3786,0,4008,hard_ground_18
15.073,0,3788,0,4014,hard_ground_18
15.08,0,3796,0,4010,hard_ground_18
15.086,0,3805,0,4010,hard_ground_18
15.09,0,3815,0,4011,hard_ground_18
15.094,0,3838,0,4012,hard_ground_18
15.101,0,3830,0,4005,hard_ground_18
15.106,0,3825,0,4005,hard_ground_18
15.108,0,3815,0,4002,hard_ground_18
15.115,0,3797,0,4000,hard_ground_18
15.121,0,3760,0,3995,hard_ground_18
15.122,0,3734,0,3992,hard_ground_18
15.129,0,3729,0,3989,hard_ground_18
15.136,0,3752,0,3995,hard_ground_18
15.142,0,3772,0,4005,hard_ground_18
15.143,0,3810,0,4010,hard_ground_18
15.15,0,3832,0,4018,hard_ground_18
15.157,0,3848,0,4021,hard_ground_18
15.157,0,3843,0,4025,hard_ground_18
15.163,0,3823,0,4020,hard_ground_18
15.17,0,3794,0,4016,hard_ground_18
15.176,0,3759,0,4014,hard_ground_18
15.181,0,3739,0,4014,hard_ground_18
15.186,0,3734,0,4011,hard_ground_18
15.192,0,3746,0,4012,hard_ground_18
15.192,0,3772,0,4015,hard_ground_18
15.2,0,3794,0,4012,hard_ground_18
15.205,0,3801,0,4019,hard_ground_18
15.211,0,3803,0,4019,hard_ground_18
15.213,0,3801,0,4019,hard_ground_18
15.219,0,3801,0,4016,hard_ground_18
15.227,0,3799,0,4017,hard_ground_18
15.23,0,3802,0,4015,hard_ground_18
15.233,0,3808,0,4015,hard_ground_18
15.24,0,3817,0,4015,hard_ground_18
15.247,0,3813,0,4013,hard_ground_18
15.251,0,3811,0,4008,hard_ground_18
15.254,0,3809,0,4006,hard_ground_18
15.261,0,3794,0,4004,hard_ground_18
15.265,0,3788,0,3998,hard_ground_18
15.268,0,3792,0,3998,hard_ground_18
15.275,0,3796,0,4001,hard_ground_18
15.281,0,3808,0,4004,hard_ground_18
15.281,0,3818,0,4012,hard_ground_18
15.29,0,3820,0,4019,hard_ground_18
15.295,0,3819,0,4020,hard_ground_18
15.298,0,3813,0,4021,hard_ground_18
15.302,0,3805,0,4021,hard_ground_18
15.309,0,3780,0,4014,hard_ground_18
15.316,0,3737,0,4021,hard_ground_18
15.316,0,3651,0,4017,hard_ground_18
15.323,0,3598,0,4016,hard_ground_18
15.33,0,3650,0,4020,hard_ground_18
15.336,0,3679,0,4017,hard_ground_18
15.337,0,3739,0,4020,hard_ground_18
15.344,0,3785,0,4020,hard_ground_18
15.351,0,3804,0,4027,hard_ground_18
15.352,0,3811,0,4026,hard_ground_18
15.358,0,3813,0,4021,hard_ground_18
15.365,0,3804,0,4020,hard_ground_18
15.371,0,3795,0,4018,hard_ground_18
15.372,0,3787,0,4014,hard_ground_18
15.38,0,3788,0,4011,hard_ground_18
15.385,0,3779,0,4001,hard_ground_18
15.386,0,3789,0,3999,hard_ground_18
15.392,0,3803,0,3999,hard_ground_18
15.4,0,3804,0,3995,hard_ground_18
15.406,0,3806,0,3991,hard_ground_18
15.411,0,3807,0,3996,hard_ground_18
15.413,0,3806,0,3998,hard_ground_18
15.42,0,3810,0,4002,hard_ground_18
15.42,0,3816,0,4010,hard_ground_18
15.428,0,3821,0,4011,hard_ground_18
15.436,0,3822,0,4011,hard_ground_18
15.437,0,3809,0,4005,hard_ground_18
15.446,0,3743,0,4000,hard_ground_18
15.45,0,3665,0,3983,hard_ground_18
15.455,0,3583,0,3974,hard_ground_18
15.46,0,3627,0,3984,hard_ground_18
15.462,0,3692,0,3997,hard_ground_18
15.47,0,3756,0,3999,hard_ground_18
15.476,0,3829,0,4014,hard_ground_18
15.48,0,3840,0,4017,hard_ground_18
15.484,0,3837,0,4019,hard_ground_18
15.49,0,3839,0,4024,hard_ground_18
15.496,0,3816,0,4024,hard_ground_18
15.497,0,3816,0,4022,hard_ground_18
15.504,0,3820,0,4023,hard_ground_18
15.511,0,3837,0,4022,hard_ground_18
15.511,0,3825,0,4024,hard_ground_18
15.517,0,3816,0,4019,hard_ground_18
15.524,0,3794,0,4017,hard_ground_18
15.53,0,3781,0,4017,hard_ground_18
15.532,0,3763,0,4010,hard_ground_18
15.539,0,3767,0,4013,hard_ground_18
15.545,0,3770,0,3999,hard_ground_18
15.55,0,3784,0,4007,hard_ground_18
15.552,0,3775,0,4006,hard_ground_18
15.559,0,3736,0,4013,hard_ground_18
15.565,0,3666,0,4008,hard_ground_18
15.566,0,3620,0,3998,hard_ground_18
15.575,0,3670,0,3985,hard_ground_18
15.58,0,3712,0,3995,hard_ground_18
15.58,0,3752,0,3999,hard_ground_18
15.587,0,3720,0,4004,hard_ground_18
15.594,0,3674,0,3990,hard_ground_18
15.596,0,3627,0,3977,hard_ground_18
15.601,0,3571,0,3971,hard_ground_18
15.608,0,3648,0,3989,hard_ground_18
15.615,0,3735,0,4003,hard_ground_18
15.616,0,3810,0,4021,hard_ground_18
15.622,0,3864,0,4024,hard_ground_18
15.629,0,3886,0,4026,hard_ground_18
15.635,0,3892,0,4025,hard_ground_18
15.636,0,3888,0,4027,hard_ground_18
15.642,0,3864,0,4026,hard_ground_18
15.649,0,3842,0,4025,hard_ground_18
15.655,0,3826,0,4016,hard_ground_18
15.66,0,3827,0,4009,hard_ground_18
15.663,0,3813,0,3998,hard_ground_18
15.67,0,3796,0,3999,hard_ground_18
15.675,0,3787,0,4001,hard_ground_18
15.678,0,3798,0,4008,hard_ground_18
15.685,0,3805,0,4012,hard_ground_18
15.686,0,3818,0,4013,hard_ground_18
15.692,0,3829,0,4009,hard_ground_18
15.7,0,3828,0,4011,hard_ground_18
15.705,0,3806,0,4015,hard_ground_18
15.708,0,3721,0,4014,hard_ground_18
15.712,0,3614,0,3999,hard_ground_18
15.719,0,3477,0,3975,hard_ground_18
15.725,0,3381,0,3968,hard_ground_18
15.726,0,3423,0,3966,hard_ground_18
15.734,0,3562,0,3977,hard_ground_18
15.739,0,3558,0,3988,hard_ground_18
15.741,0,3593,0,3987,hard_ground_18
15.747,0,3614,0,3982,hard_ground_18
15.754,0,3680,0,3985,hard_ground_18
15.76,0,3739,0,3996,hard_ground_18
15.761,0,3805,0,4015,hard_ground_18
15.767,0,3851,0,4025,hard_ground_18
15.774,0,3867,0,4030,hard_ground_18
15.774,0,3869,0,4031,hard_ground_18
15.785,0,3866,0,4029,hard_ground_18
15.788,0,3837,0,4027,hard_ground_18
15.79,0,3818,0,4030,hard_ground_18
15.799,0,3803,0,4024,hard_ground_18
15.802,0,3799,0,4018,hard_ground_18
15.81,0,3801,0,4014,hard_ground_18
15.81,0,3807,0,4006,hard_ground_18
15.816,0,3794,0,4009,hard_ground_18
15.823,0,3800,0,4006,hard_ground_18
15.829,0,3810,0,4009,hard_ground_18
15.835,0,3812,0,4011,hard_ground_18
15.837,0,3817,0,4001,hard_ground_18
15.844,0,3827,0,4012,hard_ground_18
15.844,0,3811,0,4005,hard_ground_18
15.854,0,3804,0,4007,hard_ground_18
15.858,0,3755,0,4000,hard_ground_18
15.864,0,3683,0,3986,hard_ground_18
15.869,0,3619,0,3966,hard_ground_18
15.872,0,3594,0,3970,hard_ground_18
15.879,0,3674,0,3985,hard_ground_18
15.879,0,3737,0,4003,hard_ground_18
15.886,0,3728,0,4005,hard_ground_18
15.892,0,3718,0,3999,hard_ground_18
15.9,0,3688,0,3984,hard_ground_18
15.903,0,3660,0,3975,hard_ground_18
15.909,0,3631,0,3984,hard_ground_18
15.913,0,3654,0,3996,hard_ground_18
15.919,0,3760,0,4011,hard_ground_18
15.921,0,3816,0,4017,hard_ground_18
15.927,0,3866,0,4020,hard_ground_18
15.934,0,3864,0,4014,hard_ground_18
15.935,0,3852,0,3998,hard_ground_18
15.941,0,3849,0,3970,hard_ground_18
15.948,0,3771,0,3968,hard_ground_18
15.954,0,3714,0,3975,hard_ground_18
15.955,0,3687,0,3976,hard_ground_18
15.962,0,3671,0,3985,hard_ground_18
15.968,0,3664,0,3987,hard_ground_18
15.97,0,3656,0,3992,hard_ground_18
15.976,0,3561,0,3998,hard_ground_18
15.983,0,3433,0,3980,hard_ground_18
15.99,0,3367,0,3972,hard_ground_18
15.99,0,3140,0,3963,hard_ground_18
15.999,0,2950,0,3952,hard_ground_18
16.003,0,2815,0,3943,hard_ground_18
16.006,0,1613,0,3942,hard_ground_18
16.01,0,1269,0,3914,hard_ground_18
16.018,0,0,0,3900,hard_ground_18
16.024,0,482,0,3876,hard_ground_18
16.025,0,2096,0,3875,hard_ground_18
16.031,0,3068,0,3876,hard_ground_18
16.038,0,3161,0,3902,hard_ground_18
16.044,0,3027,1888,3864,hard_ground_18
16.045,0,1035,1821,3668,hard_ground_18
16.052,0,0,1255,3161,hard_ground_18
16.059,0,0,0,0,hard_ground_18
16.061,0,0,0,0,hard_ground_18
16.066,0,0,1809,0,hard_ground_18
16.073,0,0,2080,0,hard_ground_18
16.079,0,0,2365,0,hard_ground_18
16.08,0,0,2716,1951,hard_ground_18
16.089,0,0,3021,2516,hard_ground_18
16.094,0,0,3093,2471,hard_ground_18
16.094,0,0,2753,1632,hard_ground_18
16.102,0,0,2628,1534,hard_ground_18
16.107,0,0,2489,1738,hard_ground_18
16.111,0,0,2494,2533,hard_ground_18
16.115,0,0,2546,3422,hard_ground_18
16.122,0,0,2508,3601,hard_ground_18
16.128,0,0,2499,3597,hard_ground_18
16.13,0,0,2422,3495,hard_ground_18
16.135,0,0,2340,3489,hard_ground_18
16.142,0,0,2246,3571,hard_ground_18
16.149,0,0,2253,3649,hard_ground_18
16.15,0,0,2154,3757,hard_ground_18
16.156,0,0,2210,3808,hard_ground_18
16.163,0,0,2187,3822,hard_ground_18
16.165,0,0,2069,3797,hard_ground_18
16.173,0,410,2157,3727,hard_ground_18
16.177,0,2065,2398,3729,hard_ground_18
16.184,0,2949,2380,3815,hard_ground_18
16.189,0,3182,2347,3918,hard_ground_18
16.191,0,3255,1649,3952,hard_ground_18
16.198,0,3301,0,3964,hard_ground_18
16.203,0,3352,0,3962,hard_ground_18
16.205,0,3331,0,3960,hard_ground_18
16.214,0,3342,0,3978,hard_ground_18
16.219,0,3398,0,3987,hard_ground_18
16.222,0,3478,0,3991,hard_ground_18
16.226,0,3559,0,3986,hard_ground_18
16.233,0,3666,0,3987,hard_ground_18
16.239,0,3685,0,3998,hard_ground_18
16.24,0,3709,0,4012,hard_ground_18
16.247,0,3728,0,4003,hard_ground_18
16.254,0,3760,0,4021,hard_ground_18
16.254,0,3751,0,4015,hard_ground_18
16.26,0,3714,0,4019,hard_ground_18
16.268,0,3740,0,4006,hard_ground_18
16.268,0,3779,0,4019,hard_ground_18
16.276,0,3806,0,4029,hard_ground_18
16.281,0,3815,0,4017,hard_ground_18
16.289,0,3802,0,4003,hard_ground_18
16.293,0,3798,0,3998,hard_ground_18
16.296,0,3754,0,4015,hard_ground_18
16.302,0,3733,0,4020,hard_ground_18
16.309,0,3808,0,4018,hard_ground_18
16.309,0,3813,0,4020,hard_ground_18
16.318,0,3868,0,4020,hard_ground_18
16.323,0,3880,0,3996,hard_ground_18
16.326,0,3886,0,4019,hard_ground_18
16.33,0,3874,0,4021,hard_ground_18
16.337,0,3857,0,4025,hard_ground_18
16.343,0,3851,0,4024,hard_ground_18
16.344,0,3846,0,4016,hard_ground_18
16.351,0,3843,0,3996,hard_ground_18
16.358,0,3838,0,4005,hard_ground_18
16.359,0,3769,0,4000,hard_ground_18
16.367,0,3769,0,4024,hard_ground_18
16.372,0,3799,0,4022,hard_ground_18
16.379,0,3828,0,4007,hard_ground_18
16.379,0,3828,0,3989,hard_ground_18
16.386,0,3820,0,4024,hard_ground_18
16.392,0,3828,0,4019,hard_ground_18
16.394,0,3821,0,4040,hard_ground_18
16.399,0,3829,0,4036,hard_ground_18
16.406,0,3878,0,4029,hard_ground_18
16.413,0,3879,0,4024,hard_ground_18
16.413,0,3861,0,4021,hard_ground_18
16.42,0,3838,0,4023,hard_ground_18
16.427,0,3828,0,4026,hard_ground_18
16.429,0,3823,0,4039,hard_ground_18
16.434,0,3840,0,4024,hard_ground_18
16.441,0,3857,0,4017,hard_ground_18
16.448,0,3871,0,4019,hard_ground_18
16.449,0,3838,0,4027,hard_ground_18
16.455,0,3817,0,4033,hard_ground_18
16.462,0,3808,0,4037,hard_ground_18
16.468,0,3828,0,4029,hard_ground_18
16.469,0,3851,0,4030,hard_ground_18
16.476,0,3865,0,4032,hard_ground_18
16.482,0,3866,0,4042,hard_ground_18
16.484,0,3855,0,4045,hard_ground_18
16.489,0,3848,0,4045,hard_ground_18
16.497,0,3841,0,4046,hard_ground_18
16.503,0,3837,0,4041,hard_ground_18
16.503,0,3823,0,4038,hard_ground_18
16.512,0,3746,0,4039,hard_ground_18
16.517,0,3743,0,4042,hard_ground_18
16.52,0,3711,0,4039,hard_ground_18
16.524,0,3759,0,4042,hard_ground_18
16.531,0,3799,0,4040,hard_ground_18
16.538,0,3817,0,4042,hard_ground_18
16.539,0,3808,0,4041,hard_ground_18
16.545,0,3814,0,4040,hard_ground_18
16.552,0,3810,0,4048,hard_ground_18
16.557,0,3823,0,4047,hard_ground_18
16.559,0,3849,0,4050,hard_ground_18
16.566,0,3856,0,4042,hard_ground_18
16.573,0,3831,0,4042,hard_ground_18
16.574,0,3817,0,4040,hard_ground_18
16.58,0,3742,0,4043,hard_ground_18
16.586,0,3743,0,4041,hard_ground_18
16.59,0,3767,0,4043,hard_ground_18
16.594,0,3820,0,4042,hard_ground_18
16.601,0,3854,0,4043,hard_ground_18
16.608,0,3844,0,4048,hard_ground_18
16.608,0,3816,0,4050,hard_ground_18
16.615,0,3820,0,4049,hard_ground_18
16.623,0,3810,0,4029,hard_ground_18
16.623,0,3826,0,4048,hard_ground_18
16.631,0,3769,0,4042,hard_ground_18
16.635,0,3757,0,4045,hard_ground_18
16.642,0,3765,0,4042,hard_ground_18
16.643,0,3777,0,4047,hard_ground_18
16.649,0,3828,0,4045,hard_ground_18
16.656,0,3835,0,4053,hard_ground_18
16.662,0,3830,0,4049,hard_ground_18
16.663,0,3846,0,4051,hard_ground_18
16.67,0,3850,0,4050,hard_ground_18
16.677,0,3856,0,4044,hard_ground_18
16.678,0,3856,0,4042,hard_ground_18
16.687,0,3873,0,4043,hard_ground_18
16.691,0,3812,0,4052,hard_ground_18
16.698,0,3822,0,4054,hard_ground_18
16.698,0,3822,0,4054,hard_ground_18
16.705,0,3840,0,4056,hard_ground_18
16.711,0,3885,0,4052,hard_ground_18
16.713,0,3896,0,4058,hard_ground_18
16.719,0,3884,0,4051,hard_ground_18
16.726,0,3835,0,4051,hard_ground_18
16.732,0,3793,0,4048,hard_ground_18
16.732,0,3744,0,4042,hard_ground_18
16.739,0,3735,0,4040,hard_ground_18
16.746,0,3659,0,4034,hard_ground_18
16.748,0,3657,0,4037,hard_ground_18
16.753,0,3702,0,4041,hard_ground_18
16.76,0,3771,0,4047,hard_ground_18
16.767,0,3801,0,4049,hard_ground_18
16.767,0,3832,0,4024,hard_ground_18
16.775,0,3806,0,4053,hard_ground_18
16.781,0,3831,0,4058,hard_ground_18
16.783,0,3850,0,4058,hard_ground_18
16.79,0,3859,0,4053,hard_ground_18
16.795,0,3857,0,4050,hard_ground_18
16.802,0,3840,0,4049,hard_ground_18
16.803,0,3785,0,4046,hard_ground_18
16.809,0,3769,0,4045,hard_ground_18
16.816,0,3784,0,4048,hard_ground_18
16.823,0,3798,0,4039,hard_ground_18
16.823,0,3793,0,4042,hard_ground_18
16.83,0,3798,0,4020,hard_ground_18
16.837,3680,3765,0,4036,hard_ground_18
16.838,0,3340,0,4051,hard_ground_18
16.846,0,3587,0,4035,hard_ground_18
16.85,0,3603,0,4026,hard_ground_18
16.855,0,3550,0,4015,hard_ground_18
16.858,0,3383,0,4013,hard_ground_18
16.865,0,3442,0,4010,hard_ground_18
16.871,0,2086,0,4011,hard_ground_18
16.873,0,2440,0,4007,hard_ground_18
16.878,0,998,0,4016,hard_ground_18
16.885,0,2248,0,4016,hard_ground_18
16.892,0,2271,0,4022,hard_ground_18
16.892,0,3039,0,4023,hard_ground_18
16.899,3791,3280,0,4032,hard_ground_18
16.906,3912,3291,0,4034,hard_ground_18
16.908,3964,989,0,4038,hard_ground_18
16.916,3974,0,0,4046,hard_ground_18
16.92,3967,0,0,4048,hard_ground_18
16.927,3926,0,0,4042,hard_ground_18
16.927,3885,0,0,4032,hard_ground_18
16.934,3894,0,0,4024,hard_ground_18
16.941,3914,0,0,4021,hard_ground_18
16.943,3888,0,0,4023,hard_ground_18
16.948,3798,0,0,4024,hard_ground_18
16.955,3580,0,0,4028,hard_ground_18
16.962,3019,0,0,4031,hard_ground_18
16.962,0,0,0,4032,hard_ground_18
16.97,0,0,0,4038,hard_ground_18
16.975,0,0,0,4039,hard_ground_18
16.978,0,0,0,4040,hard_ground_18
16.983,0,2089,0,4042,hard_ground_18
16.99,0,3185,0,4040,hard_ground_18
16.996,0,3424,0,4037,hard_ground_18
16.998,0,3379,0,4036,hard_ground_18
17.003,0,3294,0,4034,hard_ground_18
17.01,0,3175,0,4031,hard_ground_18
17.017,0,3298,0,4036,hard_ground_18
17.017,0,3542,0,4039,hard_ground_18
17.024,0,3695,0,4041,hard_ground_18
17.031,0,3772,0,4046,hard_ground_18
17.033,0,3783,0,4048,hard_ground_18
17.041,0,3814,0,4046,hard_ground_18
17.045,0,3816,0,4045,hard_ground_18
17.049,0,3765,0,4034,hard_ground_18
17.052,0,3632,0,4038,hard_ground_18
17.059,0,3462,0,4024,hard_ground_18
17.066,0,3148,0,4007,hard_ground_18
17.068,0,2773,0,4006,hard_ground_18
17.073,0,2735,0,4002,hard_ground_18
17.08,0,3200,0,4010,hard_ground_18
17.087,0,3458,0,4016,hard_ground_18
17.091,0,3663,0,4026,hard_ground_18
17.094,0,3724,0,4026,hard_ground_18
17.101,0,3783,0,4031,hard_ground_18
17.107,0,3791,0,4033,hard_ground_18
17.108,0,3757,0,4030,hard_ground_18
17.114,0,3685,0,4019,hard_ground_18
17.121,0,3625,0,4020,hard_ground_18
17.122,0,3603,0,4007,hard_ground_18
17.128,0,3612,0,4017,hard_ground_18
17.135,0,3631,0,4012,hard_ground_18
17.142,0,3611,0,4017,hard_ground_18
17.143,0,3555,0,4019,hard_ground_18
17.149,0,3420,0,4021,hard_ground_18
17.156,0,3440,0,4022,hard_ground_18
17.156,0,3542,0,4023,hard_ground_18
17.164,0,3622,0,4027,hard_ground_18
17.17,0,3611,0,4030,hard_ground_18
17.173,0,3616,0,4028,hard_ground_18
17.181,0,3599,0,4024,hard_ground_18
17.184,0,3473,0,4016,hard_ground_18
17.191,0,3282,0,4014,hard_ground_18
17.192,0,3377,0,4010,hard_ground_18
17.198,0,3539,0,4013,hard_ground_18
17.206,0,3525,0,4015,hard_ground_18
17.211,0,3431,0,4021,hard_ground_18
17.214,0,2917,0,4017,hard_ground_18
17.219,0,2145,0,4023,hard_ground_18
17.226,0,0,0,4006,hard_ground_18
17.232,0,0,0,4000,hard_ground_18
17.232,0,0,0,3986,hard_ground_18
17.24,0,2465,0,3967,hard_ground_18
17.247,0,2773,0,3944,hard_ground_18
17.247,0,0,0,3978,hard_ground_18
17.255,0,0,0,3989,hard_ground_18
17.26,0,2051,0,3983,hard_ground_18
17.264,0,2850,0,3973,hard_ground_18
17.267,0,3240,0,3930,hard_ground_18
17.274,2679,3361,0,3884,hard_ground_18
17.281,2475,3164,0,3737,hard_ground_18
17.282,0,2151,0,3637,hard_ground_18
17.291,0,0,0,3735,hard_ground_18
17.295,0,0,0,3529,hard_ground_18
17.301,0,1678,0,3211,hard_ground_18
17.302,2727,2545,0,1200,hard_ground_18
17.309,3369,2994,0,0,hard_ground_18
17.316,3479,2700,0,0,hard_ground_18
17.316,3631,0,0,0,hard_ground_18
17.325,3383,0,0,0,hard_ground_18
17.329,3196,0,0,0,hard_ground_18
17.333,3126,0,0,0,hard_ground_18
17.337,3570,0,0,0,hard_ground_18
17.344,3716,2557,0,0,hard_ground_18
17.35,3714,2549,0,0,hard_ground_18
17.352,3568,0,1131,0,hard_ground_18
17.357,3447,0,2604,0,hard_ground_18
17.364,3349,0,3014,0,hard_ground_18
17.371,3314,0,3031,0,hard_ground_18
17.372,3228,0,2988,0,hard_ground_18
17.378,3603,0,3016,0,hard_ground_18
17.385,3803,0,3106,0,hard_ground_18
17.391,3849,0,3232,0,hard_ground_18
17.395,3863,0,3309,0,hard_ground_18
17.399,3882,0,2982,0,hard_ground_18
17.406,3851,0,2549,0,hard_ground_18
17.409,3545,0,2385,0,hard_ground_18
17.414,2672,0,2517,0,hard_ground_18
17.421,2424,0,2548,0,hard_ground_18
17.426,3089,0,2611,0,hard_ground_18
17.429,3720,0,2731,0,hard_ground_18
17.434,3851,0,3213,0,hard_ground_18
17.441,3882,0,3459,0,hard_ground_18
17.446,3922,0,3529,0,hard_ground_18
17.448,3947,0,3551,0,hard_ground_18
17.455,3956,0,3572,0,hard_ground_18
17.46,3965,0,3522,0,hard_ground_18
17.462,3963,0,3456,0,hard_ground_18
17.469,3947,0,3073,0,hard_ground_18
17.475,3891,0,2644,0,hard_ground_18
17.478,3780,0,1993,0,hard_ground_18
17.482,3668,0,0,0,hard_ground_18
17.489,3801,0,0,0,hard_ground_18
17.496,3932,0,1984,0,hard_ground_18
17.497,3974,0,3036,0,hard_ground_18
17.503,3983,0,3527,0,hard_ground_18
17.51,3983,0,3569,0,hard_ground_18
17.51,3983,0,3623,0,hard_ground_18
17.517,3980,0,3570,0,hard_ground_18
17.524,3948,0,3375,0,hard_ground_18
17.531,3846,0,2999,0,hard_ground_18
17.531,3399,0,2114,0,hard_ground_18
17.538,2533,0,0,0,hard_ground_18
17.545,2965,0,0,0,hard_ground_18
17.55,2981,0,0,0,hard_ground_18
17.555,2688,0,976,0,hard_ground_18
17.559,2469,0,2805,0,hard_ground_18
17.566,2131,0,3232,0,hard_ground_18
17.566,2591,0,3485,0,hard_ground_18
17.574,3691,0,3643,0,hard_ground_18
17.579,3872,0,3681,0,hard_ground_18
17.581,3919,0,3667,0,hard_ground_18
17.587,3911,0,3438,0,hard_ground_18
17.595,3761,0,2899,0,hard_ground_18
17.6,1096,0,0,0,hard_ground_18
17.6,0,0,2296,0,hard_ground_18
17.607,0,0,3136,0,hard_ground_18
17.614,3863,0,3475,0,hard_ground_18
17.616,3966,0,3693,0,hard_ground_18
17.621,3986,0,3736,0,hard_ground_18
17.63,3965,0,3729,0,hard_ground_18
17.635,3913,0,3636,0,hard_ground_18
17.635,3793,0,3406,0,hard_ground_18
17.645,3879,0,2338,0,hard_ground_18
17.649,3927,0,1056,0,hard_ground_18
17.655,3920,0,1857,0,hard_ground_18
17.656,3863,0,2670,0,hard_ground_18
17.663,3780,0,3305,0,hard_ground_18
17.67,3654,0,3367,0,hard_ground_18
17.67,3743,0,3365,0,hard_ground_18
17.678,3855,0,3366,0,hard_ground_18
17.684,3853,0,3433,0,hard_ground_18
17.686,3856,0,3484,0,hard_ground_18
17.691,3876,0,3444,0,hard_ground_18
17.699,3868,0,3380,0,hard_ground_18
17.705,3824,0,3322,0,hard_ground_18
17.705,3785,0,3294,0,hard_ground_18
17.712,3740,0,3341,0,hard_ground_18
17.718,3780,0,3453,0,hard_ground_18
17.725,3827,0,3526,0,hard_ground_18
17.729,3878,0,3593,0,hard_ground_18
17.732,3907,0,3596,0,hard_ground_18
17.739,3909,0,3622,0,hard_ground_18
17.739,3883,0,3587,0,hard_ground_18
17.746,3802,0,3528,0,hard_ground_18
17.753,3724,0,3477,0,hard_ground_18
17.76,3715,0,3427,0,hard_ground_18
17.764,3745,0,3420,0,hard_ground_18
17.767,3786,0,3481,0,hard_ground_18
17.774,3834,0,3555,0,hard_ground_18
17.774,3880,0,3552,0,hard_ground_18
17.781,3893,0,3598,0,hard_ground_18
17.788,3902,0,3613,0,hard_ground_18
17.795,3884,0,3619,0,hard_ground_18
17.799,3840,0,3606,0,hard_ground_18
17.802,3777,0,3665,0,hard_ground_18
17.808,3751,0,3617,0,hard_ground_18
17.815,3730,0,3611,0,hard_ground_18
17.816,3735,0,3564,0,hard_ground_18
17.824,3704,0,3487,0,hard_ground_18
17.829,3685,0,3496,0,hard_ground_18
17.831,3693,0,3545,0,hard_ground_18
17.837,3764,0,3594,0,hard_ground_18
17.844,3822,0,3614,0,hard_ground_18
17.85,3872,0,3620,0,hard_ground_18
17.855,3940,0,3651,0,hard_ground_18
17.857,3957,0,3636,0,hard_ground_18
17.864,3965,0,3619,0,hard_ground_18
17.866,3965,0,3633,0,hard_ground_18
17.874,3955,0,3607,0,hard_ground_18
17.878,3956,0,3605,0,hard_ground_18
17.885,3954,0,3592,0,hard_ground_18
17.89,3948,0,3590,0,hard_ground_18
17.894,3942,0,3603,0,hard_ground_18
17.899,3945,0,3607,0,hard_ground_18
17.901,3909,0,3612,0,hard_ground_18
17.906,3876,0,3653,0,hard_ground_18
17.913,3869,0,3635,0,hard_ground_18
17.92,3856,0,3649,0,hard_ground_18
17.92,3863,0,3647,0,hard_ground_18
17.927,3862,0,3650,0,hard_ground_18
17.933,3833,0,3645,0,hard_ground_18
17.936,3833,0,3643,0,hard_ground_18
17.941,3869,0,3622,0,hard_ground_18
17.948,3889,0,3620,0,hard_ground_18
17.954,3909,0,3612,0,hard_ground_18
17.96,3918,0,3611,0,hard_ground_18
17.961,3938,0,3608,0,hard_ground_18
17.968,3944,0,3599,0,hard_ground_18
17.974,3943,0,3605,0,hard_ground_18
17.976,3916,0,3606,0,hard_ground_18
17.983,3914,0,3595,0,hard_ground_18
17.99,3872,0,3599,0,hard_ground_18
17.994,3865,0,3642,0,hard_ground_18
17.998,3858,0,3636,0,hard_ground_18
18.003,3868,0,3644,0,hard_ground_18
18.009,3874,0,3636,0,hard_ground_18
18.01,3877,0,3633,0,hard_ground_18
18.017,3869,0,3629,0,hard_ground_18
18.024,3867,0,3630,0,hard_ground_18
18.026,3869,0,3628,0,hard_ground_18
18.031,3931,0,3603,0,hard_ground_18
18.038,3952,0,3598,0,hard_ground_18
18.045,3957,0,3610,0,hard_ground_18
18.046,3971,0,3620,0,hard_ground_18
18.052,3971,0,3607,0,hard_ground_18
18.059,3966,0,3644,0,hard_ground_18
18.06,3971,0,3652,0,hard_ground_18
18.068,3971,0,3646,0,hard_ground_18
18.073,3959,0,3638,0,hard_ground_18
18.08,3946,0,3650,0,hard_ground_18
18.081,3928,0,3643,0,hard_ground_18
18.087,3887,0,3651,0,hard_ground_18
18.094,3836,0,3683,0,hard_ground_18
18.095,3813,0,3681,0,hard_ground_18
18.1,3820,0,3665,0,hard_ground_18
18.107,3842,0,3665,0,hard_ground_18
18.114,3854,0,3655,0,hard_ground_18
18.114,3860,0,3681,0,hard_ground_18
18.124,3857,0,3680,0,hard_ground_18
18.128,3885,0,3648,0,hard_ground_18
18.134,3921,0,3646,0,hard_ground_18
18.138,3931,0,3631,0,hard_ground_18
18.142,3934,0,3641,0,hard_ground_18
18.149,3928,0,3622,0,hard_ground_18
18.154,3952,0,3622,0,hard_ground_18
18.156,3951,0,3639,0,hard_ground_18
18.163,3957,0,3593,0,hard_ground_18
18.166,3974,0,3553,0,hard_ground_18
18.17,3972,0,3577,0,hard_ground_18
18.177,3966,0,3577,0,hard_ground_18
18.184,3963,0,3583,0,hard_ground_18
18.184,3955,0,3597,0,hard_ground_18
18.191,3945,0,3635,0,hard_ground_18
18.197,3949,0,3636,0,hard_ground_18
18.204,3949,0,3670,0,hard_ground_18
18.209,3925,0,3674,0,hard_ground_18
18.211,3931,0,3676,0,hard_ground_18
18.219,3927,0,3654,0,hard_ground_18
18.219,3924,0,3664,0,hard_ground_18
18.225,3933,0,3651,0,hard_ground_18
18.232,3942,0,3636,0,hard_ground_18
18.238,3942,0,3618,0,hard_ground_18
18.243,3945,0,3620,0,hard_ground_18
18.246,3958,0,3617,0,hard_ground_18
18.253,3948,0,3657,0,hard_ground_18
18.253,3947,0,3684,0,hard_ground_18
18.264,3950,0,3685,0,hard_ground_18
18.267,3934,0,3677,0,hard_ground_18
18.274,3912,0,3659,0,hard_ground_18
18.278,3918,0,3644,0,hard_ground_18
18.281,3909,0,3608,0,hard_ground_18
18.288,3883,0,3604,0,hard_ground_18
18.288,3883,0,3595,0,hard_ground_18
18.295,3907,0,3597,0,hard_ground_18
18.302,3938,0,3599,0,hard_ground_18
18.309,3955,0,3619,0,hard_ground_18
18.309,3973,0,3638,0,hard_ground_18
18.316,3972,0,3645,0,hard_ground_18
18.323,3975,0,3647,0,hard_ground_18
18.323,3974,0,3659,0,hard_ground_18
18.332,3972,0,3659,0,hard_ground_18
18.336,3969,0,3623,0,hard_ground_18
18.343,3980,0,3604,0,hard_ground_18
18.349,3970,0,3624,0,hard_ground_18
18.35,3967,0,3612,0,hard_ground_18
18.358,3970,0,3633,0,hard_ground_18
18.364,3961,0,3651,0,hard_ground_18
18.364,3955,0,3656,0,hard_ground_18
18.371,3951,0,3662,0,hard_ground_18
18.378,3950,0,3668,0,hard_ground_18
18.378,3945,0,3675,0,hard_ground_18
18.385,3952,0,3683,0,hard_ground_18
18.392,3942,0,3677,0,hard_ground_18
18.398,3938,0,3675,0,hard_ground_18
18.403,3938,0,3664,0,hard_ground_18
18.406,3938,0,3641,0,hard_ground_18
18.414,3921,0,3635,0,hard_ground_18
18.415,3931,0,3636,0,hard_ground_18
18.42,3946,0,3645,0,hard_ground_18
18.428,3960,0,3647,0,hard_ground_18
18.433,3966,0,3652,0,hard_ground_18
18.438,3967,0,3657,0,hard_ground_18
18.441,3965,0,3645,0,hard_ground_18
18.448,3958,0,3677,0,hard_ground_18
18.454,3956,0,3638,0,hard_ground_18
18.454,3954,0,3626,0,hard_ground_18
18.462,3957,0,3625,0,hard_ground_18
18.469,3963,0,3628,0,hard_ground_18
18.469,3962,0,3642,0,hard_ground_18
18.478,3960,0,3642,0,hard_ground_18
18.482,3955,0,3637,0,hard_ground_18
18.488,3961,0,3667,0,hard_ground_18
18.489,3970,0,3637,0,hard_ground_18
18.496,3972,0,3653,0,hard_ground_18
18.502,3972,0,3660,0,hard_ground_18
18.505,3973,0,3645,0,hard_ground_18
18.51,3972,0,3620,0,hard_ground_18
18.517,3972,0,3593,0,hard_ground_18
18.519,3977,0,3575,0,hard_ground_18
18.524,3979,0,3586,0,hard_ground_18
18.532,3981,0,3604,0,hard_ground_18
18.538,3982,0,3629,0,hard_ground_18
18.538,3985,0,3625,0,hard_ground_18
18.545,3987,0,3626,0,hard_ground_18
18.553,3988,0,3636,0,hard_ground_18
18.553,3983,0,3638,0,hard_ground_18
18.561,3974,0,3637,0,hard_ground_18
18.566,3961,0,3651,0,hard_ground_18
18.572,3956,0,3647,0,hard_ground_18
18.578,3946,0,3658,0,hard_ground_18
18.579,3941,0,3657,0,hard_ground_18
18.587,3933,0,3653,0,hard_ground_18
18.593,3922,0,3660,0,hard_ground_18
18.596,3912,0,3652,0,hard_ground_18
18.6,3905,0,3649,0,hard_ground_18
18.607,3914,0,3636,0,hard_ground_18
18.609,3923,0,3629,0,hard_ground_18
18.618,3932,0,3628,0,hard_ground_18
18.621,3943,0,3645,0,hard_ground_18
18.628,3944,0,3651,0,hard_ground_18
18.628,3954,0,3616,0,hard_ground_18
18.635,3946,0,3570,0,hard_ground_18
18.642,3947,0,3551,0,hard_ground_18
18.648,3959,0,3548,0,hard_ground_18
18.653,3969,0,3575,0,hard_ground_18
18.656,3981,0,3636,0,hard_ground_18
18.663,3979,0,3692,0,hard_ground_18
18.663,3984,0,3718,0,hard_ground_18
18.67,3984,0,3725,0,hard_ground_18
18.676,3988,0,3734,0,hard_ground_18
18.683,3985,0,3717,0,hard_ground_18
18.684,3981,0,3675,0,hard_ground_18
18.691,3970,0,3643,0,hard_ground_18
18.697,3959,0,3635,0,hard_ground_18
18.699,3946,0,3636,0,hard_ground_18
18.705,3952,0,3634,0,hard_ground_18
18.712,3961,0,3656,0,hard_ground_18
18.718,3964,0,3685,0,hard_ground_18
18.719,3968,0,3718,0,hard_ground_18
18.726,3971,0,3737,0,hard_ground_18
18.732,3982,0,3742,0,hard_ground_18
18.738,3980,0,3745,0,hard_ground_18
18.739,3981,0,3732,0,hard_ground_18
18.746,3975,0,3713,0,hard_ground_18
18.749,3946,0,3601,0,hard_ground_18
18.753,3897,0,3245,0,hard_ground_18
18.762,3846,0,2882,0,hard_ground_18
18.767,3804,0,2845,0,hard_ground_18
18.773,3751,0,3245,0,hard_ground_18
18.774,3861,0,3597,0,hard_ground_18
18.782,3911,0,3666,0,hard_ground_18
18.788,3950,0,3623,0,hard_ground_18
18.788,3962,0,3607,0,hard_ground_18
18.798,3966,0,3554,0,hard_ground_18
18.802,3949,0,3537,0,hard_ground_18
18.808,3923,0,3599,0,hard_ground_18
18.808,3944,0,3644,0,hard_ground_18
18.816,3976,0,3681,0,hard_ground_18
18.823,3982,0,3735,0,hard_ground_18
18.823,3988,0,3754,0,hard_ground_18
18.832,3987,0,3786,0,hard_ground_18
18.837,3991,0,3806,0,hard_ground_18
18.839,3989,0,3813,0,hard_ground_18
18.847,3993,0,3801,0,hard_ground_18
18.85,3990,0,3803,0,hard_ground_18
18.858,3992,0,3758,0,hard_ground_18
18.858,3983,0,3691,0,hard_ground_18
18.866,3975,0,3572,0,hard_ground_18
18.871,3956,0,3543,0,hard_ground_18
18.873,3947,0,3559,0,hard_ground_18
18.882,3958,0,3629,0,hard_ground_18
18.885,3969,0,3670,0,hard_ground_18
18.892,3984,0,3710,0,hard_ground_18
18.896,3995,0,3727,0,hard_ground_18
18.899,3992,0,3698,0,hard_ground_18
18.906,3987,0,3634,0,hard_ground_18
18.912,3977,0,3442,0,hard_ground_18
18.913,3971,0,3253,0,hard_ground_18
18.92,3969,0,3260,0,hard_ground_18
18.927,3963,0,3547,0,hard_ground_18
18.927,3968,0,3656,0,hard_ground_18
18.937,3978,0,3664,0,hard_ground_18
18.941,3977,0,3673,0,hard_ground_18
18.947,3976,0,3677,0,hard_ground_18
18.952,3971,0,3710,0,hard_ground_18
18.955,3964,0,3731,0,hard_ground_18
18.961,3973,0,3762,0,hard_ground_18
18.963,3982,0,3748,0,hard_ground_18
18.968,3991,0,3734,0,hard_ground_18
18.977,3989,0,3748,0,hard_ground_18
18.982,3995,0,3765,0,hard_ground_18
18.987,3994,0,3765,0,hard_ground_18
18.989,3989,0,3737,0,hard_ground_18
18.996,3986,0,3708,0,hard_ground_18
18.996,3981,0,3681,0,hard_ground_18
19.007,3978,0,3728,0,hard_ground_18
19.011,3980,0,3732,0,hard_ground_18
19.017,3986,0,3702,0,hard_ground_18
19.021,3984,0,3691,0,hard_ground_18
19.025,3984,0,3664,0,hard_ground_18
19.032,3979,0,3660,0,hard_ground_18
19.037,3968,0,3686,0,hard_ground_18
19.042,3971,0,3688,0,hard_ground_18
19.045,3965,0,3683,0,hard_ground_18
19.052,3970,0,3674,0,hard_ground_18
19.056,3968,0,3580,0,hard_ground_18
19.059,3958,0,3468,0,hard_ground_18
19.065,3954,0,3446,0,hard_ground_18
19.072,3951,0,3613,0,hard_ground_18
19.073,3961,0,3677,0,hard_ground_18
19.08,3982,0,3707,0,hard_ground_18
19.086,4007,0,3722,0,hard_ground_18
19.088,4010,0,3691,0,hard_ground_18
19.096,3997,0,3673,0,hard_ground_18
19.1,3984,0,3675,0,hard_ground_18
19.106,3986,0,3679,0,hard_ground_18
19.107,3988,0,3679,0,hard_ground_18
19.114,3995,0,3712,0,hard_ground_18
19.121,3995,0,3746,0,hard_ground_18
19.127,3994,0,3747,0,hard_ground_18
19.128,3987,0,3740,0,hard_ground_18
19.135,3980,0,3726,0,hard_ground_18
19.142,3984,0,3711,0,hard_ground_18
19.144,3955,0,3670,0,hard_ground_18
19.149,3919,0,3613,0,hard_ground_18
19.156,3859,0,3476,0,hard_ground_18
19.161,3847,0,3218,0,hard_ground_18
19.163,3825,0,3198,0,hard_ground_18
19.17,3772,0,3277,0,hard_ground_18
19.176,3743,0,3349,0,hard_ground_18
19.182,3639,0,3447,0,hard_ground_18
19.184,3755,0,3506,0,hard_ground_18
19.191,3801,0,3547,0,hard_ground_18
19.197,3804,0,3559,0,hard_ground_18
19.198,3767,0,3554,0,hard_ground_18
19.205,3648,0,3449,0,hard_ground_18
19.211,3378,0,3005,0,hard_ground_18
19.211,2753,0,2326,0,hard_ground_18
19.219,2974,0,0,0,hard_ground_18
19.225,3375,0,0,0,hard_ground_18
19.227,3541,0,975,0,hard_ground_18
19.232,3658,0,2422,0,hard_ground_18
19.239,3686,0,1765,0,hard_ground_18
19.247,3199,0,0,0,hard_ground_18
19.247,1374,0,0,0,hard_ground_18
19.254,0,0,0,0,hard_ground_18
19.26,0,0,0,0,hard_ground_18
19.263,0,1212,0,0,hard_ground_18
19.267,0,2819,0,2407,hard_ground_18
19.276,0,2912,0,3549,hard_ground_18
19.28,0,3009,0,3679,hard_ground_18
19.286,0,3097,0,3729,hard_ground_18
19.288,0,3135,0,3735,hard_ground_18
19.297,0,3176,0,3730,hard_ground_18
19.301,0,3043,0,3765,hard_ground_18
19.302,0,2986,0,3788,hard_ground_18
19.309,0,2344,0,3767,hard_ground_18
19.316,0,1795,0,3745,hard_ground_18
19.321,0,0,0,3698,hard_ground_18
19.325,0,1171,0,3666,hard_ground_18
19.33,0,2285,0,3704,hard_ground_18
19.336,0,2855,0,3705,hard_ground_18
19.339,0,3148,0,3685,hard_ground_18
19.344,0,3403,0,3640,hard_ground_18
19.35,0,3461,0,3628,hard_ground_18
19.352,0,3457,0,3657,hard_ground_18
19.358,0,3400,0,3654,hard_ground_18
19.365,0,3327,0,3604,hard_ground_18
19.371,0,3222,0,3479,hard_ground_18
19.374,0,3229,0,2893,hard_ground_18
19.378,0,3185,0,0,hard_ground_18
19.386,0,3047,0,0,hard_ground_18
19.391,0,2790,2116,0,hard_ground_18
19.392,0,2504,2676,0,hard_ground_18
19.399,0,0,2962,0,hard_ground_18
19.406,0,0,2877,0,hard_ground_18
19.406,0,1241,2524,0,hard_ground_18
19.415,0,2409,2341,0,hard_ground_18
19.42,3070,2360,981,0,hard_ground_18
19.426,3595,0,2285,0,hard_ground_18
19.427,3617,0,3012,0,hard_ground_18
19.434,3536,0,3462,0,hard_ground_18
19.441,3540,0,3556,0,hard_ground_18
19.442,3715,2111,3474,0,hard_ground_18
19.448,3849,2819,3424,0,hard_ground_18
19.455,3919,2520,2821,0,hard_ground_18
19.461,3881,1111,2935,0,hard_ground_18
19.462,3785,0,3173,0,hard_ground_18
19.469,3645,0,3192,0,hard_ground_18
19.476,3553,0,3377,0,hard_ground_18
19.476,3686,0,3338,0,hard_ground_18
19.484,3844,0,3286,0,hard_ground_18
19.49,3898,0,3283,0,hard_ground_18
19.492,3878,0,3588,0,hard_ground_18
19.501,3867,0,3736,0,hard_ground_18
19.503,3826,0,3825,0,hard_ground_18
19.51,3870,0,3829,0,hard_ground_18
19.512,3903,0,3838,0,hard_ground_18
19.517,3911,0,3839,0,hard_ground_18
19.524,3923,0,3844,0,hard_ground_18
19.531,3907,0,3829,0,hard_ground_18
19.531,3885,0,3844,0,hard_ground_18
19.538,3887,0,3871,0,hard_ground_18
19.544,3873,0,3882,0,hard_ground_18
19.547,3926,0,3892,0,hard_ground_18
19.552,3950,0,3893,0,hard_ground_18
19.559,3958,0,3897,0,hard_ground_18
19.566,3970,0,3886,0,hard_ground_18
19.568,3981,0,3882,0,hard_ground_18
19.576,3972,0,3884,0,hard_ground_18
19.579,3963,0,3897,0,hard_ground_18
19.582,3971,0,3904,0,hard_ground_18
19.586,3972,0,3905,0,hard_ground_18
19.594,3978,0,3903,0,hard_ground_18
19.6,3985,0,3896,0,hard_ground_18
19.606,3986,0,3908,0,hard_ground_18
19.607,3996,0,3904,0,hard_ground_18
19.614,3995,0,3893,0,hard_ground_18
19.62,4005,0,3897,0,hard_ground_18
19.621,3998,0,3868,0,hard_ground_18
19.631,3985,0,3867,0,hard_ground_18
19.635,3983,0,3867,0,hard_ground_18
19.64,3986,0,3864,0,hard_ground_18
19.646,4000,0,3886,0,hard_ground_18
19.649,4014,0,3881,0,hard_ground_18
19.656,4019,0,3888,0,hard_ground_18
19.656,4025,0,3907,0,hard_ground_18
19.663,4034,0,3915,0,hard_ground_18
19.669,4031,0,3921,0,hard_ground_18
19.675,4031,0,3928,0,hard_ground_18
19.677,4032,0,3918,0,hard_ground_18
19.685,4028,0,3923,0,hard_ground_18
19.691,4028,0,3919,0,hard_ground_18
19.691,4024,0,3902,0,hard_ground_18
19.697,4024,0,3897,0,hard_ground_18
19.704,4027,0,3896,0,hard_ground_18
19.71,4021,0,3887,0,hard_ground_18
19.711,4020,0,3892,0,hard_ground_18
19.718,4017,0,3890,0,hard_ground_18
19.725,4023,0,3894,0,hard_ground_18
19.725,4033,0,3883,0,hard_ground_18
19.733,4024,0,3895,0,hard_ground_18
19.739,4025,0,3905,0,hard_ground_18
19.741,4028,0,3908,0,hard_ground_18
19.746,4028,0,3911,0,hard_ground_18
19.753,4030,0,3920,0,hard_ground_18
19.76,4029,0,3917,0,hard_ground_18
19.76,4028,0,3911,0,hard_ground_18
19.769,4030,0,3902,0,hard_ground_18
19.773,4027,0,3898,0,hard_ground_18
19.776,4023,0,3887,0,hard_ground_18
19.784,4021,0,3892,0,hard_ground_18
19.79,4024,0,3867,0,hard_ground_18
19.794,4024,0,3842,0,hard_ground_18
19.8,4024,0,3857,0,hard_ground_18
19.801,4023,0,3885,0,hard_ground_18
19.809,4028,0,3896,0,hard_ground_18
19.815,4029,0,3897,0,hard_ground_18
19.816,4029,0,3902,0,hard_ground_18
19.823,4031,0,3909,0,hard_ground_18
19.83,4034,0,3911,0,hard_ground_18
19.835,4029,0,3910,0,hard_ground_18
19.84,4030,0,3917,0,hard_ground_18
19.843,4025,0,3903,0,hard_ground_18
19.85,4025,0,3886,0,hard_ground_18
19.851,4028,0,3900,0,hard_ground_18
19.859,4027,0,3886,0,hard_ground_18
19.864,4020,0,3888,0,hard_ground_18
19.87,4018,0,3901,0,hard_ground_18
19.871,4013,0,3901,0,hard_ground_18
19.878,4026,0,3907,0,hard_ground_18
19.885,4031,0,3923,0,hard_ground_18
19.886,4028,0,3928,0,hard_ground_18
19.892,4028,0,3936,0,hard_ground_18
19.899,4031,0,3931,0,hard_ground_18
19.905,4028,0,3935,0,hard_ground_18
19.907,4032,0,3938,0,hard_ground_18
19.913,4031,0,3931,0,hard_ground_18
19.92,4027,0,3906,0,hard_ground_18
19.92,4021,0,3879,0,hard_ground_18
19.929,4022,0,3875,0,hard_ground_18
19.933,4027,0,3875,0,hard_ground_18
19.94,4029,0,3867,0,hard_ground_18
19.941,4033,0,3844,4042,hard_ground_18
19.948,4035,0,3852,0,hard_ground_18
19.954,4038,0,3812,0,hard_ground_18
19.956,4032,0,3816,3747,hard_ground_18
19.961,4043,0,3666,0,hard_ground_18
19.968,4038,0,3368,3968,hard_ground_18
19.974,4027,0,3528,3597,hard_ground_18
19.975,4024,0,1831,3791,hard_ground_18
19.983,4014,0,0,0,hard_ground_18
19.989,3993,0,0,0,hard_ground_18
19.991,3980,0,0,0,hard_ground_18
19.999,3987,0,2145,0,hard_ground_18
20.003,4011,0,3162,0,hard_ground_18
20.009,4024,0,3478,0,hard_ground_18
20.011,4034,0,3675,0,hard_ground_18
20.017,4045,0,3703,1968,hard_ground_18
20.024,4049,0,3744,0,hard_ground_18
20.029,4051,0,3730,0,hard_ground_18
20.031,4047,0,3699,0,hard_ground_18
20.038,4042,0,3636,0,hard_ground_18
20.045,4043,0,3460,0,hard_ground_18
20.045,4042,0,3380,0,hard_ground_18
20.052,4033,0,3388,0,hard_ground_18
20.058,4027,0,3386,0,hard_ground_18
20.065,4017,0,3475,0,hard_ground_18
20.07,4025,0,3476,0,hard_ground_18
20.073,4034,0,3404,0,hard_ground_18
20.079,4035,0,3440,0,hard_ground_18
20.084,4036,0,3489,0,hard_ground_18
20.086,4034,0,3519,0,hard_ground_18
20.094,4038,0,3510,0,hard_ground_18
20.099,4044,0,3545,0,hard_ground_18
20.101,4043,0,3473,0,hard_ground_18
20.107,4042,0,3400,2549,hard_ground_18
20.114,4040,0,3399,3877,hard_ground_18
20.119,4037,0,3393,3936,hard_ground_18
20.121,4033,0,3119,3914,hard_ground_18
20.129,4035,0,991,3480,hard_ground_18
20.134,4025,0,0,0,hard_ground_18
20.136,4025,0,0,3850,hard_ground_18
20.142,4025,0,0,3931,hard_ground_18
20.149,4024,0,1076,3944,hard_ground_18
20.15,4032,0,2679,3950,hard_ground_18
20.156,4037,0,2650,3927,hard_ground_18
20.164,4041,0,2481,3700,hard_ground_18
20.169,4045,0,2478,2801,hard_ground_18
20.171,4047,0,2859,3525,hard_ground_18
20.177,4049,0,3414,3712,hard_ground_18
20.183,4044,0,3592,3708,hard_ground_18
20.185,4041,0,3673,3773,hard_ground_18
20.19,4042,0,3578,3618,hard_ground_18
20.199,4044,0,3464,3210,hard_ground_18
20.204,4042,0,3337,1601,hard_ground_18
20.209,4042,0,3382,0,hard_ground_18
20.211,4040,0,3525,0,hard_ground_18
20.218,4038,0,3573,0,hard_ground_18
20.224,4041,0,3629,2012,hard_ground_18
20.226,4039,0,3629,3157,hard_ground_18
20.232,4040,0,3612,0,hard_ground_18
20.239,4037,0,3582,0,hard_ground_18
20.239,4031,0,3575,0,hard_ground_18
20.249,4030,0,3555,0,hard_ground_18
20.253,4033,0,3542,0,hard_ground_18
20.256,4033,0,3516,0,hard_ground_18
20.26,4037,0,3550,0,hard_ground_18
20.267,4039,0,3648,0,hard_ground_18
20.274,4043,0,3706,0,hard_ground_18
20.274,4041,0,3747,0,hard_ground_18
20.282,4042,0,3758,0,hard_ground_18
20.288,4046,0,3731,0,hard_ground_18
20.288,4044,0,3714,0,hard_ground_18
20.297,4044,0,3644,0,hard_ground_18
20.302,4041,0,3587,0,hard_ground_18
20.308,4042,0,3517,0,hard_ground_18
20.31,4039,0,3387,0,hard_ground_18
20.315,4046,0,3269,0,hard_ground_18
20.322,4045,0,3335,0,hard_ground_18
20.329,4038,0,3456,0,hard_ground_18
20.33,4036,0,3478,0,hard_ground_18
20.336,4047,0,3568,0,hard_ground_18
20.344,4052,0,3607,0,hard_ground_18
20.348,4049,0,3663,0,hard_ground_18
20.35,4051,0,3644,0,hard_ground_18
20.357,4048,0,3578,0,hard_ground_18
20.364,4044,0,3473,0,hard_ground_18
20.364,4039,0,3321,0,hard_ground_18
20.373,4034,0,3104,0,hard_ground_18
20.378,4028,0,2999,2873,hard_ground_18
20.381,4023,0,2976,3554,hard_ground_18
20.386,4026,0,2995,3535,hard_ground_18
20.392,4026,0,3071,3233,hard_ground_18
20.399,4027,0,3128,3810,hard_ground_18
20.404,4034,0,3461,3865,hard_ground_18
20.406,4034,0,3325,3889,hard_ground_18
20.413,4025,0,2785,2671,hard_ground_18
20.419,4011,0,2427,0,hard_ground_18
20.42,3983,0,2788,0,hard_ground_18
20.427,3943,0,2986,0,hard_ground_18
20.433,3945,0,3325,3696,hard_ground_18
20.435,3939,0,3543,3929,hard_ground_18
20.44,3949,0,3491,3946,hard_ground_18
20.448,3949,0,3014,3917,hard_ground_18
20.453,3908,0,2304,3862,hard_ground_18
20.454,3711,0,1683,3845,hard_ground_18
20.464,3359,0,2097,3729,hard_ground_18
20.468,2447,0,2469,3795,hard_ground_18
20.471,0,0,2839,3865,hard_ground_18
20.475,1898,0,2916,3889,hard_ground_18
20.482,3329,0,2990,3882,hard_ground_18
20.489,3437,0,3240,3918,hard_ground_18
20.494,3538,0,3491,3941,hard_ground_18
20.496,3549,0,3590,3955,hard_ground_18
20.503,3437,0,3584,3963,hard_ground_18
20.504,0,0,3375,3950,hard_ground_18
20.513,0,0,2426,3930,hard_ground_18
20.517,0,0,0,3911,hard_ground_18
20.524,0,0,0,3953,hard_ground_18
20.529,0,0,0,3977,hard_ground_18
20.531,0,0,0,3972,hard_ground_18
20.538,0,1106,0,3988,hard_ground_18
20.539,0,2332,0,3988,hard_ground_18
20.544,0,2498,0,3999,hard_ground_18
20.551,0,2620,0,3988,hard_ground_18
20.558,0,2630,0,3968,hard_ground_18
20.563,0,2896,0,3958,hard_ground_18
20.565,0,3093,0,3951,hard_ground_18
20.573,0,3218,0,3957,hard_ground_18
20.578,0,3292,0,3962,hard_ground_18
20.58,0,3291,0,3974,hard_ground_18
20.587,0,3275,0,3967,hard_ground_18
20.593,0,3251,0,3939,hard_ground_18
20.593,0,3207,0,3898,hard_ground_18
20.603,0,3222,0,3861,hard_ground_18
20.607,0,3209,0,3866,hard_ground_18
20.609,0,3403,0,3863,hard_ground_18
20.614,0,3556,0,3901,hard_ground_18
20.621,0,3608,0,3926,hard_ground_18
20.628,0,3639,0,3945,hard_ground_18
20.629,0,3648,0,3944,hard_ground_18
20.635,0,3619,0,3957,hard_ground_18
20.642,0,3558,0,3954,hard_ground_18
20.648,0,3595,0,3954,hard_ground_18
20.649,0,3616,0,3960,hard_ground_18
20.657,0,3660,0,3976,hard_ground_18
20.663,0,3630,0,3974,hard_ground_18
20.668,0,3539,0,3972,hard_ground_18
20.672,0,3226,0,3958,hard_ground_18
20.677,0,2914,0,3959,hard_ground_18
20.681,0,3123,0,3963,hard_ground_18
20.684,0,3443,0,3962,hard_ground_18
20.691,0,3574,0,3972,hard_ground_18
20.698,0,3661,0,3982,hard_ground_18
20.698,0,3682,0,3988,hard_ground_18
20.706,0,3689,0,3991,hard_ground_18
20.712,0,3627,0,3979,hard_ground_18
20.714,0,3530,0,3958,hard_ground_18
20.723,0,3267,0,3926,hard_ground_18
20.727,0,3022,0,3925,hard_ground_18
20.732,0,2959,0,3931,hard_ground_18
20.737,0,3175,0,3951,hard_ground_18
20.739,0,3320,0,3965,hard_ground_18
20.746,0,3344,0,3980,hard_ground_18
20.753,0,3405,0,3990,hard_ground_18
20.753,0,3377,0,3985,hard_ground_18
20.76,0,3362,0,3974,hard_ground_18
20.766,0,3470,0,3963,hard_ground_18
20.769,0,3534,0,3976,hard_ground_18
20.774,0,3583,0,3992,hard_ground_18
20.781,0,3596,0,3997,hard_ground_18
20.788,0,3548,0,4005,hard_ground_18
20.788,0,3550,986,4003,hard_ground_18
20.798,0,3553,1224,4009,hard_ground_18
20.801,0,3690,1024,4010,hard_ground_18
20.808,0,3724,0,4012,hard_ground_18
20.809,0,3711,0,4007,hard_ground_18
20.815,0,3527,0,3992,hard_ground_18
20.823,0,3148,0,3960,hard_ground_18
20.823,0,2680,0,3943,hard_ground_18
20.829,0,3085,0,3964,hard_ground_18
20.837,0,3594,0,3983,hard_ground_18
20.843,0,3704,0,3996,hard_ground_18
20.844,0,3775,0,4002,hard_ground_18
20.85,0,3801,0,4013,hard_ground_18
20.857,0,3764,0,4012,hard_ground_18
20.863,0,3668,0,4004,hard_ground_18
20.864,0,3494,0,3987,hard_ground_18
20.871,0,3146,0,3945,hard_ground_18
20.878,0,2612,0,3889,hard_ground_18
20.878,0,2145,0,3871,hard_ground_18
20.886,0,2516,0,3879,hard_ground_18
20.891,0,3232,0,3931,hard_ground_18
20.893,0,3537,0,3979,hard_ground_18
20.899,0,3679,0,3991,hard_ground_18
20.908,0,3773,0,3994,hard_ground_18
20.912,0,3801,0,3989,hard_ground_18
20.914,0,3806,0,3986,hard_ground_18
20.919,0,3783,0,3986,hard_ground_18
20.927,0,3723,0,3978,hard_ground_18
20.932,0,3671,0,3974,hard_ground_18
20.934,0,3663,0,3959,hard_ground_18
20.941,0,3664,0,3966,hard_ground_18
20.947,0,3691,0,3971,hard_ground_18
20.947,0,3738,0,3974,hard_ground_18
20.955,0,3777,0,3981,hard_ground_18
20.961,0,3778,0,3984,hard_ground_18
20.963,0,3771,0,3991,hard_ground_18
20.968,0,3760,0,3999,hard_ground_18
20.975,0,3736,0,3998,hard_ground_18
20.982,0,3741,0,4001,hard_ground_18
20.982,0,3757,0,4002,hard_ground_18
20.99,0,3758,0,4002,hard_ground_18
20.996,0,3772,0,4003,hard_ground_18
20.998,0,3761,0,3999,hard_ground_18
21.007,0,3743,0,4002,hard_ground_18
21.01,0,3724,0,4000,hard_ground_18
21.016,0,3691,0,3996,hard_ground_18
21.022,0,3652,0,3990,hard_ground_18
21.024,0,3623,0,3990,hard_ground_18
21.031,0,3629,0,3992,hard_ground_18
21.037,0,3679,0,4000,hard_ground_18
21.038,0,3718,0,4003,hard_ground_18
21.044,0,3757,0,4004,hard_ground_18
21.051,0,3787,0,4008,hard_ground_18
21.058,0,3797,0,4009,hard_ground_18
21.062,0,3794,0,4007,hard_ground_18
21.065,0,3789,0,4002,hard_ground_18
21.072,0,3763,0,4000,hard_ground_18
21.072,0,3750,0,3996,hard_ground_18
21.08,0,3728,0,3990,hard_ground_18
21.086,0,3731,0,3992,hard_ground_18
21.088,0,3739,0,3993,hard_ground_18
21.093,0,3760,0,3997,hard_ground_18
21.1,0,3766,0,3996,hard_ground_18
21.107,0,3773,0,4005,hard_ground_18
21.112,0,3767,0,4005,hard_ground_18
21.114,0,3762,0,4007,hard_ground_18
21.121,0,3736,0,4007,hard_ground_18
21.126,0,3725,0,3994,hard_ground_18
21.128,0,3722,0,4003,hard_ground_18
21.135,0,3742,0,4000,hard_ground_18
21.141,0,3773,0,4004,hard_ground_18
21.143,0,3799,0,4006,hard_ground_18
21.148,0,3813,0,4001,hard_ground_18
21.156,0,3800,0,4001,hard_ground_18
21.162,0,3794,0,3996,hard_ground_18
21.164,0,3762,0,3993,hard_ground_18
21.169,0,3730,0,3991,hard_ground_18
21.176,0,3699,0,3991,hard_ground_18
21.178,0,3701,0,3990,hard_ground_18
21.187,0,3751,0,3999,hard_ground_18
21.191,0,3778,0,4002,hard_ground_18
21.197,0,3796,0,4006,hard_ground_18
21.198,0,3782,0,4014,hard_ground_18
21.205,0,3770,0,4010,hard_ground_18
21.211,0,3738,0,4009,hard_ground_18
21.217,0,3685,0,4006,hard_ground_18
21.221,0,3636,0,4000,hard_ground_18
21.225,0,3635,0,3996,hard_ground_18
21.231,0,3668,0,4006,hard_ground_18
21.232,0,3738,0,4007,hard_ground_18
21.239,0,3785,0,4013,hard_ground_18
21.246,0,3818,0,4021,hard_ground_18
21.252,0,3854,0,4013,hard_ground_18
21.257,0,3830,0,4017,hard_ground_18
21.26,0,3814,0,4004,hard_ground_18
21.267,0,3785,0,3995,hard_ground_18
21.267,0,3701,0,3987,hard_ground_18
21.274,0,3623,0,3971,hard_ground_18
21.28,0,3590,0,3972,hard_ground_18
21.283,0,3635,0,3983,hard_ground_18
21.288,0,3717,0,3991,hard_ground_18
21.294,0,3777,0,3999,hard_ground_18
21.302,0,3813,0,4014,hard_ground_18
21.305,0,3837,0,4020,hard_ground_18
21.31,0,3834,0,4016,hard_ground_18
21.315,0,3817,0,4020,hard_ground_18
21.32,0,3802,0,4017,hard_ground_18
21.327,0,3750,0,4013,hard_ground_18
21.33,0,3698,0,4007,hard_ground_18
21.336,0,3659,0,3996,hard_ground_18
21.337,0,3622,0,3997,hard_ground_18
21.343,0,3651,0,4001,hard_ground_18
21.351,0,3677,0,3998,hard_ground_18
21.357,0,3747,0,4003,hard_ground_18
21.358,0,3787,0,4010,hard_ground_18
21.364,0,3825,0,4011,hard_ground_18
21.371,0,3825,0,4017,hard_ground_18
21.377,0,3823,0,4018,hard_ground_18
21.378,0,3815,0,4017,hard_ground_18
21.385,0,3787,0,4008,hard_ground_18
21.391,0,3764,0,4004,hard_ground_18
21.392,0,3712,0,4003,hard_ground_18
21.4,0,3665,0,4002,hard_ground_18
21.405,0,3667,0,3998,hard_ground_18
21.407,0,3678,0,4000,hard_ground_18
21.413,0,3727,0,4008,hard_ground_18
21.419,0,3744,0,4005,hard_ground_18
21.426,0,3763,0,4009,hard_ground_18
21.431,0,3781,0,4016,hard_ground_18
21.433,0,3807,0,4012,hard_ground_18
21.44,0,3830,0,4022,hard_ground_18
21.446,0,3834,0,4021,hard_ground_18
21.448,0,3838,0,4025,hard_ground_18
21.454,0,3826,0,4016,hard_ground_18
21.461,0,3780,0,4010,hard_ground_18
21.461,0,3697,0,4001,hard_ground_18
21.469,0,3605,0,3990,hard_ground_18
21.475,0,3523,0,3983,hard_ground_18
21.477,0,3472,0,3990,hard_ground_18
21.482,0,3612,0,3994,hard_ground_18
21.491,0,3731,0,4001,hard_ground_18
21.496,0,3800,0,4011,hard_ground_18
21.496,0,3830,0,4016,hard_ground_18
21.505,0,3838,0,4026,hard_ground_18
21.509,0,3836,0,4024,hard_ground_18
21.512,0,3826,0,4024,hard_ground_18
21.517,0,3792,0,4019,hard_ground_18
21.524,0,3770,0,4009,hard_ground_18
21.53,0,3750,0,4003,hard_ground_18
21.53,0,3724,0,3997,hard_ground_18
21.541,0,3724,0,3997,hard_ground_18
21.544,0,3735,0,3999,hard_ground_18
21.551,0,3758,0,4004,hard_ground_18
21.555,0,3767,0,4003,hard_ground_18
21.561,0,3797,0,4007,hard_ground_18
21.565,0,3798,0,4013,hard_ground_18
21.571,0,3797,0,4016,hard_ground_18
21.572,0,3792,0,4018,hard_ground_18
21.581,0,3797,0,4020,hard_ground_18
21.586,0,3785,0,4024,hard_ground_18
21.591,0,3787,0,4022,hard_ground_18
21.593,0,3774,0,4027,hard_ground_18
21.6,0,3769,0,4021,hard_ground_18
21.606,0,3765,0,4018,hard_ground_18
21.607,0,3761,0,4016,hard_ground_18
21.614,0,3750,0,4016,hard_ground_18
21.621,0,3741,0,4009,hard_ground_18
21.626,0,3736,0,4008,hard_ground_18
21.628,0,3742,0,4011,hard_ground_18
21.636,0,3768,0,4016,hard_ground_18
21.641,0,3795,0,4020,hard_ground_18
21.643,0,3811,0,4018,hard_ground_18
21.65,0,3814,0,4019,hard_ground_18
21.656,0,3812,0,4019,hard_ground_18
21.657,0,3793,0,4018,hard_ground_18
21.665,0,3791,0,4012,hard_ground_18
21.67,0,3783,0,4008,hard_ground_18
21.675,0,3783,0,4006,hard_ground_18
21.677,0,3776,0,4003,hard_ground_18
21.683,0,3774,0,4000,hard_ground_18
21.69,0,3787,0,4005,hard_ground_18
21.69,0,3781,0,4016,hard_ground_18
21.701,0,3788,0,4022,hard_ground_18
21.704,0,3782,0,4020,hard_ground_18
21.707,0,3762,0,4019,hard_ground_18
21.711,0,3739,0,4021,hard_ground_18
21.718,0,3714,0,4023,hard_ground_18
21.725,0,3689,0,4024,hard_ground_18
21.727,0,3696,0,4020,hard_ground_18
21.735,0,3691,0,4027,hard_ground_18
21.74,0,3719,0,4023,hard_ground_18
21.746,0,3749,0,4020,hard_ground_18
21.746,0,3758,0,4025,hard_ground_18
21.753,0,3780,0,4024,hard_ground_18
21.759,0,3793,0,4022,hard_ground_18
21.766,0,3792,0,4024,hard_ground_18
21.767,0,3776,0,4018,hard_ground_18
21.774,0,3771,0,4014,hard_ground_18
21.781,0,3772,0,4010,hard_ground_18
21.781,0,3764,0,4003,hard_ground_18
21.787,0,3773,0,3996,hard_ground_18
21.794,0,3775,0,4001,hard_ground_18
21.801,0,3777,0,4003,hard_ground_18
21.801,0,3782,0,4012,hard_ground_18
21.808,0,3806,0,4009,hard_ground_18
21.815,0,3816,0,4010,hard_ground_18
21.816,0,3816,0,4010,hard_ground_18
21.825,0,3797,0,4006,hard_ground_18
21.829,0,3742,0,4004,hard_ground_18
21.833,0,3586,0,3999,hard_ground_18
21.836,0,3459,0,3995,hard_ground_18
21.843,0,3522,0,3992,hard_ground_18
21.85,0,3647,0,4001,hard_ground_18
21.85,0,3772,0,4008,hard_ground_18
21.857,0,3814,0,4020,hard_ground_18
21.864,0,3845,0,4029,hard_ground_18
21.871,0,3842,0,4027,hard_ground_18
21.874,0,3831,0,4030,hard_ground_18
21.877,0,3796,0,4027,hard_ground_18
21.885,0,3786,0,4021,hard_ground_18
21.891,0,3770,0,4018,hard_ground_18
21.892,0,3772,0,4015,hard_ground_18
21.899,0,3775,0,4016,hard_ground_18
21.906,0,3791,0,4018,hard_ground_18
21.906,0,3796,0,4020,hard_ground_18
21.915,0,3800,0,4019,hard_ground_18
21.919,0,3792,0,4016,hard_ground_18
21.921,0,3791,0,4012,hard_ground_18
21.926,0,3756,0,4009,hard_ground_18
21.934,0,3713,0,4006,hard_ground_18
21.94,0,3643,0,4008,hard_ground_18
21.944,0,3656,0,4000,hard_ground_18
21.947,0,3650,0,4001,hard_ground_18
21.954,0,3735,0,4008,hard_ground_18
21.96,0,3787,0,4012,hard_ground_18
21.963,0,3813,0,4017,hard_ground_18
21.968,0,3828,0,4021,hard_ground_18
21.975,0,3838,0,4014,hard_ground_18
21.975,0,3814,0,4015,hard_ground_18
21.983,0,3749,0,3997,hard_ground_18
21.989,0,3611,0,3979,hard_ground_18
21.991,0,3536,0,3983,hard_ground_18
21.996,0,3659,0,4002,hard_ground_18
22.003,0,3777,0,4014,hard_ground_18
22.009,0,3838,0,4022,hard_ground_18
22.015,0,3862,0,4028,hard_ground_18
22.016,0,3873,0,4026,hard_ground_18
22.023,0,3870,0,4029,hard_ground_18
22.03,0,3851,0,4026,hard_ground_18
22.031,0,3828,0,4026,hard_ground_18
22.037,0,3808,0,4020,hard_ground_18
22.044,0,3775,0,4014,hard_ground_18
22.046,0,3785,0,4016,hard_ground_18
22.055,0,3784,0,4013,hard_ground_18
22.058,0,3776,0,4017,hard_ground_18
22.064,0,3781,0,4019,hard_ground_18
22.065,0,3775,0,4017,hard_ground_18
22.072,0,3772,0,4017,hard_ground_18
22.079,0,3773,0,4015,hard_ground_18
22.081,0,3787,0,4016,hard_ground_18
22.09,0,3783,0,4019,hard_ground_18
22.093,0,3776,0,4013,hard_ground_18
22.1,0,3698,0,4014,hard_ground_18
22.1,0,3577,0,4004,hard_ground_18
22.108,0,3526,0,4006,hard_ground_18
22.114,0,3559,0,4001,hard_ground_18
22.116,0,3611,0,4002,hard_ground_18
22.121,0,3706,0,4010,hard_ground_18
22.128,0,3730,0,4009,hard_ground_18
22.135,0,3697,0,4001,hard_ground_18
22.135,0,3674,0,4002,hard_ground_18
22.145,0,3695,0,4002,hard_ground_18
22.148,0,3748,0,4012,hard_ground_18
22.155,0,3829,0,4017,hard_ground_18
22.156,0,3854,0,4030,hard_ground_18
22.163,0,3877,0,4031,hard_ground_18
22.169,0,3863,0,4031,hard_ground_18
22.17,0,3832,0,4030,hard_ground_18
22.176,0,3788,0,4026,hard_ground_18
22.185,0,3760,0,4023,hard_ground_18
22.189,0,3748,0,4014,hard_ground_18
22.19,0,3760,0,4015,hard_ground_18
22.197,0,3775,0,4014,hard_ground_18
22.204,0,3789,0,4021,hard_ground_18
22.207,0,3813,0,4015,hard_ground_18
22.214,0,3815,0,4022,hard_ground_18
22.218,0,3815,0,4013,hard_ground_18
22.225,0,3799,0,4017,hard_ground_18
22.225,0,3790,0,4013,hard_ground_18
22.232,0,3792,0,4013,hard_ground_18
22.239,0,3793,0,4008,hard_ground_18
22.244,0,3788,0,4009,hard_ground_18
22.246,0,3739,0,4006,hard_ground_18
22.254,0,3683,0,3991,hard_ground_18
22.26,0,3622,0,3981,hard_ground_18
22.26,0,3646,0,3987,hard_ground_18
22.266,0,3702,0,3996,hard_ground_18
22.273,0,3763,0,4008,hard_ground_18
22.279,0,3797,0,4017,hard_ground_18
22.28,0,3789,0,4013,hard_ground_18
22.287,0,3706,0,4006,hard_ground_18
22.294,0,3664,0,4003,hard_ground_18
22.296,0,3630,0,3998,hard_ground_18
22.301,0,3628,0,3999,hard_ground_18
22.308,0,3682,0,4002,hard_ground_18
22.314,0,3770,0,4015,hard_ground_18
22.315,0,3797,0,4020,hard_ground_18
22.322,0,3816,0,4018,hard_ground_18
22.329,0,3811,0,3987,hard_ground_18
22.33,0,3781,0,3965,hard_ground_18
22.336,0,3703,0,3963,hard_ground_18
22.343,0,3623,0,3955,hard_ground_18
22.349,0,3597,0,3957,hard_ground_18
22.35,0,3585,0,3951,hard_ground_18
22.357,0,3582,0,3935,hard_ground_18
22.364,0,3520,0,3948,hard_ground_18
22.365,0,3320,1534,3952,hard_ground_18
22.374,0,3144,1167,3939,hard_ground_18
22.377,0,2829,0,3920,hard_ground_18
22.381,0,2609,0,3899,hard_ground_18
22.385,0,2592,0,3904,hard_ground_18
22.394,0,2404,0,3908,hard_ground_18
22.398,0,707,0,3907,hard_ground_18
22.404,0,0,0,3861,hard_ground_18
22.407,0,0,0,3797,hard_ground_18
22.412,0,0,0,3802,hard_ground_18
22.419,0,1439,0,3853,hard_ground_18
22.42,0,2152,0,3907,hard_ground_18
22.429,0,2663,2521,3929,hard_ground_18
22.433,0,1684,2524,3852,hard_ground_18
22.437,0,0,2473,3744,hard_ground_18
22.443,0,0,2202,3093,hard_ground_18
22.447,0,0,2566,0,hard_ground_18
22.454,0,0,2756,0,hard_ground_18
22.456,0,0,2823,0,hard_ground_18
22.464,0,0,2859,0,hard_ground_18
22.468,0,0,2865,0,hard_ground_18
22.471,0,0,2923,0,hard_ground_18
22.475,0,0,3103,0,hard_ground_18
22.482,2347,0,3363,0,hard_ground_18
22.489,3218,0,3412,0,hard_ground_18
22.49,3377,0,3492,1556,hard_ground_18
22.498,3216,0,3513,1583,hard_ground_18
22.502,2764,0,3509,1534,hard_ground_18
22.508,2771,0,3471,0,hard_ground_18
22.51,1607,0,3377,0,hard_ground_18
22.517,0,0,3165,0,hard_ground_18
22.524,0,0,2991,0,hard_ground_18
22.524,0,0,2912,0,hard_ground_18
22.532,0,0,3095,1475,hard_ground_18
22.537,0,0,3153,1689,hard_ground_18
22.541,0,0,3269,2679,hard_ground_18
22.545,0,0,3294,3219,hard_ground_18
22.551,0,0,3249,3661,hard_ground_18
22.558,0,0,3165,3547,hard_ground_18
22.564,0,0,3136,3088,hard_ground_18
22.565,0,0,3082,1629,hard_ground_18
22.572,0,1608,2781,3279,hard_ground_18
22.579,0,2199,1741,3831,hard_ground_18
22.579,0,2706,1986,3908,hard_ground_18
22.586,0,2683,735,3966,hard_ground_18
22.593,0,3202,2099,3952,hard_ground_18
22.599,0,3415,2592,3926,hard_ground_18
22.603,0,3561,2578,3904,hard_ground_18
22.608,0,3619,0,3900,hard_ground_18
22.613,0,3598,0,3959,hard_ground_18
22.614,0,3531,0,3955,hard_ground_18
22.624,0,3549,0,4006,hard_ground_18
22.627,0,3654,0,4003,hard_ground_18
22.634,0,3719,0,4008,hard_ground_18
22.638,0,3746,0,4013,hard_ground_18
22.642,0,3794,0,4017,hard_ground_18
22.646,0,3793,0,4022,hard_ground_18
22.649,0,3784,0,4022,hard_ground_18
22.656,0,3755,0,4021,hard_ground_18
22.663,0,3735,0,4021,hard_ground_18
22.663,0,3701,0,4014,hard_ground_18
22.671,0,3635,0,4019,hard_ground_18
22.676,0,3587,0,4006,hard_ground_18
22.683,0,3608,0,4011,hard_ground_18
22.688,0,3630,0,4014,hard_ground_18
22.69,0,3691,0,4020,hard_ground_18
22.697,0,3750,0,4027,hard_ground_18
22.703,0,3786,0,4027,hard_ground_18
22.708,0,3820,0,4029,hard_ground_18
22.711,0,3861,0,4036,hard_ground_18
22.718,0,3871,0,4029,hard_ground_18
22.719,0,3863,0,4037,hard_ground_18
22.725,0,3848,0,4033,hard_ground_18
22.732,0,3833,0,4029,hard_ground_18
22.738,0,3816,0,4021,hard_ground_18
22.74,0,3789,0,4021,hard_ground_18
22.745,0,3753,0,4020,hard_ground_18
22.753,0,3733,0,4027,hard_ground_18
22.754,0,3779,0,4021,hard_ground_18
22.763,0,3828,0,4016,hard_ground_18
22.766,0,3844,0,4026,hard_ground_18
22.774,0,3827,0,4018,hard_ground_18
22.778,0,3815,0,4033,hard_ground_18
22.78,0,3817,0,4034,hard_ground_18
22.787,0,3845,0,4033,hard_ground_18
22.789,0,3863,0,4033,hard_ground_18
22.794,0,3863,0,4031,hard_ground_18
22.803,0,3860,0,4032,hard_ground_18
22.808,0,3855,0,4037,hard_ground_18
22.81,0,3826,0,4037,hard_ground_18
22.815,0,3828,0,4040,hard_ground_18
22.822,0,3848,0,4037,hard_ground_18
22.828,0,3867,0,4031,hard_ground_18
22.833,0,3864,0,4035,hard_ground_18
22.836,0,3859,0,4042,hard_ground_18
22.843,0,3837,0,4042,hard_ground_18
22.847,0,3829,0,4046,hard_ground_18
22.85,0,3824,0,4046,hard_ground_18
22.856,0,3838,0,4044,hard_ground_18
22.859,0,3841,0,4043,hard_ground_18
22.864,0,3838,0,4040,hard_ground_18
22.871,0,3839,0,4042,hard_ground_18
22.878,0,3805,0,4046,hard_ground_18
22.878,0,3776,0,4047,hard_ground_18
22.885,0,3794,0,4046,hard_ground_18
22.891,0,3802,0,4044,hard_ground_18
22.898,0,3780,0,4049,hard_ground_18
22.903,0,3818,0,4048,hard_ground_18
22.908,0,3824,0,4048,hard_ground_18
22.913,0,3835,0,4049,hard_ground_18
22.913,0,3838,0,4048,hard_ground_18
22.919,0,3814,0,4044,hard_ground_18
22.926,0,3781,0,4045,hard_ground_18
22.933,0,3749,0,4048,hard_ground_18
22.937,0,3732,0,4047,hard_ground_18
22.94,0,3757,0,4046,hard_ground_18
22.948,0,3809,0,4045,hard_ground_18
22.948,0,3805,0,4037,hard_ground_18
22.955,0,3814,0,4039,hard_ground_18
22.961,0,3786,0,4041,hard_ground_18
22.968,0,3741,0,4049,hard_ground_18
22.972,0,3754,0,4046,hard_ground_18
22.975,0,3795,0,4047,hard_ground_18
22.981,0,3829,0,4047,hard_ground_18
22.988,0,3840,0,4041,hard_ground_18
22.989,0,3831,0,4047,hard_ground_18
22.996,0,3813,0,4051,hard_ground_18
23.002,0,3831,0,4053,hard_ground_18
23.004,0,3806,0,4049,hard_ground_18
23.01,0,3816,0,4055,hard_ground_18
23.017,0,3828,0,4048,hard_ground_18
23.023,0,3806,0,4047,hard_ground_18
23.024,0,3761,0,4045,hard_ground_18
23.03,0,3771,0,4043,hard_ground_18
23.037,0,3795,0,4045,hard_ground_18
23.038,0,3780,0,4049,hard_ground_18
23.048,0,3787,0,4052,hard_ground_18
23.051,0,3831,0,4045,hard_ground_18
23.057,0,3850,0,4044,hard_ground_18
23.058,0,3856,0,4042,hard_ground_18
23.065,0,3841,0,4043,hard_ground_18
23.072,0,3810,0,4043,hard_ground_18
23.073,0,3768,0,4039,hard_ground_18
23.081,0,3756,0,4052,hard_ground_18
23.086,0,3782,0,4055,hard_ground_18
23.09,0,3796,0,4052,hard_ground_18
23.093,0,3838,0,4054,hard_ground_18
23.099,0,3843,0,4045,hard_ground_18
23.108,0,3853,0,4044,hard_ground_18
23.108,0,3822,0,4046,hard_ground_18
23.115,0,3760,0,4053,hard_ground_18
23.121,0,3743,0,4050,hard_ground_18
23.128,0,3696,0,4042,hard_ground_18
23.131,0,3691,0,4041,hard_ground_18
23.137,0,3753,0,4034,hard_ground_18
23.141,0,3791,0,4049,hard_ground_18
23.147,0,3791,0,4051,hard_ground_18
23.148,0,3800,0,4055,hard_ground_18
23.155,0,3811,0,4044,hard_ground_18
23.162,0,3822,0,4056,hard_ground_18
23.166,0,3844,0,4051,hard_ground_18
23.169,0,3851,0,4052,hard_ground_18
23.176,0,3843,0,4054,hard_ground_18
23.182,0,3811,0,4053,hard_ground_18
23.183,0,3780,0,4050,hard_ground_18
23.19,0,3754,0,4032,hard_ground_18
23.197,0,3759,0,4043,hard_ground_18
23.197,0,3776,0,4039,hard_ground_18
23.205,0,3756,0,4034,hard_ground_18
23.211,0,3742,0,4037,hard_ground_18
23.217,4004,3746,0,4035,hard_ground_18
23.218,0,3796,0,4035,hard_ground_18
23.225,0,3798,0,4027,hard_ground_18
23.231,0,3784,0,4030,hard_ground_18
23.237,0,3629,0,4036,hard_ground_18
23.239,0,3710,0,4040,hard_ground_18
23.245,3840,3752,0,4027,hard_ground_18
23.253,0,3625,0,4020,hard_ground_18
23.253,3746,3021,0,4012,hard_ground_18
23.262,0,1550,0,4005,hard_ground_18
23.266,0,0,0,3997,hard_ground_18
23.272,0,0,0,4005,hard_ground_18
23.273,0,0,0,4007,hard_ground_18
23.28,0,0,0,4005,hard_ground_18
23.287,0,0,0,4021,hard_ground_18
23.292,0,0,0,4021,hard_ground_18
23.294,0,0,0,4036,hard_ground_18
23.301,3911,0,0,4045,hard_ground_18
23.307,3984,0,0,4051,hard_ground_18
23.309,4007,0,0,4046,hard_ground_18
23.315,3997,0,0,4045,hard_ground_18
23.322,3989,0,0,4040,hard_ground_18
23.322,3960,0,0,4031,hard_ground_18
23.33,3844,0,0,4027,hard_ground_18
23.336,3459,0,0,4020,hard_ground_18
23.338,2895,0,0,4023,hard_ground_18
23.346,2582,0,0,4011,hard_ground_18
23.35,0,0,0,4014,hard_ground_18
23.357,0,0,0,4022,hard_ground_18
23.362,0,0,0,4035,hard_ground_18
23.364,0,0,0,4038,hard_ground_18
23.371,0,2132,0,4043,hard_ground_18
23.377,0,2966,0,4045,hard_ground_18
23.378,0,3386,0,4043,hard_ground_18
23.384,0,3563,0,4039,hard_ground_18
23.391,0,3537,0,4040,hard_ground_18
23.397,0,3322,0,4042,hard_ground_18
23.402,0,3295,0,4040,hard_ground_18
23.405,0,3422,0,4046,hard_ground_18
23.412,0,3597,0,4044,hard_ground_18
23.413,0,3678,0,4039,hard_ground_18
23.419,0,3703,0,4041,hard_ground_18
23.426,0,3699,0,4042,hard_ground_18
23.427,0,3617,0,4039,hard_ground_18
23.433,0,3571,0,4040,hard_ground_18
23.44,0,3515,0,4037,hard_ground_18
23.447,0,3481,0,4028,hard_ground_18
23.452,0,3470,0,4030,hard_ground_18
23.454,0,3455,0,4031,hard_ground_18
23.461,0,3638,0,4029,hard_ground_18
23.467,0,3692,0,4028,hard_ground_18
23.472,0,3727,0,4028,hard_ground_18
23.475,0,3717,0,4028,hard_ground_18
23.482,0,3686,0,4024,hard_ground_18
23.482,0,3620,0,4024,hard_ground_18
23.489,0,3569,0,4019,hard_ground_18
23.496,0,3575,0,4019,hard_ground_18
23.497,0,3562,0,4019,hard_ground_18
23.503,0,3577,0,4015,hard_ground_18
23.511,0,3678,0,4018,hard_ground_18
23.516,0,3732,0,4020,hard_ground_18
23.521,0,3719,0,4022,hard_ground_18
23.523,0,3687,0,4017,hard_ground_18
23.531,0,3649,0,4024,hard_ground_18
23.537,0,3637,0,4021,hard_ground_18
23.538,0,3581,0,4017,hard_ground_18
23.544,0,3432,0,4018,hard_ground_18
23.551,0,3306,0,4021,hard_ground_18
23.551,0,3310,0,4018,hard_ground_18
23.561,0,3279,0,4016,hard_ground_18
23.565,0,3522,0,4014,hard_ground_18
23.572,0,3574,0,4015,hard_ground_18
23.575,0,3594,0,4020,hard_ground_18
23.579,0,3549,0,4021,hard_ground_18
23.585,0,3119,0,4017,hard_ground_18
23.587,0,2364,0,4015,hard_ground_18
23.593,0,0,0,4000,hard_ground_18
23.6,0,0,0,3994,hard_ground_18
23.606,0,0,0,3979,hard_ground_18
23.611,0,0,0,3957,hard_ground_18
23.614,0,880,0,3943,hard_ground_18
23.62,0,0,0,3980,hard_ground_18
23.62,0,0,0,3983,hard_ground_18
23.628,0,0,0,3987,hard_ground_18
23.635,0,0,0,3983,hard_ground_18
23.637,0,1922,0,3952,hard_ground_18
23.645,2380,2694,0,3914,hard_ground_18
23.648,2854,2831,0,3810,hard_ground_18
23.655,2174,2330,0,3729,hard_ground_18
23.655,0,2137,0,3683,hard_ground_18
23.666,0,541,0,3565,hard_ground_18
23.669,0,1906,0,3525,hard_ground_18
23.676,0,2264,0,3482,hard_ground_18
23.68,0,2952,0,3483,hard_ground_18
23.683,3108,3276,0,3386,hard_ground_18
23.69,3609,3258,0,3258,hard_ground_18
23.69,3656,2837,0,2750,hard_ground_18
23.701,3538,0,0,0,hard_ground_18
23.704,2764,0,0,0,hard_ground_18
23.711,1840,0,0,0,hard_ground_18
23.712,1764,0,0,0,hard_ground_18
23.718,3123,0,0,0,hard_ground_18
23.725,3172,0,0,0,hard_ground_18
23.731,2757,0,0,0,hard_ground_18
23.736,1572,0,0,0,hard_ground_18
23.742,2859,0,2932,0,hard_ground_18
23.746,3406,0,3396,0,hard_ground_18
23.746,3695,0,3579,0,hard_ground_18
23.753,3909,0,3596,0,hard_ground_18
23.759,3940,0,3552,0,hard_ground_18
23.766,3946,0,3496,0,hard_ground_18
23.767,3904,0,3500,0,hard_ground_18
23.773,3873,0,3381,0,hard_ground_18
23.78,3785,0,3084,0,hard_ground_18
23.781,3429,0,2514,0,hard_ground_18
23.787,2733,0,917,0,hard_ground_18
23.796,0,0,0,0,hard_ground_18
23.801,0,0,0,0,hard_ground_18
23.806,0,0,2323,0,hard_ground_18
23.808,2270,0,2623,0,hard_ground_18
23.815,3781,0,3126,0,hard_ground_18
23.821,3931,0,3453,0,hard_ground_18
23.822,3958,0,3566,0,hard_ground_18
23.829,3968,0,3587,0,hard_ground_18
23.836,3981,0,3605,0,hard_ground_18
23.836,3986,0,3635,0,hard_ground_18
23.846,3990,0,3589,0,hard_ground_18
23.849,3976,0,3525,0,hard_ground_18
23.856,3931,0,3312,0,hard_ground_18
23.857,3802,0,2551,0,hard_ground_18
23.864,3746,0,1148,0,hard_ground_18
23.87,3863,0,0,0,hard_ground_18
23.872,3935,0,2090,0,hard_ground_18
23.877,3959,0,2621,0,hard_ground_18
23.886,3953,0,3400,0,hard_ground_18
23.89,3948,0,3532,0,hard_ground_18
23.892,3960,0,3527,0,hard_ground_18
23.899,3965,0,3467,0,hard_ground_18
23.906,3936,0,2956,0,hard_ground_18
23.911,3735,0,2151,0,hard_ground_18
23.913,0,0,0,0,hard_ground_18
23.92,0,0,141,0,hard_ground_18
23.925,0,0,2075,0,hard_ground_18
23.926,0,0,2451,0,hard_ground_18
23.934,3532,0,2883,0,hard_ground_18
23.94,3715,0,3262,0,hard_ground_18
23.945,3698,0,3424,0,hard_ground_18
23.947,3547,0,3518,0,hard_ground_18
23.955,3321,0,3601,0,hard_ground_18
23.961,3638,0,3612,0,hard_ground_18
23.965,3782,0,3616,0,hard_ground_18
23.968,3837,0,3570,0,hard_ground_18
23.975,3848,0,3257,0,hard_ground_18
23.98,3764,0,1835,0,hard_ground_18
23.982,3715,0,1545,0,hard_ground_18
23.989,3824,0,2899,0,hard_ground_18
23.996,3882,0,3433,0,hard_ground_18
24.0,3929,0,3698,0,hard_ground_18
24.005,3945,0,3730,0,hard_ground_18
24.009,3946,0,3727,0,hard_ground_18
24.015,3959,0,3656,0,hard_ground_18
24.016,3967,0,3411,0,hard_ground_18
24.023,3966,0,2849,0,hard_ground_18
24.03,3908,0,1027,0,hard_ground_18
24.035,3792,0,0,0,hard_ground_18
24.04,3291,0,2682,0,hard_ground_18
24.044,3280,0,3210,0,hard_ground_18
24.05,3732,0,3399,0,hard_ground_18
24.051,3858,0,3442,0,hard_ground_18
24.058,3871,0,3500,0,hard_ground_18
24.065,3853,0,3573,0,hard_ground_18
24.066,3836,0,3585,0,hard_ground_18
24.072,3845,0,3548,0,hard_ground_18
24.079,3851,0,3410,0,hard_ground_18
24.086,3849,0,3298,0,hard_ground_18
24.087,3826,0,3246,0,hard_ground_18
24.093,3799,0,3286,0,hard_ground_18
24.1,3750,0,3412,0,hard_ground_18
24.101,3802,0,3547,0,hard_ground_18
24.11,3839,0,3569,0,hard_ground_18
24.115,3876,0,3573,0,hard_ground_18
24.12,3876,0,3560,0,hard_ground_18
24.121,3816,0,3529,0,hard_ground_18
24.128,3743,0,3519,0,hard_ground_18
24.134,3663,0,3506,0,hard_ground_18
24.14,3743,0,3499,0,hard_ground_18
24.144,3815,0,3500,0,hard_ground_18
24.148,3868,0,3554,0,hard_ground_18
24.155,3879,0,3606,0,hard_ground_18
24.155,3896,0,3629,0,hard_ground_18
24.165,3895,0,3667,0,hard_ground_18
24.169,3893,0,3610,0,hard_ground_18
24.175,3889,0,3622,0,hard_ground_18
24.176,3857,0,3572,0,hard_ground_18
24.184,3801,0,3557,0,hard_ground_18
24.19,3756,0,3539,0,hard_ground_18
24.19,3730,0,3543,0,hard_ground_18
24.197,3774,0,3551,0,hard_ground_18
24.203,3796,0,3536,0,hard_ground_18
24.21,3810,0,3549,0,hard_ground_18
24.211,3816,0,3580,0,hard_ground_18
24.218,3820,0,3604,0,hard_ground_18
24.225,3847,0,3616,0,hard_ground_18
24.225,3880,0,3630,0,hard_ground_18
24.233,3918,0,3653,0,hard_ground_18
24.238,3927,0,3643,0,hard_ground_18
24.245,3935,0,3622,0,hard_ground_18
24.246,3923,0,3616,0,hard_ground_18
24.254,3919,0,3615,0,hard_ground_18
24.259,3916,0,3600,0,hard_ground_18
24.261,3914,0,3594,0,hard_ground_18
24.269,3915,0,3595,0,hard_ground_18
24.273,3920,0,3597,0,hard_ground_18
24.279,3924,0,3629,0,hard_ground_18
24.283,3916,0,3620,0,hard_ground_18
24.288,3917,0,3630,0,hard_ground_18
24.295,3902,0,3638,0,hard_ground_18
24.299,3898,0,3654,0,hard_ground_18
24.302,3888,0,3642,0,hard_ground_18
24.309,3877,0,3653,0,hard_ground_18
24.314,3873,0,3638,0,hard_ground_18
24.32,3876,0,3634,0,hard_ground_18
24.322,3864,0,3616,0,hard_ground_18
24.329,3853,0,3588,0,hard_ground_18
24.33,3843,0,3592,0,hard_ground_18
24.336,3841,0,3599,0,hard_ground_18
24.343,3848,0,3603,0,hard_ground_18
24.349,3858,0,3604,0,hard_ground_18
24.351,3887,0,3600,0,hard_ground_18
24.357,3889,0,3625,0,hard_ground_18
24.364,3887,0,3609,0,hard_ground_18
24.37,3885,0,3595,0,hard_ground_18
24.37,3875,0,3611,0,hard_ground_18
24.378,3868,0,3607,0,hard_ground_18
24.384,3871,0,3627,0,hard_ground_18
24.384,3872,0,3623,0,hard_ground_18
24.394,3871,0,3621,0,hard_ground_18
24.399,3872,0,3652,0,hard_ground_18
24.4,3878,0,3628,0,hard_ground_18
24.408,3874,0,3624,0,hard_ground_18
24.413,3885,0,3627,0,hard_ground_18
24.42,3872,0,3620,0,hard_ground_18
24.424,3908,0,3639,0,hard_ground_18
24.426,3928,0,3633,0,hard_ground_18
24.432,3958,0,3616,0,hard_ground_18
24.44,3962,0,3612,0,hard_ground_18
24.441,3969,0,3606,0,hard_ground_18
24.446,3960,0,3620,0,hard_ground_18
24.454,3967,0,3617,0,hard_ground_18
24.459,3971,0,3620,0,hard_ground_18
24.461,3966,0,3620,0,hard_ground_18
24.468,3949,0,3633,0,hard_ground_18
24.474,3943,0,3624,0,hard_ground_18
24.476,3910,0,3624,0,hard_ground_18
24.481,3868,0,3640,0,hard_ground_18
24.489,3836,0,3635,0,hard_ground_18
24.495,3791,0,3646,0,hard_ground_18
24.495,3803,0,3642,0,hard_ground_18
24.502,3790,0,3637,0,hard_ground_18
24.509,3783,0,3628,0,hard_ground_18
24.509,3777,0,3648,0,hard_ground_18
24.519,3801,0,3647,0,hard_ground_18
24.523,3830,0,3636,0,hard_ground_18
24.529,3869,0,3648,0,hard_ground_18
24.53,3888,0,3670,0,hard_ground_18
24.537,3913,0,3650,0,hard_ground_18
24.544,3925,0,3643,0,hard_ground_18
24.545,3923,0,3627,0,hard_ground_18
24.551,3923,0,3602,0,hard_ground_18
24.558,3940,0,3587,0,hard_ground_18
24.564,3944,0,3571,0,hard_ground_18
24.565,3958,0,3589,0,hard_ground_18
24.574,3962,0,3613,0,hard_ground_18
24.579,3965,0,3614,0,hard_ground_18
24.58,3966,0,3624,0,hard_ground_18
24.586,3970,0,3627,0,hard_ground_18
24.593,3966,0,3634,0,hard_ground_18
24.599,3966,0,3634,0,hard_ground_18
24.6,3960,0,3634,0,hard_ground_18
24.607,3952,0,3634,0,hard_ground_18
24.614,3949,0,3625,0,hard_ground_18
24.615,3942,0,3637,0,hard_ground_18
24.623,3931,0,3635,0,hard_ground_18
24.628,3928,0,3623,0,hard_ground_18
24.631,3917,0,3602,0,hard_ground_18
24.635,3916,0,3645,0,hard_ground_18
24.641,3937,0,3663,0,hard_ground_18
24.648,3947,0,3663,0,hard_ground_18
24.65,3935,0,3672,0,hard_ground_18
24.655,3924,0,3648,0,hard_ground_18
24.662,3880,0,3644,0,hard_ground_18
24.668,3824,0,3628,0,hard_ground_18
24.669,3809,0,3636,0,hard_ground_18
24.676,3793,0,3644,0,hard_ground_18
24.683,3803,0,3646,0,hard_ground_18
24.685,3830,0,3647,0,hard_ground_18
24.693,3856,0,3642,0,hard_ground_18
24.697,3873,0,3630,0,hard_ground_18
24.701,3886,0,3635,0,hard_ground_18
24.704,3905,0,3636,0,hard_ground_18
24.711,3936,0,3625,0,hard_ground_18
24.717,3954,0,3610,0,hard_ground_18
24.72,3966,0,3614,0,hard_ground_18
24.725,3978,0,3608,0,hard_ground_18
24.732,3972,0,3598,0,hard_ground_18
24.739,3978,0,3582,0,hard_ground_18
24.739,3981,0,3594,0,hard_ground_18
24.747,3982,0,3593,0,hard_ground_18
24.752,3968,0,3614,0,hard_ground_18
24.755,3978,0,3628,0,hard_ground_18
24.764,3980,0,3620,0,hard_ground_18
24.767,3980,0,3641,0,hard_ground_18
24.774,3977,0,3651,0,hard_ground_18
24.774,3968,0,3658,0,hard_ground_18
24.784,3953,0,3647,0,hard_ground_18
24.787,3934,0,3653,0,hard_ground_18
24.794,3924,0,3641,0,hard_ground_18
24.794,3893,0,3641,0,hard_ground_18
24.802,3881,0,3650,0,hard_ground_18
24.808,3872,0,3651,0,hard_ground_18
24.808,3873,0,3658,0,hard_ground_18
24.816,3878,0,3654,0,hard_ground_18
24.822,3875,0,3640,0,hard_ground_18
24.829,3880,0,3638,0,hard_ground_18
24.833,3901,0,3625,0,hard_ground_18
24.836,3900,0,3604,0,hard_ground_18
24.843,3914,0,3608,0,hard_ground_18
24.843,3930,0,3593,0,hard_ground_18
24.85,3933,0,3590,0,hard_ground_18
24.856,3935,0,3590,0,hard_ground_18
24.864,3933,0,3585,0,hard_ground_18
24.867,3932,0,3582,0,hard_ground_18
24.873,3934,0,3567,0,hard_ground_18
24.877,3934,0,3531,0,hard_ground_18
24.883,3939,0,3540,0,hard_ground_18
24.885,3960,0,3566,0,hard_ground_18
24.891,3968,0,3573,0,hard_ground_18
24.898,3985,0,3582,0,hard_ground_18
24.903,3986,0,3584,0,hard_ground_18
24.905,3995,0,3585,0,hard_ground_18
24.912,3993,0,3585,0,hard_ground_18
24.918,3997,0,3596,0,hard_ground_18
24.919,3996,0,3607,0,hard_ground_18
24.926,3998,0,3623,0,hard_ground_18
24.933,3988,0,3621,0,hard_ground_18
24.934,3982,0,3638,0,hard_ground_18
24.94,3973,0,3635,0,hard_ground_18
24.946,3959,0,3651,0,hard_ground_18
24.953,3954,0,3650,0,hard_ground_18
24.954,3947,0,3656,0,hard_ground_18
24.962,3936,0,3676,0,hard_ground_18
24.968,3915,0,3646,0,hard_ground_18
24.973,3892,0,3652,0,hard_ground_18
24.974,3878,0,3647,0,hard_ground_18
24.981,3877,0,3626,0,hard_ground_18
24.988,3866,0,3603,0,hard_ground_18
24.989,3866,0,3591,0,hard_ground_18
24.995,3875,0,3606,0,hard_ground_18
25.002,3883,0,3638,0,hard_ground_18
25.008,3906,0,3667,0,hard_ground_18
25.013,3941,0,3668,0,hard_ground_18
25.016,3948,0,3664,0,hard_ground_18
25.023,3928,0,3571,0,hard_ground_18
25.024,3889,0,3479,0,hard_ground_18
25.032,3876,0,3361,0,hard_ground_18
25.038,3884,0,3496,0,hard_ground_18
25.04,3928,0,3541,0,hard_ground_18
25.048,3963,0,3647,0,hard_ground_18
25.053,3977,0,3733,0,hard_ground_18
25.058,3987,0,3740,0,hard_ground_18
25.059,3990,0,3757,0,hard_ground_18
25.065,3985,0,3741,0,hard_ground_18
25.072,3987,0,3712,0,hard_ground_18
25.074,3980,0,3690,0,hard_ground_18
25.079,3965,0,3611,0,hard_ground_18
25.086,3959,0,3622,0,hard_ground_18
25.093,3957,0,3609,0,hard_ground_18
25.093,3953,0,3641,0,hard_ground_18
25.103,3957,0,3661,0,hard_ground_18
25.106,3966,0,3700,0,hard_ground_18
25.113,3964,0,3728,0,hard_ground_18
25.116,3963,0,3748,0,hard_ground_18
25.12,3965,0,3753,0,hard_ground_18
25.127,3969,0,3734,0,hard_ground_18
25.127,3971,0,3718,0,hard_ground_18
25.135,3958,0,3600,0,hard_ground_18
25.141,3930,0,3510,0,hard_ground_18
25.148,3873,0,3030,0,hard_ground_18
25.153,3823,0,2898,0,hard_ground_18
25.155,3840,0,3244,0,hard_ground_18
25.162,3890,0,3580,0,hard_ground_18
25.168,3928,0,3702,0,hard_ground_18
25.169,3950,0,3689,0,hard_ground_18
25.178,3957,0,3647,0,hard_ground_18
25.183,3946,0,3582,0,hard_ground_18
25.183,3923,0,3451,0,hard_ground_18
25.19,3889,0,3480,0,hard_ground_18
25.196,3876,0,3544,0,hard_ground_18
25.203,3905,0,3646,0,hard_ground_18
25.207,3950,0,3709,0,hard_ground_18
25.211,3969,0,3767,0,hard_ground_18
25.218,3982,0,3793,0,hard_ground_18
25.218,3989,0,3802,0,hard_ground_18
25.224,3992,0,3814,0,hard_ground_18
25.231,3992,0,3820,0,hard_ground_18
25.237,3993,0,3810,0,hard_ground_18
25.242,3990,0,3787,0,hard_ground_18
25.245,3991,0,3738,0,hard_ground_18
25.252,3986,0,3681,0,hard_ground_18
25.252,3978,0,3611,0,hard_ground_18
25.262,3969,0,3596,0,hard_ground_18
25.266,3957,0,3593,0,hard_ground_18
25.272,3960,0,3641,0,hard_ground_18
25.273,3972,0,3695,0,hard_ground_18
25.28,3980,0,3699,0,hard_ground_18
25.287,3974,0,3691,0,hard_ground_18
25.287,3979,0,3571,0,hard_ground_18
25.296,3965,0,3356,0,hard_ground_18
25.301,3952,0,3144,0,hard_ground_18
25.303,3948,0,3185,0,hard_ground_18
25.308,3953,0,3489,0,hard_ground_18
25.316,3968,0,3643,0,hard_ground_18
25.321,3977,0,3701,0,hard_ground_18
25.327,3983,0,3715,0,hard_ground_18
25.328,3987,0,3719,0,hard_ground_18
25.336,3974,0,3727,0,hard_ground_18
25.342,3971,0,3753,0,hard_ground_18
25.343,3978,0,3760,0,hard_ground_18
25.349,3987,0,3760,0,hard_ground_18
25.356,3991,0,3772,0,hard_ground_18
25.358,3992,0,3786,0,hard_ground_18
25.366,3987,0,3778,0,hard_ground_18
25.37,3983,0,3786,0,hard_ground_18
25.377,3977,0,3783,0,hard_ground_18
25.377,3976,0,3734,0,hard_ground_18
25.386,3979,0,3715,0,hard_ground_18
25.391,3978,0,3684,0,hard_ground_18
25.393,3968,0,3673,0,hard_ground_18
25.401,3962,0,3674,0,hard_ground_18
25.405,3951,0,3676,0,hard_ground_18
25.412,3950,0,3673,0,hard_ground_18
25.417,3952,0,3687,0,hard_ground_18
25.419,3963,0,3704,0,hard_ground_18
25.426,3973,0,3707,0,hard_ground_18
25.432,3975,0,3728,0,hard_ground_18
25.437,3962,0,3728,0,hard_ground_18
25.44,3958,0,3626,0,hard_ground_18
25.447,3933,0,3335,0,hard_ground_18
25.447,3905,0,2702,0,hard_ground_18
25.454,3875,0,2964,0,hard_ground_18
25.46,3894,0,3488,0,hard_ground_18
25.467,3946,0,3700,0,hard_ground_18
25.472,3986,0,3728,0,hard_ground_18
25.474,4011,0,3746,0,hard_ground_18
25.482,4017,0,3739,0,hard_ground_18
25.482,4026,0,3727,0,hard_ground_18
25.489,4019,0,3718,0,hard_ground_18
25.495,4009,0,3724,0,hard_ground_18
25.501,4000,0,3724,0,hard_ground_18
25.502,3988,0,3740,0,hard_ground_18
25.509,4002,0,3737,0,hard_ground_18
25.516,4004,0,3731,0,hard_ground_18
25.516,3997,0,3715,0,hard_ground_18
25.525,3966,0,3713,0,hard_ground_18
25.53,3951,0,3693,0,hard_ground_18
25.537,3932,0,3622,0,hard_ground_18
25.541,3929,0,3567,0,hard_ground_18
25.545,3945,0,3491,0,hard_ground_18
25.551,3926,0,3502,0,hard_ground_18
25.553,3908,0,3525,0,hard_ground_18
25.558,3878,0,3531,0,hard_ground_18
25.566,3821,0,3554,0,hard_ground_18
25.571,3638,0,3562,0,hard_ground_18
25.577,3545,0,3552,0,hard_ground_18
25.578,3556,0,3531,0,hard_ground_18
25.585,3467,0,3522,0,hard_ground_18
25.585,3449,0,3478,0,hard_ground_18
25.593,3358,0,3035,0,hard_ground_18
25.599,3352,0,2326,0,hard_ground_18
25.606,3497,0,0,0,hard_ground_18
25.611,3584,0,0,0,hard_ground_18
25.616,3610,0,1762,0,hard_ground_18
25.621,3305,0,1322,0,hard_ground_18
25.626,3116,0,0,0,hard_ground_18
25.627,2781,0,0,0,hard_ground_18
25.634,2785,0,0,0,hard_ground_18
25.641,3071,0,0,0,hard_ground_18
25.646,1713,0,0,0,hard_ground_18
25.648,0,0,0,0,hard_ground_18
25.655,0,2348,0,2761,hard_ground_18
25.662,0,2930,0,3408,hard_ground_18
25.662,0,3202,0,3659,hard_ground_18
25.668,0,3341,0,3713,hard_ground_18
25.676,0,3329,0,3707,hard_ground_18
25.681,0,3177,0,3708,hard_ground_18
25.682,0,2714,0,3670,hard_ground_18
25.69,0,2177,0,3670,hard_ground_18
25.697,0,1280,0,3693,hard_ground_18
25.697,0,1228,0,3702,hard_ground_18
25.706,0,1147,0,3677,hard_ground_18
25.71,0,672,0,3636,hard_ground_18
25.717,0,0,0,3615,hard_ground_18
25.717,0,1339,0,3578,hard_ground_18
25.724,0,1522,0,3619,hard_ground_18
25.731,0,1742,0,3439,hard_ground_18
25.736,0,1737,0,3151,hard_ground_18
25.738,0,1532,0,2684,hard_ground_18
25.745,0,1606,0,1404,hard_ground_18
25.751,0,1462,0,0,hard_ground_18
25.752,0,2174,0,0,hard_ground_18
25.759,601,2250,0,0,hard_ground_18
25.766,0,2407,0,0,hard_ground_18
25.771,0,2682,2394,0,hard_ground_18
25.773,0,1698,2909,0,hard_ground_18
25.78,0,0,2753,0,hard_ground_18
25.786,0,0,2612,0,hard_ground_18
25.787,2378,0,2503,0,hard_ground_18
25.794,3274,2329,2517,0,hard_ground_18
25.801,3646,2874,1608,0,hard_ground_18
25.801,3767,2597,2629,0,hard_ground_18
25.811,3762,0,2792,0,hard_ground_18
25.815,3658,0,3218,0,hard_ground_18
25.821,3553,0,3435,0,hard_ground_18
25.825,3605,0,3495,0,hard_ground_18
25.828,3785,2087,3441,0,hard_ground_18
25.835,3851,2651,3387,0,hard_ground_18
25.837,3878,1949,3015,0,hard_ground_18
25.842,3855,0,2993,0,hard_ground_18
25.851,3747,0,3307,0,hard_ground_18
25.856,3642,0,3465,0,hard_ground_18
25.857,3644,0,3492,0,hard_ground_18
25.863,3795,0,3506,0,hard_ground_18
25.871,3865,0,3469,0,hard_ground_18
25.876,3926,0,3579,0,hard_ground_18
25.878,3924,0,3685,0,hard_ground_18
25.884,3915,0,3789,0,hard_ground_18
25.891,3861,0,3832,0,hard_ground_18
25.891,3865,0,3850,0,hard_ground_18
25.901,3925,0,3845,0,hard_ground_18
25.905,3959,0,3833,0,hard_ground_18
25.911,3971,0,3847,0,hard_ground_18
25.912,3964,0,3856,0,hard_ground_18
25.919,3950,0,3885,0,hard_ground_18
25.926,3934,0,3923,0,hard_ground_18
25.931,3950,0,3909,0,hard_ground_18
25.933,3961,0,3902,0,hard_ground_18
25.94,3970,0,3892,0,hard_ground_18
25.946,3971,0,3887,0,hard_ground_18
25.947,3965,0,3885,0,hard_ground_18
25.956,3959,0,3889,0,hard_ground_18
25.96,3962,0,3878,0,hard_ground_18
25.964,3957,0,3862,0,hard_ground_18
25.97,3965,0,3874,0,hard_ground_18
25.975,3970,0,3881,0,hard_ground_18
25.981,3977,0,3892,0,hard_ground_18
25.985,3979,0,3903,0,hard_ground_18
25.989,3989,0,3905,0,hard_ground_18
25.996,4006,0,3907,0,hard_ground_18
25.998,4009,0,3889,0,hard_ground_18
26.002,4011,0,3879,0,hard_ground_18
26.009,4003,0,3874,0,hard_ground_18
26.015,3995,0,3848,0,hard_ground_18
26.017,3989,0,3859,0,hard_ground_18
26.023,3989,0,3847,0,hard_ground_18
26.03,4003,0,3869,0,hard_ground_18
26.032,4016,0,3864,0,hard_ground_18
26.04,4013,0,3884,0,hard_ground_18
26.044,4014,0,3893,0,hard_ground_18
26.051,4018,0,3914,0,hard_ground_18
26.051,4026,0,3926,0,hard_ground_18
26.058,4033,0,3928,0,hard_ground_18
26.064,4035,0,3928,0,hard_ground_18
26.066,4034,0,3925,0,hard_ground_18
26.075,4025,0,3906,0,hard_ground_18
26.079,4026,0,3904,0,hard_ground_18
26.086,4024,0,3893,0,hard_ground_18
26.086,4025,0,3869,0,hard_ground_18
26.093,4023,0,3866,0,hard_ground_18
26.099,4018,0,3863,0,hard_ground_18
26.101,4020,0,3857,0,hard_ground_18
26.106,4018,0,3862,0,hard_ground_18
26.113,4019,0,3866,0,hard_ground_18
26.12,4018,0,3880,0,hard_ground_18
26.12,4027,0,3889,0,hard_ground_18
26.128,4030,0,3896,0,hard_ground_18
26.134,4029,0,3899,0,hard_ground_18
26.136,4029,0,3900,0,hard_ground_18
26.141,4025,0,3905,0,hard_ground_18
26.148,4026,0,3900,0,hard_ground_18
26.155,4030,0,3901,0,hard_ground_18
26.156,4027,0,3895,0,hard_ground_18
26.162,4022,0,3891,0,hard_ground_18
26.169,4024,0,3896,0,hard_ground_18
26.175,4023,0,3899,0,hard_ground_18
26.176,4031,0,3905,0,hard_ground_18
26.182,4029,0,3894,0,hard_ground_18
26.19,4024,0,3892,0,hard_ground_18
26.191,4022,0,3893,0,hard_ground_18
26.199,4022,0,3906,0,hard_ground_18
26.204,4019,0,3897,0,hard_ground_18
26.211,4025,0,3902,0,hard_ground_18
26.211,4025,0,3916,0,hard_ground_18
26.218,4027,0,3905,0,hard_ground_18
26.224,4028,0,3910,0,hard_ground_18
26.226,4028,0,3903,0,hard_ground_18
26.231,4024,0,3904,0,hard_ground_18
26.239,4027,0,3899,0,hard_ground_18
26.245,4028,0,3890,0,hard_ground_18
26.245,4027,0,3894,0,hard_ground_18
26.252,4026,0,3889,0,hard_ground_18
26.259,4024,0,3899,0,hard_ground_18
26.261,4023,0,3907,0,hard_ground_18
26.266,4026,0,3879,0,hard_ground_18
26.273,4025,0,3872,0,hard_ground_18
26.28,4023,0,3879,0,hard_ground_18
26.28,4019,0,3897,0,hard_ground_18
26.289,4017,0,3889,0,hard_ground_18
26.293,4021,0,3900,0,hard_ground_18
26.297,4027,0,3900,0,hard_ground_18
26.301,4030,0,3902,0,hard_ground_18
26.308,4027,0,3908,0,hard_ground_18
26.315,4028,0,3906,0,hard_ground_18
26.317,4031,0,3912,0,hard_ground_18
26.322,4026,0,3909,0,hard_ground_18
26.329,4029,0,3919,0,hard_ground_18
26.335,4031,0,3901,0,hard_ground_18
26.335,4032,0,3888,0,hard_ground_18
26.342,4027,0,3863,0,hard_ground_18
26.349,4023,0,3843,0,hard_ground_18
26.351,4022,0,3808,0,hard_ground_18
26.356,4029,0,3781,0,hard_ground_18
26.364,4034,0,3817,0,hard_ground_18
26.37,4027,0,3720,0,hard_ground_18
26.371,4017,0,3755,2954,hard_ground_18
26.377,4024,0,3674,0,hard_ground_18
26.385,4019,0,3454,3893,hard_ground_18
26.386,4013,0,3551,2692,hard_ground_18
26.394,4013,0,2174,0,hard_ground_18
26.398,4018,0,0,0,hard_ground_18
26.405,4020,0,0,0,hard_ground_18
26.406,4020,0,0,0,hard_ground_18
26.412,4025,0,3177,0,hard_ground_18
26.419,4033,0,3522,0,hard_ground_18
26.424,4041,0,3535,0,hard_ground_18
26.426,4048,0,3480,0,hard_ground_18
26.433,4048,0,3333,0,hard_ground_18
26.439,4051,0,3602,3021,hard_ground_18
26.441,4051,0,3627,3612,hard_ground_18
26.447,4049,0,3398,3500,hard_ground_18
26.454,4047,0,2559,3517,hard_ground_18
26.46,4038,0,0,3729,hard_ground_18
26.461,4029,0,0,3701,hard_ground_18
26.467,4019,0,0,0,hard_ground_18
26.474,4005,0,0,0,hard_ground_18
26.474,4008,0,0,3898,hard_ground_18
26.483,4025,0,0,3949,hard_ground_18
26.488,4030,0,0,3975,hard_ground_18
26.495,4035,0,588,3959,hard_ground_18
26.495,4033,0,0,3818,hard_ground_18
26.502,4035,0,0,3795,hard_ground_18
26.509,4037,0,0,3885,hard_ground_18
26.51,4041,0,1957,3864,hard_ground_18
26.517,4036,0,2235,3723,hard_ground_18
26.523,4037,0,2381,3732,hard_ground_18
26.53,4040,0,2316,3786,hard_ground_18
26.53,4041,0,2521,3839,hard_ground_18
26.537,4039,0,2788,3736,hard_ground_18
26.544,4031,0,2994,3543,hard_ground_18
26.55,4027,0,2980,3319,hard_ground_18
26.55,4026,0,2877,3147,hard_ground_18
26.558,4028,0,2957,1926,hard_ground_18
26.565,4035,0,3291,0,hard_ground_18
26.565,4034,0,3513,0,hard_ground_18
26.574,4033,0,3589,0,hard_ground_18
26.579,4031,0,3641,0,hard_ground_18
26.582,4032,0,3629,0,hard_ground_18
26.59,4035,0,3560,0,hard_ground_18
26.592,4039,0,3556,0,hard_ground_18
26.6,4041,0,3595,0,hard_ground_18
26.6,4042,0,3647,0,hard_ground_18
26.606,4043,0,3744,0,hard_ground_18
26.613,4040,0,3760,0,hard_ground_18
26.618,4041,0,3772,0,hard_ground_18
26.62,4038,0,3734,0,hard_ground_18
26.627,4039,0,3646,0,hard_ground_18
26.634,4039,0,3607,0,hard_ground_18
26.634,4040,0,3573,0,hard_ground_18
26.642,4039,0,3646,0,hard_ground_18
26.648,4040,0,3678,0,hard_ground_18
26.65,4043,0,3637,0,hard_ground_18
26.655,4042,0,3582,0,hard_ground_18
26.662,4039,0,3522,0,hard_ground_18
26.668,4038,0,3455,0,hard_ground_18
26.67,4039,0,3399,0,hard_ground_18
26.676,4038,0,3361,0,hard_ground_18
26.683,4041,0,3388,0,hard_ground_18
26.689,4044,0,3425,0,hard_ground_18
26.69,4043,0,3445,0,hard_ground_18
26.697,4044,0,3453,0,hard_ground_18
26.703,4046,0,3407,0,hard_ground_18
26.705,4042,0,3300,0,hard_ground_18
26.711,4046,0,3221,0,hard_ground_18
26.718,4052,0,3128,0,hard_ground_18
26.724,4048,0,3215,0,hard_ground_18
26.724,4044,0,3528,0,hard_ground_18
26.732,4046,0,3554,2846,hard_ground_18
26.739,4047,0,3536,0,hard_ground_18
26.74,4047,0,3443,0,hard_ground_18
26.749,4042,0,2891,0,hard_ground_18
26.752,4041,0,2519,0,hard_ground_18
26.759,4040,0,2698,0,hard_ground_18
26.759,4036,0,3048,0,hard_ground_18
26.766,4037,0,3392,1810,hard_ground_18
26.773,4031,0,3482,2778,hard_ground_18
26.775,4033,0,3380,0,hard_ground_18
26.78,4030,0,2464,0,hard_ground_18
26.787,4030,0,0,0,hard_ground_18
26.794,4024,0,2527,0,hard_ground_18
26.795,4011,0,3266,0,hard_ground_18
26.801,4009,0,3512,2491,hard_ground_18
26.808,4012,0,3690,1281,hard_ground_18
26.813,4019,0,3641,870,hard_ground_18
26.818,4022,0,3566,0,hard_ground_18
26.822,4018,0,3442,0,hard_ground_18
26.828,3993,0,3499,0,hard_ground_18
26.83,3954,0,3566,548,hard_ground_18
26.835,3874,0,3518,3178,hard_ground_18
26.842,3770,0,3334,3343,hard_ground_18
26.849,3575,0,2702,3348,hard_ground_18
26.85,3364,0,1961,3300,hard_ground_18
26.856,2962,0,918,3243,hard_ground_18
26.863,2363,0,1975,3320,hard_ground_18
26.864,2292,0,2576,3469,hard_ground_18
26.872,2396,0,2839,3560,hard_ground_18
26.877,2963,0,3325,3727,hard_ground_18
26.884,3298,0,3411,3827,hard_ground_18
26.889,3006,0,3409,3853,hard_ground_18
26.891,2193,0,3231,3867,hard_ground_18
26.898,0,0,2193,3832,hard_ground_18
26.9,0,0,0,3783,hard_ground_18
26.905,0,0,0,3685,hard_ground_18
26.912,0,0,0,3789,hard_ground_18
26.919,0,0,0,3824,hard_ground_18
26.919,0,0,0,3862,hard_ground_18
26.926,0,0,0,3843,hard_ground_18
26.932,0,2331,0,3801,hard_ground_18
26.934,0,2464,0,3820,hard_ground_18
26.94,0,2352,0,3832,hard_ground_18
26.947,0,2396,0,3833,hard_ground_18
26.953,0,2557,0,3820,hard_ground_18
26.954,0,2900,0,3806,hard_ground_18
26.96,0,3184,0,3854,hard_ground_18
26.967,0,3220,0,3886,hard_ground_18
26.974,0,3229,0,3895,hard_ground_18
26.974,0,3191,0,3887,hard_ground_18
26.981,0,3250,0,3861,hard_ground_18
26.988,0,3421,0,3835,hard_ground_18
26.989,0,3498,0,3840,hard_ground_18
26.995,0,3553,0,3867,hard_ground_18
27.002,0,3557,0,3884,hard_ground_18
27.008,0,3602,0,3858,hard_ground_18
27.009,0,3564,0,3834,hard_ground_18
27.019,0,3542,0,3732,hard_ground_18
27.023,0,3552,0,3649,hard_ground_18
27.024,0,3499,0,3685,hard_ground_18
27.03,0,3500,0,3806,hard_ground_18
27.037,0,3605,0,3841,hard_ground_18
27.043,0,3647,0,3858,hard_ground_18
27.044,0,3674,0,3866,hard_ground_18
27.051,0,3630,0,3848,hard_ground_18
27.058,0,3573,0,3800,hard_ground_18
27.059,0,3384,0,3816,hard_ground_18
27.067,0,3354,0,3851,hard_ground_18
27.071,0,3591,0,3887,hard_ground_18
27.079,0,3652,0,3918,hard_ground_18
27.084,0,3736,0,3917,hard_ground_18
27.086,0,3752,0,3925,hard_ground_18
27.092,0,3744,0,3929,hard_ground_18
27.094,0,3674,0,3919,hard_ground_18
27.099,0,3559,0,3913,hard_ground_18
27.106,0,3504,0,3883,hard_ground_18
27.113,0,3456,0,3829,hard_ground_18
27.113,0,3307,0,3824,hard_ground_18
27.12,0,3294,0,3831,hard_ground_18
27.127,0,3276,0,3852,hard_ground_18
27.129,0,3290,0,3872,hard_ground_18
27.134,0,3426,0,3882,hard_ground_18
27.141,0,3476,0,3895,hard_ground_18
27.147,0,3516,0,3897,hard_ground_18
27.149,0,3568,0,3912,hard_ground_18
27.155,0,3603,0,3941,hard_ground_18
27.162,0,3597,0,3953,hard_ground_18
27.168,0,3527,0,3960,hard_ground_18
27.169,0,3440,0,3957,hard_ground_18
27.175,0,3345,0,3922,hard_ground_18
27.183,0,3287,0,3930,hard_ground_18
27.184,0,3525,0,3940,hard_ground_18
27.192,0,3591,0,3953,hard_ground_18
27.196,0,3572,0,3954,hard_ground_18
27.203,0,3598,0,3926,hard_ground_18
27.204,0,3607,0,3889,hard_ground_18
27.21,0,3617,0,3868,hard_ground_18
27.217,0,3664,0,3923,hard_ground_18
27.219,0,3727,0,3955,hard_ground_18
27.224,0,3791,0,3978,hard_ground_18
27.231,0,3810,0,3988,hard_ground_18
27.238,0,3819,0,3987,hard_ground_18
27.238,0,3761,0,3986,hard_ground_18
27.245,0,3618,0,3984,hard_ground_18
27.252,0,3314,0,3963,hard_ground_18
27.254,0,1506,0,3909,hard_ground_18
27.262,0,0,0,3811,hard_ground_18
27.266,0,0,0,3714,hard_ground_18
27.273,0,0,0,3725,hard_ground_18
27.273,0,2945,0,3787,hard_ground_18
27.28,0,3403,0,3829,hard_ground_18
27.286,0,3630,0,3911,hard_ground_18
27.289,0,3731,0,3921,hard_ground_18
27.297,0,3782,0,3928,hard_ground_18
27.301,0,3795,0,3926,hard_ground_18
27.308,0,3781,0,3924,hard_ground_18
27.308,0,3756,0,3922,hard_ground_18
27.315,0,3721,0,3912,hard_ground_18
27.321,0,3709,0,3903,hard_ground_18
27.324,0,3711,0,3887,hard_ground_18
27.328,0,3720,0,3876,hard_ground_18
27.335,0,3729,0,3867,hard_ground_18
27.342,0,3763,0,3874,hard_ground_18
27.344,0,3769,0,3915,hard_ground_18
27.349,0,3769,0,3921,hard_ground_18
27.356,0,3800,0,3937,hard_ground_18
27.362,0,3815,0,3965,hard_ground_18
27.363,0,3809,0,3968,hard_ground_18
27.37,0,3813,0,3956,hard_ground_18
27.377,0,3808,0,3957,hard_ground_18
27.379,0,3791,0,3946,hard_ground_18
27.384,0,3770,0,3930,hard_ground_18
27.392,0,3694,0,3939,hard_ground_18
27.398,0,3564,0,3930,hard_ground_18
27.399,0,3346,0,3924,hard_ground_18
27.405,0,3238,0,3925,hard_ground_18
27.412,0,3358,0,3930,hard_ground_18
27.418,0,3578,0,3938,hard_ground_18
27.419,0,3704,0,3959,hard_ground_18
27.426,0,3784,0,3986,hard_ground_18
27.432,0,3811,0,3994,hard_ground_18
27.433,0,3824,0,3999,hard_ground_18
27.439,0,3815,0,3993,hard_ground_18
27.446,0,3769,0,3979,hard_ground_18
27.453,0,3713,0,3954,hard_ground_18
27.454,0,3626,0,3920,hard_ground_18
27.46,0,3574,0,3900,hard_ground_18
27.467,0,3595,0,3896,hard_ground_18
27.468,0,3663,0,3906,hard_ground_18
27.477,0,3739,0,3917,hard_ground_18
27.481,0,3779,0,3925,hard_ground_18
27.488,0,3802,0,3945,hard_ground_18
27.488,0,3829,0,3969,hard_ground_18
27.496,0,3833,0,3973,hard_ground_18
27.502,0,3818,0,3976,hard_ground_18
27.504,0,3802,0,3980,hard_ground_18
27.509,0,3752,0,3964,hard_ground_18
27.516,0,3658,0,3952,hard_ground_18
27.523,0,3577,0,3942,hard_ground_18
27.523,0,3585,0,3945,hard_ground_18
27.53,0,3680,0,3963,hard_ground_18
27.536,0,3760,0,3970,hard_ground_18
27.542,0,3817,0,3981,hard_ground_18
27.543,0,3836,0,3993,hard_ground_18
27.551,0,3843,0,3992,hard_ground_18
27.558,0,3834,0,3976,hard_ground_18
27.558,0,3807,0,3962,hard_ground_18
27.565,0,3733,0,3934,hard_ground_18
27.571,0,3658,0,3917,hard_ground_18
27.578,0,3578,0,3897,hard_ground_18
27.582,0,3521,0,3898,hard_ground_18
27.586,0,3600,0,3915,hard_ground_18
27.592,0,3709,0,3929,hard_ground_18
27.593,0,3761,0,3958,hard_ground_18
27.601,0,3807,0,3973,hard_ground_18
27.607,0,3823,0,3981,hard_ground_18
27.612,0,3816,0,3985,hard_ground_18
27.617,0,3798,0,3985,hard_ground_18
27.621,0,3755,0,3984,hard_ground_18
27.627,0,3723,0,3983,hard_ground_18
27.628,0,3705,0,3977,hard_ground_18
27.634,0,3706,0,3976,hard_ground_18
27.641,0,3727,0,3978,hard_ground_18
27.647,0,3757,0,3978,hard_ground_18
27.648,0,3772,0,3982,hard_ground_18
27.655,0,3781,0,3976,hard_ground_18
27.662,0,3778,0,3980,hard_ground_18
27.663,0,3781,0,3966,hard_ground_18
27.672,0,3778,0,3969,hard_ground_18
27.675,0,3795,0,3966,hard_ground_18
27.682,0,3807,0,3967,hard_ground_18
27.683,0,3810,0,3965,hard_ground_18
27.69,0,3797,0,3967,hard_ground_18
27.696,0,3802,0,3964,hard_ground_18
27.698,0,3780,0,3959,hard_ground_18
27.707,0,3758,0,3945,hard_ground_18
27.71,0,3737,0,3933,hard_ground_18
27.715,0,3702,0,3936,hard_ground_18
27.72,0,3688,0,3945,hard_ground_18
27.725,0,3720,0,3949,hard_ground_18
27.731,0,3760,0,3963,hard_ground_18
27.737,0,3807,0,3977,hard_ground_18
27.742,0,3830,0,3986,hard_ground_18
27.745,0,3840,0,3984,hard_ground_18
27.752,0,3824,0,3991,hard_ground_18
27.752,0,3796,0,3976,hard_ground_18
27.759,0,3754,0,3967,hard_ground_18
27.765,0,3699,0,3951,hard_ground_18
27.772,0,3630,0,3932,hard_ground_18
27.773,0,3596,0,3939,hard_ground_18
27.78,0,3628,0,3954,hard_ground_18
27.786,0,3707,0,3964,hard_ground_18
27.792,0,3767,0,3982,hard_ground_18
27.794,0,3796,0,3989,hard_ground_18
27.801,0,3821,0,3996,hard_ground_18
27.807,0,3816,0,3999,hard_ground_18
27.808,0,3804,0,3993,hard_ground_18
27.814,0,3778,0,3998,hard_ground_18
27.821,0,3749,0,3993,hard_ground_18
27.827,0,3727,0,3985,hard_ground_18
27.828,0,3715,0,3982,hard_ground_18
27.835,0,3723,0,3972,hard_ground_18
27.842,0,3736,0,3969,hard_ground_18
27.842,0,3766,0,3971,hard_ground_18
27.85,0,3818,0,3974,hard_ground_18
27.856,0,3831,0,3973,hard_ground_18
27.86,0,3848,0,3970,hard_ground_18
27.863,0,3839,0,3966,hard_ground_18
27.87,0,3829,0,3957,hard_ground_18
27.877,0,3792,0,3937,hard_ground_18
27.882,0,3748,0,3926,hard_ground_18
27.884,0,3710,0,3925,hard_ground_18
27.891,0,3694,0,3920,hard_ground_18
27.897,0,3709,0,3933,hard_ground_18
27.898,0,3747,0,3960,hard_ground_18
27.905,0,3782,0,3981,hard_ground_18
27.911,0,3807,0,3984,hard_ground_18
27.911,0,3815,0,3992,hard_ground_18
27.92,0,3805,0,3996,hard_ground_18
27.925,0,3797,0,3993,hard_ground_18
27.929,0,3752,0,3991,hard_ground_18
27.932,0,3735,0,3992,hard_ground_18
27.941,0,3740,0,3989,hard_ground_18
27.946,0,3752,0,3991,hard_ground_18
27.946,0,3764,0,3988,hard_ground_18
27.953,0,3775,0,3988,hard_ground_18
27.96,0,3776,0,3987,hard_ground_18
27.966,0,3778,0,3987,hard_ground_18
27.967,0,3767,0,3979,hard_ground_18
27.974,0,3754,0,3972,hard_ground_18
27.982,0,3738,0,3971,hard_ground_18
27.986,0,3748,0,3969,hard_ground_18
27.988,0,3757,0,3978,hard_ground_18
27.995,0,3781,0,3984,hard_ground_18
28.001,0,3809,0,3990,hard_ground_18
28.005,0,3820,0,3988,hard_ground_18
28.009,0,3828,0,3993,hard_ground_18
28.016,0,3827,0,3991,hard_ground_18
28.02,0,3807,0,3989,hard_ground_18
28.023,0,3795,0,3971,hard_ground_18
28.03,0,3772,0,3962,hard_ground_18
28.036,0,3764,0,3945,hard_ground_18
28.041,0,3759,0,3951,hard_ground_18
28.044,0,3776,0,3952,hard_ground_18
28.051,0,3781,0,3964,hard_ground_18
28.051,0,3790,0,3973,hard_ground_18
28.058,0,3799,0,3983,hard_ground_18
28.064,0,3804,0,3989,hard_ground_18
28.071,0,3794,0,3996,hard_ground_18
28.075,0,3757,0,3994,hard_ground_18
28.078,0,3711,0,3994,hard_ground_18
28.085,0,3639,0,3998,hard_ground_18
28.091,0,3578,0,3996,hard_ground_18
28.092,0,3598,0,3994,hard_ground_18
28.099,0,3643,0,3997,hard_ground_18
28.106,0,3689,0,3999,hard_ground_18
28.108,0,3743,0,3998,hard_ground_18
28.113,0,3778,0,4002,hard_ground_18
28.121,0,3795,0,3999,hard_ground_18
28.126,0,3801,0,4000,hard_ground_18
28.127,0,3790,0,3998,hard_ground_18
28.134,0,3788,0,3985,hard_ground_18
28.14,0,3761,0,3976,hard_ground_18
28.146,0,3744,0,3967,hard_ground_18
28.148,0,3762,0,3959,hard_ground_18
28.155,0,3761,0,3949,hard_ground_18
28.161,0,3783,0,3939,hard_ground_18
28.166,0,3794,0,3938,hard_ground_18
28.169,0,3791,0,3951,hard_ground_18
28.175,0,3789,0,3959,hard_ground_18
28.177,0,3803,0,3966,hard_ground_18
28.185,0,3797,0,3968,hard_ground_18
28.189,0,3805,0,3978,hard_ground_18
28.195,0,3806,0,3982,hard_ground_18
28.197,0,3796,0,3987,hard_ground_18
28.203,0,3766,0,3987,hard_ground_18
28.21,0,3713,0,3977,hard_ground_18
28.212,0,3675,0,3952,hard_ground_18
28.221,0,3627,0,3941,hard_ground_18
28.224,0,3635,0,3938,hard_ground_18
28.231,0,3700,0,3948,hard_ground_18
28.236,0,3743,0,3969,hard_ground_18
28.238,0,3767,0,3979,hard_ground_18
28.245,0,3774,0,3988,hard_ground_18
28.251,0,3778,0,3985,hard_ground_18
28.252,0,3765,0,3989,hard_ground_18
28.259,0,3758,0,3985,hard_ground_18
28.266,0,3771,0,3993,hard_ground_18
28.266,0,3790,0,3995,hard_ground_18
28.273,0,3820,0,3999,hard_ground_18
28.281,0,3832,0,3999,hard_ground_18
28.281,0,3850,0,3999,hard_ground_18
28.289,0,3830,0,3996,hard_ground_18
28.293,0,3804,0,3995,hard_ground_18
28.3,0,3776,0,3991,hard_ground_18
28.306,0,3764,0,3975,hard_ground_18
28.307,0,3743,0,3970,hard_ground_18
28.314,0,3749,0,3959,hard_ground_18
28.321,0,3735,0,3974,hard_ground_18
28.321,0,3682,0,3973,hard_ground_18
28.328,0,3670,0,3960,hard_ground_18
28.335,0,3644,0,3958,hard_ground_18
28.341,0,3659,0,3956,hard_ground_18
28.342,0,3724,0,3968,hard_ground_18
28.349,0,3765,0,3974,hard_ground_18
28.355,0,3792,0,3991,hard_ground_18
28.356,0,3795,0,3991,hard_ground_18
28.363,0,3772,0,3983,hard_ground_18
28.37,0,3713,0,3960,hard_ground_18
28.375,0,3691,0,3945,hard_ground_18
28.377,0,3720,0,3968,hard_ground_18
28.384,0,3752,0,3986,hard_ground_18
28.39,0,3814,0,4006,hard_ground_18
28.391,0,3853,0,4003,hard_ground_18
28.4,0,3874,0,4008,hard_ground_18
28.405,0,3885,0,4004,hard_ground_18
28.407,0,3868,0,4004,hard_ground_18
28.415,0,3848,0,3997,hard_ground_18
28.42,0,3833,0,3994,hard_ground_18
28.426,0,3805,0,3987,hard_ground_18
28.426,0,3800,0,3969,hard_ground_18
28.436,0,3803,0,3952,hard_ground_18
28.439,0,3789,0,3959,hard_ground_18
28.441,0,3766,0,3969,hard_ground_18
28.446,0,3755,0,3980,hard_ground_18
28.453,0,3769,0,3979,hard_ground_18
28.46,0,3784,0,3981,hard_ground_18
28.465,0,3810,0,3974,hard_ground_18
28.467,0,3796,0,3972,hard_ground_18
28.475,0,3740,0,3971,hard_ground_18
28.48,0,3631,0,3953,hard_ground_18
28.481,0,3515,0,3938,hard_ground_18
28.488,0,3470,0,3921,hard_ground_18
28.495,0,3514,0,3916,hard_ground_18
28.5,0,3607,0,3925,hard_ground_18
28.502,0,3596,0,3957,hard_ground_18
28.509,0,3606,0,3972,hard_ground_18
28.515,0,3630,0,3978,hard_ground_18
28.52,0,3651,0,3976,hard_ground_18
28.522,0,3726,0,3975,hard_ground_18
28.53,0,3810,0,3990,hard_ground_18
28.531,0,3832,0,4002,hard_ground_18
28.54,0,3845,0,4011,hard_ground_18
28.544,0,3840,0,4013,hard_ground_18
28.55,0,3838,0,4012,hard_ground_18
28.551,0,3814,0,4009,hard_ground_18
28.557,0,3804,0,4003,hard_ground_18
28.564,0,3784,0,4003,hard_ground_18
28.57,0,3791,0,3998,hard_ground_18
28.574,0,3802,0,3999,hard_ground_18
28.578,0,3809,0,4001,hard_ground_18
28.585,0,3818,0,3992,hard_ground_18
28.586,0,3817,0,3979,hard_ground_18
28.592,0,3820,0,3985,hard_ground_18
28.599,0,3811,0,3989,hard_ground_18
28.605,0,3807,0,3991,hard_ground_18
28.606,0,3814,0,3986,hard_ground_18
28.613,0,3806,0,3984,hard_ground_18
28.62,0,3809,0,3968,hard_ground_18
28.621,0,3739,0,3958,hard_ground_18
28.627,0,3671,0,3940,hard_ground_18
28.634,0,3617,0,3936,hard_ground_18
28.64,0,3609,0,3925,hard_ground_18
28.641,0,3691,0,3925,hard_ground_18
28.649,0,3745,0,3946,hard_ground_18
28.654,0,3750,0,3971,hard_ground_18
28.66,0,3746,0,3983,hard_ground_18
28.664,0,3746,0,3977,hard_ground_18
28.669,0,3708,0,3945,hard_ground_18
28.672,0,3601,0,3936,hard_ground_18
28.676,0,3383,0,3910,hard_ground_18
28.683,0,3403,0,3901,hard_ground_18
28.69,0,3446,0,3898,hard_ground_18
28.69,0,3567,0,3953,hard_ground_18
28.698,0,3685,0,3965,hard_ground_18
28.703,0,3763,0,3971,hard_ground_18
28.708,0,3767,1170,3970,hard_ground_18
28.711,0,3740,0,3946,hard_ground_18
28.717,0,3646,0,3876,hard_ground_18
28.724,0,3450,0,3828,hard_ground_18
28.73,0,3331,0,3776,hard_ground_18
28.734,0,3107,0,3812,hard_ground_18
28.738,0,3076,0,3860,hard_ground_18
28.745,0,3181,0,3878,hard_ground_18
28.745,0,3306,1021,3869,hard_ground_18
28.752,0,3182,1171,3866,hard_ground_18
28.759,0,2777,1111,3882,hard_ground_18
28.765,0,2429,1133,3851,hard_ground_18
28.766,0,1988,180,3809,hard_ground_18
28.775,0,0,0,3606,hard_ground_18
28.779,0,0,0,3430,hard_ground_18
28.78,0,0,951,2260,hard_ground_18
28.786,0,0,1238,1685,hard_ground_18
28.794,0,0,1576,0,hard_ground_18
28.799,0,0,2529,2221,hard_ground_18
28.801,0,0,2616,3419,hard_ground_18
28.807,0,0,2697,3533,hard_ground_18
28.814,0,0,2860,3616,hard_ground_18
28.814,0,0,2973,3430,hard_ground_18
28.821,0,0,2825,1134,hard_ground_18
28.828,0,0,2683,0,hard_ground_18
28.834,0,0,2296,0,hard_ground_18
28.835,0,0,1364,0,hard_ground_18
28.843,0,0,0,0,hard_ground_18
28.849,0,0,1592,0,hard_ground_18
28.849,0,0,2680,0,hard_ground_18
28.856,0,0,3014,0,hard_ground_18
28.863,2371,0,3202,0,hard_ground_18
28.869,2974,0,3452,0,hard_ground_18
28.87,3265,0,3488,0,hard_ground_18
28.877,3407,0,3535,0,hard_ground_18
28.883,3378,0,3501,0,hard_ground_18
28.889,3298,0,3414,0,hard_ground_18
28.891,3057,0,3239,0,hard_ground_18
28.898,1552,0,3196,0,hard_ground_18
28.904,0,0,3179,0,hard_ground_18
28.906,0,0,3214,0,hard_ground_18
28.911,0,0,3303,1618,hard_ground_18
28.918,319,0,3467,2596,hard_ground_18
28.921,569,0,3505,3179,hard_ground_18
28.929,2523,0,3456,3242,hard_ground_18
28.932,0,0,3383,2732,hard_ground_18
28.939,0,0,3292,0,hard_ground_18
28.939,0,0,3260,0,hard_ground_18
28.947,0,0,3149,0,hard_ground_18
28.953,0,0,2919,1826,hard_ground_18
28.955,0,0,2774,2764,hard_ground_18
28.963,0,0,2715,3254,hard_ground_18
28.967,0,1191,2536,3639,hard_ground_18
28.974,0,1795,1865,3805,hard_ground_18
28.979,0,2501,1518,3908,hard_ground_18
28.981,0,2841,0,3944,hard_ground_18
28.988,0,3105,0,3943,hard_ground_18
28.994,0,3253,0,3921,hard_ground_18
28.999,0,3376,0,3911,hard_ground_18
29.002,0,3441,0,3919,hard_ground_18
29.009,0,3518,0,3965,hard_ground_18
29.009,0,3620,0,3992,hard_ground_18
29.016,0,3696,0,3996,hard_ground_18
29.023,0,3746,0,3998,hard_ground_18
29.029,0,3753,0,3978,hard_ground_18
29.033,0,3719,0,3954,hard_ground_18
29.036,0,3635,0,3989,hard_ground_18
29.044,0,3618,0,4002,hard_ground_18
29.044,0,3648,0,3989,hard_ground_18
29.05,0,3679,0,3991,hard_ground_18
29.057,0,3710,0,3989,hard_ground_18
29.063,0,3709,0,3986,hard_ground_18
29.069,0,3678,0,3999,hard_ground_18
29.071,0,3692,0,4005,hard_ground_18
29.078,0,3754,0,4004,hard_ground_18
29.078,0,3797,0,4006,hard_ground_18
29.085,0,3823,0,3989,hard_ground_18
29.092,0,3849,0,3994,hard_ground_18
29.099,0,3826,0,3992,hard_ground_18
29.103,0,3792,0,4003,hard_ground_18
29.106,0,3765,0,4005,hard_ground_18
29.113,0,3771,0,4007,hard_ground_18
29.113,0,3798,0,4007,hard_ground_18
29.124,0,3800,0,3999,hard_ground_18
29.127,0,3788,0,4007,hard_ground_18
29.134,0,3776,0,4009,hard_ground_18
29.138,0,3791,0,3994,hard_ground_18
29.144,0,3813,0,3989,hard_ground_18
29.147,0,3820,0,3993,hard_ground_18
29.154,0,3808,0,3998,hard_ground_18
29.155,0,3787,0,4009,hard_ground_18
29.163,0,3807,0,4009,hard_ground_18
29.168,0,3846,0,4016,hard_ground_18
29.174,0,3856,0,4016,hard_ground_18
29.176,0,3871,0,4019,hard_ground_18
29.184,0,3872,0,4022,hard_ground_18
29.189,0,3866,0,4011,hard_ground_18
29.19,0,3854,0,4031,hard_ground_18
29.196,0,3828,0,4020,hard_ground_18
29.203,0,3855,0,4028,hard_ground_18
29.208,0,3865,0,4020,hard_ground_18
29.21,0,3862,0,4028,hard_ground_18
29.217,0,3851,0,4031,hard_ground_18
29.224,0,3815,0,4034,hard_ground_18
29.224,0,3801,0,4036,hard_ground_18
29.231,0,3793,0,4036,hard_ground_18
29.238,0,3780,0,4033,hard_ground_18
29.243,0,3762,0,4042,hard_ground_18
29.248,0,3754,0,4037,hard_ground_18
29.253,0,3804,0,4041,hard_ground_18
29.258,0,3813,0,4047,hard_ground_18
29.259,0,3823,0,4043,hard_ground_18
29.267,0,3832,0,4040,hard_ground_18
29.272,0,3827,0,4045,hard_ground_18
29.278,0,3798,0,4046,hard_ground_18
29.279,0,3802,0,4053,hard_ground_18
29.287,0,3803,0,4048,hard_ground_18
29.293,0,3809,0,4045,hard_ground_18
29.298,0,3835,0,4043,hard_ground_18
29.302,0,3850,0,4046,hard_ground_18
29.309,0,3842,0,4048,hard_ground_18
29.314,0,3828,0,4042,hard_ground_18
29.317,0,3836,0,4047,hard_ground_18
29.324,0,3829,0,4048,hard_ground_18
29.329,0,3824,0,4048,hard_ground_18
29.331,0,3838,0,4041,hard_ground_18
29.335,0,3837,0,4045,hard_ground_18
29.343,0,3844,0,4032,hard_ground_18
29.343,0,3818,0,4035,hard_ground_18
29.349,0,3808,0,4033,hard_ground_18
29.356,0,3727,0,4036,hard_ground_18
29.363,0,3744,0,4034,hard_ground_18
29.369,0,3754,0,4038,hard_ground_18
29.374,0,3771,0,4039,hard_ground_18
29.376,0,3771,0,4029,hard_ground_18
29.383,0,3803,0,4039,hard_ground_18
29.385,0,3804,0,4041,hard_ground_18
29.392,0,3820,0,4034,hard_ground_18
29.397,0,3802,0,4039,hard_ground_18
29.403,0,3807,0,4046,hard_ground_18
29.404,0,3809,0,4043,hard_ground_18
29.413,0,3828,0,4041,hard_ground_18
29.418,0,3810,0,4046,hard_ground_18
29.419,0,3773,0,4044,hard_ground_18
29.425,0,3771,0,4045,hard_ground_18
29.433,0,3774,0,4047,hard_ground_18
29.434,0,3807,0,4046,hard_ground_18
29.439,0,3830,0,4042,hard_ground_18
29.446,0,3840,0,4042,hard_ground_18
29.452,0,3829,0,4045,hard_ground_18
29.458,0,3823,0,4048,hard_ground_18
29.46,0,3817,0,4048,hard_ground_18
29.467,0,3824,0,4028,hard_ground_18
29.473,0,3847,0,4050,hard_ground_18
29.474,0,3868,0,4050,hard_ground_18
29.481,0,3877,0,4052,hard_ground_18
29.488,0,3856,0,4048,hard_ground_18
29.488,0,3816,0,4051,hard_ground_18
29.496,0,3801,0,4046,hard_ground_18
29.501,0,3762,0,4046,hard_ground_18
29.508,0,3758,0,4037,hard_ground_18
29.509,0,3715,0,4032,hard_ground_18
29.517,0,3655,0,4027,hard_ground_18
29.522,0,3636,0,4025,hard_ground_18
29.524,0,3624,0,4031,hard_ground_18
29.529,0,3636,0,4035,hard_ground_18
29.537,0,3717,0,4042,hard_ground_18
29.543,0,3767,0,4056,hard_ground_18
29.544,0,3812,0,4049,hard_ground_18
29.55,0,3835,0,4052,hard_ground_18
29.557,0,3861,0,4050,hard_ground_18
29.557,0,3876,0,4052,hard_ground_18
29.565,0,3849,0,4050,hard_ground_18
29.571,0,3822,0,4043,hard_ground_18
29.578,0,3794,0,4037,hard_ground_18
29.582,0,3777,0,4033,hard_ground_18
29.585,0,3761,0,4034,hard_ground_18
29.591,0,3761,0,4028,hard_ground_18
29.598,3840,3783,0,4041,hard_ground_18
29.599,0,3827,0,4052,hard_ground_18
29.606,0,3826,0,4036,hard_ground_18
29.612,0,3807,0,4044,hard_ground_18
29.614,0,3657,0,4049,hard_ground_18
29.619,1057,3671,0,4040,hard_ground_18
29.627,0,3715,0,4026,hard_ground_18
29.633,2513,3408,0,4021,hard_ground_18
29.634,0,2502,0,4016,hard_ground_18
29.641,0,0,0,4006,hard_ground_18
29.648,0,0,0,4007,hard_ground_18
29.648,0,657,0,3996,hard_ground_18
29.656,0,1575,0,4001,hard_ground_18
29.661,0,1687,0,4013,hard_ground_18
29.668,0,2872,0,4017,hard_ground_18
29.668,3549,3267,0,4027,hard_ground_18
29.675,3849,3267,0,4039,hard_ground_18
29.683,3936,2163,0,4038,hard_ground_18
29.683,3949,0,0,4037,hard_ground_18
29.689,3907,0,0,4031,hard_ground_18
29.696,3834,0,0,4030,hard_ground_18
29.703,3826,0,0,4028,hard_ground_18
29.704,3835,0,0,4028,hard_ground_18
29.71,3881,0,0,4028,hard_ground_18
29.717,3831,0,0,4035,hard_ground_18
29.717,3461,0,0,4028,hard_ground_18
29.726,0,0,0,4029,hard_ground_18
29.731,0,0,0,4036,hard_ground_18
29.738,0,0,0,4039,hard_ground_18
29.742,0,0,0,4040,hard_ground_18
29.745,0,0,0,4037,hard_ground_18
29.751,0,1533,0,4040,hard_ground_18
29.757,0,2539,0,4034,hard_ground_18
29.758,0,2818,0,4034,hard_ground_18
29.766,0,2768,0,4033,hard_ground_18
29.772,0,2397,0,4029,hard_ground_18
29.773,0,1868,0,4028,hard_ground_18
29.779,0,1889,0,4027,hard_ground_18
29.787,0,2458,0,4029,hard_ground_18
29.793,0,3281,0,4033,hard_ground_18
29.797,0,3507,0,4037,hard_ground_18
29.802,0,3684,0,4032,hard_ground_18
29.807,0,3744,0,4038,hard_ground_18
29.808,0,3771,0,4033,hard_ground_18
29.816,0,3727,0,4038,hard_ground_18
29.821,0,3649,0,4032,hard_ground_18
29.827,0,3509,0,4029,hard_ground_18
29.828,0,3297,0,4024,hard_ground_18
29.836,0,3162,0,4018,hard_ground_18
29.842,0,3146,0,4013,hard_ground_18
29.846,0,3297,0,4010,hard_ground_18
29.849,0,3355,0,4015,hard_ground_18
29.855,0,3516,0,4014,hard_ground_18
29.862,0,3670,0,4019,hard_ground_18
29.863,0,3716,0,4022,hard_ground_18
29.87,0,3724,0,4028,hard_ground_18
29.876,0,3729,0,4032,hard_ground_18
29.878,0,3714,0,4033,hard_ground_18
29.883,0,3693,0,4027,hard_ground_18
29.891,0,3635,0,4024,hard_ground_18
29.897,0,3587,0,4021,hard_ground_18
29.898,0,3639,0,4016,hard_ground_18
29.905,0,3681,0,4010,hard_ground_18
29.911,0,3668,0,4016,hard_ground_18
29.913,0,3592,0,4019,hard_ground_18
29.921,0,3536,0,4021,hard_ground_18
29.925,0,3527,0,4020,hard_ground_18
29.932,0,3545,0,4019,hard_ground_18
29.932,0,3417,0,4020,hard_ground_18
29.939,0,3362,0,4018,hard_ground_18
29.946,0,3180,0,4015,hard_ground_18
29.946,0,2908,0,4012,hard_ground_18
29.953,0,2994,0,4009,hard_ground_18
29.96,0,3465,0,4007,hard_ground_18
29.967,0,3632,0,4003,hard_ground_18
29.971,0,3686,0,4015,hard_ground_18
29.974,0,3612,0,4006,hard_ground_18
29.98,0,3277,0,4014,hard_ground_18
29.987,0,0,0,3996,hard_ground_18
29.987,0,0,0,3979,hard_ground_18
29.996,0,0,0,3951,hard_ground_18
30.001,0,0,0,3940,hard_ground_18
30.004,0,0,0,3852,hard_ground_18
30.008,0,0,0,3677,hard_ground_18
30.015,0,0,0,3890,hard_ground_18
30.022,2794,0,0,3894,hard_ground_18
30.024,3356,2241,0,3935,hard_ground_18
30.029,3150,2537,0,3933,hard_ground_18
30.036,3439,3004,0,3913,hard_ground_18
30.036,3649,2309,0,3749,hard_ground_18
30.045,3313,2052,0,3089,hard_ground_18
30.05,1132,0,0,1761,hard_ground_18
30.057,0,0,0,0,hard_ground_18
30.061,0,0,0,0,hard_ground_18
30.067,0,0,0,0,hard_ground_18
30.07,0,0,0,0,hard_ground_18
30.07,3589,0,0,0,hard_ground_18
30.078,3608,0,0,0,hard_ground_18
30.084,3685,1150,0,0,hard_ground_18
30.092,3853,0,2002,0,hard_ground_18
30.092,3875,0,2301,0,hard_ground_18
30.099,3808,977,2060,0,hard_ground_18
30.106,3701,0,2049,0,hard_ground_18
30.106,3794,1337,2279,0,hard_ground_18
30.114,3748,1061,2702,0,hard_ground_18
30.119,3696,0,2769,0,hard_ground_18
30.127,3522,0,2974,0,hard_ground_18
30.127,3428,0,3189,0,hard_ground_18
30.135,2964,0,3298,0,hard_ground_18
30.14,2854,0,3354,0,hard_ground_18
30.147,3549,0,3373,0,hard_ground_18
30.147,3763,0,3299,0,hard_ground_18
30.154,3849,0,3059,0,hard_ground_18
30.161,3849,0,2796,0,hard_ground_18
30.166,3723,0,1728,0,hard_ground_18
30.168,3005,0,0,0,hard_ground_18
30.176,0,0,0,0,hard_ground_18
30.182,0,0,0,0,hard_ground_18
30.184,3323,0,0,0,hard_ground_18
30.189,3689,0,1330,0,hard_ground_18
30.196,3848,0,2905,0,hard_ground_18
30.2,3926,0,3287,0,hard_ground_18
30.203,3961,0,3559,0,hard_ground_18
30.209,3985,0,3605,0,hard_ground_18
30.217,3992,0,3616,0,hard_ground_18
30.217,3998,0,3597,0,hard_ground_18
30.224,3996,0,3597,0,hard_ground_18
30.23,3980,0,3563,0,hard_ground_18
30.232,3953,0,3240,0,hard_ground_18
30.237,3914,0,2522,0,hard_ground_18
30.245,3833,0,1924,0,hard_ground_18
30.251,3558,0,0,0,hard_ground_18
30.252,3178,0,0,0,hard_ground_18
30.258,3818,0,0,0,hard_ground_18
30.266,3926,0,2588,0,hard_ground_18
30.266,3977,0,3380,0,hard_ground_18
30.276,3968,0,3587,0,hard_ground_18
30.281,3958,0,3631,0,hard_ground_18
30.286,3941,0,3602,0,hard_ground_18
30.29,3913,0,3476,0,hard_ground_18
30.293,3852,0,2603,0,hard_ground_18
30.301,3696,0,1118,0,hard_ground_18
30.301,3117,0,0,0,hard_ground_18
30.308,1456,0,0,0,hard_ground_18
30.314,0,0,2200,0,hard_ground_18
30.321,2211,0,2573,0,hard_ground_18
30.324,3161,0,2927,0,hard_ground_18
30.331,3718,0,3373,0,hard_ground_18
30.335,3780,0,3502,0,hard_ground_18
30.341,3821,0,3585,0,hard_ground_18
30.342,3852,0,3647,0,hard_ground_18
30.349,3886,0,3679,0,hard_ground_18
30.355,3908,0,3601,0,hard_ground_18
30.361,3905,0,3443,0,hard_ground_18
30.363,3882,0,3201,0,hard_ground_18
30.37,3736,0,1831,0,hard_ground_18
30.376,3407,0,0,0,hard_ground_18
30.377,3663,0,1856,0,hard_ground_18
30.383,3765,0,3128,0,hard_ground_18
30.391,3872,0,3545,0,hard_ground_18
30.391,3905,0,3703,0,hard_ground_18
30.399,3927,0,3718,0,hard_ground_18
30.404,3953,0,3720,0,hard_ground_18
30.411,3984,0,3693,0,hard_ground_18
30.414,3986,0,3670,0,hard_ground_18
30.419,3988,0,3590,0,hard_ground_18
30.425,3953,0,3465,0,hard_ground_18
30.428,3871,0,3176,0,hard_ground_18
30.436,3589,0,2008,0,hard_ground_18
30.438,3280,0,0,0,hard_ground_18
30.446,2975,0,0,0,hard_ground_18
30.446,3116,0,0,0,hard_ground_18
30.453,3170,0,0,0,hard_ground_18
30.459,3557,0,2435,0,hard_ground_18
30.463,3742,0,3241,0,hard_ground_18
30.467,3840,0,3454,0,hard_ground_18
30.474,3853,0,3589,0,hard_ground_18
30.48,3878,0,3629,0,hard_ground_18
30.48,3894,0,3648,0,hard_ground_18
30.491,3912,0,3656,0,hard_ground_18
30.494,3915,0,3596,0,hard_ground_18
30.501,3894,0,3446,0,hard_ground_18
30.502,3843,0,3333,0,hard_ground_18
30.508,3751,0,3408,0,hard_ground_18
30.516,3721,0,3465,0,hard_ground_18
30.52,3741,0,3453,0,hard_ground_18
30.525,3832,0,3467,0,hard_ground_18
30.53,3858,0,3527,0,hard_ground_18
30.537,3885,0,3564,0,hard_ground_18
30.539,3881,0,3597,0,hard_ground_18
30.543,3893,0,3606,0,hard_ground_18
30.551,3912,0,3590,0,hard_ground_18
30.555,3907,0,3579,0,hard_ground_18
30.56,3909,0,3562,0,hard_ground_18
30.565,3871,0,3541,0,hard_ground_18
30.57,3833,0,3553,0,hard_ground_18
30.571,3732,0,3547,0,hard_ground_18
30.58,3717,0,3562,0,hard_ground_18
30.584,3721,0,3573,0,hard_ground_18
30.59,3720,0,3549,0,hard_ground_18
30.592,3713,0,3556,0,hard_ground_18
30.6,3731,0,3570,0,hard_ground_18
30.605,3773,0,3569,0,hard_ground_18
30.606,3838,0,3579,0,hard_ground_18
30.612,3890,0,3584,0,hard_ground_18
30.62,3912,0,3606,0,hard_ground_18
30.625,3920,0,3610,0,hard_ground_18
30.627,3924,0,3620,0,hard_ground_18
30.633,3921,0,3615,0,hard_ground_18
30.64,3922,0,3618,0,hard_ground_18
30.641,3926,0,3625,0,hard_ground_18
30.65,3922,0,3595,0,hard_ground_18
30.654,3920,0,3572,0,hard_ground_18
30.656,3912,0,3573,0,hard_ground_18
30.661,3903,0,3567,0,hard_ground_18
30.67,3897,0,3584,0,hard_ground_18
30.675,3897,0,3591,0,hard_ground_18
30.675,3905,0,3617,0,hard_ground_18
30.683,3903,0,3641,0,hard_ground_18
30.688,3896,0,3595,0,hard_ground_18
30.695,3903,0,3603,0,hard_ground_18
30.696,3903,0,3573,0,hard_ground_18
30.705,3910,0,3591,0,hard_ground_18
30.71,3914,0,3553,0,hard_ground_18
30.715,3922,0,3521,0,hard_ground_18
30.717,3930,0,3529,0,hard_ground_18
30.724,3935,0,3538,0,hard_ground_18
30.73,3935,0,3550,0,hard_ground_18
30.731,3927,0,3591,0,hard_ground_18
30.738,3912,0,3604,0,hard_ground_18
30.745,3903,0,3620,0,hard_ground_18
30.745,3894,0,3636,0,hard_ground_18
30.755,3863,0,3658,0,hard_ground_18
30.758,3810,0,3655,0,hard_ground_18
30.765,3799,0,3629,0,hard_ground_18
30.766,3797,0,3598,0,hard_ground_18
30.775,3765,0,3587,0,hard_ground_18
30.779,3727,0,3587,0,hard_ground_18
30.785,3723,0,3572,0,hard_ground_18
30.786,3797,0,3576,0,hard_ground_18
30.793,3851,0,3611,0,hard_ground_18
30.799,3893,0,3621,0,hard_ground_18
30.801,3902,0,3623,0,hard_ground_18
30.809,3929,0,3629,0,hard_ground_18
30.815,3940,0,3627,0,hard_ground_18
30.815,3948,0,3596,0,hard_ground_18
30.824,3955,0,3594,0,hard_ground_18
30.828,3960,0,3510,0,hard_ground_18
30.835,3967,0,3534,0,hard_ground_18
30.835,3968,0,3538,0,hard_ground_18
30.845,3973,0,3548,0,hard_ground_18
30.849,3954,0,3562,0,hard_ground_18
30.855,3967,0,3565,0,hard_ground_18
30.86,3962,0,3590,0,hard_ground_18
30.862,3935,0,3622,0,hard_ground_18
30.87,3926,0,3630,0,hard_ground_18
30.875,3916,0,3651,0,hard_ground_18
30.876,3901,0,3650,0,hard_ground_18
30.884,3901,0,3646,0,hard_ground_18
30.89,3892,0,3604,0,hard_ground_18
30.891,3878,0,3599,0,hard_ground_18
30.897,3851,0,3598,0,hard_ground_18
30.904,3830,0,3617,0,hard_ground_18
30.91,3825,0,3626,0,hard_ground_18
30.911,3870,0,3630,0,hard_ground_18
30.918,3882,0,3637,0,hard_ground_18
30.924,3889,0,3648,0,hard_ground_18
30.926,3902,0,3634,0,hard_ground_18
30.932,3901,0,3630,0,hard_ground_18
30.939,3899,0,3609,0,hard_ground_18
30.939,3909,0,3588,0,hard_ground_18
30.949,3918,0,3579,0,hard_ground_18
30.954,3936,0,3568,0,hard_ground_18
30.96,3944,0,3570,0,hard_ground_18
30.963,3947,0,3569,0,hard_ground_18
30.968,3954,0,3593,0,hard_ground_18
30.974,3964,0,3597,0,hard_ground_18
30.978,3964,0,3612,0,hard_ground_18
30.983,3971,0,3608,0,hard_ground_18
30.987,3971,0,3598,0,hard_ground_18
30.994,3956,0,3595,0,hard_ground_18
30.996,3960,0,3585,0,hard_ground_18
31.001,3961,0,3588,0,hard_ground_18
31.009,3963,0,3577,0,hard_ground_18
31.013,3974,0,3585,0,hard_ground_18
31.015,3965,0,3601,0,hard_ground_18
31.022,3967,0,3623,0,hard_ground_18
31.029,3973,0,3631,0,hard_ground_18
31.029,3968,0,3652,0,hard_ground_18
31.038,3952,0,3662,0,hard_ground_18
31.043,3930,0,3647,0,hard_ground_18
31.049,3906,0,3673,0,hard_ground_18
31.05,3882,0,3653,0,hard_ground_18
31.057,3846,0,3661,0,hard_ground_18
31.064,3807,0,3664,0,hard_ground_18
31.069,3793,0,3668,0,hard_ground_18
31.071,3832,0,3644,0,hard_ground_18
31.079,3856,0,3593,0,hard_ground_18
31.084,3873,0,3603,0,hard_ground_18
31.086,3881,0,3612,0,hard_ground_18
31.092,3901,0,3630,0,hard_ground_18
31.099,3922,0,3614,0,hard_ground_18
31.1,3932,0,3626,0,hard_ground_18
31.105,3957,0,3613,0,hard_ground_18
31.114,3968,0,3605,0,hard_ground_18
31.119,3971,0,3591,0,hard_ground_18
31.121,3966,0,3573,0,hard_ground_18
31.129,3972,0,3550,0,hard_ground_18
31.133,3971,0,3555,0,hard_ground_18
31.135,3971,0,3558,0,hard_ground_18
31.14,3970,0,3571,0,hard_ground_18
31.149,3970,0,3589,0,hard_ground_18
31.154,3971,0,3606,0,hard_ground_18
31.155,3972,0,3607,0,hard_ground_18
31.161,3974,0,3620,0,hard_ground_18
31.168,3978,0,3645,0,hard_ground_18
31.173,3968,0,3656,0,hard_ground_18
31.176,3970,0,3632,0,hard_ground_18
31.182,3964,0,3655,0,hard_ground_18
31.189,3944,0,3665,0,hard_ground_18
31.189,3946,0,3653,0,hard_ground_18
31.197,3947,0,3660,0,hard_ground_18
31.202,3935,0,3667,0,hard_ground_18
31.209,3924,0,3664,0,hard_ground_18
31.21,3905,0,3655,0,hard_ground_18
31.219,3910,0,3657,0,hard_ground_18
31.223,3895,0,3670,0,hard_ground_18
31.229,3893,0,3661,0,hard_ground_18
31.23,3891,0,3665,0,hard_ground_18
31.237,3883,0,3660,0,hard_ground_18
31.244,3892,0,3658,0,hard_ground_18
31.244,3902,0,3643,0,hard_ground_18
31.252,3911,0,3605,0,hard_ground_18
31.258,3920,0,3597,0,hard_ground_18
31.259,3923,0,3571,0,hard_ground_18
31.265,3934,0,3561,0,hard_ground_18
31.272,3946,0,3527,0,hard_ground_18
31.279,3969,0,3534,0,hard_ground_18
31.284,3984,0,3510,0,hard_ground_18
31.286,3981,0,3536,0,hard_ground_18
31.293,3997,0,3528,0,hard_ground_18
31.293,3990,0,3530,0,hard_ground_18
31.304,3993,0,3537,0,hard_ground_18
31.307,3994,0,3558,0,hard_ground_18
31.313,3996,0,3576,0,hard_ground_18
31.315,3993,0,3594,0,hard_ground_18
31.321,3988,0,3602,0,hard_ground_18
31.329,3985,0,3613,0,hard_ground_18
31.333,3975,0,3623,0,hard_ground_18
31.334,3960,0,3620,0,hard_ground_18
31.342,3948,0,3632,0,hard_ground_18
31.348,3935,0,3651,0,hard_ground_18
31.353,3934,0,3666,0,hard_ground_18
31.355,3913,0,3666,0,hard_ground_18
31.363,3909,0,3667,0,hard_ground_18
31.369,3910,0,3647,0,hard_ground_18
31.369,3907,0,3614,0,hard_ground_18
31.376,3899,0,3594,0,hard_ground_18
31.383,3894,0,3575,0,hard_ground_18
31.383,3901,0,3617,0,hard_ground_18
31.392,3903,0,3642,0,hard_ground_18
31.397,3903,0,3652,0,hard_ground_18
31.404,3915,0,3627,0,hard_ground_18
31.404,3925,0,3520,0,hard_ground_18
31.413,3918,0,3465,0,hard_ground_18
31.417,3914,0,3436,0,hard_ground_18
31.423,3908,0,3540,0,hard_ground_18
31.429,3922,0,3613,0,hard_ground_18
31.432,3965,0,3646,0,hard_ground_18
31.438,3986,0,3695,0,hard_ground_18
31.439,3990,0,3717,0,hard_ground_18
31.446,3988,0,3729,0,hard_ground_18
31.453,3978,0,3709,0,hard_ground_18
31.454,3967,0,3671,0,hard_ground_18
31.462,3971,0,3626,0,hard_ground_18
31.466,3971,0,3594,0,hard_ground_18
31.473,3969,0,3574,0,hard_ground_18
31.474,3966,0,3595,0,hard_ground_18
31.482,3966,0,3620,0,hard_ground_18
31.487,3964,0,3654,0,hard_ground_18
31.489,3966,0,3709,0,hard_ground_18
31.494,3971,0,3726,0,hard_ground_18
31.503,3979,0,3731,0,hard_ground_18
31.508,3978,0,3723,0,hard_ground_18
31.509,3955,0,3628,0,hard_ground_18
31.515,3919,0,3515,0,hard_ground_18
31.522,3878,0,3355,0,hard_ground_18
31.524,3892,0,3399,0,hard_ground_18
31.532,3914,0,3539,0,hard_ground_18
31.536,3936,0,3609,0,hard_ground_18
31.544,3937,0,3691,0,hard_ground_18
31.544,3939,0,3752,0,hard_ground_18
31.553,3930,0,3793,0,hard_ground_18
31.556,3946,0,3753,0,hard_ground_18
31.563,3943,0,3648,0,hard_ground_18
31.564,3930,0,3445,0,hard_ground_18
31.571,3894,0,2877,0,hard_ground_18
31.578,3789,0,2848,0,hard_ground_18
31.578,3786,0,3364,0,hard_ground_18
31.585,3878,0,3571,0,hard_ground_18
31.591,3927,0,3673,0,hard_ground_18
31.598,3979,0,3744,0,hard_ground_18
31.599,3998,0,3792,0,hard_ground_18
31.606,4005,0,3821,0,hard_ground_18
31.612,4008,0,3821,0,hard_ground_18
31.614,4006,0,3821,0,hard_ground_18
31.619,3997,0,3800,0,hard_ground_18
31.627,3993,0,3751,0,hard_ground_18
31.633,3989,0,3652,0,hard_ground_18
31.633,3982,0,3554,0,hard_ground_18
31.641,3969,0,3514,0,hard_ground_18
31.647,3962,0,3501,0,hard_ground_18
31.653,3957,0,3555,0,hard_ground_18
31.654,3969,0,3615,0,hard_ground_18
31.663,3973,0,3581,0,hard_ground_18
31.667,3971,0,3531,0,hard_ground_18
31.669,3958,0,3528,0,hard_ground_18
31.675,3947,0,3513,0,hard_ground_18
31.682,3959,0,3521,0,hard_ground_18
31.682,3981,0,3529,0,hard_ground_18
31.693,4003,0,3645,0,hard_ground_18
31.696,4004,0,3723,0,hard_ground_18
31.702,4004,0,3776,0,hard_ground_18
31.708,4004,0,3799,0,hard_ground_18
31.709,4001,0,3769,0,hard_ground_18
31.717,3988,0,3694,0,hard_ground_18
31.723,3950,0,3543,0,hard_ground_18
31.723,3893,0,3481,0,hard_ground_18
31.731,3861,0,3502,0,hard_ground_18
31.737,3893,0,3544,0,hard_ground_18
31.738,3961,0,3656,0,hard_ground_18
31.744,3996,0,3732,0,hard_ground_18
31.751,4005,0,3784,0,hard_ground_18
31.758,4008,0,3807,0,hard_ground_18
31.759,4008,0,3814,0,hard_ground_18
31.765,4005,0,3815,0,hard_ground_18
31.772,3996,0,3809,0,hard_ground_18
31.773,4004,0,3767,0,hard_ground_18
31.782,3994,0,3703,0,hard_ground_18
31.786,3984,0,3617,0,hard_ground_18
31.793,3978,0,3583,0,hard_ground_18
31.793,3949,0,3580,0,hard_ground_18
31.801,3937,0,3581,0,hard_ground_18
31.807,3932,0,3597,0,hard_ground_18
31.807,3937,0,3603,0,hard_ground_18
31.814,3933,0,3522,0,hard_ground_18
31.821,3920,0,3447,0,hard_ground_18
31.828,3911,0,3395,0,hard_ground_18
31.832,3912,0,3426,0,hard_ground_18
31.834,3953,0,3573,0,hard_ground_18
31.842,3973,0,3734,0,hard_ground_18
31.842,3993,0,3767,0,hard_ground_18
31.849,4001,0,3799,0,hard_ground_18
31.855,4003,0,3812,0,hard_ground_18
31.863,4015,0,3777,0,hard_ground_18
31.866,4005,0,3729,0,hard_ground_18
31.869,3984,0,3660,0,hard_ground_18
31.876,3961,0,3594,0,hard_ground_18
31.883,3966,0,3526,0,hard_ground_18
31.883,3980,0,3616,0,hard_ground_18
31.892,3994,0,3662,0,hard_ground_18
31.897,4001,0,3715,0,hard_ground_18
31.898,4003,0,3760,0,hard_ground_18
31.904,4006,0,3787,0,hard_ground_18
31.911,4005,0,3790,0,hard_ground_18
31.917,4003,0,3775,0,hard_ground_18
31.919,4005,0,3734,0,hard_ground_18
31.925,3999,0,3700,0,hard_ground_18
31.932,3990,0,3632,0,hard_ground_18
31.933,3973,0,3572,0,hard_ground_18
31.942,3977,0,3497,0,hard_ground_18
31.945,3958,0,3495,0,hard_ground_18
31.953,3923,0,3542,0,hard_ground_18
31.953,3933,0,3599,0,hard_ground_18
31.96,3933,0,3653,0,hard_ground_18
31.967,3916,0,3606,0,hard_ground_18
31.967,3893,0,3534,0,hard_ground_18
31.974,3863,0,3391,0,hard_ground_18
31.98,3846,0,3207,0,hard_ground_18
31.987,3820,0,3147,0,hard_ground_18
31.992,3860,0,3154,0,hard_ground_18
31.994,3885,0,3195,0,hard_ground_18
32.001,3906,0,3325,0,hard_ground_18
32.001,3905,0,3351,0,hard_ground_18
32.009,3726,0,3229,0,hard_ground_18
32.015,0,0,2756,0,hard_ground_18
32.022,0,0,0,0,hard_ground_18
32.026,0,0,0,0,hard_ground_18
32.03,0,0,0,0,hard_ground_18
32.035,0,0,0,0,hard_ground_18
32.042,0,0,0,0,hard_ground_18
32.043,0,0,0,0,hard_ground_18
32.052,0,2225,2593,0,hard_ground_18
32.056,0,2381,3080,1898,hard_ground_18
32.058,1201,2057,3174,2495,hard_ground_18
32.064,1971,1641,2968,2479,hard_ground_18
32.072,0,0,2453,1302,hard_ground_18
32.077,0,0,0,0,hard_ground_18
32.078,0,0,0,0,hard_ground_18
32.084,0,0,0,0,hard_ground_18
32.092,0,0,0,0,hard_ground_18
32.092,0,0,0,0,hard_ground_18
32.102,0,0,0,0,hard_ground_18
32.105,3507,0,942,0,hard_ground_18
32.112,3720,1698,2614,0,hard_ground_18
32.113,3765,2017,2872,0,hard_ground_18
32.119,3692,2000,2913,0,hard_ground_18
32.126,3222,1462,2895,0,hard_ground_18
32.132,2483,1442,2767,0,hard_ground_18
32.133,2629,1538,2490,0,hard_ground_18
32.142,3210,1178,2122,0,hard_ground_18
32.147,3325,0,2274,0,hard_ground_18
32.147,3052,0,2346,0,hard_ground_18
32.154,2846,0,2518,0,hard_ground_18
32.16,2908,0,2831,0,hard_ground_18
32.167,3349,0,2870,0,hard_ground_18
32.168,3652,0,2694,0,hard_ground_18
32.175,3759,0,2738,0,hard_ground_18
32.181,3788,0,2829,0,hard_ground_18
32.182,3812,0,2706,0,hard_ground_18
32.189,3839,1545,2681,0,hard_ground_18
32.197,3836,0,2286,0,hard_ground_18
32.197,3853,0,2809,0,hard_ground_18
32.205,3848,0,3142,0,hard_ground_18
32.209,3829,0,3506,0,hard_ground_18
32.216,3871,0,3550,0,hard_ground_18
32.216,3934,2294,3600,0,hard_ground_18
32.223,3942,2020,3540,0,hard_ground_18
32.231,3929,0,3504,0,hard_ground_18
32.237,3907,0,3533,0,hard_ground_18
32.238,3903,0,3594,0,hard_ground_18
32.244,3899,0,3659,0,hard_ground_18
32.251,3896,0,3724,0,hard_ground_18
32.251,3942,0,3796,0,hard_ground_18
32.259,3967,0,3839,0,hard_ground_18
32.266,3975,0,3885,0,hard_ground_18
32.272,3972,0,3907,0,hard_ground_18
32.275,3959,0,3921,0,hard_ground_18
32.281,3959,0,3913,0,hard_ground_18
32.286,3968,0,3902,0,hard_ground_18
32.292,3962,0,3869,0,hard_ground_18
32.293,3964,0,3828,0,hard_ground_18
32.3,3940,0,3809,0,hard_ground_18
32.306,3916,0,3793,0,hard_ground_18
32.307,3887,0,3820,0,hard_ground_18
32.314,3905,0,3840,0,hard_ground_18
32.321,3942,0,3847,0,hard_ground_18
32.325,3967,0,3862,0,hard_ground_18
32.33,3977,0,3878,0,hard_ground_18
32.334,3984,0,3902,0,hard_ground_18
32.341,3990,0,3919,0,hard_ground_18
32.342,3999,0,3925,0,hard_ground_18
32.351,4005,0,3923,0,hard_ground_18
32.355,4011,0,3913,0,hard_ground_18
32.357,4013,0,3906,0,hard_ground_18
32.362,4007,0,3900,0,hard_ground_18
32.369,3996,0,3906,0,hard_ground_18
32.376,3994,0,3895,0,hard_ground_18
32.376,4000,0,3876,0,hard_ground_18
32.383,4006,0,3854,0,hard_ground_18
32.39,3998,0,3843,0,hard_ground_18
32.397,3996,0,3840,0,hard_ground_18
32.397,3988,0,3841,0,hard_ground_18
32.404,3992,0,3841,0,hard_ground_18
32.411,3995,0,3823,0,hard_ground_18
32.415,4009,0,3829,0,hard_ground_18
32.418,4014,0,3850,0,hard_ground_18
32.425,4016,0,3884,0,hard_ground_18
32.431,4020,0,3896,0,hard_ground_18
32.432,4024,0,3909,0,hard_ground_18
32.439,4025,0,3915,0,hard_ground_18
32.445,4023,0,3919,0,hard_ground_18
32.447,4027,0,3911,0,hard_ground_18
32.452,4018,0,3892,0,hard_ground_18
32.46,4019,0,3881,0,hard_ground_18
32.466,4016,0,3881,0,hard_ground_18
32.467,4012,0,3865,0,hard_ground_18
32.473,4018,0,3856,0,hard_ground_18
32.481,4013,0,3883,0,hard_ground_18
32.481,4017,0,3888,0,hard_ground_18
32.488,4019,0,3886,0,hard_ground_18
32.494,4021,0,3909,0,hard_ground_18
32.501,4026,0,3901,0,hard_ground_18
32.502,4021,0,3889,0,hard_ground_18
32.509,4025,0,3886,0,hard_ground_18
32.515,4023,0,3889,0,hard_ground_18
32.517,4019,0,3897,0,hard_ground_18
32.526,4022,0,3910,0,hard_ground_18
32.53,4026,0,3896,0,hard_ground_18
32.536,4025,0,3884,0,hard_ground_18
32.536,4026,0,3860,0,hard_ground_18
32.545,4018,0,3869,0,hard_ground_18
32.549,4014,0,3873,0,hard_ground_18
32.556,4019,0,3871,0,hard_ground_18
32.561,4019,0,3834,0,hard_ground_18
32.564,4020,0,3837,0,hard_ground_18
32.571,4021,0,3816,0,hard_ground_18
32.572,4022,0,3808,0,hard_ground_18
32.578,4012,0,3834,0,hard_ground_18
32.584,4016,0,3843,0,hard_ground_18
32.591,4015,0,3851,0,hard_ground_18
32.595,4022,0,3861,0,hard_ground_18
32.598,4026,0,3871,0,hard_ground_18
32.606,4025,0,3875,0,hard_ground_18
32.606,4023,0,3872,0,hard_ground_18
32.616,4024,0,3881,0,hard_ground_18
32.619,4016,0,3878,0,hard_ground_18
32.626,4013,0,3864,0,hard_ground_18
32.631,4018,0,3857,0,hard_ground_18
32.634,4019,0,3862,0,hard_ground_18
32.64,4019,0,3891,0,hard_ground_18
32.642,4023,0,3894,0,hard_ground_18
32.65,4023,0,3883,0,hard_ground_18
32.653,4025,0,3891,0,hard_ground_18
32.661,4027,0,3883,0,hard_ground_18
32.665,4021,0,3880,0,hard_ground_18
32.67,4020,0,3880,0,hard_ground_18
32.675,4020,0,3874,0,hard_ground_18
32.679,4022,0,3867,0,hard_ground_18
32.685,4026,0,3871,0,hard_ground_18
32.691,4018,0,3835,0,hard_ground_18
32.696,4024,0,3845,0,hard_ground_18
32.699,4025,0,3860,0,hard_ground_18
32.703,4030,0,3875,0,hard_ground_18
32.709,4028,0,3888,0,hard_ground_18
32.715,4032,0,3866,0,hard_ground_18
32.716,4032,0,3857,0,hard_ground_18
32.724,4030,0,3844,0,hard_ground_18
32.73,4029,0,3824,0,hard_ground_18
32.731,4028,0,3802,0,hard_ground_18
32.737,4026,0,3775,0,hard_ground_18
32.745,4022,0,3768,0,hard_ground_18
32.751,4017,0,3763,0,hard_ground_18
32.752,4023,0,3768,0,hard_ground_18
32.758,4019,0,3783,0,hard_ground_18
32.765,4022,0,3733,4058,hard_ground_18
32.765,4024,0,3729,0,hard_ground_18
32.775,4033,0,3758,0,hard_ground_18
32.778,4022,0,3758,4041,hard_ground_18
32.785,4038,0,3626,0,hard_ground_18
32.786,4038,0,3668,4034,hard_ground_18
32.793,4039,0,3470,3973,hard_ground_18
32.799,4035,0,3469,4011,hard_ground_18
32.801,4023,0,2394,3941,hard_ground_18
32.806,4024,0,0,0,hard_ground_18
32.814,4015,0,0,0,hard_ground_18
32.82,4023,0,0,0,hard_ground_18
32.82,4028,0,1436,0,hard_ground_18
32.828,4035,0,3139,2828,hard_ground_18
32.834,4041,0,3653,0,hard_ground_18
32.836,4048,0,3580,0,hard_ground_18
32.844,4050,0,3374,0,hard_ground_18
32.848,4050,0,2370,0,hard_ground_18
32.855,4052,0,1986,3934,hard_ground_18
32.856,4042,0,3016,4025,hard_ground_18
32.863,4034,0,3093,4027,hard_ground_18
32.869,4033,0,454,4018,hard_ground_18
32.875,4030,0,0,3956,hard_ground_18
32.876,4021,0,0,3875,hard_ground_18
32.883,4016,0,0,3954,hard_ground_18
32.89,4006,0,0,3961,hard_ground_18
32.891,3998,0,0,3912,hard_ground_18
32.897,3999,0,0,3664,hard_ground_18
32.904,4014,0,0,3767,hard_ground_18
32.91,4039,0,0,3942,hard_ground_18
32.911,4046,0,2214,3981,hard_ground_18
32.919,4048,0,3326,3950,hard_ground_18
32.924,4042,0,3435,3868,hard_ground_18
32.93,4045,0,3174,3824,hard_ground_18
32.932,4046,0,2678,3534,hard_ground_18
32.939,4042,0,2619,2028,hard_ground_18
32.945,4034,0,2768,0,hard_ground_18
32.946,4029,0,2882,0,hard_ground_18
32.952,4028,0,3151,0,hard_ground_18
32.96,4027,0,3245,0,hard_ground_18
32.96,4031,0,3275,0,hard_ground_18
32.97,4037,0,3316,0,hard_ground_18
32.973,4039,0,3520,0,hard_ground_18
32.98,4041,0,3610,0,hard_ground_18
32.981,4045,0,3664,0,hard_ground_18
32.988,4044,0,3651,0,hard_ground_18
32.994,4045,0,3670,0,hard_ground_18
33.0,4044,0,3665,0,hard_ground_18
33.001,4044,0,3614,0,hard_ground_18
33.01,4038,0,3596,0,hard_ground_18
33.014,4035,0,3584,0,hard_ground_18
33.016,4027,0,3444,0,hard_ground_18
33.022,4026,0,2985,0,hard_ground_18
33.03,4029,0,2731,0,hard_ground_18
33.031,4033,0,3003,0,hard_ground_18
33.038,4037,0,3419,0,hard_ground_18
33.043,4041,0,3564,0,hard_ground_18
33.05,4046,0,3608,0,hard_ground_18
33.054,4047,0,3625,0,hard_ground_18
33.06,4051,0,3632,0,hard_ground_18
33.063,4049,0,3600,0,hard_ground_18
33.07,4049,0,3548,0,hard_ground_18
33.071,4046,0,3428,0,hard_ground_18
33.078,4043,0,3323,0,hard_ground_18
33.084,4041,0,3261,0,hard_ground_18
33.087,4043,0,3204,0,hard_ground_18
33.091,4048,0,3175,0,hard_ground_18
33.099,4043,0,2990,0,hard_ground_18
33.105,4045,0,2913,0,hard_ground_18
33.105,4051,0,2952,0,hard_ground_18
33.113,4053,0,3286,0,hard_ground_18
33.119,4051,0,3544,3541,hard_ground_18
33.12,4052,0,3669,3749,hard_ground_18
33.126,4045,0,3655,3545,hard_ground_18
33.135,4042,0,3502,0,hard_ground_18
33.14,4044,0,2989,0,hard_ground_18
33.14,4037,0,1366,0,hard_ground_18
33.147,4035,0,2589,0,hard_ground_18
33.154,4030,0,3179,0,hard_ground_18
33.159,4025,0,3308,0,hard_ground_18
33.161,4029,0,3226,3199,hard_ground_18
33.169,4034,0,3047,0,hard_ground_18
33.174,4038,0,2803,0,hard_ground_18
33.175,4032,0,2617,0,hard_ground_18
33.182,4025,0,1206,0,hard_ground_18
33.189,4006,0,2828,0,hard_ground_18
33.193,4003,0,3352,0,hard_ground_18
33.196,3997,0,3553,0,hard_ground_18
33.202,4001,0,3378,1282,hard_ground_18
33.21,4008,0,2791,0,hard_ground_18
33.21,4003,0,3104,0,hard_ground_18
33.218,3970,0,3435,0,hard_ground_18
33.223,3948,0,3514,3217,hard_ground_18
33.23,3931,0,3468,3688,hard_ground_18
33.232,3903,0,3243,3674,hard_ground_18
33.237,3861,0,2675,3491,hard_ground_18
33.244,3817,0,1218,2689,hard_ground_18
33.244,3703,0,0,2842,hard_ground_18
33.251,3484,0,1086,3518,hard_ground_18
33.258,3494,0,1297,3647,hard_ground_18
33.265,3567,0,2844,3801,hard_ground_18
33.265,3785,0,3145,3882,hard_ground_18
33.274,3833,0,3225,3934,hard_ground_18
33.279,3783,0,3228,3937,hard_ground_18
33.279,3374,0,3016,3925,hard_ground_18
33.286,0,0,1856,3912,hard_ground_18
33.292,0,0,0,3875,hard_ground_18
33.3,0,0,0,3892,hard_ground_18
33.304,0,0,0,3948,hard_ground_18
33.308,0,0,0,3969,hard_ground_18
33.313,0,0,0,3968,hard_ground_18
33.315,0,2340,0,3946,hard_ground_18
33.32,0,2522,0,3924,hard_ground_18
33.328,0,2638,0,3918,hard_ground_18
33.334,0,2657,0,3927,hard_ground_18
33.339,0,2851,0,3926,hard_ground_18
33.341,0,2966,0,3940,hard_ground_18
33.349,0,3035,0,3938,hard_ground_18
33.353,0,3052,0,3943,hard_ground_18
33.356,0,3137,0,3925,hard_ground_18
33.362,0,3134,0,3887,hard_ground_18
33.369,0,3103,0,3847,hard_ground_18
33.369,0,3132,0,3791,hard_ground_18
33.377,0,3370,0,3791,hard_ground_18
33.383,0,3546,0,3864,hard_ground_18
33.389,0,3641,0,3907,hard_ground_18
33.39,0,3705,0,3917,hard_ground_18
33.397,0,3723,0,3904,hard_ground_18
33.403,0,3700,0,3903,hard_ground_18
33.405,0,3641,0,3889,hard_ground_18
33.411,0,3626,0,3865,hard_ground_18
33.419,0,3639,0,3913,hard_ground_18
33.424,0,3675,0,3948,hard_ground_18
33.429,0,3727,0,3952,hard_ground_18
33.432,0,3673,0,3942,hard_ground_18
33.439,0,3575,0,3907,hard_ground_18
33.439,0,3493,0,3809,hard_ground_18
33.446,0,3437,0,3759,hard_ground_18
33.452,0,3517,0,3903,hard_ground_18
33.459,0,3619,0,3966,hard_ground_18
33.46,0,3715,0,3979,hard_ground_18
33.469,0,3756,0,3986,hard_ground_18
33.473,0,3743,0,3980,hard_ground_18
33.475,0,3708,0,3965,hard_ground_18
33.48,0,3588,0,3927,hard_ground_18
33.487,0,3437,0,3884,hard_ground_18
33.494,0,3118,0,3842,hard_ground_18
33.494,0,3058,0,3798,hard_ground_18
33.504,0,3241,0,3822,hard_ground_18
33.508,0,3418,0,3913,hard_ground_18
33.514,0,3472,0,3959,hard_ground_18
33.519,0,3511,0,3972,hard_ground_18
33.522,0,3513,0,3977,hard_ground_18
33.529,0,3514,0,3960,hard_ground_18
33.532,0,3573,0,3943,hard_ground_18
33.537,0,3640,0,3959,hard_ground_18
33.542,0,3671,0,3986,hard_ground_18
33.545,0,3686,0,3988,hard_ground_18
33.55,0,3667,0,4001,hard_ground_18
33.557,0,3622,0,3997,hard_ground_18
33.564,0,3616,0,3970,hard_ground_18
33.564,0,3621,0,3971,hard_ground_18
33.574,0,3637,0,3986,hard_ground_18
33.577,0,3607,0,3988,hard_ground_18
33.584,0,3520,0,3977,hard_ground_18
33.588,0,3333,0,3949,hard_ground_18
33.591,0,3245,0,3934,hard_ground_18
33.599,0,3487,0,3888,hard_ground_18
33.604,0,3634,0,3977,hard_ground_18
33.605,0,3753,0,3996,hard_ground_18
33.612,0,3803,0,4008,hard_ground_18
33.619,0,3838,0,4013,hard_ground_18
33.62,0,3812,0,4001,hard_ground_18
33.626,0,3721,0,3985,hard_ground_18
33.633,0,3407,0,3961,hard_ground_18
33.635,0,1079,0,3893,hard_ground_18
33.64,0,0,0,3807,hard_ground_18
33.648,0,0,0,3618,hard_ground_18
33.653,0,901,0,3359,hard_ground_18
33.654,0,3191,0,3795,hard_ground_18
33.661,0,3547,0,3918,hard_ground_18
33.668,0,3708,0,3968,hard_ground_18
33.669,0,3774,0,3977,hard_ground_18
33.677,0,3791,0,3976,hard_ground_18
33.682,0,3786,0,3968,hard_ground_18
33.688,0,3733,0,3969,hard_ground_18
33.693,0,3701,0,3966,hard_ground_18
33.695,0,3688,0,3955,hard_ground_18
33.703,0,3704,0,3948,hard_ground_18
33.704,0,3746,0,3954,hard_ground_18
33.709,0,3789,0,3966,hard_ground_18
33.717,0,3815,0,3975,hard_ground_18
33.723,0,3811,0,3974,hard_ground_18
33.725,0,3806,0,3977,hard_ground_18
33.733,0,3790,0,3970,hard_ground_18
33.737,0,3730,0,3971,hard_ground_18
33.743,0,3664,0,3982,hard_ground_18
33.744,0,3706,0,3981,hard_ground_18
33.753,0,3748,0,3979,hard_ground_18
33.757,0,3784,0,3985,hard_ground_18
33.763,0,3807,0,3991,hard_ground_18
33.765,0,3813,0,3998,hard_ground_18
33.772,0,3796,0,3995,hard_ground_18
33.778,0,3782,0,3985,hard_ground_18
33.783,0,3728,0,3973,hard_ground_18
33.786,0,3661,0,3970,hard_ground_18
33.793,0,3618,0,3960,hard_ground_18
33.794,0,3529,0,3964,hard_ground_18
33.8,0,3573,0,3979,hard_ground_18
33.807,0,3653,0,3971,hard_ground_18
33.813,0,3725,0,3978,hard_ground_18
33.818,0,3756,0,3989,hard_ground_18
33.82,0,3782,0,3995,hard_ground_18
33.827,0,3786,0,3998,hard_ground_18
33.833,0,3784,0,4000,hard_ground_18
33.834,0,3790,0,3992,hard_ground_18
33.842,0,3777,0,3986,hard_ground_18
33.848,0,3768,0,3980,hard_ground_18
33.849,0,3756,0,3978,hard_ground_18
33.855,0,3739,0,3973,hard_ground_18
33.862,0,3727,0,3973,hard_ground_18
33.868,0,3748,0,3974,hard_ground_18
33.873,0,3767,0,3974,hard_ground_18
33.876,0,3782,0,3979,hard_ground_18
33.883,0,3785,0,3986,hard_ground_18
33.883,0,3797,0,3990,hard_ground_18
33.891,0,3805,0,3990,hard_ground_18
33.896,0,3810,0,3997,hard_ground_18
33.899,0,3806,0,3999,hard_ground_18
33.908,0,3785,0,3995,hard_ground_18
33.91,0,3782,0,3992,hard_ground_18
33.918,0,3757,0,3982,hard_ground_18
33.918,0,3730,0,3982,hard_ground_18
33.928,0,3731,0,3982,hard_ground_18
33.931,0,3767,0,3987,hard_ground_18
33.938,0,3788,0,3992,hard_ground_18
33.942,0,3800,0,3994,hard_ground_18
33.945,0,3815,0,3983,hard_ground_18
33.953,0,3811,0,3992,hard_ground_18
33.953,0,3792,0,3994,hard_ground_18
33.96,0,3779,0,3992,hard_ground_18
33.966,0,3753,0,3988,hard_ground_18
33.973,0,3702,0,3978,hard_ground_18
33.977,0,3648,0,3985,hard_ground_18
33.98,0,3637,0,3984,hard_ground_18
33.988,0,3667,0,3991,hard_ground_18
33.988,0,3709,0,3992,hard_ground_18
33.995,0,3745,0,3995,hard_ground_18
34.001,0,3781,0,3999,hard_ground_18
34.008,0,3792,0,4004,hard_ground_18
34.008,0,3815,0,4009,hard_ground_18
34.016,0,3843,0,4006,hard_ground_18
34.022,0,3844,0,4008,hard_ground_18
34.022,0,3837,0,3998,hard_ground_18
34.029,0,3817,0,3983,hard_ground_18
34.036,0,3761,0,3976,hard_ground_18
34.043,0,3685,0,3962,hard_ground_18
34.046,0,3644,0,3947,hard_ground_18
34.05,0,3656,0,3936,hard_ground_18
34.057,0,3707,0,3960,hard_ground_18
34.063,0,3772,0,3979,hard_ground_18
34.064,0,3802,0,3985,hard_ground_18
34.07,0,3823,0,3997,hard_ground_18
34.078,0,3842,0,4005,hard_ground_18
34.079,0,3833,0,4007,hard_ground_18
34.087,0,3820,0,4010,hard_ground_18
34.091,0,3798,0,4008,hard_ground_18
34.097,0,3769,0,4002,hard_ground_18
34.098,0,3735,0,4003,hard_ground_18
34.105,0,3717,0,3997,hard_ground_18
34.112,0,3722,0,3992,hard_ground_18
34.113,0,3703,0,3995,hard_ground_18
34.119,0,3704,0,3989,hard_ground_18
34.126,0,3710,0,3983,hard_ground_18
34.132,0,3752,0,3983,hard_ground_18
34.134,0,3773,0,3994,hard_ground_18
34.14,0,3810,0,4006,hard_ground_18
34.147,0,3836,0,4006,hard_ground_18
34.148,0,3851,0,4010,hard_ground_18
34.157,0,3850,0,4004,hard_ground_18
34.162,0,3822,0,4002,hard_ground_18
34.168,0,3793,0,3998,hard_ground_18
34.168,0,3718,0,3983,hard_ground_18
34.175,0,3658,0,3971,hard_ground_18
34.181,0,3566,0,3969,hard_ground_18
34.187,0,3587,0,3967,hard_ground_18
34.192,0,3660,0,3973,hard_ground_18
34.195,0,3746,0,3987,hard_ground_18
34.202,0,3807,0,4001,hard_ground_18
34.203,0,3847,0,4013,hard_ground_18
34.209,0,3866,0,4019,hard_ground_18
34.216,0,3870,0,4016,hard_ground_18
34.222,0,3861,0,4014,hard_ground_18
34.223,0,3811,0,4011,hard_ground_18
34.231,0,3744,0,3996,hard_ground_18
34.236,0,3643,0,3985,hard_ground_18
34.238,0,3583,0,3975,hard_ground_18
34.244,0,3549,0,3970,hard_ground_18
34.251,0,3591,0,3978,hard_ground_18
34.258,0,3681,0,3988,hard_ground_18
34.259,0,3758,0,3995,hard_ground_18
34.265,0,3786,0,4000,hard_ground_18
34.271,0,3794,0,4004,hard_ground_18
34.273,0,3801,0,4008,hard_ground_18
34.278,0,3814,0,4008,hard_ground_18
34.286,0,3813,0,4013,hard_ground_18
34.292,0,3831,0,4011,hard_ground_18
34.293,0,3831,0,4014,hard_ground_18
34.3,0,3823,0,4010,hard_ground_18
34.307,0,3811,0,3998,hard_ground_18
34.308,0,3793,0,3990,hard_ground_18
34.313,0,3739,0,3980,hard_ground_18
34.321,0,3708,0,3971,hard_ground_18
34.327,0,3709,0,3969,hard_ground_18
34.332,0,3719,0,3971,hard_ground_18
34.337,0,3759,0,3984,hard_ground_18
34.341,0,3798,0,3994,hard_ground_18
34.345,0,3811,0,4007,hard_ground_18
34.349,0,3819,0,4013,hard_ground_18
34.357,0,3826,0,4016,hard_ground_18
34.362,0,3818,0,4015,hard_ground_18
34.365,0,3804,0,4018,hard_ground_18
34.369,0,3781,0,4016,hard_ground_18
34.376,0,3757,0,4010,hard_ground_18
34.382,0,3734,0,4004,hard_ground_18
34.383,0,3711,0,3999,hard_ground_18
34.39,0,3707,0,4001,hard_ground_18
34.397,0,3707,0,4000,hard_ground_18
34.401,0,3735,0,4000,hard_ground_18
34.404,0,3751,0,4001,hard_ground_18
34.411,0,3781,0,4005,hard_ground_18
34.417,0,3801,0,4006,hard_ground_18
34.418,0,3813,0,4008,hard_ground_18
34.424,0,3822,0,4014,hard_ground_18
34.431,0,3833,0,4011,hard_ground_18
34.437,0,3840,0,4008,hard_ground_18
34.438,0,3827,0,4004,hard_ground_18
34.446,0,3821,0,4000,hard_ground_18
34.452,0,3797,0,3993,hard_ground_18
34.453,0,3765,0,3989,hard_ground_18
34.459,0,3749,0,3986,hard_ground_18
34.466,0,3750,0,3993,hard_ground_18
34.467,0,3757,0,3996,hard_ground_18
34.476,0,3788,0,4005,hard_ground_18
34.48,0,3788,0,4009,hard_ground_18
34.486,0,3786,0,4015,hard_ground_18
34.487,0,3775,0,4017,hard_ground_18
34.495,0,3747,0,4017,hard_ground_18
34.5,0,3735,0,4018,hard_ground_18
34.502,0,3730,0,4012,hard_ground_18
34.508,0,3733,0,4012,hard_ground_18
34.516,0,3732,0,4013,hard_ground_18
34.521,0,3759,0,4016,hard_ground_18
34.522,0,3777,0,4012,hard_ground_18
34.529,0,3794,0,4011,hard_ground_18
34.536,0,3795,0,4005,hard_ground_18
34.536,0,3798,0,4003,hard_ground_18
34.544,0,3778,0,3998,hard_ground_18
34.551,0,3755,0,3976,hard_ground_18
34.556,0,3766,0,3977,hard_ground_18
34.561,0,3781,0,3980,hard_ground_18
34.564,0,3801,0,3992,hard_ground_18
34.57,0,3823,0,3999,hard_ground_18
34.576,0,3830,0,4005,hard_ground_18
34.577,0,3837,0,4000,hard_ground_18
34.584,0,3834,0,3989,hard_ground_18
34.591,0,3814,0,3992,hard_ground_18
34.592,0,3746,0,3983,hard_ground_18
34.599,0,3665,0,3976,hard_ground_18
34.606,0,3580,0,3986,hard_ground_18
34.607,0,3586,0,3974,hard_ground_18
34.616,0,3677,0,3983,hard_ground_18
34.619,0,3741,0,4002,hard_ground_18
34.626,0,3780,0,4004,hard_ground_18
34.63,0,3825,0,4017,hard_ground_18
34.634,0,3847,0,4024,hard_ground_18
34.64,0,3844,0,4026,hard_ground_18
34.646,0,3834,0,4027,hard_ground_18
34.648,0,3812,0,4018,hard_ground_18
34.654,0,3777,0,4008,hard_ground_18
34.661,0,3734,0,4005,hard_ground_18
34.665,0,3719,0,3999,hard_ground_18
34.668,0,3717,0,4000,hard_ground_18
34.674,0,3751,0,3999,hard_ground_18
34.681,0,3783,0,3999,hard_ground_18
34.682,0,3812,0,4004,hard_ground_18
34.691,0,3822,0,4001,hard_ground_18
34.695,0,3817,0,3999,hard_ground_18
34.698,0,3775,0,3997,hard_ground_18
34.702,0,3705,0,3980,hard_ground_18
34.71,0,3569,0,3971,hard_ground_18
34.716,0,3637,0,3977,hard_ground_18
34.716,0,3754,0,3991,hard_ground_18
34.724,0,3834,0,4002,hard_ground_18
34.73,0,3868,0,4006,hard_ground_18
34.734,0,3881,0,3997,hard_ground_18
34.741,0,3867,0,3991,hard_ground_18
34.744,0,3836,0,3969,hard_ground_18
34.751,0,3739,0,3960,hard_ground_18
34.752,0,3549,0,3954,hard_ground_18
34.761,0,3477,0,3956,hard_ground_18
34.764,0,3578,0,3961,hard_ground_18
34.771,0,3732,0,3988,hard_ground_18
34.775,0,3827,0,4008,hard_ground_18
34.779,0,3860,0,4026,hard_ground_18
34.786,0,3870,0,4027,hard_ground_18
34.786,0,3874,0,4027,hard_ground_18
34.793,0,3877,0,4028,hard_ground_18
34.799,0,3865,0,4029,hard_ground_18
34.806,0,3840,0,4020,hard_ground_18
34.806,0,3816,0,4020,hard_ground_18
34.816,0,3794,0,4014,hard_ground_18
34.82,0,3759,0,4015,hard_ground_18
34.82,0,3766,0,4014,hard_ground_18
34.827,0,3758,0,4016,hard_ground_18
34.834,0,3748,0,4010,hard_ground_18
34.841,0,3762,0,4008,hard_ground_18
34.842,0,3761,0,4004,hard_ground_18
34.851,0,3761,0,3994,hard_ground_18
34.855,0,3740,0,3998,hard_ground_18
34.861,0,3712,0,3987,hard_ground_18
34.862,0,3627,0,3994,hard_ground_18
34.869,0,3552,0,3993,hard_ground_18
34.876,0,3615,0,3986,hard_ground_18
34.877,0,3643,0,3989,hard_ground_18
34.885,0,3707,0,3986,hard_ground_18
34.889,0,3768,0,3978,hard_ground_18
34.892,0,3782,0,3990,hard_ground_18
34.896,0,3764,0,3989,hard_ground_18
34.903,0,3732,0,3985,hard_ground_18
34.91,0,3741,0,3976,hard_ground_18
34.912,0,3740,0,3972,hard_ground_18
34.917,0,3790,0,3984,hard_ground_18
34.925,0,3841,0,4018,hard_ground_18
34.925,0,3860,0,4021,hard_ground_18
34.936,0,3869,0,4025,hard_ground_18
34.938,0,3863,0,4028,hard_ground_18
34.946,0,3860,0,4026,hard_ground_18
34.949,0,3827,0,4024,hard_ground_18
34.953,0,3814,0,4017,hard_ground_18
34.959,0,3790,0,4018,hard_ground_18
34.966,0,3801,0,4013,hard_ground_18
34.966,0,3800,0,4002,hard_ground_18
34.974,0,3797,0,3998,hard_ground_18
34.98,0,3789,0,4001,hard_ground_18
34.981,0,3782,0,4002,hard_ground_18
34.987,0,3795,0,4009,hard_ground_18
34.994,0,3799,0,4014,hard_ground_18
35.0,0,3815,0,4011,hard_ground_18
35.001,0,3819,0,4006,hard_ground_18
35.008,0,3812,0,3998,hard_ground_18
35.014,0,3737,0,3994,hard_ground_18
35.016,0,3673,0,3989,hard_ground_18
35.021,0,3569,0,3974,hard_ground_18
35.03,0,3617,0,3967,hard_ground_18
35.035,0,3702,0,3977,hard_ground_18
35.036,0,3769,0,3975,hard_ground_18
35.043,0,3785,0,3993,hard_ground_18
35.05,0,3741,0,3987,hard_ground_18
35.05,0,3685,0,3988,hard_ground_18
35.058,0,3648,0,3974,hard_ground_18
35.064,0,3557,0,3961,hard_ground_18
35.07,0,3645,0,3945,hard_ground_18
35.071,0,3678,0,3972,hard_ground_18
35.078,0,3716,0,3985,hard_ground_18
35.085,0,3779,0,3987,hard_ground_18
35.085,0,3790,0,3998,hard_ground_18
35.092,0,3768,0,3993,hard_ground_18
35.098,0,3757,0,3977,hard_ground_18
35.105,0,3719,0,3963,hard_ground_18
35.106,0,3633,0,3956,hard_ground_18
35.112,0,3585,0,3951,hard_ground_18
35.119,0,3525,0,3961,hard_ground_18
35.125,0,3495,0,3963,hard_ground_18
35.128,0,3490,0,3958,hard_ground_18
35.133,0,3415,0,3940,hard_ground_18
35.139,0,3204,0,3926,hard_ground_18
35.141,0,2900,0,3887,hard_ground_18
35.147,0,2541,0,3857,hard_ground_18
35.154,0,2267,0,3838,hard_ground_18
35.16,0,1974,0,3796,hard_ground_18
35.16,0,1521,0,3817,hard_ground_18
35.168,0,1098,0,3790,hard_ground_18
35.174,0,1470,0,3800,hard_ground_18
35.176,0,1537,0,3829,hard_ground_18
35.181,0,2125,918,3865,hard_ground_18
35.188,0,2659,1532,3857,hard_ground_18
35.195,0,2604,2064,3708,hard_ground_18
35.196,0,869,2115,3407,hard_ground_18
35.202,0,0,2447,0,hard_ground_18
35.209,0,0,2717,0,hard_ground_18
35.21,0,0,2782,0,hard_ground_18
35.219,0,0,2131,0,hard_ground_18
35.223,0,0,0,0,hard_ground_18
35.23,0,0,0,0,hard_ground_18
35.23,1688,0,0,0,hard_ground_18
35.237,2199,0,0,804,hard_ground_18
35.243,2368,0,1135,1129,hard_ground_18
35.246,3300,0,2506,2464,hard_ground_18
35.251,3519,0,2861,2898,hard_ground_18
35.258,3556,0,3113,2888,hard_ground_18
35.265,3430,0,3229,2842,hard_ground_18
35.265,2953,0,3234,1259,hard_ground_18
35.271,2300,0,3224,0,hard_ground_18
35.278,1901,0,3122,0,hard_ground_18
35.285,1813,0,3122,0,hard_ground_18
35.286,1548,0,3084,0,hard_ground_18
35.294,1452,0,3198,0,hard_ground_18
35.299,0,0,3294,667,hard_ground_18
35.304,0,0,3378,1405,hard_ground_18
35.306,0,0,3384,1585,hard_ground_18
35.313,0,0,3304,3076,hard_ground_18
35.32,0,0,3140,3280,hard_ground_18
35.32,0,0,2846,3404,hard_ground_18
35.327,0,0,2580,2825,hard_ground_18
35.334,0,0,2590,3178,hard_ground_18
35.338,0,0,1854,3685,hard_ground_18
35.341,0,1475,2280,3805,hard_ground_18
35.348,0,2257,1964,3913,hard_ground_18
35.355,0,2923,1978,3963,hard_ground_18
35.355,0,3235,1966,3972,hard_ground_18
35.362,0,3320,1862,3953,hard_ground_18
35.368,0,3440,1223,3942,hard_ground_18
35.374,0,3468,0,3910,hard_ground_18
35.376,0,3471,0,3977,hard_ground_18
35.383,0,3484,0,3993,hard_ground_18
35.389,0,3630,0,4010,hard_ground_18
35.39,0,3686,0,4012,hard_ground_18
35.396,0,3753,0,3990,hard_ground_18
35.403,0,3756,0,3978,hard_ground_18
35.405,0,3730,0,4002,hard_ground_18
35.413,0,3716,0,4016,hard_ground_18
35.417,0,3710,0,4015,hard_ground_18
35.424,0,3701,0,4006,hard_ground_18
35.425,0,3719,0,4000,hard_ground_18
35.431,0,3702,0,3994,hard_ground_18
35.438,0,3653,0,4006,hard_ground_18
35.444,0,3602,0,4012,hard_ground_18
35.445,0,3627,0,4010,hard_ground_18
35.452,0,3650,0,4015,hard_ground_18
35.459,0,3708,0,4015,hard_ground_18
35.46,0,3781,0,3997,hard_ground_18
35.466,0,3861,0,4013,hard_ground_18
35.472,0,3840,0,4019,hard_ground_18
35.479,0,3843,0,4026,hard_ground_18
35.48,0,3851,0,4029,hard_ground_18
35.488,0,3842,0,4026,hard_ground_18
35.494,0,3846,0,4022,hard_ground_18
35.494,0,3828,0,4007,hard_ground_18
35.501,0,3811,0,4006,hard_ground_18
35.507,0,3836,0,4002,hard_ground_18
35.514,0,3831,0,4011,hard_ground_18
35.515,0,3822,0,4019,hard_ground_18
35.522,0,3832,0,4031,hard_ground_18
35.528,0,3853,0,4018,hard_ground_18
35.534,0,3852,0,4027,hard_ground_18
35.536,0,3833,0,4032,hard_ground_18
35.543,0,3851,0,4032,hard_ground_18
35.549,0,3834,0,4025,hard_ground_18
35.55,0,3850,0,4021,hard_ground_18
35.557,0,3857,0,4011,hard_ground_18
35.564,0,3849,0,4013,hard_ground_18
35.565,0,3831,0,4023,hard_ground_18
35.57,0,3807,0,4031,hard_ground_18
35.578,0,3809,0,4025,hard_ground_18
35.584,0,3825,0,4027,hard_ground_18
35.589,0,3842,0,4030,hard_ground_18
35.591,0,3834,0,4035,hard_ground_18
35.599,0,3845,0,4035,hard_ground_18
35.599,0,3839,0,4044,hard_ground_18
35.607,0,3833,0,4043,hard_ground_18
35.612,0,3822,0,4049,hard_ground_18
35.619,0,3818,0,4045,hard_ground_18
35.62,0,3814,0,4046,hard_ground_18
35.627,0,3811,0,4048,hard_ground_18
35.632,0,3814,0,4050,hard_ground_18
35.637,0,3820,0,4045,hard_ground_18
35.644,0,3833,0,4051,hard_ground_18
35.646,0,3821,0,4048,hard_ground_18
35.654,0,3818,0,4052,hard_ground_18
35.654,0,3796,0,4049,hard_ground_18
35.664,0,3787,0,4051,hard_ground_18
35.667,0,3799,0,4050,hard_ground_18
35.674,0,3832,0,4045,hard_ground_18
35.674,0,3829,0,4045,hard_ground_18
35.682,0,3836,0,4043,hard_ground_18
35.689,0,3809,0,4046,hard_ground_18
35.689,0,3767,0,4043,hard_ground_18
35.695,0,3769,0,4047,hard_ground_18
35.702,0,3768,0,4044,hard_ground_18
35.709,0,3804,0,4046,hard_ground_18
35.709,0,3816,0,4045,hard_ground_18
35.716,0,3787,0,4048,hard_ground_18
35.722,0,3804,0,4043,hard_ground_18
35.724,0,3766,0,4046,hard_ground_18
35.73,0,3733,0,4046,hard_ground_18
35.738,0,3738,0,4045,hard_ground_18
35.743,0,3760,0,4049,hard_ground_18
35.744,0,3815,0,4050,hard_ground_18
35.751,0,3855,0,4047,hard_ground_18
35.758,0,3859,0,4051,hard_ground_18
35.758,0,3864,0,4055,hard_ground_18
35.766,0,3849,0,4050,hard_ground_18
35.772,0,3846,0,4048,hard_ground_18
35.779,0,3833,0,4053,hard_ground_18
35.78,0,3838,0,4053,hard_ground_18
35.787,0,3846,0,4048,hard_ground_18
35.792,0,3837,0,4050,hard_ground_18
35.799,0,3806,0,4047,hard_ground_18
35.799,0,3789,0,4049,hard_ground_18
35.807,0,3754,0,4041,hard_ground_18
35.813,0,3777,0,4048,hard_ground_18
35.814,0,3820,0,4041,hard_ground_18
35.82,0,3859,0,4043,hard_ground_18
35.827,0,3862,0,4039,hard_ground_18
35.833,0,3843,0,4049,hard_ground_18
35.836,0,3809,0,4052,hard_ground_18
35.841,0,3794,0,4051,hard_ground_18
35.848,0,3768,0,4051,hard_ground_18
35.848,0,3814,0,4048,hard_ground_18
35.858,0,3825,0,4044,hard_ground_18
35.861,0,3832,0,4048,hard_ground_18
35.868,0,3832,0,4051,hard_ground_18
35.869,0,3824,0,4051,hard_ground_18
35.876,0,3795,0,4048,hard_ground_18
35.882,0,3765,0,4050,hard_ground_18
35.884,0,3736,0,4046,hard_ground_18
35.889,0,3755,0,4050,hard_ground_18
35.897,0,3730,0,4048,hard_ground_18
35.903,0,3741,0,4051,hard_ground_18
35.903,0,3775,0,4045,hard_ground_18
35.911,0,3791,0,4045,hard_ground_18
35.917,0,3789,0,4052,hard_ground_18
35.919,0,3781,0,4052,hard_ground_18
35.924,0,3790,0,4058,hard_ground_18
35.931,0,3819,0,4055,hard_ground_18
35.938,0,3829,0,4057,hard_ground_18
35.939,0,3847,0,4059,hard_ground_18
35.945,0,3831,0,4057,hard_ground_18
35.953,0,3801,0,4056,hard_ground_18
35.953,0,3778,0,4048,hard_ground_18
35.961,0,3784,0,4044,hard_ground_18
35.966,3895,3799,0,4044,hard_ground_18
35.973,0,3798,0,4039,hard_ground_18
35.978,0,3710,0,4029,hard_ground_18
35.981,0,3616,0,4027,hard_ground_18
35.987,0,3465,0,4032,hard_ground_18
35.993,0,3112,0,4034,hard_ground_18
35.994,0,3664,0,4018,hard_ground_18
36.002,3087,3499,0,4015,hard_ground_18
36.008,3786,2919,0,4016,hard_ground_18
36.008,3750,0,0,4011,hard_ground_18
36.016,3589,0,0,4010,hard_ground_18
36.022,0,0,0,4012,hard_ground_18
36.029,0,0,0,4016,hard_ground_18
36.029,0,0,0,4022,hard_ground_18
36.037,0,756,0,4026,hard_ground_18
36.042,0,2982,0,4034,hard_ground_18
36.044,0,3658,0,4035,hard_ground_18
36.051,0,3799,0,4035,hard_ground_18
36.056,0,3784,0,4044,hard_ground_18
36.063,0,3722,0,4053,hard_ground_18
36.067,3982,3544,0,4048,hard_ground_18
36.072,4023,3400,0,4045,hard_ground_18
36.078,3997,0,0,4036,hard_ground_18
36.081,3977,0,0,4033,hard_ground_18
36.084,3779,0,0,4028,hard_ground_18
36.091,3633,0,0,4030,hard_ground_18
36.097,3565,0,0,4024,hard_ground_18
36.099,3344,0,0,4002,hard_ground_18
36.105,0,0,0,3978,hard_ground_18
36.113,0,0,0,3985,hard_ground_18
36.113,0,0,0,4004,hard_ground_18
36.122,0,0,0,4021,hard_ground_18
36.126,0,1485,0,4032,hard_ground_18
36.132,3320,2142,0,4038,hard_ground_18
36.137,3411,2690,0,4043,hard_ground_18
36.139,2966,2658,0,4043,hard_ground_18
36.146,0,1979,0,4038,hard_ground_18
36.153,0,692,0,4030,hard_ground_18
36.153,0,0,0,4031,hard_ground_18
36.162,0,0,0,4032,hard_ground_18
36.167,0,0,0,4030,hard_ground_18
36.17,0,1276,0,4031,hard_ground_18
36.174,0,2971,0,4034,hard_ground_18
36.182,0,3471,0,4034,hard_ground_18
36.188,0,3702,0,4042,hard_ground_18
36.188,0,3795,0,4036,hard_ground_18
36.195,0,3755,0,4039,hard_ground_18
36.202,0,3644,0,4039,hard_ground_18
36.203,0,3419,0,4039,hard_ground_18
36.212,0,3334,0,4031,hard_ground_18
36.216,0,3348,0,4030,hard_ground_18
36.222,0,3428,0,4023,hard_ground_18
36.223,0,3360,0,4025,hard_ground_18
36.23,0,3482,0,4018,hard_ground_18
36.237,0,3492,0,4024,hard_ground_18
36.238,0,3581,0,4021,hard_ground_18
36.243,0,3599,0,4020,hard_ground_18
36.251,0,3588,0,4027,hard_ground_18
36.257,0,3619,0,4025,hard_ground_18
36.258,0,3648,0,4022,hard_ground_18
36.264,0,3672,0,4019,hard_ground_18
36.273,0,3702,0,4028,hard_ground_18
36.273,0,3698,0,4030,hard_ground_18
36.281,0,3699,0,4030,hard_ground_18
36.285,0,3728,0,4024,hard_ground_18
36.292,0,3698,0,4021,hard_ground_18
36.293,0,3681,0,4022,hard_ground_18
36.299,0,3690,0,4024,hard_ground_18
36.306,0,3702,0,4026,hard_ground_18
36.308,0,3692,0,4029,hard_ground_18
36.313,0,3551,0,4023,hard_ground_18
36.321,0,3323,0,4014,hard_ground_18
36.327,0,3083,0,4004,hard_ground_18
36.329,0,2556,0,4002,hard_ground_18
36.337,0,3275,0,4005,hard_ground_18
36.341,0,3443,0,4011,hard_ground_18
36.347,0,3522,0,4014,hard_ground_18
36.348,0,3474,0,4017,hard_ground_18
36.355,0,3312,0,4021,hard_ground_18
36.362,0,2579,0,4016,hard_ground_18
36.363,0,2188,0,4016,hard_ground_18
36.371,0,1916,0,4009,hard_ground_18
36.375,0,1394,0,4004,hard_ground_18
36.382,0,0,0,3982,hard_ground_18
36.383,0,0,0,3979,hard_ground_18
36.389,0,770,0,3959,hard_ground_18
36.396,0,2040,0,3896,hard_ground_18
36.398,0,0,0,3930,hard_ground_18
36.403,0,0,0,3963,hard_ground_18
36.41,0,1638,0,3967,hard_ground_18
36.417,0,2283,0,3953,hard_ground_18
36.417,3185,3070,0,3922,hard_ground_18
36.425,3650,3338,0,3842,hard_ground_18
36.431,3447,3239,0,3307,hard_ground_18
36.434,0,2425,0,2834,hard_ground_18
36.438,0,0,0,1644,hard_ground_18
36.445,0,0,0,0,hard_ground_18
36.452,0,0,0,0,hard_ground_18
36.452,0,0,0,0,hard_ground_18
36.46,0,1887,0,0,hard_ground_18
36.465,2132,2174,0,0,hard_ground_18
36.469,2949,2304,0,0,hard_ground_18
36.473,3519,0,0,0,hard_ground_18
36.48,3742,0,1935,0,hard_ground_18
36.487,3840,2576,1802,0,hard_ground_18
36.487,3902,2939,2282,0,hard_ground_18
36.494,3862,2619,2522,0,hard_ground_18
36.5,3798,1058,2518,0,hard_ground_18
36.507,3432,0,2531,0,hard_ground_18
36.508,0,0,2418,0,hard_ground_18
36.514,0,0,2113,0,hard_ground_18
36.521,0,0,2169,0,hard_ground_18
36.522,3250,0,2528,0,hard_ground_18
36.528,3760,0,2953,0,hard_ground_18
36.535,3890,0,3336,0,hard_ground_18
36.542,3934,0,3418,0,hard_ground_18
36.544,3941,0,3369,0,hard_ground_18
36.549,3914,0,3204,0,hard_ground_18
36.556,3768,0,2889,0,hard_ground_18
36.561,3329,0,2561,0,hard_ground_18
36.563,2811,0,2121,0,hard_ground_18
36.569,3074,0,0,0,hard_ground_18
36.577,3323,0,0,0,hard_ground_18
36.577,3631,0,2217,0,hard_ground_18
36.583,3780,0,2823,0,hard_ground_18
36.591,3927,0,3506,0,hard_ground_18
36.592,3970,0,3588,0,hard_ground_18
36.598,3990,0,3664,0,hard_ground_18
36.605,4004,0,3704,0,hard_ground_18
36.611,4023,0,3729,0,hard_ground_18
36.612,4009,0,3706,0,hard_ground_18
36.619,3987,0,3621,0,hard_ground_18
36.626,3954,0,3423,0,hard_ground_18
36.63,3832,0,2372,0,hard_ground_18
36.633,3825,0,0,0,hard_ground_18
36.639,3807,0,0,0,hard_ground_18
36.646,3695,0,0,0,hard_ground_18
36.647,3344,0,2467,0,hard_ground_18
36.653,3608,0,2970,0,hard_ground_18
36.661,3842,0,3513,0,hard_ground_18
36.666,3915,0,3563,0,hard_ground_18
36.667,3919,0,3589,0,hard_ground_18
36.675,3876,0,3571,0,hard_ground_18
36.681,3826,0,3547,0,hard_ground_18
36.682,3790,0,3412,0,hard_ground_18
36.688,3804,0,3094,0,hard_ground_18
36.695,3840,0,2639,0,hard_ground_18
36.701,3726,0,2561,0,hard_ground_18
36.702,2338,0,2591,0,hard_ground_18
36.709,0,0,2742,0,hard_ground_18
36.716,0,0,3097,0,hard_ground_18
36.717,2531,0,3343,0,hard_ground_18
36.725,3772,0,3475,0,hard_ground_18
36.729,3851,0,3558,0,hard_ground_18
36.736,3851,0,3339,0,hard_ground_18
36.738,3774,0,2755,0,hard_ground_18
36.744,3034,0,1955,0,hard_ground_18
36.75,2994,0,1239,0,hard_ground_18
36.752,3827,0,2572,0,hard_ground_18
36.757,3909,0,3248,0,hard_ground_18
36.764,3953,0,3606,0,hard_ground_18
36.771,3970,0,3727,0,hard_ground_18
36.771,3977,0,3746,0,hard_ground_18
36.78,3973,0,3766,0,hard_ground_18
36.785,3996,0,3709,0,hard_ground_18
36.788,3999,0,3537,0,hard_ground_18
36.792,3970,0,3244,0,hard_ground_18
36.799,3865,0,2995,0,hard_ground_18
36.806,3285,0,3160,0,hard_ground_18
36.807,2497,0,3256,0,hard_ground_18
36.813,3144,0,3332,0,hard_ground_18
36.821,3793,0,3289,0,hard_ground_18
36.821,3797,0,3292,0,hard_ground_18
36.83,3730,0,3395,0,hard_ground_18
36.834,3713,0,3457,0,hard_ground_18
36.841,3619,0,3487,0,hard_ground_18
36.846,3669,0,3515,0,hard_ground_18
36.848,3758,0,3530,0,hard_ground_18
36.855,3815,0,3542,0,hard_ground_18
36.861,3810,0,3559,0,hard_ground_18
36.863,3814,0,3569,0,hard_ground_18
36.869,3817,0,3568,0,hard_ground_18
36.876,3828,0,3567,0,hard_ground_18
36.877,3821,0,3541,0,hard_ground_18
36.882,3770,0,3490,0,hard_ground_18
36.891,3690,0,3455,0,hard_ground_18
36.896,3688,0,3517,0,hard_ground_18
36.899,3792,0,3542,0,hard_ground_18
36.903,3863,0,3567,0,hard_ground_18
36.91,3914,0,3606,0,hard_ground_18
36.915,3935,0,3625,0,hard_ground_18
36.917,3943,0,3641,0,hard_ground_18
36.924,3935,0,3660,0,hard_ground_18
36.931,3909,0,3650,0,hard_ground_18
36.931,3890,0,3628,0,hard_ground_18
36.94,3862,0,3610,0,hard_ground_18
36.945,3834,0,3576,0,hard_ground_18
36.948,3820,0,3537,0,hard_ground_18
36.952,3811,0,3519,0,hard_ground_18
36.959,3787,0,3530,0,hard_ground_18
36.965,3753,0,3547,0,hard_ground_18
36.967,3801,0,3569,0,hard_ground_18
36.973,3841,0,3618,0,hard_ground_18
36.981,3904,0,3638,0,hard_ground_18
36.981,3940,0,3644,0,hard_ground_18
36.989,3940,0,3651,0,hard_ground_18
36.994,3942,0,3672,0,hard_ground_18
37.0,3937,0,3678,0,hard_ground_18
37.001,3916,0,3674,0,hard_ground_18
37.007,3915,0,3664,0,hard_ground_18
37.014,3905,0,3645,0,hard_ground_18
37.021,3911,0,3614,0,hard_ground_18
37.022,3894,0,3609,0,hard_ground_18
37.028,3850,0,3592,0,hard_ground_18
37.035,3828,0,3643,0,hard_ground_18
37.038,3817,0,3642,0,hard_ground_18
37.045,3825,0,3675,0,hard_ground_18
37.049,3842,0,3678,0,hard_ground_18
37.056,3876,0,3674,0,hard_ground_18
37.056,3884,0,3672,0,hard_ground_18
37.063,3879,0,3692,0,hard_ground_18
37.07,3849,0,3658,0,hard_ground_18
37.071,3858,0,3645,0,hard_ground_18
37.077,3898,0,3637,0,hard_ground_18
37.084,3928,0,3583,0,hard_ground_18
37.09,3940,0,3556,0,hard_ground_18
37.091,3961,0,3565,0,hard_ground_18
37.098,3952,0,3581,0,hard_ground_18
37.105,3955,0,3608,0,hard_ground_18
37.106,3961,0,3632,0,hard_ground_18
37.114,3963,0,3630,0,hard_ground_18
37.119,3969,0,3644,0,hard_ground_18
37.125,3964,0,3645,0,hard_ground_18
37.126,3943,0,3646,0,hard_ground_18
37.134,3905,0,3649,0,hard_ground_18
37.139,3863,0,3670,0,hard_ground_18
37.142,3821,0,3683,0,hard_ground_18
37.146,3825,0,3683,0,hard_ground_18
37.154,3824,0,3670,0,hard_ground_18
37.16,3832,0,3676,0,hard_ground_18
37.161,3842,0,3667,0,hard_ground_18
37.167,3821,0,3679,0,hard_ground_18
37.174,3823,0,3677,0,hard_ground_18
37.181,3842,0,3669,0,hard_ground_18
37.181,3902,0,3668,0,hard_ground_18
37.189,3937,0,3681,0,hard_ground_18
37.195,3948,0,3669,0,hard_ground_18
37.198,3963,0,3652,0,hard_ground_18
37.202,3956,0,3667,0,hard_ground_18
37.209,3966,0,3641,0,hard_ground_18
37.215,3962,0,3632,0,hard_ground_18
37.216,3958,0,3625,0,hard_ground_18
37.223,3947,0,3621,0,hard_ground_18
37.23,3939,0,3617,0,hard_ground_18
37.231,3914,0,3641,0,hard_ground_18
37.239,3900,0,3668,0,hard_ground_18
37.243,3902,0,3677,0,hard_ground_18
37.25,3920,0,3649,0,hard_ground_18
37.251,3912,0,3662,0,hard_ground_18
37.257,3913,0,3650,0,hard_ground_18
37.264,3892,0,3643,0,hard_ground_18
37.264,3887,0,3635,0,hard_ground_18
37.271,3912,0,3616,0,hard_ground_18
37.278,3939,0,3627,0,hard_ground_18
37.285,3963,0,3620,0,hard_ground_18
37.289,3969,0,3629,0,hard_ground_18
37.292,3966,0,3639,0,hard_ground_18
37.299,3972,0,3648,0,hard_ground_18
37.301,3970,0,3656,0,hard_ground_18
37.306,3970,0,3644,0,hard_ground_18
37.314,3970,0,3669,0,hard_ground_18
37.32,3958,0,3656,0,hard_ground_18
37.322,3935,0,3629,0,hard_ground_18
37.327,3882,0,3648,0,hard_ground_18
37.334,3853,0,3652,0,hard_ground_18
37.34,3836,0,3670,0,hard_ground_18
37.341,3822,0,3664,0,hard_ground_18
37.348,3839,0,3660,0,hard_ground_18
37.355,3879,0,3663,0,hard_ground_18
37.355,3910,0,3665,0,hard_ground_18
37.363,3920,0,3655,0,hard_ground_18
37.368,3916,0,3664,0,hard_ground_18
37.375,3943,0,3650,0,hard_ground_18
37.376,3969,0,3644,0,hard_ground_18
37.382,3970,0,3646,0,hard_ground_18
37.389,3974,0,3649,0,hard_ground_18
37.39,3971,0,3648,0,hard_ground_18
37.396,3964,0,3665,0,hard_ground_18
37.404,3963,0,3642,0,hard_ground_18
37.41,3954,0,3637,0,hard_ground_18
37.413,3936,0,3633,0,hard_ground_18
37.417,3921,0,3626,0,hard_ground_18
37.424,3925,0,3625,0,hard_ground_18
37.429,3934,0,3645,0,hard_ground_18
37.431,3925,0,3665,0,hard_ground_18
37.439,3928,0,3662,0,hard_ground_18
37.444,3932,0,3669,0,hard_ground_18
37.446,3935,0,3672,0,hard_ground_18
37.451,3936,0,3685,0,hard_ground_18
37.459,3943,0,3668,0,hard_ground_18
37.464,3963,0,3658,0,hard_ground_18
37.466,3974,0,3678,0,hard_ground_18
37.473,3974,0,3642,0,hard_ground_18
37.48,3976,0,3624,0,hard_ground_18
37.48,3975,0,3626,0,hard_ground_18
37.489,3966,0,3609,0,hard_ground_18
37.493,3970,0,3585,0,hard_ground_18
37.5,3966,0,3621,0,hard_ground_18
37.5,3957,0,3639,0,hard_ground_18
37.507,3956,0,3656,0,hard_ground_18
37.514,3949,0,3657,0,hard_ground_18
37.515,3921,0,3683,0,hard_ground_18
37.521,3915,0,3691,0,hard_ground_18
37.528,3916,0,3672,0,hard_ground_18
37.535,3918,0,3664,0,hard_ground_18
37.54,3918,0,3658,0,hard_ground_18
37.543,3912,0,3636,0,hard_ground_18
37.549,3916,0,3652,0,hard_ground_18
37.55,3931,0,3616,0,hard_ground_18
37.556,3959,0,3629,0,hard_ground_18
37.563,3971,0,3636,0,hard_ground_18
37.569,3984,0,3664,0,hard_ground_18
37.574,3983,0,3625,0,hard_ground_18
37.577,3980,0,3650,0,hard_ground_18
37.583,3986,0,3656,0,hard_ground_18
37.585,3991,0,3638,0,hard_ground_18
37.591,3981,0,3650,0,hard_ground_18
37.597,3971,0,3639,0,hard_ground_18
37.604,3954,0,3630,0,hard_ground_18
37.605,3935,0,3638,0,hard_ground_18
37.613,3919,0,3654,0,hard_ground_18
37.618,3910,0,3653,0,hard_ground_18
37.62,3911,0,3686,0,hard_ground_18
37.625,3922,0,3713,0,hard_ground_18
37.633,3925,0,3707,0,hard_ground_18
37.639,3927,0,3692,0,hard_ground_18
37.64,3932,0,3669,0,hard_ground_18
37.646,3926,0,3638,0,hard_ground_18
37.654,3942,0,3623,0,hard_ground_18
37.654,3968,0,3581,0,hard_ground_18
37.663,3979,0,3592,0,hard_ground_18
37.668,3990,0,3595,0,hard_ground_18
37.674,3991,0,3587,0,hard_ground_18
37.678,3993,0,3590,0,hard_ground_18
37.681,3994,0,3588,0,hard_ground_18
37.688,3989,0,3593,0,hard_ground_18
37.694,3993,0,3600,0,hard_ground_18
37.695,3992,0,3626,0,hard_ground_18
37.702,3989,0,3623,0,hard_ground_18
37.709,3971,0,3635,0,hard_ground_18
37.71,3957,0,3634,0,hard_ground_18
37.716,3944,0,3624,0,hard_ground_18
37.723,3932,0,3635,0,hard_ground_18
37.729,3927,0,3645,0,hard_ground_18
37.731,3922,0,3652,0,hard_ground_18
37.736,3927,0,3678,0,hard_ground_18
37.743,3933,0,3668,0,hard_ground_18
37.745,3940,0,3668,0,hard_ground_18
37.75,3943,0,3647,0,hard_ground_18
37.758,3944,0,3649,0,hard_ground_18
37.768,3944,0,3647,0,hard_ground_18
37.77,3958,0,3663,0,hard_ground_18
37.773,3962,0,3680,0,hard_ground_18
37.779,3958,0,3650,0,hard_ground_18
37.779,3946,0,3568,0,hard_ground_18
37.789,3931,0,3506,0,hard_ground_18
37.792,3924,0,3465,0,hard_ground_18
37.799,3934,0,3510,0,hard_ground_18
37.803,3958,0,3579,0,hard_ground_18
37.806,3975,0,3692,0,hard_ground_18
37.813,3987,0,3730,0,hard_ground_18
37.814,3990,0,3753,0,hard_ground_18
37.82,3994,0,3776,0,hard_ground_18
37.828,3989,0,3761,0,hard_ground_18
37.834,3985,0,3739,0,hard_ground_18
37.835,3969,0,3703,0,hard_ground_18
37.841,3950,0,3641,0,hard_ground_18
37.848,3935,0,3594,0,hard_ground_18
37.853,3938,0,3586,0,hard_ground_18
37.854,3951,0,3617,0,hard_ground_18
37.863,3959,0,3692,0,hard_ground_18
37.868,3968,0,3732,0,hard_ground_18
37.873,3973,0,3745,0,hard_ground_18
37.875,3975,0,3746,0,hard_ground_18
37.883,3978,0,3746,0,hard_ground_18
37.889,3970,0,3737,0,hard_ground_18
37.89,3975,0,3731,0,hard_ground_18
37.896,3956,0,3644,0,hard_ground_18
37.903,3918,0,3500,0,hard_ground_18
37.904,3854,0,3016,0,hard_ground_18
37.912,3827,0,2996,0,hard_ground_18
37.917,3836,0,3265,0,hard_ground_18
37.924,3902,0,3602,0,hard_ground_18
37.929,3955,0,3711,0,hard_ground_18
37.931,3971,0,3694,0,hard_ground_18
37.938,3966,0,3656,0,hard_ground_18
37.943,3961,0,3599,0,hard_ground_18
37.945,3945,0,3534,0,hard_ground_18
37.953,3943,0,3533,0,hard_ground_18
37.959,3956,0,3561,0,hard_ground_18
37.959,3970,0,3656,0,hard_ground_18
37.966,3980,0,3725,0,hard_ground_18
37.972,3993,0,3768,0,hard_ground_18
37.978,3996,0,3789,0,hard_ground_18
37.98,3999,0,3800,0,hard_ground_18
37.987,3998,0,3806,0,hard_ground_18
37.993,3995,0,3797,0,hard_ground_18
37.994,3991,0,3791,0,hard_ground_18
38.0,3989,0,3770,0,hard_ground_18
38.008,3991,0,3749,0,hard_ground_18
38.008,3983,0,3725,0,hard_ground_18
38.015,3976,0,3694,0,hard_ground_18
38.022,3973,0,3705,0,hard_ground_18
38.029,3950,0,3706,0,hard_ground_18
38.033,3955,0,3713,0,hard_ground_18
38.038,3961,0,3725,0,hard_ground_18
38.043,3975,0,3730,0,hard_ground_18
38.048,3968,0,3689,0,hard_ground_18
38.049,3964,0,3623,0,hard_ground_18
38.056,3932,0,3419,0,hard_ground_18
38.062,3904,0,3252,0,hard_ground_18
38.064,3926,0,3193,0,hard_ground_18
38.07,3961,0,3501,0,hard_ground_18
38.077,3986,0,3633,0,hard_ground_18
38.083,3997,0,3707,0,hard_ground_18
38.084,3993,0,3727,0,hard_ground_18
38.091,3990,0,3726,0,hard_ground_18
38.098,3983,0,3732,0,hard_ground_18
38.098,3977,0,3736,0,hard_ground_18
38.105,3990,0,3744,0,hard_ground_18
38.111,3995,0,3763,0,hard_ground_18
38.118,4001,0,3780,0,hard_ground_18
38.119,3999,0,3794,0,hard_ground_18
38.125,4003,0,3798,0,hard_ground_18
38.132,4001,0,3790,0,hard_ground_18
38.134,4001,0,3777,0,hard_ground_18
38.139,3997,0,3747,0,hard_ground_18
38.148,3988,0,3721,0,hard_ground_18
38.153,3977,0,3699,0,hard_ground_18
38.153,3978,0,3681,0,hard_ground_18
38.161,3972,0,3698,0,hard_ground_18
38.167,3979,0,3706,0,hard_ground_18
38.17,3984,0,3732,0,hard_ground_18
38.176,3990,0,3749,0,hard_ground_18
38.183,3986,0,3743,0,hard_ground_18
38.188,3987,0,3748,0,hard_ground_18
38.189,3986,0,3736,0,hard_ground_18
38.195,3988,0,3727,0,hard_ground_18
38.203,3978,0,3654,0,hard_ground_18
38.208,3959,0,3443,0,hard_ground_18
38.213,3898,0,2959,0,hard_ground_18
38.216,3849,0,2848,0,hard_ground_18
38.223,3825,0,3276,0,hard_ground_18
38.226,3914,0,3651,0,hard_ground_18
38.229,3982,0,3699,0,hard_ground_18
38.237,3993,0,3720,0,hard_ground_18
38.243,4002,0,3736,0,hard_ground_18
38.244,4003,0,3720,0,hard_ground_18
38.251,3996,0,3727,0,hard_ground_18
38.257,3996,0,3740,0,hard_ground_18
38.257,4002,0,3778,0,hard_ground_18
38.264,4010,0,3808,0,hard_ground_18
38.271,4012,0,3812,0,hard_ground_18
38.278,4013,0,3810,0,hard_ground_18
38.282,4008,0,3794,0,hard_ground_18
38.285,4001,0,3760,0,hard_ground_18
38.292,3984,0,3739,0,hard_ground_18
38.292,3970,0,3713,0,hard_ground_18
38.3,3971,0,3687,0,hard_ground_18
38.305,3966,0,3602,0,hard_ground_18
38.313,3967,0,3622,0,hard_ground_18
38.314,3975,0,3615,0,hard_ground_18
38.321,3975,0,3655,0,hard_ground_18
38.326,3970,0,3693,0,hard_ground_18
38.333,3963,0,3704,0,hard_ground_18
38.334,3963,0,3696,0,hard_ground_18
38.342,3954,0,3667,0,hard_ground_18
38.347,3955,0,3612,0,hard_ground_18
38.348,3923,0,3501,0,hard_ground_18
38.354,3634,0,3057,0,hard_ground_18
38.362,2710,0,2190,0,hard_ground_18
38.362,2630,0,1478,0,hard_ground_18
38.37,3573,0,2043,0,hard_ground_18
38.376,3683,0,3002,0,hard_ground_18
38.382,3746,0,3144,0,hard_ground_18
38.387,3664,0,3074,0,hard_ground_18
38.389,3189,0,2500,0,hard_ground_18
38.397,1669,0,0,0,hard_ground_18
38.403,0,0,0,0,hard_ground_18
38.405,0,0,0,0,hard_ground_18
38.41,0,0,0,0,hard_ground_18
38.417,0,777,0,0,hard_ground_18
38.421,0,2469,0,0,hard_ground_18
38.424,0,2946,0,1591,hard_ground_18
38.431,0,3174,0,1908,hard_ground_18
38.437,0,3224,0,2725,hard_ground_18
38.438,0,3060,0,2720,hard_ground_18
38.445,0,2658,0,1706,hard_ground_18
38.451,0,0,0,1193,hard_ground_18
38.457,0,0,0,0,hard_ground_18
38.459,0,0,0,0,hard_ground_18
38.466,0,0,0,1072,hard_ground_18
38.472,0,0,0,1563,hard_ground_18
38.473,0,0,0,1612,hard_ground_18
38.48,0,0,0,1515,hard_ground_18
38.486,0,1391,0,1011,hard_ground_18
38.488,0,1805,0,1135,hard_ground_18
38.493,0,2390,0,0,hard_ground_18
38.5,0,2494,0,0,hard_ground_18
38.507,0,1662,0,0,hard_ground_18
38.508,0,1177,0,0,hard_ground_18
38.516,0,1283,0,0,hard_ground_18
38.521,0,2048,1156,0,hard_ground_18
38.521,1558,2164,0,0,hard_ground_18
38.528,0,835,0,0,hard_ground_18
38.535,0,0,148,0,hard_ground_18
38.542,0,0,1171,0,hard_ground_18
38.546,0,1313,2634,0,hard_ground_18
38.549,2000,1347,3024,0,hard_ground_18
38.557,3034,1926,3070,0,hard_ground_18
38.562,3649,2222,2650,0,hard_ground_18
38.563,3812,2189,2402,0,hard_ground_18
38.57,3847,1743,1601,0,hard_ground_18
38.577,3833,0,2241,0,hard_ground_18
38.581,3740,0,2948,0,hard_ground_18
38.584,3662,0,3250,0,hard_ground_18
38.592,3738,0,3452,0,hard_ground_18
38.597,3749,0,3487,0,hard_ground_18
38.602,3856,1744,3473,0,hard_ground_18
38.604,3908,1982,3340,0,hard_ground_18
38.612,3845,1838,3308,0,hard_ground_18
38.616,3680,0,3180,0,hard_ground_18
38.618,3369,0,3410,0,hard_ground_18
38.625,3639,0,3464,0,hard_ground_18
38.632,3767,0,3562,0,hard_ground_18
38.632,3834,0,3668,0,hard_ground_18
38.64,3915,0,3784,0,hard_ground_18
38.646,3940,0,3813,0,hard_ground_18
38.648,3955,0,3878,0,hard_ground_18
38.653,3957,0,3901,0,hard_ground_18
38.66,3941,0,3905,0,hard_ground_18
38.667,3958,0,3910,0,hard_ground_18
38.668,3962,0,3916,0,hard_ground_18
38.674,3977,0,3898,0,hard_ground_18
38.68,3975,0,3893,0,hard_ground_18
38.683,3943,0,3893,0,hard_ground_18
38.688,3931,0,3895,0,hard_ground_18
38.694,3919,0,3892,0,hard_ground_18
38.702,3923,0,3887,0,hard_ground_18
38.702,3937,0,3862,0,hard_ground_18
38.708,3943,0,3860,0,hard_ground_18
38.717,3930,0,3876,0,hard_ground_18
38.717,3925,0,3901,0,hard_ground_18
38.725,3941,0,3906,0,hard_ground_18
38.729,3950,0,3889,0,hard_ground_18
38.737,3958,0,3911,0,hard_ground_18
38.737,3971,0,3904,0,hard_ground_18
38.747,3977,0,3912,0,hard_ground_18
38.75,3988,0,3918,0,hard_ground_18
38.757,3996,0,3933,0,hard_ground_18
38.757,4008,0,3932,0,hard_ground_18
38.767,4014,0,3924,0,hard_ground_18
38.771,4017,0,3913,0,hard_ground_18
38.775,4017,0,3901,0,hard_ground_18
38.778,4013,0,3895,0,hard_ground_18
38.786,4007,0,3893,0,hard_ground_18
38.791,4006,0,3893,0,hard_ground_18
38.793,4007,0,3878,0,hard_ground_18
38.799,4012,0,3873,0,hard_ground_18
38.806,4016,0,3873,0,hard_ground_18
38.806,4021,0,3894,0,hard_ground_18
38.816,4023,0,3902,0,hard_ground_18
38.82,4029,0,3912,0,hard_ground_18
38.826,4031,0,3929,0,hard_ground_18
38.828,4037,0,3932,0,hard_ground_18
38.833,4033,0,3921,0,hard_ground_18
38.841,4031,0,3910,0,hard_ground_18
38.842,4026,0,3905,0,hard_ground_18
38.847,4025,0,3888,0,hard_ground_18
38.856,4021,0,3887,0,hard_ground_18
38.861,4018,0,3876,0,hard_ground_18
38.862,4019,0,3882,0,hard_ground_18
38.87,4020,0,3891,0,hard_ground_18
38.875,4019,0,3895,0,hard_ground_18
38.881,4028,0,3890,0,hard_ground_18
38.882,4033,0,3902,0,hard_ground_18
38.89,4029,0,3905,0,hard_ground_18
38.896,4030,0,3923,0,hard_ground_18
38.897,4027,0,3931,0,hard_ground_18
38.903,4030,0,3924,0,hard_ground_18
38.91,4034,0,3923,0,hard_ground_18
38.91,4031,0,3926,0,hard_ground_18
38.921,4034,0,3925,0,hard_ground_18
38.925,4034,0,3922,0,hard_ground_18
38.931,4032,0,3916,0,hard_ground_18
38.935,4028,0,3906,0,hard_ground_18
38.938,4026,0,3901,0,hard_ground_18
38.946,4022,0,3892,0,hard_ground_18
38.951,4014,0,3891,0,hard_ground_18
38.952,4014,0,3885,0,hard_ground_18
38.959,4018,0,3884,0,hard_ground_18
38.966,4016,0,3894,0,hard_ground_18
38.97,4024,0,3891,0,hard_ground_18
38.973,4024,0,3904,0,hard_ground_18
38.979,4026,0,3910,0,hard_ground_18
38.986,4024,0,3910,0,hard_ground_18
38.986,4030,0,3908,0,hard_ground_18
38.996,4024,0,3910,0,hard_ground_18
39.0,4021,0,3915,0,hard_ground_18
39.006,4021,0,3914,0,hard_ground_18
39.007,4023,0,3917,0,hard_ground_18
39.015,4027,0,3921,0,hard_ground_18
39.021,4026,0,3907,0,hard_ground_18
39.022,4024,0,3905,0,hard_ground_18
39.028,4028,0,3903,0,hard_ground_18
39.035,4027,0,3888,0,hard_ground_18
39.035,4024,0,3891,0,hard_ground_18
39.043,4021,0,3891,0,hard_ground_18
39.049,4021,0,3909,0,hard_ground_18
39.055,4019,0,3913,0,hard_ground_18
39.056,4022,0,3918,0,hard_ground_18
39.063,4026,0,3906,0,hard_ground_18
39.07,4029,0,3912,0,hard_ground_18
39.071,4032,0,3888,0,hard_ground_18
39.077,4034,0,3865,4043,hard_ground_18
39.085,4041,0,3862,0,hard_ground_18
39.09,4036,0,3851,0,hard_ground_18
39.091,4030,0,3856,2422,hard_ground_18
39.098,4032,0,3792,0,hard_ground_18
39.105,4028,0,3669,0,hard_ground_18
39.111,4022,0,3655,0,hard_ground_18
39.112,4021,0,3413,0,hard_ground_18
39.118,4011,0,3294,0,hard_ground_18
39.126,4004,0,2756,0,hard_ground_18
39.126,4012,0,1991,0,hard_ground_18
39.135,4009,0,3048,0,hard_ground_18
39.14,4016,0,3481,0,hard_ground_18
39.146,4017,0,3545,0,hard_ground_18
39.15,4030,0,3617,0,hard_ground_18
39.154,4033,0,3615,0,hard_ground_18
39.16,4038,0,3675,0,hard_ground_18
39.16,4044,0,3683,0,hard_ground_18
39.17,4042,0,3651,0,hard_ground_18
39.173,4040,0,3614,0,hard_ground_18
39.177,4033,0,3371,0,hard_ground_18
39.181,4039,0,3260,0,hard_ground_18
39.188,4030,0,3015,0,hard_ground_18
39.195,4031,0,2215,0,hard_ground_18
39.195,4026,0,2327,0,hard_ground_18
39.202,4025,0,2769,0,hard_ground_18
39.208,4031,0,3174,0,hard_ground_18
39.216,4027,0,3400,0,hard_ground_18
39.219,4029,0,3479,0,hard_ground_18
39.223,4035,0,3512,0,hard_ground_18
39.229,4034,0,3444,0,hard_ground_18
39.231,4037,0,3399,0,hard_ground_18
39.236,4037,0,3434,0,hard_ground_18
39.245,4032,0,3507,0,hard_ground_18
39.25,4029,0,3512,0,hard_ground_18
39.251,4029,0,3349,0,hard_ground_18
39.257,4030,0,3088,2426,hard_ground_18
39.265,4026,0,3014,2833,hard_ground_18
39.27,4023,0,2423,3058,hard_ground_18
39.271,4017,0,825,3573,hard_ground_18
39.278,4016,0,0,3851,hard_ground_18
39.285,4016,0,0,3925,hard_ground_18
39.285,4018,0,0,3944,hard_ground_18
39.293,4016,0,0,3899,hard_ground_18
39.298,4026,0,0,3796,hard_ground_18
39.305,4023,0,1036,3538,hard_ground_18
39.306,4029,0,2569,3376,hard_ground_18
39.315,4030,0,3185,3544,hard_ground_18
39.319,4028,0,3502,3555,hard_ground_18
39.325,4029,0,3542,2574,hard_ground_18
39.326,4034,0,3534,0,hard_ground_18
39.334,4038,0,3544,0,hard_ground_18
39.34,4037,0,3567,0,hard_ground_18
39.34,4029,0,3569,0,hard_ground_18
39.349,4028,0,3574,0,hard_ground_18
39.354,4029,0,3547,0,hard_ground_18
39.356,4027,0,3528,0,hard_ground_18
39.361,4032,0,3555,0,hard_ground_18
39.37,4035,0,3600,0,hard_ground_18
39.375,4037,0,3693,0,hard_ground_18
39.376,4035,0,3735,0,hard_ground_18
39.382,4034,0,3747,0,hard_ground_18
39.389,4031,0,3735,0,hard_ground_18
39.389,4033,0,3701,0,hard_ground_18
39.397,4031,0,3608,0,hard_ground_18
39.403,4025,0,3557,0,hard_ground_18
39.409,4027,0,3487,0,hard_ground_18
39.411,4031,0,3436,0,hard_ground_18
39.417,4029,0,3447,0,hard_ground_18
39.424,4032,0,3508,0,hard_ground_18
39.43,4034,0,3558,0,hard_ground_18
39.431,4033,0,3579,0,hard_ground_18
39.438,4031,0,3573,0,hard_ground_18
39.444,4034,0,3568,0,hard_ground_18
39.448,4035,0,3520,0,hard_ground_18
39.451,4033,0,3489,0,hard_ground_18
39.459,4036,0,3478,0,hard_ground_18
39.465,4041,0,3471,0,hard_ground_18
39.467,4035,0,3477,0,hard_ground_18
39.472,4036,0,3428,0,hard_ground_18
39.479,4031,0,3355,0,hard_ground_18
39.481,4042,0,3333,0,hard_ground_18
39.489,4037,0,3366,0,hard_ground_18
39.493,4035,0,3404,0,hard_ground_18
39.5,4046,0,3424,0,hard_ground_18
39.5,4032,0,3435,0,hard_ground_18
39.51,4036,0,3505,0,hard_ground_18
39.515,4033,0,3543,0,hard_ground_18
39.515,4041,0,3530,0,hard_ground_18
39.521,4041,0,3521,0,hard_ground_18
39.528,4042,0,3491,0,hard_ground_18
39.534,4031,0,3496,0,hard_ground_18
39.541,4031,0,3548,0,hard_ground_18
39.542,4031,0,3617,0,hard_ground_18
39.55,4030,0,3596,0,hard_ground_18
39.55,4029,0,3478,0,hard_ground_18
39.557,4025,0,2964,0,hard_ground_18
39.564,4012,0,2676,0,hard_ground_18
39.57,3995,0,2665,0,hard_ground_18
39.573,3965,0,2618,0,hard_ground_18
39.577,3912,0,3190,0,hard_ground_18
39.584,3878,0,3432,0,hard_ground_18
39.589,3888,0,3262,0,hard_ground_18
39.592,3928,0,3105,392,hard_ground_18
39.597,3936,0,3259,2618,hard_ground_18
39.605,3903,0,3418,3477,hard_ground_18
39.605,3841,0,3475,3682,hard_ground_18
39.614,3683,0,3341,3802,hard_ground_18
39.618,3479,0,3086,3739,hard_ground_18
39.624,3300,0,2610,3533,hard_ground_18
39.629,2380,0,2445,3204,hard_ground_18
39.633,847,0,0,3432,hard_ground_18
39.639,2316,0,2038,3781,hard_ground_18
39.64,2741,0,2698,3856,hard_ground_18
39.648,2768,0,2770,3878,hard_ground_18
39.653,0,0,2928,3880,hard_ground_18
39.659,0,0,2927,3899,hard_ground_18
39.664,0,0,2753,3873,hard_ground_18
39.667,0,0,2564,3832,hard_ground_18
39.674,0,0,0,3750,hard_ground_18
39.674,0,0,0,3418,hard_ground_18
39.683,0,0,0,3257,hard_ground_18
39.688,0,0,0,3772,hard_ground_18
39.694,0,0,0,3841,hard_ground_18
39.699,0,2328,2611,3918,hard_ground_18
39.701,0,2466,2564,3938,hard_ground_18
39.708,0,2656,0,3925,hard_ground_18
39.714,0,2663,0,3915,hard_ground_18
39.715,0,2644,0,3881,hard_ground_18
39.724,0,2858,0,3840,hard_ground_18
39.729,0,2967,0,3852,hard_ground_18
39.729,0,3037,0,3899,hard_ground_18
39.737,0,3123,0,3915,hard_ground_18
39.743,0,3142,0,3904,hard_ground_18
39.748,0,3194,0,3886,hard_ground_18
39.75,0,3201,0,3826,hard_ground_18
39.757,0,3299,0,3848,hard_ground_18
39.764,0,3329,0,3868,hard_ground_18
39.764,0,3508,0,3886,hard_ground_18
39.773,0,3573,0,3871,hard_ground_18
39.777,0,3575,0,3872,hard_ground_18
39.784,0,3542,0,3882,hard_ground_18
39.785,0,3509,0,3886,hard_ground_18
39.793,0,3536,0,3910,hard_ground_18
39.798,0,3574,0,3910,hard_ground_18
39.8,0,3622,0,3907,hard_ground_18
39.806,0,3603,0,3909,hard_ground_18
39.813,0,3514,0,3894,hard_ground_18
39.819,0,3191,0,3853,hard_ground_18
39.821,0,2879,0,3698,hard_ground_18
39.827,0,2496,0,3306,hard_ground_18
39.834,0,2653,0,2601,hard_ground_18
39.834,0,3000,0,3569,hard_ground_18
39.842,0,3482,0,3901,hard_ground_18
39.848,0,3665,2907,3959,hard_ground_18
39.854,0,3727,3029,3986,hard_ground_18
39.855,0,3729,2509,3984,hard_ground_18
39.864,0,3738,0,3975,hard_ground_18
39.868,0,3674,0,3943,hard_ground_18
39.87,0,3592,0,3891,hard_ground_18
39.875,0,3384,0,3841,hard_ground_18
39.884,0,3099,0,3819,hard_ground_18
39.889,0,2706,0,3847,hard_ground_18
39.89,0,2613,0,3886,hard_ground_18
39.896,0,2656,0,3897,hard_ground_18
39.903,0,2980,0,3891,hard_ground_18
39.903,0,3306,0,3882,hard_ground_18
39.911,0,3380,0,3884,hard_ground_18
39.917,0,3481,0,3896,hard_ground_18
39.923,0,3531,0,3925,hard_ground_18
39.926,0,3526,0,3952,hard_ground_18
39.931,0,3518,0,3964,hard_ground_18
39.938,0,3525,0,3954,hard_ground_18
39.944,0,3463,0,3981,hard_ground_18
39.948,0,3514,0,3973,hard_ground_18
39.953,0,3571,0,3973,hard_ground_18
39.958,0,3669,0,3957,hard_ground_18
39.961,0,3707,0,3966,hard_ground_18
39.965,0,3684,0,3981,hard_ground_18
39.972,0,3463,0,3960,hard_ground_18
39.979,0,3136,0,3933,hard_ground_18
39.98,0,3108,0,3891,hard_ground_18
39.986,0,3446,0,3799,hard_ground_18
39.993,0,3625,0,3855,hard_ground_18
39.994,0,3725,0,3930,hard_ground_18
40.0,0,3786,0,3972,hard_ground_18
40.007,0,3791,0,3992,hard_ground_18
