time,fsr1,fsr2,fsr3,fsr4,label
0.001,0,0,0,0,grass_12
0.001,0,0,0,0,grass_12
0.001,0,0,0,0,grass_12
0.001,0,0,0,0,grass_12
0.001,0,0,0,0,grass_12
0.001,0,0,0,0,grass_12
0.001,0,0,0,0,grass_12
0.001,0,0,0,0,grass_12
0.001,0,0,0,0,grass_12
0.001,0,0,0,0,grass_12
0.001,0,0,0,0,grass_12
0.001,0,0,0,0,grass_12
0.001,0,0,0,0,grass_12
0.001,0,0,0,0,grass_12
0.001,0,0,0,0,grass_12
0.001,0,0,0,0,grass_12
0.001,0,0,0,0,grass_12
0.001,0,0,0,0,grass_12
0.001,0,0,0,0,grass_12
0.001,0,0,0,0,grass_12
0.001,0,0,0,0,grass_12
0.001,0,0,0,0,grass_12
0.001,0,0,0,0,grass_12
0.001,0,0,0,0,grass_12
0.001,0,0,0,0,grass_12
0.001,0,0,0,0,grass_12
0.001,0,0,0,0,grass_12
0.001,0,0,0,0,grass_12
0.001,0,0,0,0,grass_12
0.001,0,0,0,0,grass_12
0.001,0,0,0,0,grass_12
0.001,0,0,0,0,grass_12
0.001,0,0,0,0,grass_12
0.001,0,0,0,0,grass_12
0.001,0,0,0,0,grass_12
0.001,0,0,0,0,grass_12
0.001,0,0,0,0,grass_12
0.001,0,0,0,0,grass_12
0.001,0,0,0,0,grass_12
0.001,0,0,0,0,grass_12
0.001,0,0,0,0,grass_12
0.006,0,0,0,0,grass_12
0.006,0,0,0,0,grass_12
0.006,0,0,0,0,grass_12
0.006,0,0,0,0,grass_12
0.006,0,0,0,0,grass_12
0.006,0,0,0,0,grass_12
0.006,0,0,0,0,grass_12
0.006,0,0,0,0,grass_12
0.007,0,0,0,0,grass_12
0.007,0,0,0,0,grass_12
0.007,0,0,0,0,grass_12
0.007,0,0,0,0,grass_12
0.007,0,0,0,0,grass_12
0.007,0,0,0,0,grass_12
0.007,0,0,0,0,grass_12
0.007,0,0,0,0,grass_12
0.007,0,0,0,0,grass_12
0.007,0,0,0,0,grass_12
0.007,0,0,0,0,grass_12
0.007,0,0,0,0,grass_12
0.008,0,0,0,0,grass_12
0.008,0,0,0,0,grass_12
0.008,0,0,0,0,grass_12
0.008,0,0,0,0,grass_12
0.008,0,0,0,0,grass_12
0.008,0,0,0,0,grass_12
0.008,0,0,0,0,grass_12
0.008,0,0,0,0,grass_12
0.008,0,0,0,0,grass_12
0.009,0,0,0,0,grass_12
0.009,0,0,0,0,grass_12
0.009,0,0,0,0,grass_12
0.009,0,0,0,0,grass_12
0.009,0,0,0,0,grass_12
0.009,0,0,0,0,grass_12
0.009,0,0,0,0,grass_12
0.009,0,0,0,0,grass_12
0.01,0,0,0,0,grass_12
0.01,0,0,0,0,grass_12
0.011,0,0,0,0,grass_12
0.011,0,0,0,0,grass_12
0.011,0,0,0,0,grass_12
0.011,683,0,0,0,grass_12
0.011,737,0,0,0,grass_12
0.011,711,0,0,0,grass_12
0.011,699,0,0,0,grass_12
0.011,679,0,0,0,grass_12
0.011,693,0,0,0,grass_12
0.011,645,0,0,0,grass_12
0.011,698,0,0,0,grass_12
0.011,622,0,0,0,grass_12
0.011,741,0,0,0,grass_12
0.011,745,0,0,0,grass_12
0.011,725,0,0,0,grass_12
0.011,732,0,0,0,grass_12
0.011,714,0,0,0,grass_12
0.011,747,0,0,0,grass_12
0.011,719,0,0,0,grass_12
0.011,756,0,0,0,grass_12
0.011,764,0,0,0,grass_12
0.011,771,0,0,0,grass_12
0.011,871,0,0,0,grass_12
0.011,804,0,0,0,grass_12
0.011,877,0,0,0,grass_12
0.011,771,0,0,0,grass_12
0.011,774,0,0,0,grass_12
0.011,781,0,0,0,grass_12
0.011,878,0,0,0,grass_12
0.011,886,0,0,0,grass_12
0.011,889,0,0,0,grass_12
0.011,876,0,0,0,grass_12
0.011,784,0,0,0,grass_12
0.011,876,0,0,0,grass_12
0.011,907,0,0,0,grass_12
0.011,915,0,0,0,grass_12
0.011,896,0,0,0,grass_12
0.011,908,0,0,0,grass_12
0.011,925,0,0,0,grass_12
0.011,946,0,0,0,grass_12
0.011,945,0,0,0,grass_12
0.011,929,0,0,0,grass_12
0.011,821,0,0,0,grass_12
0.015,906,0,0,0,grass_12
0.015,902,0,0,0,grass_12
0.015,907,0,0,0,grass_12
0.016,929,0,0,0,grass_12
0.016,939,0,0,0,grass_12
0.016,948,0,0,0,grass_12
0.016,955,0,0,0,grass_12
0.016,934,0,0,0,grass_12
0.016,943,0,0,0,grass_12
0.016,939,0,0,0,grass_12
0.016,933,0,0,0,grass_12
0.016,938,0,0,0,grass_12
0.016,931,0,0,0,grass_12
0.016,865,0,0,0,grass_12
0.016,951,0,0,0,grass_12
0.016,1590,0,0,0,grass_12
0.016,1618,0,0,0,grass_12
0.016,939,0,0,0,grass_12
0.017,1533,0,0,0,grass_12
0.017,1648,0,0,0,grass_12
0.017,1684,0,0,0,grass_12
0.017,1701,0,0,0,grass_12
0.017,1662,0,0,0,grass_12
0.017,1682,0,0,0,grass_12
0.017,1652,0,0,0,grass_12
0.017,1646,0,0,0,grass_12
0.017,1672,0,0,0,grass_12
0.017,1657,0,0,0,grass_12
0.017,1697,0,0,0,grass_12
0.017,1694,0,0,0,grass_12
0.017,1676,0,0,0,grass_12
0.017,1653,0,0,0,grass_12
0.017,1651,0,0,0,grass_12
0.017,1674,0,0,0,grass_12
0.017,1705,0,0,0,grass_12
0.017,1701,0,0,0,grass_12
0.017,1702,0,0,0,grass_12
0.017,1711,0,0,0,grass_12
0.017,1693,0,0,0,grass_12
0.02,1667,0,0,0,grass_12
0.02,1664,0,0,0,grass_12
0.02,1666,0,0,0,grass_12
0.02,1687,0,0,0,grass_12
0.02,1674,0,0,0,grass_12
0.02,1659,0,0,0,grass_12
0.02,1697,0,0,0,grass_12
0.02,1714,0,0,0,grass_12
0.02,1724,0,0,0,grass_12
0.02,1682,0,0,0,grass_12
0.02,1715,0,0,0,grass_12
0.02,1708,0,0,0,grass_12
0.02,1714,0,0,0,grass_12
0.02,1713,0,0,0,grass_12
0.02,1723,0,0,0,grass_12
0.02,1721,0,0,0,grass_12
0.02,1761,0,0,0,grass_12
0.02,1755,0,0,0,grass_12
0.02,1717,0,0,0,grass_12
0.02,1735,0,0,0,grass_12
0.02,1749,0,0,0,grass_12
0.02,1737,0,0,0,grass_12
0.02,1754,0,0,0,grass_12
0.02,1745,0,0,0,grass_12
0.02,1758,0,0,0,grass_12
0.02,1758,0,0,0,grass_12
0.02,1758,0,0,0,grass_12
0.02,1757,0,0,0,grass_12
0.02,1771,0,0,0,grass_12
0.02,1773,0,0,0,grass_12
0.02,1759,0,0,0,grass_12
0.02,1757,0,0,0,grass_12
0.02,1773,0,0,0,grass_12
0.02,1827,0,0,0,grass_12
0.02,1870,0,0,0,grass_12
0.02,1871,0,0,0,grass_12
0.02,1798,0,0,0,grass_12
0.02,1788,0,0,0,grass_12
0.02,1784,0,0,0,grass_12
0.02,1793,0,0,0,grass_12
0.02,1791,0,0,0,grass_12
0.02,1799,0,0,0,grass_12
0.02,1794,0,0,0,grass_12
0.02,1771,0,0,0,grass_12
0.02,1800,0,0,0,grass_12
0.02,1791,0,0,0,grass_12
0.025,1832,0,0,0,grass_12
0.025,1874,0,0,0,grass_12
0.025,1887,0,0,0,grass_12
0.025,1906,0,0,0,grass_12
0.025,1937,0,0,0,grass_12
0.025,1946,0,0,0,grass_12
0.025,1922,0,0,0,grass_12
0.025,1933,0,0,0,grass_12
0.027,1962,0,0,0,grass_12
0.027,1977,0,0,0,grass_12
0.027,1993,0,0,0,grass_12
0.027,1993,0,0,0,grass_12
0.027,1970,0,0,0,grass_12
0.027,1967,0,0,0,grass_12
0.027,1956,0,0,0,grass_12
0.027,1939,0,0,0,grass_12
0.027,1922,0,0,0,grass_12
0.027,1891,0,0,0,grass_12
0.027,1910,0,0,0,grass_12
0.027,1941,0,0,0,grass_12
0.027,1956,0,0,0,grass_12
0.027,1974,0,0,0,grass_12
0.027,1981,0,0,0,grass_12
0.027,1981,0,0,0,grass_12
0.027,1973,0,0,0,grass_12
0.027,1974,0,0,0,grass_12
0.027,1990,0,0,0,grass_12
0.027,2000,0,0,0,grass_12
0.027,2009,0,0,0,grass_12
0.027,1996,0,0,0,grass_12
0.027,2023,0,0,0,grass_12
0.03,2032,0,0,0,grass_12
0.03,2033,0,0,0,grass_12
0.03,2028,0,0,0,grass_12
0.03,2031,0,0,0,grass_12
0.03,2023,0,0,0,grass_12
0.03,2018,0,0,0,grass_12
0.03,2019,0,0,0,grass_12
0.03,2006,0,0,0,grass_12
0.03,2003,0,0,0,grass_12
0.03,1999,0,0,0,grass_12
0.03,1996,0,0,0,grass_12
0.03,1996,0,0,0,grass_12
0.03,1997,0,0,0,grass_12
0.03,1989,0,0,0,grass_12
0.03,1993,0,0,0,grass_12
0.03,1986,0,0,0,grass_12
0.03,1996,0,0,0,grass_12
0.03,1991,0,0,0,grass_12
0.03,1989,0,0,0,grass_12
0.03,2027,0,0,0,grass_12
0.033,2031,0,0,0,grass_12
0.033,2033,0,0,0,grass_12
0.033,2033,0,0,0,grass_12
0.033,2021,0,0,0,grass_12
0.033,2032,0,0,0,grass_12
0.033,2025,0,0,0,grass_12
0.033,2023,0,0,0,grass_12
0.033,2019,0,0,0,grass_12
0.033,2020,0,0,0,grass_12
0.033,2021,0,0,0,grass_12
0.033,1998,0,0,0,grass_12
0.033,2000,0,0,0,grass_12
0.033,1980,0,0,0,grass_12
0.033,1998,0,0,0,grass_12
0.033,1992,0,0,0,grass_12
0.033,1974,0,0,0,grass_12
0.033,2005,0,0,0,grass_12
0.033,2029,0,0,0,grass_12
0.033,2059,0,0,0,grass_12
0.033,2025,0,0,0,grass_12
0.033,2063,0,0,0,grass_12
0.033,2062,0,0,0,grass_12
0.033,2107,0,0,0,grass_12
0.033,2104,0,0,0,grass_12
0.033,2080,0,0,0,grass_12
0.036,2077,0,0,0,grass_12
0.036,2075,0,0,0,grass_12
0.036,2081,0,0,0,grass_12
0.036,2079,0,0,0,grass_12
0.036,2052,0,0,0,grass_12
0.036,2060,0,0,0,grass_12
0.036,2065,0,0,0,grass_12
0.036,2066,0,0,0,grass_12
0.036,2065,0,0,0,grass_12
0.036,2061,0,0,0,grass_12
0.036,2060,0,0,0,grass_12
0.036,2055,0,0,0,grass_12
0.036,2068,0,0,0,grass_12
0.036,2070,0,0,0,grass_12
0.036,2062,0,0,0,grass_12
0.036,2078,0,0,0,grass_12
0.036,2093,0,0,0,grass_12
0.036,2106,0,0,0,grass_12
0.036,2122,0,0,0,grass_12
0.036,2110,0,0,0,grass_12
0.036,2100,0,0,0,grass_12
0.036,2110,0,0,0,grass_12
0.036,2104,0,0,0,grass_12
0.036,2102,0,0,0,grass_12
0.036,2096,0,0,0,grass_12
0.036,2110,0,0,0,grass_12
0.036,2115,0,0,0,grass_12
0.036,2109,0,0,0,grass_12
0.036,2108,0,0,0,grass_12
0.036,2085,0,0,0,grass_12
0.036,2096,0,0,0,grass_12
0.036,2107,0,0,0,grass_12
0.036,2105,0,0,0,grass_12
0.036,2115,0,0,0,grass_12
0.036,2096,0,0,0,grass_12
0.036,2100,0,0,0,grass_12
0.036,2105,0,0,0,grass_12
0.036,2103,0,0,0,grass_12
0.036,2105,0,0,0,grass_12
0.036,2111,0,0,0,grass_12
0.04,2122,0,0,0,grass_12
0.04,2145,0,0,0,grass_12
0.04,2135,0,0,0,grass_12
0.04,2124,0,0,0,grass_12
0.04,2128,0,0,0,grass_12
0.04,2137,0,0,0,grass_12
0.04,2148,0,0,0,grass_12
0.04,2141,0,0,0,grass_12
0.04,2128,0,0,0,grass_12
0.04,2126,0,0,0,grass_12
0.04,2137,0,0,0,grass_12
0.04,2149,0,0,0,grass_12
0.04,2132,0,0,0,grass_12
0.04,2138,0,0,0,grass_12
0.04,2132,0,0,0,grass_12
0.04,2136,0,0,0,grass_12
0.04,2103,0,0,0,grass_12
0.04,2124,0,0,0,grass_12
0.04,2137,0,0,0,grass_12
0.04,2143,0,0,0,grass_12
0.04,2122,0,0,0,grass_12
0.04,2111,0,0,0,grass_12
0.04,2217,0,0,0,grass_12
0.04,2107,0,0,0,grass_12
0.04,2255,0,0,0,grass_12
0.04,2282,0,0,0,grass_12
0.04,2288,0,0,0,grass_12
0.04,2272,0,0,0,grass_12
0.04,2255,0,0,0,grass_12
0.04,2216,0,0,0,grass_12
0.04,2203,0,0,0,grass_12
0.04,2217,0,0,0,grass_12
0.04,2236,0,0,0,grass_12
0.04,2257,0,0,0,grass_12
0.04,2263,0,0,0,grass_12
0.04,2260,0,0,0,grass_12
0.04,2245,0,0,0,grass_12
0.04,2232,0,0,0,grass_12
0.04,2222,0,0,0,grass_12
0.04,2236,0,0,0,grass_12
0.04,2261,0,0,0,grass_12
0.045,2264,0,0,0,grass_12
0.045,2278,0,0,0,grass_12
0.045,2280,0,0,0,grass_12
0.045,2271,0,0,0,grass_12
0.045,2269,0,0,0,grass_12
0.045,2259,0,0,0,grass_12
0.045,2255,0,0,0,grass_12
0.045,2267,0,0,0,grass_12
0.045,2267,0,0,0,grass_12
0.045,2283,0,0,0,grass_12
0.045,2277,0,0,0,grass_12
0.045,2284,0,0,0,grass_12
0.045,2276,0,0,0,grass_12
0.045,2269,0,0,0,grass_12
0.045,2267,0,0,0,grass_12
0.045,2252,0,0,0,grass_12
0.045,2253,0,0,0,grass_12
0.045,2262,0,0,0,grass_12
0.048,2272,0,0,0,grass_12
0.048,2272,0,0,0,grass_12
0.048,2279,0,0,0,grass_12
0.048,2276,0,0,0,grass_12
0.048,2278,0,0,0,grass_12
0.048,2272,0,0,0,grass_12
0.048,2272,0,0,0,grass_12
0.048,2277,0,0,0,grass_12
0.048,2281,0,0,0,grass_12
0.048,2283,0,0,0,grass_12
0.048,2288,0,0,0,grass_12
0.048,2296,0,0,0,grass_12
0.048,2276,0,0,0,grass_12
0.048,2275,0,0,0,grass_12
0.048,2279,0,0,0,grass_12
0.048,2277,0,0,0,grass_12
0.048,2279,0,0,0,grass_12
0.048,2274,0,0,0,grass_12
0.048,2283,0,0,0,grass_12
0.048,2277,0,0,0,grass_12
0.048,2279,0,0,0,grass_12
0.048,2280,0,0,0,grass_12
0.05,2280,0,0,0,grass_12
0.05,2276,0,0,0,grass_12
0.05,2278,0,0,0,grass_12
0.05,2288,0,0,0,grass_12
0.05,2285,0,0,0,grass_12
0.05,2288,0,0,0,grass_12
0.053,2296,0,0,0,grass_12
0.054,2288,0,0,0,grass_12
0.061,2282,0,0,0,grass_12
0.068,2286,0,0,0,grass_12
0.069,2285,0,0,0,grass_12
0.075,2294,0,0,0,grass_12
0.082,2294,0,0,0,grass_12
0.089,2297,0,0,0,grass_12
0.089,2303,0,0,0,grass_12
0.096,2297,0,0,0,grass_12
0.103,2300,0,0,0,grass_12
0.108,2297,0,0,0,grass_12
0.11,2285,0,0,0,grass_12
0.117,2293,0,0,0,grass_12
0.123,2294,0,0,0,grass_12
0.125,2286,0,0,0,grass_12
0.131,2285,0,0,0,grass_12
0.138,2279,0,0,0,grass_12
0.142,2283,0,0,0,grass_12
0.144,2286,0,0,0,grass_12
0.151,2290,0,0,0,grass_12
0.154,2293,0,0,0,grass_12
0.159,2296,0,0,0,grass_12
0.167,2292,0,0,0,grass_12
0.167,2295,0,0,0,grass_12
0.175,2303,0,0,0,grass_12
0.183,2291,0,0,0,grass_12
0.183,2306,0,0,0,grass_12
0.193,2307,0,0,0,grass_12
0.193,2305,0,0,0,grass_12
0.201,2303,0,0,0,grass_12
0.207,2308,0,0,0,grass_12
0.209,2355,0,0,0,grass_12
0.214,2377,0,0,0,grass_12
0.221,2380,0,0,0,grass_12
0.228,2381,0,0,0,grass_12
0.228,2382,0,0,0,grass_12
0.236,2376,0,0,0,grass_12
0.242,2358,0,0,0,grass_12
0.248,2359,0,0,0,grass_12
0.249,2380,0,0,0,grass_12
0.256,2413,0,0,0,grass_12
0.262,2357,0,0,0,grass_12
0.264,2425,0,0,0,grass_12
0.269,2428,0,0,0,grass_12
0.276,2441,0,0,0,grass_12
0.283,2451,0,0,0,grass_12
0.284,2470,0,0,0,grass_12
0.29,2472,0,0,0,grass_12
0.297,2465,0,0,0,grass_12
0.302,2468,0,0,0,grass_12
0.304,2462,0,0,0,grass_12
0.311,2463,0,0,0,grass_12
0.317,2471,0,0,0,grass_12
0.318,2480,0,0,0,grass_12
0.325,2480,0,0,0,grass_12
0.332,2469,0,0,0,grass_12
0.332,2460,0,0,0,grass_12
0.34,2452,0,0,0,grass_12
0.346,2475,0,0,0,grass_12
0.349,2474,0,0,0,grass_12
0.357,2487,0,0,0,grass_12
0.36,2501,0,0,0,grass_12
0.366,2501,0,0,0,grass_12
0.369,2501,0,0,0,grass_12
0.373,2498,0,0,0,grass_12
0.381,2499,0,0,0,grass_12
0.387,2503,0,0,0,grass_12
0.388,2515,0,0,0,grass_12
0.394,2523,0,0,0,grass_12
0.401,2519,0,0,0,grass_12
0.407,2515,0,0,0,grass_12
0.409,2517,0,0,0,grass_12
0.416,2515,0,0,0,grass_12
0.422,2524,0,0,0,grass_12
0.424,2518,0,0,0,grass_12
0.432,2516,0,0,0,grass_12
0.436,2517,0,0,0,grass_12
0.44,2515,0,0,0,grass_12
0.443,2512,0,0,0,grass_12
0.45,2515,0,0,0,grass_12
0.457,2519,0,0,0,grass_12
0.458,2518,0,0,0,grass_12
0.464,2518,0,0,0,grass_12
0.471,2516,0,0,0,grass_12
0.477,2513,0,0,0,grass_12
0.478,2520,0,0,0,grass_12
0.485,2515,0,0,0,grass_12
0.492,2517,0,0,0,grass_12
0.493,2523,0,0,0,grass_12
0.502,2520,0,0,0,grass_12
0.506,2518,0,0,0,grass_12
0.51,2528,0,0,0,grass_12
0.513,2529,0,0,0,grass_12
0.52,2522,0,0,0,grass_12
0.526,2529,0,0,0,grass_12
0.528,2523,0,0,0,grass_12
0.533,2530,0,0,0,grass_12
0.541,2533,0,0,0,grass_12
0.547,2528,0,0,0,grass_12
0.548,2517,0,0,0,grass_12
0.555,2529,0,0,0,grass_12
0.561,2528,0,0,0,grass_12
0.563,2535,0,0,0,grass_12
0.568,2528,0,0,0,grass_12
0.575,2526,0,0,0,grass_12
0.582,2532,0,0,0,grass_12
0.583,2533,0,0,0,grass_12
0.589,2535,0,0,0,grass_12
0.596,2534,0,0,0,grass_12
0.602,2531,0,0,0,grass_12
0.603,2538,0,0,0,grass_12
0.61,2536,0,0,0,grass_12
0.617,2533,0,0,0,grass_12
0.618,2534,0,0,0,grass_12
0.626,2540,0,0,0,grass_12
0.631,2549,0,0,0,grass_12
0.635,2558,0,0,0,grass_12
0.638,2535,0,0,0,grass_12
0.645,2534,0,0,0,grass_12
0.651,2533,0,0,0,grass_12
0.653,2534,0,0,0,grass_12
0.658,2534,0,0,0,grass_12
0.665,2534,0,0,0,grass_12
0.671,2542,0,0,0,grass_12
0.672,2544,0,0,0,grass_12
0.681,2546,0,0,0,grass_12
0.687,2543,0,0,0,grass_12
0.688,2544,0,0,0,grass_12
0.693,2545,0,0,0,grass_12
0.702,2572,0,0,0,grass_12
0.707,2570,0,0,0,grass_12
0.708,2568,0,0,0,grass_12
0.714,2564,0,0,0,grass_12
0.721,2555,0,0,0,grass_12
0.726,2552,0,0,0,grass_12
0.728,2557,0,0,0,grass_12
0.735,2546,0,0,0,grass_12
0.742,2544,0,0,0,grass_12
0.743,2532,0,0,0,grass_12
0.749,2536,0,0,0,grass_12
0.756,2535,0,0,0,grass_12
0.762,2542,0,0,0,grass_12
0.763,2549,0,0,0,grass_12
0.769,2558,0,0,0,grass_12
0.777,2557,0,0,0,grass_12
0.777,2564,0,0,0,grass_12
0.785,2571,0,0,0,grass_12
0.79,2597,0,0,0,grass_12
0.796,2598,0,0,0,grass_12
0.798,2600,0,0,0,grass_12
0.804,2601,0,0,0,grass_12
0.811,2602,0,0,0,grass_12
0.812,2606,0,0,0,grass_12
0.818,2597,0,0,0,grass_12
0.825,2605,0,0,0,grass_12
0.832,2607,0,0,0,grass_12
0.834,2605,0,0,0,grass_12
0.839,2612,0,0,0,grass_12
0.846,2611,0,0,0,grass_12
0.852,2610,0,0,0,grass_12
0.853,2610,0,0,0,grass_12
0.86,2611,0,0,0,grass_12
0.866,2627,0,0,0,grass_12
0.867,2624,0,0,0,grass_12
0.874,2624,0,0,0,grass_12
0.881,2623,0,0,0,grass_12
0.887,2620,0,0,0,grass_12
0.887,2627,0,0,0,grass_12
0.894,2624,0,0,0,grass_12
0.902,2620,0,0,0,grass_12
0.902,2630,0,0,0,grass_12
0.91,2635,0,0,0,grass_12
0.915,2626,0,0,0,grass_12
0.918,2633,0,0,0,grass_12
0.922,2632,0,0,0,grass_12
0.93,2631,0,0,0,grass_12
0.936,2631,0,0,0,grass_12
0.938,2634,0,0,0,grass_12
0.943,2633,0,0,0,grass_12
0.95,2628,0,0,0,grass_12
0.957,2630,0,0,0,grass_12
0.957,2632,0,0,0,grass_12
0.964,2635,0,0,0,grass_12
0.971,2641,0,0,0,grass_12
0.972,2640,0,0,0,grass_12
0.981,2640,0,0,0,grass_12
0.985,2642,0,0,0,grass_12
0.989,2635,0,0,0,grass_12
0.992,2640,0,0,0,grass_12
0.999,2641,0,0,0,grass_12
1.005,2645,0,0,0,grass_12
1.007,2640,0,0,0,grass_12
1.012,2646,0,0,0,grass_12
1.019,2637,0,0,0,grass_12
1.026,2635,0,0,0,grass_12
1.027,2647,0,0,0,grass_12
1.033,2651,0,0,0,grass_12
1.041,2651,0,0,0,grass_12
1.046,2643,0,0,0,grass_12
1.047,2646,0,0,0,grass_12
1.054,2638,0,0,0,grass_12
1.061,2641,0,0,0,grass_12
1.061,2644,0,0,0,grass_12
1.07,2649,0,0,0,grass_12
1.075,2646,0,0,0,grass_12
1.081,2644,0,0,0,grass_12
1.084,2648,0,0,0,grass_12
1.089,2643,0,0,0,grass_12
1.095,2647,0,0,0,grass_12
1.1,2650,0,0,0,grass_12
1.103,2648,0,0,0,grass_12
1.11,2646,0,0,0,grass_12
1.112,2648,0,0,0,grass_12
1.117,2656,0,0,0,grass_12
1.125,2649,0,0,0,grass_12
1.13,2648,0,0,0,grass_12
1.134,2655,0,0,0,grass_12
1.137,2648,0,0,0,grass_12
1.144,2651,0,0,0,grass_12
1.15,2653,0,0,0,grass_12
1.151,2652,0,0,0,grass_12
1.158,2645,0,0,0,grass_12
1.165,2645,0,0,0,grass_12
1.167,2425,0,0,0,grass_12
1.172,2337,0,0,0,grass_12
1.179,2341,0,0,0,grass_12
1.186,2336,0,0,0,grass_12
1.187,2346,0,0,0,grass_12
1.193,2415,0,0,0,grass_12
1.2,2647,0,0,0,grass_12
1.206,2709,0,0,0,grass_12
1.207,2573,0,0,0,grass_12
1.214,0,0,0,0,grass_12
1.22,0,0,0,0,grass_12
1.222,0,0,0,2676,grass_12
1.228,0,0,0,3607,grass_12
1.234,0,0,0,3877,grass_12
1.237,0,0,0,3928,grass_12
1.242,0,0,0,3965,grass_12
1.249,0,0,0,3976,grass_12
1.255,0,0,0,3965,grass_12
1.255,0,0,0,3999,grass_12
1.263,0,0,0,4017,grass_12
1.269,0,0,0,4029,grass_12
1.271,0,0,0,4026,grass_12
1.276,0,0,0,4023,grass_12
1.284,0,0,0,4023,grass_12
1.291,0,0,0,4021,grass_12
1.295,0,0,0,4009,grass_12
1.298,0,0,0,4006,grass_12
1.305,0,0,0,4007,grass_12
1.31,0,0,0,4023,grass_12
1.313,0,0,0,4034,grass_12
1.318,0,0,0,4038,grass_12
1.325,0,0,0,4041,grass_12
1.326,0,0,0,4042,grass_12
1.332,0,0,0,4035,grass_12
1.34,0,0,0,4019,grass_12
1.346,0,923,0,4012,grass_12
1.348,0,1599,0,4013,grass_12
1.353,0,1908,0,4019,grass_12
1.36,0,2142,0,4031,grass_12
1.366,0,2313,0,4047,grass_12
1.367,0,2317,0,4046,grass_12
1.374,0,2257,0,4041,grass_12
1.376,0,2031,0,4042,grass_12
1.381,0,0,0,4035,grass_12
1.389,0,0,0,4034,grass_12
1.395,0,0,0,4023,grass_12
1.398,0,0,0,4001,grass_12
1.403,0,0,0,4014,grass_12
1.408,0,0,0,4023,grass_12
1.415,0,0,0,4017,grass_12
1.415,0,0,0,4011,grass_12
1.422,0,0,0,4037,grass_12
1.429,0,472,0,4052,grass_12
1.431,0,2335,0,4059,grass_12
1.436,0,2950,0,4054,grass_12
1.443,0,2701,0,4059,grass_12
1.45,0,2852,0,4058,grass_12
1.451,0,3092,0,4050,grass_12
1.457,0,2762,0,4059,grass_12
1.464,0,0,0,4055,grass_12
1.47,0,0,0,4047,grass_12
1.471,0,0,0,4048,grass_12
1.478,0,0,0,4053,grass_12
1.485,0,0,0,4055,grass_12
1.486,0,0,0,4052,grass_12
1.494,0,0,0,4053,grass_12
1.499,0,0,0,4059,grass_12
1.503,0,0,0,4048,grass_12
1.506,0,0,0,4052,grass_12
1.513,0,0,0,4046,grass_12
1.519,0,0,0,4038,grass_12
1.521,0,0,0,4038,grass_12
1.526,0,0,0,4041,grass_12
1.533,0,0,0,4042,grass_12
1.54,0,0,0,4035,grass_12
1.541,0,0,0,4034,grass_12
1.547,0,0,0,4020,grass_12
1.554,0,0,0,4022,grass_12
1.56,0,0,0,4031,grass_12
1.561,0,0,0,4038,grass_12
1.568,0,0,0,4041,grass_12
1.575,0,0,0,4039,grass_12
1.577,0,0,0,4039,grass_12
1.582,0,0,0,4021,grass_12
1.589,0,795,0,3990,grass_12
1.595,0,1640,0,4002,grass_12
1.596,0,2039,0,3994,grass_12
1.603,0,2083,0,3972,grass_12
1.61,0,937,0,3983,grass_12
1.61,0,0,0,4026,grass_12
1.618,0,0,0,4020,grass_12
1.623,0,0,0,4017,grass_12
1.626,0,0,0,4025,grass_12
1.63,0,0,0,3993,grass_12
1.638,0,0,0,3978,grass_12
1.644,0,0,0,3981,grass_12
1.646,0,0,0,4008,grass_12
1.651,0,0,0,4014,grass_12
1.659,0,0,0,4013,grass_12
1.664,0,2000,0,4019,grass_12
1.666,0,2170,0,4008,grass_12
1.672,0,2387,0,4006,grass_12
1.679,0,2912,0,4010,grass_12
1.68,0,3041,0,4025,grass_12
1.686,0,2905,0,4031,grass_12
1.693,0,2895,0,4015,grass_12
1.7,0,1922,0,4017,grass_12
1.703,0,0,0,4026,grass_12
1.707,0,0,0,4034,grass_12
1.714,0,0,0,4034,grass_12
1.72,0,0,0,4036,grass_12
1.721,0,0,0,4039,grass_12
1.728,0,0,0,4021,grass_12
1.734,0,0,0,4013,grass_12
1.735,0,0,0,4011,grass_12
1.742,0,0,0,4005,grass_12
1.749,0,0,0,4010,grass_12
1.755,0,0,0,4005,grass_12
1.756,0,0,0,3989,grass_12
1.762,0,2202,0,3978,grass_12
1.77,0,2424,0,3966,grass_12
1.77,0,2400,0,3979,grass_12
1.778,0,2280,0,3989,grass_12
1.783,0,2358,0,4014,grass_12
1.789,0,2538,0,3975,grass_12
1.79,0,1450,0,3895,grass_12
1.797,0,0,0,3723,grass_12
1.804,0,0,0,3364,grass_12
1.805,0,0,0,3108,grass_12
1.811,0,0,0,3578,grass_12
1.818,0,0,0,3774,grass_12
1.825,0,0,0,3859,grass_12
1.827,0,0,0,3904,grass_12
1.832,0,0,0,3946,grass_12
1.839,0,0,0,3966,grass_12
1.844,0,0,0,3971,grass_12
1.845,0,0,0,3982,grass_12
1.853,0,0,0,3991,grass_12
1.855,0,0,0,3999,grass_12
1.86,0,0,0,4005,grass_12
1.868,0,0,0,4016,grass_12
1.874,0,0,0,4018,grass_12
1.88,0,0,0,4015,grass_12
1.88,0,0,0,4026,grass_12
1.887,0,0,0,4027,grass_12
1.894,0,0,0,4030,grass_12
1.895,0,0,0,4029,grass_12
1.903,0,0,0,4032,grass_12
1.909,0,1431,0,4034,grass_12
1.914,0,0,0,4025,grass_12
1.915,0,0,0,4029,grass_12
1.922,0,0,0,4027,grass_12
1.929,0,0,0,4023,grass_12
1.93,0,0,0,4015,grass_12
1.938,0,0,0,4017,grass_12
1.943,0,0,0,4015,grass_12
1.947,0,1507,0,4021,grass_12
1.95,0,2316,0,4015,grass_12
1.957,0,2758,0,4018,grass_12
1.964,0,2797,0,4002,grass_12
1.968,0,2805,0,4011,grass_12
1.972,0,2352,0,4016,grass_12
1.979,0,1483,0,4019,grass_12
1.98,0,0,0,4009,grass_12
1.985,0,0,0,4014,grass_12
1.992,0,0,0,3996,grass_12
1.999,0,0,0,4002,grass_12
2.004,0,0,0,4011,grass_12
2.006,0,0,0,4006,grass_12
2.013,0,0,0,4009,grass_12
2.015,0,0,0,4017,grass_12
2.02,0,0,0,4024,grass_12
2.027,0,0,0,4020,grass_12
2.033,0,0,0,4030,grass_12
2.035,0,0,0,4030,grass_12
2.04,0,0,0,4026,grass_12
2.048,0,0,0,4031,grass_12
2.054,0,0,0,4031,grass_12
2.055,0,0,0,4028,grass_12
2.061,0,0,0,4022,grass_12
2.068,0,0,0,4028,grass_12
2.074,0,0,0,4034,grass_12
2.075,0,0,0,4031,grass_12
2.082,0,0,0,4026,grass_12
2.089,0,0,0,4033,grass_12
2.089,0,0,0,4019,grass_12
2.098,0,0,0,4023,grass_12
2.104,0,0,0,4023,grass_12
2.109,0,1039,0,4017,grass_12
2.11,0,1370,0,4014,grass_12
2.117,0,701,0,4010,grass_12
2.12,0,563,0,4003,grass_12
2.127,0,0,0,4012,grass_12
2.131,0,0,0,4024,grass_12
2.138,0,922,0,4013,grass_12
2.138,0,1246,0,4017,grass_12
2.146,0,908,0,4015,grass_12
2.151,0,0,0,4015,grass_12
2.159,0,0,0,4018,grass_12
2.164,0,0,0,4021,grass_12
2.166,0,0,0,4023,grass_12
2.172,0,907,0,4024,grass_12
2.174,0,1760,0,4027,grass_12
2.179,0,1859,0,4025,grass_12
2.186,0,901,0,4027,grass_12
2.193,0,0,0,4021,grass_12
2.199,0,0,0,4023,grass_12
2.204,0,0,0,4020,grass_12
2.207,0,0,0,4027,grass_12
2.209,0,0,0,4030,grass_12
2.218,0,0,0,4028,grass_12
2.221,0,0,0,4032,grass_12
2.227,0,1150,0,4033,grass_12
2.229,0,1254,0,4036,grass_12
2.238,0,0,0,4036,grass_12
2.243,0,0,0,4031,grass_12
2.248,0,0,0,4031,grass_12
2.251,0,0,0,4025,grass_12
2.256,0,0,0,4028,grass_12
2.263,0,0,0,4010,grass_12
2.268,0,0,0,4029,grass_12
2.269,0,1629,0,4029,grass_12
2.276,0,2416,0,4032,grass_12
2.284,0,2650,0,4030,grass_12
2.288,0,2887,0,4026,grass_12
2.29,0,2856,0,4022,grass_12
2.297,0,2690,0,4011,grass_12
2.304,0,2097,0,4004,grass_12
2.308,0,0,0,3998,grass_12
2.312,0,0,0,3978,grass_12
2.318,0,0,0,3979,grass_12
2.322,0,0,0,3997,grass_12
2.328,0,0,0,4008,grass_12
2.333,0,661,0,4019,grass_12
2.336,0,1943,0,4028,grass_12
2.34,0,2284,0,4026,grass_12
2.346,0,2148,0,4038,grass_12
2.353,0,1843,0,4038,grass_12
2.354,0,689,0,4036,grass_12
2.36,0,0,0,4036,grass_12
2.367,0,0,0,4035,grass_12
2.373,0,0,0,4046,grass_12
2.374,0,0,0,4036,grass_12
2.381,0,0,0,4035,grass_12
2.388,0,690,0,4035,grass_12
2.393,0,1023,0,4032,grass_12
2.395,0,1742,0,4036,grass_12
2.401,0,1010,0,4021,grass_12
2.404,0,628,0,4030,grass_12
2.409,0,0,0,4021,grass_12
2.417,0,0,0,4012,grass_12
2.422,0,0,0,4013,grass_12
2.428,0,0,0,4015,grass_12
2.429,0,829,0,4015,grass_12
2.436,0,1913,0,4033,grass_12
2.443,0,2232,0,4022,grass_12
2.443,0,2293,0,4041,grass_12
2.45,0,2047,0,4016,grass_12
2.457,0,1599,0,4021,grass_12
2.459,0,811,0,4025,grass_12
2.464,0,1787,0,4026,grass_12
2.471,0,2091,0,4025,grass_12
2.478,0,2391,0,4024,grass_12
2.479,0,2483,0,4027,grass_12
2.484,0,2374,0,4032,grass_12
2.492,0,2044,0,4034,grass_12
2.497,0,842,0,4027,grass_12
2.499,0,0,0,4032,grass_12
2.505,0,0,0,4034,grass_12
2.513,0,0,0,4031,grass_12
2.517,0,0,0,4034,grass_12
2.519,0,0,0,4029,grass_12
2.526,0,0,0,4038,grass_12
2.529,0,0,0,4042,grass_12
2.533,0,2098,0,4040,grass_12
2.542,0,2426,0,4041,grass_12
2.547,0,2487,0,4038,grass_12
2.55,0,2470,0,4039,grass_12
2.555,0,2473,0,4032,grass_12
2.562,0,2116,0,4016,grass_12
2.568,0,628,0,4033,grass_12
2.569,0,0,0,4015,grass_12
2.575,0,0,0,4006,grass_12
2.582,0,0,0,3996,grass_12
2.584,0,0,0,4002,grass_12
2.589,0,0,0,4018,grass_12
2.596,0,0,0,4018,grass_12
2.603,0,960,0,4032,grass_12
2.604,0,2004,0,4027,grass_12
2.611,0,2205,0,4032,grass_12
2.616,0,2318,0,4036,grass_12
2.62,0,2213,0,4038,grass_12
2.624,0,2152,0,4044,grass_12
2.631,0,1077,0,4036,grass_12
2.637,0,0,0,4036,grass_12
2.638,0,0,0,4032,grass_12
2.644,0,0,0,4023,grass_12
2.651,0,880,0,4024,grass_12
2.657,0,1498,0,4025,grass_12
2.658,0,2157,0,4027,grass_12
2.665,0,2084,0,4019,grass_12
2.672,0,217,0,4008,grass_12
2.673,0,0,0,3988,grass_12
2.682,0,0,0,3985,grass_12
2.686,0,0,0,3998,grass_12
2.69,0,0,0,4010,grass_12
2.693,0,2052,0,4022,grass_12
2.7,0,2777,0,4032,grass_12
2.707,0,3140,0,4040,grass_12
2.708,0,3207,0,4035,grass_12
2.714,0,3128,0,4036,grass_12
2.72,0,2847,0,4037,grass_12
2.728,0,2270,0,4038,grass_12
2.728,0,975,0,4025,grass_12
2.735,0,0,0,4023,grass_12
2.742,0,0,0,4020,grass_12
2.748,0,0,0,4022,grass_12
2.749,0,0,0,4029,grass_12
2.756,0,612,0,4021,grass_12
2.762,0,1106,0,4015,grass_12
2.762,0,1574,0,4024,grass_12
2.771,0,1719,0,4022,grass_12
2.776,0,1712,0,4029,grass_12
2.78,0,1633,0,4013,grass_12
2.783,0,948,0,4008,grass_12
2.79,0,0,0,3969,grass_12
2.797,0,0,0,3965,grass_12
2.798,0,0,0,3975,grass_12
2.804,0,0,0,3995,grass_12
2.811,0,0,0,4004,grass_12
2.817,0,1658,0,4020,grass_12
2.818,0,1402,0,4015,grass_12
2.825,0,716,0,4007,grass_12
2.832,0,0,0,4009,grass_12
2.832,0,0,0,4018,grass_12
2.841,0,0,0,4019,grass_12
2.846,0,360,0,4034,grass_12
2.849,0,1891,0,4036,grass_12
2.853,0,2197,0,4041,grass_12
2.86,0,2653,0,4040,grass_12
2.866,0,2714,0,4039,grass_12
2.872,0,2914,0,4043,grass_12
2.874,0,2947,0,4044,grass_12
2.881,0,2983,0,4039,grass_12
2.886,0,2937,0,4042,grass_12
2.888,0,2747,0,4037,grass_12
2.897,0,2701,0,4039,grass_12
2.902,0,2704,0,4032,grass_12
2.907,0,2703,0,4025,grass_12
2.908,0,2653,0,4022,grass_12
2.915,0,2114,0,4016,grass_12
2.918,0,1801,0,4016,grass_12
2.926,0,1740,0,4015,grass_12
2.931,0,1779,0,4005,grass_12
2.936,0,1165,0,3976,grass_12
2.939,0,0,0,3943,grass_12
2.943,0,0,0,3941,grass_12
2.95,0,0,0,3955,grass_12
2.957,0,0,0,3977,grass_12
2.961,0,0,0,3997,grass_12
2.964,0,1667,0,3996,grass_12
2.971,0,2210,0,3996,grass_12
2.977,0,2201,0,4014,grass_12
2.982,0,1612,0,4001,grass_12
2.985,0,0,0,4009,grass_12
2.989,0,0,0,4034,grass_12
2.997,0,2052,0,4025,grass_12
2.999,0,2547,0,4023,grass_12
3.005,0,2631,0,4033,grass_12
3.008,0,2672,0,4039,grass_12
3.013,0,2864,0,4042,grass_12
3.019,0,2685,0,4044,grass_12
3.027,0,2356,0,4044,grass_12
3.027,0,2152,0,4037,grass_12
3.034,0,0,0,4036,grass_12
3.04,0,0,0,4023,grass_12
3.042,0,0,0,4015,grass_12
3.047,0,0,0,4010,grass_12
3.054,0,0,0,4009,grass_12
3.061,0,0,0,4000,grass_12
3.061,0,0,0,4011,grass_12
3.07,0,865,0,4004,grass_12
3.075,0,1904,0,4005,grass_12
3.082,0,1966,0,4001,grass_12
3.086,0,874,0,3985,grass_12
3.089,0,0,0,3965,grass_12
3.096,0,0,0,3929,grass_12
3.097,0,0,0,3918,grass_12
3.105,0,0,0,3929,grass_12
3.11,0,0,0,3949,grass_12
3.117,0,0,0,3966,grass_12
3.121,0,0,0,3988,grass_12
3.124,0,0,0,4008,grass_12
3.13,0,0,0,4016,grass_12
3.13,0,0,0,4010,grass_12
3.137,0,0,0,3980,grass_12
3.144,0,0,0,3955,grass_12
3.151,0,0,0,3967,grass_12
3.155,0,0,0,3985,grass_12
3.158,0,0,0,4004,grass_12
3.165,0,0,0,4016,grass_12
3.171,0,0,0,4036,grass_12
3.173,0,0,0,4023,grass_12
3.179,0,0,0,4018,grass_12
3.186,0,0,0,4008,grass_12
3.19,0,0,0,3980,grass_12
3.193,0,0,0,3957,grass_12
3.2,0,0,0,3943,grass_12
3.205,0,0,0,3931,grass_12
3.207,0,0,0,3918,grass_12
3.215,0,0,0,3914,grass_12
3.221,0,0,0,3925,grass_12
3.223,0,0,0,3915,grass_12
3.227,0,0,0,3914,grass_12
3.235,0,0,0,3844,grass_12
3.24,0,0,0,3786,grass_12
3.242,0,0,0,3660,grass_12
3.248,0,0,0,3484,grass_12
3.255,0,0,0,3255,grass_12
3.257,0,0,0,3257,grass_12
3.262,0,0,0,3577,grass_12
3.27,0,0,0,3734,grass_12
3.276,0,0,0,3857,grass_12
3.276,0,0,0,3900,grass_12
3.284,0,0,0,3881,grass_12
3.29,0,0,0,3811,grass_12
3.292,0,0,0,3779,grass_12
3.297,0,0,0,3781,grass_12
3.305,0,0,0,3778,grass_12
3.311,0,0,0,3770,grass_12
3.311,0,0,0,3761,grass_12
3.318,0,0,0,3738,grass_12
3.325,0,0,0,3693,grass_12
3.327,0,0,0,3694,grass_12
3.332,0,0,0,3539,grass_12
3.339,0,0,0,3541,grass_12
3.345,0,0,0,3385,grass_12
3.347,0,0,0,2922,grass_12
3.352,0,0,0,2173,grass_12
3.36,0,0,0,1103,grass_12
3.366,0,0,0,0,grass_12
3.367,0,0,0,0,grass_12
3.373,0,0,0,0,grass_12
3.381,0,0,0,0,grass_12
3.386,0,0,0,0,grass_12
3.387,0,0,368,1248,grass_12
3.395,0,0,669,1943,grass_12
3.401,0,0,757,2200,grass_12
3.405,0,0,0,2395,grass_12
3.408,0,0,0,2334,grass_12
3.415,0,0,0,2575,grass_12
3.421,0,0,0,2871,grass_12
3.422,0,0,0,3593,grass_12
3.429,0,0,0,3816,grass_12
3.436,0,0,0,3901,grass_12
3.436,0,0,0,3856,grass_12
3.444,0,0,0,3770,grass_12
3.45,0,0,0,3786,grass_12
3.453,0,0,0,3875,grass_12
3.457,0,0,0,3931,grass_12
3.464,0,0,0,3960,grass_12
3.47,0,0,0,3970,grass_12
3.472,0,0,0,3949,grass_12
3.48,0,0,0,3907,grass_12
3.485,0,0,0,3846,grass_12
3.49,0,0,0,3894,grass_12
3.492,0,0,0,3935,grass_12
3.498,0,0,0,3953,grass_12
3.506,0,0,0,3956,grass_12
3.506,0,0,0,3958,grass_12
3.514,0,0,0,3978,grass_12
3.519,0,0,0,3973,grass_12
3.523,0,0,0,3969,grass_12
3.527,0,0,0,3942,grass_12
3.533,0,0,0,3895,grass_12
3.54,0,0,0,3881,grass_12
3.546,0,0,0,3846,grass_12
3.549,0,0,0,3787,grass_12
3.554,0,0,0,3683,grass_12
3.556,0,0,0,3544,grass_12
3.565,0,0,0,3544,grass_12
3.568,0,0,0,3683,grass_12
3.575,0,0,0,3735,grass_12
3.576,0,0,0,3822,grass_12
3.582,0,0,0,3890,grass_12
3.589,0,0,0,3917,grass_12
3.595,0,0,0,3929,grass_12
3.597,0,0,0,3908,grass_12
3.605,0,0,0,3927,grass_12
3.61,0,0,0,3930,grass_12
3.615,0,0,0,3962,grass_12
3.617,0,0,0,3909,grass_12
3.623,0,0,0,3957,grass_12
3.63,0,0,0,3942,grass_12
3.631,0,0,0,3970,grass_12
3.637,0,0,0,3981,grass_12
3.645,0,0,0,4006,grass_12
3.65,0,0,0,3999,grass_12
3.651,0,0,0,3985,grass_12
3.658,0,0,0,3971,grass_12
3.666,0,0,0,3989,grass_12
3.666,0,0,0,3992,grass_12
3.674,0,0,0,4013,grass_12
3.679,0,0,0,3997,grass_12
3.685,0,0,0,4000,grass_12
3.686,0,0,0,3992,grass_12
3.693,0,0,0,3974,grass_12
3.7,0,149,0,3974,grass_12
3.705,0,0,0,3979,grass_12
3.707,0,509,0,3969,grass_12
3.714,0,1567,0,3993,grass_12
3.716,0,2431,0,3982,grass_12
3.721,0,3154,0,3993,grass_12
3.728,0,2964,0,4010,grass_12
3.735,0,3160,0,4020,grass_12
3.735,0,3319,0,4011,grass_12
3.743,0,3421,0,4016,grass_12
3.749,0,3531,0,4006,grass_12
3.751,0,3583,0,4000,grass_12
3.759,0,3559,0,4005,grass_12
3.762,0,3491,0,4023,grass_12
3.769,0,3462,0,4013,grass_12
3.771,0,3311,0,4022,grass_12
3.776,0,3224,0,4033,grass_12
3.783,0,3516,0,4032,grass_12
3.79,0,3671,0,4025,grass_12
3.79,0,3557,0,4038,grass_12
3.797,0,3455,0,4031,grass_12
3.803,0,3596,0,4019,grass_12
3.806,0,3540,0,4011,grass_12
3.811,0,3404,0,4014,grass_12
3.818,0,3510,0,4008,grass_12
3.825,0,3519,0,4013,grass_12
3.825,0,3356,0,4031,grass_12
3.833,0,3392,0,4036,grass_12
3.838,0,3498,0,4041,grass_12
3.841,0,3641,0,4043,grass_12
3.849,0,3750,0,4041,grass_12
3.853,0,3683,0,4042,grass_12
3.86,0,3571,0,4047,grass_12
3.86,0,3542,0,4050,grass_12
3.866,0,3638,0,4048,grass_12
3.873,0,3731,0,4042,grass_12
3.88,0,3732,0,4044,grass_12
3.882,0,3694,0,4054,grass_12
3.887,0,3565,0,4046,grass_12
3.895,0,3421,0,4053,grass_12
3.899,0,3466,0,4050,grass_12
3.901,0,3621,0,4048,grass_12
3.908,0,3656,0,4050,grass_12
3.915,0,3636,0,4052,grass_12
3.915,0,3487,0,4054,grass_12
3.923,0,3299,0,4052,grass_12
3.929,0,3347,0,4049,grass_12
3.932,0,3331,0,4045,grass_12
3.936,0,3302,0,4044,grass_12
3.943,0,3385,0,4040,grass_12
3.949,0,3521,0,4045,grass_12
3.95,0,3473,0,4041,grass_12
3.956,0,3503,0,4040,grass_12
3.963,0,3408,0,4041,grass_12
3.97,0,3390,0,4047,grass_12
3.97,0,3510,0,4047,grass_12
3.977,0,3646,0,4048,grass_12
3.984,0,3703,0,4048,grass_12
3.985,0,3706,0,4052,grass_12
3.991,0,3691,0,4054,grass_12
3.998,0,3673,0,4052,grass_12
4.0,0,3563,0,4046,grass_12
4.006,0,3509,0,4047,grass_12
4.013,0,3564,0,4048,grass_12
4.019,0,3651,0,4036,grass_12
4.021,0,3671,0,4051,grass_12
4.026,0,3649,0,4051,grass_12
4.033,0,3541,0,4062,grass_12
4.04,0,3429,0,4054,grass_12
4.04,0,3200,0,4044,grass_12
4.047,0,3243,0,4051,grass_12
4.054,0,3445,0,4046,grass_12
4.059,0,3483,0,4039,grass_12
4.061,0,3239,0,4046,grass_12
4.068,0,2167,0,4044,grass_12
4.074,0,0,0,4046,grass_12
4.075,0,0,0,4032,grass_12
4.081,0,0,0,4012,grass_12
4.089,0,0,0,3983,grass_12
4.094,0,0,0,3946,grass_12
4.095,0,0,0,3944,grass_12
4.102,0,0,0,3981,grass_12
4.109,0,0,0,4007,grass_12
4.109,0,0,0,4010,grass_12
4.118,3129,0,0,4023,grass_12
4.123,3137,0,0,4015,grass_12
4.126,0,0,0,4019,grass_12
4.13,0,0,0,4013,grass_12
4.137,0,0,0,4013,grass_12
4.144,0,0,0,4028,grass_12
4.145,3613,0,0,4029,grass_12
4.151,3670,0,0,4033,grass_12
4.158,3440,0,0,4033,grass_12
4.164,2282,0,0,4020,grass_12
4.165,0,0,0,4014,grass_12
4.172,0,0,0,4025,grass_12
4.179,0,0,0,4032,grass_12
4.179,0,0,0,4036,grass_12
4.187,0,0,0,4039,grass_12
4.193,0,0,0,4041,grass_12
4.196,0,0,0,4039,grass_12
4.2,0,0,0,4045,grass_12
4.207,0,0,0,4045,grass_12
4.213,0,0,0,4045,grass_12
4.215,0,0,0,4048,grass_12
4.223,0,0,0,4048,grass_12
4.227,0,1529,0,4050,grass_12
4.234,0,2191,0,4049,grass_12
4.234,0,2509,0,4044,grass_12
4.241,0,2781,0,4050,grass_12
4.248,0,3049,0,4047,grass_12
4.25,0,3158,0,4048,grass_12
4.258,0,3150,0,4044,grass_12
4.262,0,3270,0,4044,grass_12
4.269,0,3321,0,4038,grass_12
4.269,0,3291,0,4042,grass_12
4.276,0,3227,0,4039,grass_12
4.283,0,2379,0,4029,grass_12
4.285,0,0,0,4027,grass_12
4.29,0,0,0,4026,grass_12
4.297,0,0,0,4014,grass_12
4.304,0,0,0,4011,grass_12
4.307,0,0,0,4014,grass_12
4.312,0,0,0,4016,grass_12
4.318,0,0,0,4024,grass_12
4.32,0,0,0,4033,grass_12
4.325,0,0,0,4041,grass_12
4.332,0,0,0,4035,grass_12
4.338,0,0,0,4038,grass_12
4.338,0,0,0,4037,grass_12
4.345,0,0,0,4032,grass_12
4.352,0,0,0,4033,grass_12
4.359,0,0,0,4033,grass_12
4.363,0,0,0,4035,grass_12
4.366,0,0,0,4042,grass_12
4.373,0,0,0,4042,grass_12
4.373,0,0,0,4044,grass_12
4.38,0,0,0,4048,grass_12
4.387,0,0,0,4043,grass_12
4.39,0,0,0,4043,grass_12
4.394,0,0,0,4046,grass_12
4.401,0,0,0,4044,grass_12
4.408,0,0,0,4035,grass_12
4.408,0,0,0,4038,grass_12
4.417,0,0,0,4032,grass_12
4.422,0,0,0,4033,grass_12
4.429,0,0,0,4032,grass_12
4.433,0,0,0,4025,grass_12
4.436,0,0,0,4015,grass_12
4.442,0,0,0,3998,grass_12
4.444,0,0,0,3971,grass_12
4.449,0,0,0,3956,grass_12
4.458,0,0,0,3972,grass_12
4.463,0,0,0,3992,grass_12
4.466,0,0,0,3995,grass_12
4.47,0,0,0,3990,grass_12
4.477,0,0,0,3987,grass_12
4.483,0,0,0,3976,grass_12
4.484,0,0,0,3948,grass_12
4.491,0,0,0,3881,grass_12
4.498,0,0,0,3760,grass_12
4.499,0,0,0,3371,grass_12
4.507,0,0,0,1861,grass_12
4.512,0,0,0,0,grass_12
4.518,0,0,0,0,grass_12
4.519,0,0,0,0,grass_12
4.526,0,0,0,0,grass_12
4.533,0,0,0,0,grass_12
4.533,0,0,0,0,grass_12
4.542,0,0,0,0,grass_12
4.547,0,0,0,0,grass_12
4.554,0,0,0,0,grass_12
4.558,0,0,0,0,grass_12
4.561,0,0,0,0,grass_12
4.567,0,0,0,0,grass_12
4.569,1145,0,0,0,grass_12
4.574,2182,0,0,0,grass_12
4.581,2546,0,0,0,grass_12
4.588,2409,0,0,0,grass_12
4.589,2450,0,0,0,grass_12
4.596,3022,0,0,0,grass_12
4.602,3342,0,0,0,grass_12
4.607,3493,0,0,0,grass_12
4.609,2540,0,0,0,grass_12
4.616,2270,0,0,0,grass_12
4.623,3246,0,0,0,grass_12
4.624,3522,0,0,0,grass_12
4.63,3524,0,0,0,grass_12
4.637,3516,0,0,0,grass_12
4.643,3431,0,0,0,grass_12
4.644,2928,0,0,0,grass_12
4.651,3059,0,0,0,grass_12
4.657,3352,0,0,0,grass_12
4.663,3452,0,0,0,grass_12
4.667,3464,0,0,0,grass_12
4.672,3465,0,0,0,grass_12
4.678,3352,0,0,0,grass_12
4.682,3395,0,0,0,grass_12
4.686,1319,0,0,0,grass_12
4.689,0,0,0,0,grass_12
4.698,0,0,0,0,grass_12
4.7,0,0,0,0,grass_12
4.707,0,0,0,0,grass_12
4.707,1305,0,1828,0,grass_12
4.714,3521,0,2118,0,grass_12
4.72,3731,0,2413,0,grass_12
4.727,3745,0,2523,0,grass_12
4.729,3702,0,2692,0,grass_12
4.734,3688,0,2688,0,grass_12
4.741,3476,0,2027,0,grass_12
4.748,3203,0,0,0,grass_12
4.748,0,0,0,0,grass_12
4.755,0,0,0,0,grass_12
4.762,0,0,0,0,grass_12
4.763,0,0,0,0,grass_12
4.772,2183,0,0,0,grass_12
4.776,2865,0,0,0,grass_12
4.783,3298,0,0,0,grass_12
4.783,3486,0,0,0,grass_12
4.79,3544,0,0,0,grass_12
4.796,3615,0,0,0,grass_12
4.799,3637,0,0,0,grass_12
4.808,3617,0,0,0,grass_12
4.811,3528,0,0,0,grass_12
4.818,3462,0,0,0,grass_12
4.818,3449,0,0,0,grass_12
4.824,3505,0,0,0,grass_12
4.831,3744,0,0,0,grass_12
4.833,3823,0,0,0,grass_12
4.838,3836,0,0,0,grass_12
4.845,3785,0,1346,0,grass_12
4.852,3826,0,2484,0,grass_12
4.852,3820,0,2924,0,grass_12
4.861,3741,0,2730,0,grass_12
4.866,3464,0,0,0,grass_12
4.869,3162,0,0,0,grass_12
4.873,2410,0,0,0,grass_12
4.88,2578,0,0,0,grass_12
4.887,2995,0,0,0,grass_12
4.888,2949,0,0,0,grass_12
4.897,0,0,0,0,grass_12
4.901,0,0,0,0,grass_12
4.908,0,0,2562,0,grass_12
4.908,1997,0,2750,0,grass_12
4.915,3399,0,2753,0,grass_12
4.922,3612,0,2501,0,grass_12
4.923,3506,0,1966,0,grass_12
4.932,3364,0,1335,0,grass_12
4.936,2427,0,0,0,grass_12
4.943,1150,0,0,0,grass_12
4.943,0,0,0,0,grass_12
4.95,0,0,0,0,grass_12
4.956,0,0,0,0,grass_12
4.958,0,0,0,0,grass_12
4.963,0,0,0,0,grass_12
4.97,0,0,0,0,grass_12
4.977,2456,0,0,0,grass_12
4.977,3397,0,141,0,grass_12
4.986,3529,0,1476,0,grass_12
4.991,3566,0,2378,0,grass_12
4.995,3587,0,2857,0,grass_12
4.998,3637,0,2819,0,grass_12
5.005,3670,0,2465,0,grass_12
5.012,3671,0,1623,0,grass_12
5.013,3601,0,1263,0,grass_12
5.019,3475,0,1262,0,grass_12
5.026,3288,0,1366,0,grass_12
5.033,2988,0,1350,0,grass_12
5.033,2922,0,1290,0,grass_12
5.039,3027,0,1087,0,grass_12
5.047,3056,0,1111,0,grass_12
5.048,2969,0,1956,0,grass_12
5.056,2920,0,2556,0,grass_12
5.061,3075,0,2897,0,grass_12
5.067,3302,0,2875,0,grass_12
5.068,3417,0,2409,0,grass_12
5.075,3454,0,1727,0,grass_12
5.081,3366,0,1889,0,grass_12
5.083,2827,0,2492,0,grass_12
5.088,2434,0,2906,0,grass_12
5.095,2920,0,2889,0,grass_12
5.102,3382,0,2261,0,grass_12
5.102,3512,0,1474,0,grass_12
5.109,3502,0,1301,0,grass_12
5.116,3353,0,1427,0,grass_12
5.118,2965,0,1833,0,grass_12
5.126,3126,0,2338,0,grass_12
5.13,3379,0,2383,0,grass_12
5.137,3539,0,2284,0,grass_12
5.137,3618,0,2248,0,grass_12
5.144,3619,0,2240,0,grass_12
5.151,3514,0,2446,0,grass_12
5.153,3443,0,2518,0,grass_12
5.158,3428,0,2343,0,grass_12
5.165,3480,0,2178,0,grass_12
5.172,3521,0,2040,0,grass_12
5.172,3631,0,1642,0,grass_12
5.179,3687,0,1369,0,grass_12
5.185,3673,0,1833,0,grass_12
5.188,3656,0,2044,0,grass_12
5.196,3681,0,2280,0,grass_12
5.199,3692,0,2230,0,grass_12
5.206,3636,0,2206,0,grass_12
5.208,3602,0,2476,0,grass_12
5.213,3601,0,2758,0,grass_12
5.22,3472,0,2982,0,grass_12
5.223,3365,0,3073,0,grass_12
5.231,3304,0,3029,0,grass_12
5.234,2772,0,2932,0,grass_12
5.241,2366,0,2773,0,grass_12
5.241,1572,0,2512,0,grass_12
5.248,994,0,2151,0,grass_12
5.255,0,0,2207,0,grass_12
5.258,1907,0,2507,0,grass_12
5.262,2768,0,2342,0,grass_12
5.269,3337,0,2612,0,grass_12
5.276,3527,0,2785,0,grass_12
5.276,3659,0,2915,0,grass_12
5.284,3719,0,2969,0,grass_12
5.29,3747,0,3030,0,grass_12
5.297,3778,0,3018,0,grass_12
5.301,3798,0,2912,0,grass_12
5.304,3813,0,2572,0,grass_12
5.31,3811,0,2122,0,grass_12
5.312,3789,0,1721,0,grass_12
5.317,3751,0,1453,0,grass_12
5.326,3723,0,718,0,grass_12
5.332,3720,0,1033,0,grass_12
5.334,3707,0,1773,0,grass_12
5.339,3697,0,2511,0,grass_12
5.345,3695,0,2898,0,grass_12
5.351,3703,0,2979,0,grass_12
5.352,3710,0,3005,0,grass_12
5.36,3706,0,2968,0,grass_12
5.366,3673,0,2939,0,grass_12
5.367,3622,0,2851,0,grass_12
5.376,3520,0,2782,0,grass_12
5.38,3501,0,2770,0,grass_12
5.384,3504,0,2761,0,grass_12
5.387,3528,0,2745,0,grass_12
5.394,3540,0,2759,0,grass_12
5.4,3585,0,2790,0,grass_12
5.402,3605,0,2816,0,grass_12
5.408,3610,0,2855,0,grass_12
5.415,3634,0,2836,0,grass_12
5.421,3648,0,2825,0,grass_12
5.422,3673,0,2888,0,grass_12
5.429,3696,0,2963,0,grass_12
5.436,3702,0,2939,0,grass_12
5.441,3708,0,2925,0,grass_12
5.443,3719,0,2801,0,grass_12
5.45,3723,0,2375,0,grass_12
5.456,3714,0,1958,0,grass_12
5.457,3721,0,1851,0,grass_12
5.463,3724,0,1835,0,grass_12
5.47,3759,0,1716,0,grass_12
5.476,3792,0,1899,0,grass_12
5.477,3818,0,2035,0,grass_12
5.484,3836,0,2122,0,grass_12
5.492,3853,0,2542,0,grass_12
5.492,3851,0,2636,0,grass_12
5.5,3836,0,2998,0,grass_12
5.505,3819,0,3099,0,grass_12
5.508,3796,0,3119,0,grass_12
5.512,3766,0,3125,0,grass_12
5.519,3734,0,3129,0,grass_12
5.525,3715,0,3082,0,grass_12
5.527,3597,0,2961,0,grass_12
5.532,3440,0,2942,0,grass_12
5.54,3296,0,2796,0,grass_12
5.546,3239,0,2795,0,grass_12
5.547,3309,0,2842,0,grass_12
5.554,3456,0,2911,0,grass_12
5.56,3606,0,2919,0,grass_12
5.562,3733,0,2936,0,grass_12
5.57,3769,0,2960,0,grass_12
5.574,3808,0,2933,0,grass_12
5.581,3838,0,2727,0,grass_12
5.586,3842,0,2560,0,grass_12
5.589,3869,0,2052,0,grass_12
5.595,3868,0,1736,0,grass_12
5.597,3872,0,1254,0,grass_12
5.602,3877,0,863,0,grass_12
5.609,3875,0,928,0,grass_12
5.616,3850,0,1907,0,grass_12
5.616,3846,0,2651,0,grass_12
5.623,3832,0,2831,0,grass_12
5.63,3812,0,2984,0,grass_12
5.632,3795,0,2979,0,grass_12
5.637,3792,0,2918,0,grass_12
5.644,3765,0,2930,0,grass_12
5.651,3719,0,2933,0,grass_12
5.652,3697,0,2947,0,grass_12
5.658,3653,0,2948,0,grass_12
5.665,3653,0,2949,0,grass_12
5.671,3673,0,2971,0,grass_12
5.672,3723,0,2950,0,grass_12
5.678,3760,0,2958,0,grass_12
5.685,3783,0,3012,0,grass_12
5.687,3803,0,3002,0,grass_12
5.692,3814,0,2986,0,grass_12
5.699,3819,0,2995,0,grass_12
5.702,3835,0,2982,0,grass_12
5.709,3850,0,2918,0,grass_12
5.715,3849,0,2792,0,grass_12
5.72,3845,0,2640,0,grass_12
5.723,3820,0,2388,0,grass_12
5.727,3797,0,2265,0,grass_12
5.735,3795,0,1299,0,grass_12
5.741,3806,0,0,0,grass_12
5.742,3810,0,0,0,grass_12
5.748,3846,0,0,0,grass_12
5.755,3864,0,0,0,grass_12
5.756,3885,0,0,0,grass_12
5.765,3900,0,1016,0,grass_12
5.769,3916,0,1772,0,grass_12
5.773,3922,0,2281,0,grass_12
5.776,3927,0,2476,0,grass_12
5.783,3925,0,2713,0,grass_12
5.789,3924,0,2751,0,grass_12
5.791,3909,0,2822,0,grass_12
5.797,3898,0,2826,0,grass_12
5.804,3862,0,2862,0,grass_12
5.81,3829,0,2856,0,grass_12
5.811,3783,0,2930,0,grass_12
5.817,3734,0,2936,0,grass_12
5.825,3712,0,2914,0,grass_12
5.825,3664,0,2842,0,grass_12
5.833,3512,0,2238,0,grass_12
5.838,3509,0,1813,0,grass_12
5.845,3601,0,2214,0,grass_12
5.849,3664,0,2497,0,grass_12
5.852,3723,0,3040,0,grass_12
5.859,3764,0,3157,0,grass_12
5.866,3776,0,3157,0,grass_12
5.866,3796,0,2697,0,grass_12
5.873,3813,0,1991,0,grass_12
5.88,3836,0,1292,0,grass_12
5.881,3798,0,1564,0,grass_12
5.887,3768,0,1661,0,grass_12
5.894,3773,0,2124,0,grass_12
5.9,3828,0,2715,0,grass_12
5.901,3863,0,2873,0,grass_12
5.909,3885,0,2940,0,grass_12
5.915,3886,0,3042,0,grass_12
5.916,3890,0,3021,0,grass_12
5.924,3886,0,2906,0,grass_12
5.928,3878,0,2890,0,grass_12
5.936,3869,0,2889,0,grass_12
5.941,3871,0,2922,0,grass_12
5.943,3869,0,2904,0,grass_12
5.95,3870,0,2871,0,grass_12
5.951,3874,0,2872,0,grass_12
5.956,3873,0,2898,0,grass_12
5.963,3877,0,3017,0,grass_12
5.97,3879,0,3124,0,grass_12
5.971,3865,0,3215,0,grass_12
5.977,3836,0,3276,0,grass_12
5.984,3830,0,2966,0,grass_12
5.99,3819,0,1533,0,grass_12
5.991,3797,0,0,0,grass_12
5.998,3728,0,0,0,grass_12
6.005,3743,0,0,0,grass_12
6.009,3706,0,787,0,grass_12
6.014,3657,0,2142,0,grass_12
6.019,3658,0,0,0,grass_12
6.022,3644,0,0,0,grass_12
6.026,3650,0,0,0,grass_12
6.033,3661,0,0,0,grass_12
6.04,3614,0,0,0,grass_12
6.04,3659,0,2779,0,grass_12
6.047,3782,0,3451,0,grass_12
6.053,3889,0,3600,0,grass_12
6.056,3922,0,3682,0,grass_12
6.06,3979,0,3641,0,grass_12
6.067,3992,0,3602,0,grass_12
6.075,4002,0,3531,0,grass_12
6.075,3970,0,3468,0,grass_12
6.083,3905,0,3453,0,grass_12
6.088,3848,0,3430,0,grass_12
6.095,3850,0,3189,0,grass_12
6.096,3847,0,2907,0,grass_12
6.102,3854,0,2118,0,grass_12
6.109,3835,0,2556,0,grass_12
6.115,3798,0,3111,0,grass_12
6.116,3776,0,3206,0,grass_12
6.123,3828,0,3245,0,grass_12
6.13,3848,0,3270,0,grass_12
6.131,3899,0,3234,0,grass_12
6.137,3907,0,2611,0,grass_12
6.144,3895,0,0,0,grass_12
6.15,3807,0,0,0,grass_12
6.151,3703,0,0,0,grass_12
6.158,3684,0,0,0,grass_12
6.164,3676,0,2711,0,grass_12
6.164,3765,0,3057,0,grass_12
6.173,3765,0,2471,0,grass_12
6.178,3780,0,1467,0,grass_12
6.18,3753,0,1421,0,grass_12
6.185,3721,0,3149,0,grass_12
6.192,3785,0,3619,0,grass_12
6.199,3868,0,3664,0,grass_12
6.2,3929,0,3661,0,grass_12
6.209,3969,0,3592,0,grass_12
6.213,4006,0,3514,0,grass_12
6.22,4008,0,3590,0,grass_12
6.22,3982,0,3648,0,grass_12
6.227,3938,0,3657,0,grass_12
6.234,3838,0,3608,0,grass_12
6.234,3845,0,3219,0,grass_12
6.243,3859,0,1653,0,grass_12
6.248,3849,0,0,0,grass_12
6.255,3763,0,0,0,grass_12
6.255,3691,0,0,0,grass_12
6.262,3649,0,2754,0,grass_12
6.268,3677,0,3032,0,grass_12
6.27,3779,0,3030,0,grass_12
6.276,3830,0,2882,0,grass_12
6.283,3882,0,2147,0,grass_12
6.289,3926,0,0,0,grass_12
6.29,3935,0,0,0,grass_12
6.296,3935,0,0,0,grass_12
6.303,3912,0,0,0,grass_12
6.309,3914,0,2006,0,grass_12
6.31,3928,0,3060,0,grass_12
6.318,3915,0,3093,0,grass_12
6.325,3903,0,2257,0,grass_12
6.325,3864,0,0,0,grass_12
6.333,3710,0,0,0,grass_12
6.339,3549,0,0,0,grass_12
6.344,3519,0,0,0,grass_12
6.346,3550,0,1239,0,grass_12
6.353,3578,0,3187,0,grass_12
6.359,3771,0,3480,0,grass_12
6.364,3864,0,3577,0,grass_12
6.366,3891,0,3547,0,grass_12
6.374,3914,0,3340,0,grass_12
6.377,3888,0,3331,0,grass_12
6.381,3746,0,3207,0,grass_12
6.387,3495,0,3136,0,grass_12
6.394,3283,0,2778,0,grass_12
6.394,3242,0,0,0,grass_12
6.402,3160,0,0,0,grass_12
6.41,3101,0,0,0,grass_12
6.411,3050,0,0,0,grass_12
6.419,3075,0,0,0,grass_12
6.422,3127,0,0,0,grass_12
6.429,3311,0,0,0,grass_12
6.429,3496,0,0,0,grass_12
6.435,3659,0,0,0,grass_12
6.442,3751,0,0,0,grass_12
6.445,3762,0,0,0,grass_12
6.45,3728,0,0,0,grass_12
6.456,3707,0,0,0,grass_12
6.463,3680,0,0,0,grass_12
6.465,3688,0,0,0,grass_12
6.47,3677,0,0,0,grass_12
6.477,3476,0,0,0,grass_12
6.484,3058,0,0,0,grass_12
6.484,0,0,0,0,grass_12
6.491,0,0,0,0,grass_12
6.498,0,0,0,0,grass_12
6.5,1297,0,0,0,grass_12
6.505,2607,0,0,0,grass_12
6.512,2992,0,0,0,grass_12
6.518,3005,0,99,0,grass_12
6.52,3113,0,2298,0,grass_12
6.526,2955,0,2270,0,grass_12
6.532,2404,0,1694,0,grass_12
6.539,1917,0,0,0,grass_12
6.54,0,0,0,0,grass_12
6.546,0,0,0,0,grass_12
6.553,0,0,0,0,grass_12
6.554,0,0,0,0,grass_12
6.56,1435,0,0,0,grass_12
6.567,2934,0,0,0,grass_12
6.574,3210,0,0,0,grass_12
6.575,3035,0,0,0,grass_12
6.581,2708,0,0,0,grass_12
6.588,2548,0,0,0,grass_12
6.594,1501,0,0,0,grass_12
6.595,1449,0,0,0,grass_12
6.602,2151,0,0,0,grass_12
6.609,3071,0,0,0,grass_12
6.61,3347,0,2198,0,grass_12
6.617,3464,0,0,0,grass_12
6.623,3578,0,0,0,grass_12
6.625,3694,0,0,0,grass_12
6.63,3810,0,0,0,grass_12
6.637,3879,0,2045,0,grass_12
6.644,3903,0,2503,0,grass_12
6.644,3912,0,2722,0,grass_12
6.651,3890,0,2706,0,grass_12
6.657,3876,0,2250,0,grass_12
6.659,3865,0,2048,0,grass_12
6.667,3849,0,1676,0,grass_12
6.671,3811,0,0,0,grass_12
6.679,3775,0,1026,0,grass_12
6.679,3846,0,1909,0,grass_12
6.685,3894,0,2763,0,grass_12
6.692,3917,0,3214,0,grass_12
6.694,3934,0,3441,0,grass_12
6.699,3930,0,3556,0,grass_12
6.706,3911,0,3672,0,grass_12
6.713,3904,0,3682,0,grass_12
6.714,3895,0,3683,0,grass_12
6.72,3889,0,3653,0,grass_12
6.727,3885,0,3604,0,grass_12
6.733,3870,0,3537,0,grass_12
6.734,3840,0,3463,0,grass_12
6.741,3795,0,3456,0,grass_12
6.748,3852,0,3504,0,grass_12
6.75,3896,0,3549,0,grass_12
6.758,3918,0,3574,0,grass_12
6.762,3935,0,3551,0,grass_12
6.769,3956,0,3581,0,grass_12
6.769,3961,0,3611,0,grass_12
6.776,3966,0,3645,0,grass_12
6.782,3958,0,3696,0,grass_12
6.789,3947,0,3711,0,grass_12
6.791,3962,0,3754,0,grass_12
6.796,3979,0,3724,0,grass_12
6.803,3983,0,3710,0,grass_12
6.807,3975,0,3751,0,grass_12
6.81,3976,0,3781,0,grass_12
6.817,3975,0,3771,0,grass_12
6.824,3969,0,3763,0,grass_12
6.824,3982,0,3747,0,grass_12
6.831,3993,0,3756,0,grass_12
6.838,3996,0,3763,0,grass_12
6.839,3983,0,3774,0,grass_12
6.845,3979,0,3784,0,grass_12
6.852,3973,0,3793,0,grass_12
6.858,3990,0,3759,0,grass_12
6.859,4002,0,3762,0,grass_12
6.866,4009,0,3776,0,grass_12
6.873,4008,0,3800,0,grass_12
6.874,4006,0,3834,0,grass_12
6.88,4010,0,3817,0,grass_12
6.887,4011,0,3819,0,grass_12
6.892,4027,0,3824,0,grass_12
6.894,4020,0,3831,0,grass_12
6.9,4019,0,3845,0,grass_12
6.907,4018,0,3836,0,grass_12
6.91,4016,0,3846,0,grass_12
6.917,4022,0,3842,0,grass_12
6.921,4022,0,3828,0,grass_12
6.926,4024,0,3802,0,grass_12
6.928,4022,0,3816,0,grass_12
6.935,4020,0,3802,0,grass_12
6.942,4006,0,3791,0,grass_12
6.944,4002,0,3800,0,grass_12
6.949,3993,0,3810,0,grass_12
6.956,4004,0,3798,0,grass_12
6.963,4018,0,3775,0,grass_12
6.964,4021,0,3744,0,grass_12
6.97,4020,0,3784,0,grass_12
6.977,4018,0,3816,0,grass_12
6.982,4014,0,3848,0,grass_12
6.984,4021,0,3848,0,grass_12
6.991,4029,0,3844,0,grass_12
6.998,4027,0,3832,0,grass_12
6.999,4027,0,3826,0,grass_12
7.005,4026,0,3812,0,grass_12
7.012,4025,0,3811,0,grass_12
7.018,4023,0,3802,0,grass_12
7.019,4022,0,3800,0,grass_12
7.026,4023,0,3763,0,grass_12
7.033,4023,0,3788,0,grass_12
7.033,4018,0,3811,0,grass_12
7.041,4013,0,3813,0,grass_12
7.046,4026,0,3813,0,grass_12
7.049,4020,0,3795,0,grass_12
7.053,4024,0,3808,0,grass_12
7.06,4026,0,3834,0,grass_12
7.067,4030,0,3849,0,grass_12
7.067,4020,0,3865,0,grass_12
7.075,4022,0,3855,0,grass_12
7.081,4026,0,3840,0,grass_12
7.083,4021,0,3818,0,grass_12
7.089,4021,0,3823,0,grass_12
7.095,4016,0,3816,0,grass_12
7.102,4012,0,3816,0,grass_12
7.103,4007,0,3781,0,grass_12
7.11,4013,0,3739,0,grass_12
7.116,4014,0,3683,0,grass_12
7.123,4018,0,3680,0,grass_12
7.123,4011,0,3743,0,grass_12
7.13,4017,0,3780,0,grass_12
7.136,4023,0,3796,0,grass_12
7.138,4025,0,3806,0,grass_12
7.147,4027,0,3791,0,grass_12
7.151,4030,0,3793,0,grass_12
7.158,4034,0,3815,0,grass_12
7.158,4037,0,3795,0,grass_12
7.164,4038,0,3780,0,grass_12
7.171,4033,0,3784,0,grass_12
7.173,4027,0,3760,0,grass_12
7.178,4027,0,3682,0,grass_12
7.185,4019,0,3590,0,grass_12
7.192,4026,0,3556,0,grass_12
7.193,4026,0,3494,0,grass_12
7.199,4028,0,2946,0,grass_12
7.206,4031,0,2922,0,grass_12
7.213,4030,0,3593,0,grass_12
7.213,4029,0,3713,0,grass_12
7.22,4030,0,3746,0,grass_12
7.227,4036,0,3740,0,grass_12
7.228,4033,0,3689,0,grass_12
7.236,4030,0,3614,0,grass_12
7.241,4025,0,3561,0,grass_12
7.248,4021,0,3657,0,grass_12
7.253,4024,0,3678,0,grass_12
7.255,4032,0,3634,0,grass_12
7.261,4036,0,3563,0,grass_12
7.263,4036,0,3436,0,grass_12
7.269,4032,0,3152,0,grass_12
7.276,4036,0,3224,0,grass_12
7.282,4030,0,3447,3848,grass_12
7.283,4032,0,3362,3940,grass_12
7.289,4024,0,800,3978,grass_12
7.297,4012,0,0,3877,grass_12
7.302,3994,0,0,0,grass_12
7.303,3951,0,0,0,grass_12
7.31,3901,0,0,0,grass_12
7.317,3881,0,0,0,grass_12
7.317,3868,0,0,0,grass_12
7.326,3887,0,0,3750,grass_12
7.331,3948,0,0,3853,grass_12
7.333,3979,0,0,3926,grass_12
7.338,4003,0,0,3934,grass_12
7.346,4011,0,0,3979,grass_12
7.352,4003,0,0,3991,grass_12
7.353,3987,0,0,3986,grass_12
7.359,3957,0,0,3983,grass_12
7.366,3946,0,0,3969,grass_12
7.372,3944,0,0,3947,grass_12
7.373,3941,0,0,3934,grass_12
7.38,3953,0,0,3894,grass_12
7.387,3965,0,0,3768,grass_12
7.387,3980,0,0,3536,grass_12
7.396,4001,0,0,2415,grass_12
7.401,4021,0,0,929,grass_12
7.404,4027,0,0,0,grass_12
7.411,4036,0,0,0,grass_12
7.415,4038,0,0,0,grass_12
7.421,4039,0,0,0,grass_12
7.423,4038,0,0,0,grass_12
7.431,4034,0,0,0,grass_12
7.436,4027,0,0,0,grass_12
7.439,4024,0,0,0,grass_12
7.443,4024,0,0,0,grass_12
7.449,4023,0,0,0,grass_12
7.456,4028,0,0,0,grass_12
7.458,4025,0,0,0,grass_12
7.463,4026,0,1322,0,grass_12
7.47,4029,0,2768,0,grass_12
7.477,4033,0,3115,0,grass_12
7.477,4031,0,3487,0,grass_12
7.484,4031,0,3470,0,grass_12
7.49,4027,0,3448,0,grass_12
7.493,4028,0,3264,0,grass_12
7.498,4019,0,2981,0,grass_12
7.505,4012,0,2001,0,grass_12
7.512,4006,0,0,0,grass_12
7.512,4002,0,0,0,grass_12
7.52,4000,0,0,0,grass_12
7.525,4003,0,0,0,grass_12
7.529,4009,0,0,0,grass_12
7.532,4017,0,0,0,grass_12
7.539,4014,0,0,0,grass_12
7.546,4014,0,0,0,grass_12
7.547,4008,0,0,0,grass_12
7.553,3995,0,0,0,grass_12
7.56,3984,0,0,0,grass_12
7.566,3979,0,0,0,grass_12
7.567,3985,0,0,0,grass_12
7.574,3987,0,0,0,grass_12
7.581,4000,0,0,1667,grass_12
7.582,4015,0,0,0,grass_12
7.591,4025,0,129,0,grass_12
7.595,4028,0,0,0,grass_12
7.599,4029,0,0,0,grass_12
7.602,4026,0,0,0,grass_12
7.611,4023,0,0,0,grass_12
7.616,4012,0,1512,0,grass_12
7.617,4009,0,2605,0,grass_12
7.623,4005,0,2342,0,grass_12
7.63,4003,0,0,0,grass_12
7.636,4006,0,0,0,grass_12
7.636,4003,0,0,0,grass_12
7.643,3978,0,0,0,grass_12
7.65,3963,0,0,0,grass_12
7.652,3944,0,0,0,grass_12
7.657,3946,0,0,0,grass_12
7.664,3965,0,0,0,grass_12
7.671,3983,0,0,0,grass_12
7.671,3982,0,0,0,grass_12
7.678,3988,0,0,0,grass_12
7.687,3992,0,0,0,grass_12
7.692,3983,0,0,0,grass_12
7.695,3975,0,0,0,grass_12
7.699,3955,0,0,0,grass_12
7.706,3927,0,0,0,grass_12
7.711,3894,0,0,0,grass_12
7.713,3876,0,0,0,grass_12
7.72,3765,0,0,0,grass_12
7.722,3710,0,0,0,grass_12
7.727,3594,0,0,0,grass_12
7.734,3592,0,0,0,grass_12
7.74,3597,0,0,2679,grass_12
7.742,3555,0,0,2603,grass_12
7.748,3328,0,0,1407,grass_12
7.755,2028,0,0,0,grass_12
7.761,0,0,0,0,grass_12
7.762,0,0,0,2398,grass_12
7.768,0,0,0,3068,grass_12
7.776,0,0,0,3314,grass_12
7.776,0,0,0,3428,grass_12
7.784,0,0,0,3255,grass_12
7.789,0,0,0,3267,grass_12
7.792,0,0,0,3587,grass_12
7.801,0,0,0,3671,grass_12
7.804,0,0,0,3753,grass_12
7.811,0,0,0,3796,grass_12
7.811,0,0,0,3855,grass_12
7.817,0,0,0,3915,grass_12
7.824,0,0,0,3950,grass_12
7.827,0,0,0,3942,grass_12
7.832,0,0,0,3950,grass_12
7.839,0,0,0,3954,grass_12
7.845,0,0,0,3954,grass_12
7.847,0,0,0,3972,grass_12
7.852,0,0,0,3973,grass_12
7.859,0,0,0,3973,grass_12
7.866,0,0,0,3929,grass_12
7.867,0,0,0,3838,grass_12
7.873,0,0,0,3890,grass_12
7.88,0,0,0,3950,grass_12
7.886,0,0,0,3994,grass_12
7.887,0,2633,0,3999,grass_12
7.894,0,3142,0,3983,grass_12
7.9,0,3336,0,3961,grass_12
7.902,0,3438,0,3934,grass_12
7.907,0,3235,0,3940,grass_12
7.915,0,3086,0,3972,grass_12
7.921,0,3151,0,3975,grass_12
7.922,0,3347,0,3936,grass_12
7.928,0,3452,0,3878,grass_12
7.936,0,3484,0,3767,grass_12
7.937,0,3384,0,3451,grass_12
7.942,0,3033,0,1068,grass_12
7.949,0,2182,0,0,grass_12
7.956,0,0,0,0,grass_12
7.958,0,0,0,0,grass_12
7.963,0,0,0,0,grass_12
7.97,0,0,0,0,grass_12
7.976,0,0,0,2839,grass_12
7.977,0,0,0,3774,grass_12
7.984,0,238,0,3948,grass_12
7.991,0,1190,0,3984,grass_12
7.992,0,1834,0,3996,grass_12
7.998,0,2023,0,3992,grass_12
8.005,0,2202,0,3987,grass_12
8.011,0,2013,0,3986,grass_12
8.012,0,1609,0,3980,grass_12
8.02,0,0,0,3982,grass_12
8.026,0,0,0,3975,grass_12
8.026,0,0,0,3951,grass_12
8.034,0,0,0,3957,grass_12
8.039,0,0,0,3964,grass_12
8.042,0,1341,0,3974,grass_12
8.046,0,2636,0,3991,grass_12
8.053,0,2860,0,4005,grass_12
8.06,0,2892,0,4006,grass_12
8.061,0,2429,0,3991,grass_12
8.067,0,783,0,3992,grass_12
8.074,0,0,0,3956,grass_12
8.08,0,0,0,3879,grass_12
8.081,0,0,0,3718,grass_12
8.088,0,0,0,3458,grass_12
8.095,0,1333,0,3546,grass_12
8.096,0,2491,0,3667,grass_12
8.105,0,2825,0,3900,grass_12
8.109,0,2947,0,3951,grass_12
8.113,0,3003,0,3968,grass_12
8.116,0,3042,0,3972,grass_12
8.123,0,3085,0,3958,grass_12
8.13,0,3005,0,3926,grass_12
8.136,0,2664,0,3903,grass_12
8.137,0,1265,0,3867,grass_12
8.146,0,0,0,3855,grass_12
8.15,0,0,0,3865,grass_12
8.155,0,0,0,3893,grass_12
8.158,0,0,0,3881,grass_12
8.166,0,905,0,3894,grass_12
8.17,0,1549,0,3901,grass_12
8.174,0,1654,0,3925,grass_12
8.179,0,1526,0,3951,grass_12
8.185,0,1375,0,3976,grass_12
8.186,0,869,0,3977,grass_12
8.192,0,0,0,3970,grass_12
8.199,0,0,0,3969,grass_12
8.201,0,146,0,3967,grass_12
8.206,0,1977,0,3958,grass_12
8.213,0,2733,0,3973,grass_12
8.22,0,2998,0,3975,grass_12
8.22,0,3033,0,3974,grass_12
8.227,0,3007,0,3978,grass_12
8.234,0,2944,0,3970,grass_12
8.236,0,2463,0,3953,grass_12
8.244,0,0,0,3930,grass_12
8.248,0,0,0,3899,grass_12
8.254,0,0,0,3881,grass_12
8.256,0,0,0,3903,grass_12
8.261,0,1376,0,3956,grass_12
8.269,0,2811,0,3975,grass_12
8.275,0,3066,0,3989,grass_12
8.277,0,3304,0,3994,grass_12
8.283,0,3410,0,4002,grass_12
8.289,0,3344,0,4003,grass_12
8.295,0,3058,0,3999,grass_12
8.296,0,2823,0,3992,grass_12
8.304,0,2026,0,3976,grass_12
8.31,0,381,0,3976,grass_12
8.312,0,155,0,3965,grass_12
8.317,0,1189,0,3949,grass_12
8.324,0,2160,0,3959,grass_12
8.33,0,2506,0,3962,grass_12
8.331,0,2882,0,3974,grass_12
8.338,0,2935,0,3981,grass_12
8.345,0,2881,0,3977,grass_12
8.345,0,2650,0,3987,grass_12
8.354,0,2476,0,3997,grass_12
8.359,0,2140,0,3991,grass_12
8.365,0,1798,0,4002,grass_12
8.366,0,1721,0,3988,grass_12
8.373,0,1717,0,3987,grass_12
8.379,0,2292,0,3980,grass_12
8.381,0,2959,0,3976,grass_12
8.386,0,3063,0,3979,grass_12
8.394,0,3173,0,3980,grass_12
8.4,0,3183,0,3980,grass_12
8.401,0,3086,0,3974,grass_12
8.408,0,2977,0,3968,grass_12
8.414,0,2746,0,3959,grass_12
8.416,0,2410,0,3935,grass_12
8.421,0,2245,0,3929,grass_12
8.429,0,2222,0,3940,grass_12
8.434,0,2466,0,3961,grass_12
8.436,0,2878,0,3982,grass_12
8.442,0,2967,0,3972,grass_12
8.449,0,3017,0,3985,grass_12
8.45,0,3003,0,3993,grass_12
8.459,0,2967,0,3991,grass_12
8.463,0,2945,0,3999,grass_12
8.467,0,2839,0,4008,grass_12
8.471,0,2606,0,3998,grass_12
8.477,0,2388,0,3994,grass_12
8.484,0,2275,0,3992,grass_12
8.486,0,2417,0,3995,grass_12
8.491,0,2497,0,3991,grass_12
8.498,0,2569,0,3987,grass_12
8.505,0,2763,0,3987,grass_12
8.505,0,2798,0,3983,grass_12
8.513,0,2795,0,3986,grass_12
8.518,0,2767,0,3988,grass_12
8.52,0,2793,0,3993,grass_12
8.525,0,2833,0,3985,grass_12
8.533,0,2882,0,3988,grass_12
8.539,0,2837,0,3982,grass_12
8.54,0,2620,0,3986,grass_12
8.546,0,2311,0,3976,grass_12
8.554,0,2644,0,3972,grass_12
8.559,0,3012,0,3980,grass_12
8.56,0,3261,0,3982,grass_12
8.567,0,3487,0,3984,grass_12
8.574,0,3535,0,3980,grass_12
8.575,0,3473,0,3973,grass_12
8.581,0,3155,0,3966,grass_12
8.588,0,2635,0,3958,grass_12
8.595,0,722,0,3928,grass_12
8.595,0,0,0,3913,grass_12
8.602,0,798,0,3951,grass_12
8.609,0,2313,0,3975,grass_12
8.615,0,2959,0,3988,grass_12
8.616,0,3055,0,3998,grass_12
8.622,0,3184,0,4006,grass_12
8.625,0,2992,0,4017,grass_12
8.634,0,2868,0,4016,grass_12
8.637,0,2175,0,4011,grass_12
8.644,0,997,0,4014,grass_12
8.644,0,0,0,4002,grass_12
8.65,0,0,0,3997,grass_12
8.657,0,2114,0,3992,grass_12
8.664,0,2880,0,4003,grass_12
8.665,0,3057,0,4003,grass_12
8.671,0,3409,0,4006,grass_12
8.679,0,3487,0,3998,grass_12
8.679,0,3415,0,3991,grass_12
8.687,0,3051,0,3971,grass_12
8.692,0,2864,0,3951,grass_12
8.699,0,2021,0,3912,grass_12
8.703,0,1898,0,3933,grass_12
8.706,0,2434,0,3947,grass_12
8.713,0,2956,0,3961,grass_12
8.715,0,3207,0,3986,grass_12
8.72,0,3322,0,3991,grass_12
8.729,0,3236,0,3992,grass_12
8.734,0,2976,0,3999,grass_12
8.737,0,2629,0,3995,grass_12
8.741,0,1997,0,3991,grass_12
8.748,0,2091,0,3999,grass_12
8.754,0,2682,0,3993,grass_12
8.755,0,2991,0,4012,grass_12
8.761,0,3095,0,4005,grass_12
8.769,0,3254,0,4007,grass_12
8.769,0,3238,0,4004,grass_12
8.777,0,2998,0,4000,grass_12
8.783,0,2587,0,3991,grass_12
8.785,0,1662,0,3975,grass_12
8.793,0,1192,0,3980,grass_12
8.797,0,1876,0,3987,grass_12
8.803,0,2467,0,3986,grass_12
8.805,0,2944,0,3996,grass_12
8.813,0,3064,0,4005,grass_12
8.817,0,3190,0,4007,grass_12
8.824,0,3188,0,4010,grass_12
8.825,0,3035,0,4008,grass_12
8.831,0,2892,0,3998,grass_12
8.838,0,2714,0,3995,grass_12
8.844,0,2702,0,3996,grass_12
8.845,0,2928,0,3986,grass_12
8.852,0,3111,0,3985,grass_12
8.859,0,3409,0,3997,grass_12
8.859,0,3496,0,3992,grass_12
8.868,0,3438,0,3990,grass_12
8.873,0,3220,0,3984,grass_12
8.876,0,2893,0,3977,grass_12
8.88,0,1978,0,3977,grass_12
8.887,0,0,0,3980,grass_12
8.893,0,0,0,3977,grass_12
8.895,0,1558,0,3985,grass_12
8.9,0,2442,0,3999,grass_12
8.908,0,2938,0,4008,grass_12
8.913,0,3017,0,4017,grass_12
8.914,0,3076,0,4028,grass_12
8.921,0,3014,0,4016,grass_12
8.928,0,2955,0,4027,grass_12
8.93,0,2866,0,4019,grass_12
8.935,0,2754,0,4024,grass_12
8.942,0,2713,0,4009,grass_12
8.949,0,2815,0,4009,grass_12
8.95,0,2891,0,4001,grass_12
8.956,0,2952,0,3998,grass_12
8.963,0,2961,0,3996,grass_12
8.964,0,2949,0,3995,grass_12
8.972,0,2917,0,3992,grass_12
8.977,0,2912,0,3992,grass_12
8.981,0,2910,0,3993,grass_12
8.984,0,2921,0,3998,grass_12
8.991,0,2966,0,4004,grass_12
8.997,0,2999,0,4008,grass_12
8.999,0,3010,0,4008,grass_12
9.005,0,3037,0,4003,grass_12
9.014,0,3037,0,4006,grass_12
9.018,0,3000,0,4007,grass_12
9.018,0,2924,0,4001,grass_12
9.025,0,2740,0,3990,grass_12
9.032,0,2445,0,3996,grass_12
9.034,0,2678,0,3993,grass_12
9.039,0,2896,0,3996,grass_12
9.047,0,3005,0,4000,grass_12
9.053,0,2973,0,3995,grass_12
9.053,0,2486,0,3992,grass_12
9.062,0,1729,0,3982,grass_12
9.067,0,0,0,3978,grass_12
9.07,0,1245,0,3981,grass_12
9.078,0,1765,0,3988,grass_12
9.081,0,2653,0,3989,grass_12
9.088,0,2809,0,4000,grass_12
9.089,0,2990,0,3999,grass_12
9.095,0,3101,0,4010,grass_12
9.102,0,3134,0,4019,grass_12
9.108,0,3177,0,4016,grass_12
9.109,0,3224,0,4010,grass_12
9.116,0,3248,0,4009,grass_12
9.122,0,3241,0,4006,grass_12
9.124,0,3242,0,4003,grass_12
9.129,0,3222,0,4004,grass_12
9.137,0,3171,0,3998,grass_12
9.143,0,3126,0,3992,grass_12
9.144,0,3006,0,3994,grass_12
9.15,0,2801,0,3981,grass_12
9.158,0,2699,0,3985,grass_12
9.163,0,2608,0,3992,grass_12
9.164,0,2214,0,3991,grass_12
9.171,0,1293,0,3993,grass_12
9.178,0,0,0,3990,grass_12
9.178,0,0,0,3967,grass_12
9.186,0,0,0,3975,grass_12
9.192,0,0,0,3983,grass_12
9.194,0,1440,0,3989,grass_12
9.199,0,1014,0,3991,grass_12
9.206,0,0,0,3957,grass_12
9.212,0,0,0,3945,grass_12
9.214,0,0,0,3943,grass_12
9.221,0,1472,0,3969,grass_12
9.226,0,2363,0,3994,grass_12
9.229,0,2869,0,4004,grass_12
9.234,0,3120,0,4010,grass_12
9.241,0,3251,0,4016,grass_12
9.248,0,3496,0,4017,grass_12
9.248,0,3529,0,4024,grass_12
9.255,0,3513,0,4024,grass_12
9.261,0,3523,0,4029,grass_12
9.264,0,3477,0,4022,grass_12
9.268,0,3368,0,4026,grass_12
9.275,0,3166,0,4016,grass_12
9.282,0,2923,0,4009,grass_12
9.282,0,2711,0,4005,grass_12
9.291,0,2366,0,4002,grass_12
9.296,0,2259,0,3995,grass_12
9.303,0,2180,0,3992,grass_12
9.307,0,2184,0,3990,grass_12
9.31,0,2190,0,3991,grass_12
9.317,0,2037,0,3986,grass_12
9.317,0,0,0,3983,grass_12
9.324,0,0,0,3973,grass_12
9.331,0,0,0,3970,grass_12
9.334,0,0,0,3975,grass_12
9.342,0,0,0,3981,grass_12
9.345,0,2794,0,3997,grass_12
9.352,0,3179,0,4004,grass_12
9.352,0,3349,0,4000,grass_12
9.359,0,3172,0,3998,grass_12
9.366,0,2472,0,3975,grass_12
9.372,0,0,0,3937,grass_12
9.374,0,0,0,3891,grass_12
9.379,0,0,0,3875,grass_12
9.387,0,0,0,3906,grass_12
9.393,0,1652,0,3947,grass_12
9.393,0,2596,0,3974,grass_12
9.4,0,2749,0,3992,grass_12
9.407,0,2836,0,4009,grass_12
9.408,0,2814,0,4014,grass_12
9.417,0,2688,0,4013,grass_12
9.421,0,2402,0,4016,grass_12
9.425,0,1605,0,4012,grass_12
9.428,0,1549,0,4010,grass_12
9.435,0,1416,0,4008,grass_12
9.442,0,1575,0,4011,grass_12
9.443,0,1561,0,4010,grass_12
9.452,0,1498,0,4013,grass_12
9.456,0,1643,0,4008,grass_12
9.46,0,1894,0,4006,grass_12
9.463,0,0,0,4009,grass_12
9.47,0,0,0,4000,grass_12
9.476,0,0,0,3978,grass_12
9.483,0,0,0,3964,grass_12
9.484,0,0,0,3946,grass_12
9.49,0,0,0,3957,grass_12
9.497,0,0,0,3970,grass_12
9.498,0,0,0,3984,grass_12
9.504,0,0,0,3987,grass_12
9.511,0,1441,0,3978,grass_12
9.515,0,1079,0,3965,grass_12
9.52,0,0,0,3955,grass_12
9.525,0,0,0,3927,grass_12
9.532,0,0,0,3895,grass_12
9.537,0,0,0,3867,grass_12
9.539,0,0,0,3906,grass_12
9.546,0,0,0,3978,grass_12
9.548,0,1925,0,3996,grass_12
9.553,0,2556,0,4014,grass_12
9.561,0,2771,0,4010,grass_12
9.566,0,2807,0,4010,grass_12
9.57,0,2650,0,3996,grass_12
9.574,0,1609,0,3974,grass_12
9.581,0,0,0,3927,grass_12
9.587,0,0,0,3890,grass_12
9.588,0,0,0,3873,grass_12
9.595,0,0,0,3866,grass_12
9.602,0,0,0,3892,grass_12
9.602,0,0,0,3911,grass_12
9.608,0,0,0,3921,grass_12
9.616,0,0,0,3937,grass_12
9.622,0,0,0,3941,grass_12
9.622,0,0,0,3930,grass_12
9.629,0,0,0,3911,grass_12
9.636,0,0,0,3890,grass_12
9.638,0,0,0,3841,grass_12
9.643,0,0,0,3762,grass_12
9.651,0,0,0,3763,grass_12
9.657,0,0,0,3768,grass_12
9.658,0,0,0,3768,grass_12
9.664,0,0,0,3772,grass_12
9.671,0,0,0,3672,grass_12
9.677,0,0,0,3418,grass_12
9.678,0,0,0,2881,grass_12
9.685,0,0,0,1868,grass_12
9.692,0,0,0,0,grass_12
9.692,0,0,0,499,grass_12
9.7,0,0,0,2732,grass_12
9.706,0,0,0,2853,grass_12
9.708,0,0,0,2966,grass_12
9.715,0,0,0,2714,grass_12
9.72,0,0,0,0,grass_12
9.726,0,0,0,0,grass_12
9.728,0,0,0,0,grass_12
9.733,0,0,0,0,grass_12
9.74,0,0,0,0,grass_12
9.747,0,0,0,0,grass_12
9.747,0,0,0,0,grass_12
9.754,0,0,0,0,grass_12
9.761,0,0,0,0,grass_12
9.763,0,0,0,358,grass_12
9.771,0,0,0,2551,grass_12
9.775,0,0,0,3007,grass_12
9.782,0,0,0,3184,grass_12
9.782,0,0,0,3544,grass_12
9.789,0,0,0,3822,grass_12
9.796,0,0,0,3910,grass_12
9.798,0,0,0,3912,grass_12
9.803,0,0,0,3933,grass_12
9.81,0,0,0,3935,grass_12
9.816,0,0,0,3891,grass_12
9.817,0,0,0,3861,grass_12
9.823,0,0,0,3820,grass_12
9.831,0,0,0,3875,grass_12
9.832,0,0,0,3895,grass_12
9.84,0,1140,0,3850,grass_12
9.847,0,869,0,3884,grass_12
9.852,0,0,0,3936,grass_12
9.856,0,786,0,3955,grass_12
9.861,0,2120,0,3969,grass_12
9.867,0,2456,0,3979,grass_12
9.872,0,2667,0,3982,grass_12
9.875,0,3012,0,3991,grass_12
9.88,0,3249,0,3984,grass_12
9.886,0,3248,0,3984,grass_12
9.888,0,3215,0,3991,grass_12
9.894,0,2937,0,4007,grass_12
9.9,0,2711,0,4019,grass_12
9.902,0,2571,0,4018,grass_12
9.907,0,2766,0,4016,grass_12
9.916,0,2959,0,4003,grass_12
9.921,0,3127,0,4005,grass_12
9.924,0,3136,0,3999,grass_12
9.928,0,3041,0,4012,grass_12
9.935,0,3247,0,4027,grass_12
9.942,0,3319,0,4019,grass_12
9.942,0,3500,0,4007,grass_12
9.951,0,3525,0,3998,grass_12
9.956,0,3519,0,3978,grass_12
9.96,0,3437,0,4005,grass_12
9.965,0,3423,0,4012,grass_12
9.97,0,3452,0,4019,grass_12
9.977,0,3534,0,4021,grass_12
9.981,0,3656,0,3996,grass_12
9.983,0,3685,0,3981,grass_12
9.99,0,3623,0,3981,grass_12
9.992,0,3395,0,3998,grass_12
9.997,0,3301,0,4007,grass_12
10.005,0,3240,0,4029,grass_12
10.011,0,3454,0,4019,grass_12
10.016,0,3646,0,3982,grass_12
10.02,0,3717,0,3979,grass_12
10.026,0,3709,0,3987,grass_12
10.03,0,3707,0,4008,grass_12
10.033,0,3675,0,4014,grass_12
10.04,0,3698,0,4011,grass_12
10.046,0,3717,0,3999,grass_12
10.047,0,3699,0,3991,grass_12
10.053,0,3664,0,4018,grass_12
10.06,0,3575,0,4008,grass_12
10.066,0,3573,0,4004,grass_12
10.067,0,3642,0,3997,grass_12
10.074,0,3664,0,3994,grass_12
10.081,0,3706,0,4005,grass_12
10.086,0,3729,0,4022,grass_12
10.091,0,3683,0,4031,grass_12
10.095,0,3689,0,4035,grass_12
10.099,0,3739,0,4040,grass_12
10.103,0,3747,0,4029,grass_12
10.111,0,3783,0,4016,grass_12
10.116,0,3755,0,4030,grass_12
10.117,0,3767,0,4032,grass_12
10.123,0,3765,0,4016,grass_12
10.13,0,3760,0,4023,grass_12
10.136,0,3780,0,4020,grass_12
10.136,0,3789,0,4012,grass_12
10.143,0,3795,0,4018,grass_12
10.15,0,3794,0,4018,grass_12
10.152,0,3802,0,4021,grass_12
10.157,0,3741,0,4024,grass_12
10.164,0,3671,0,4008,grass_12
10.171,0,3696,0,4005,grass_12
10.171,0,3660,0,4012,grass_12
10.178,0,3643,0,4011,grass_12
10.185,0,3637,0,4016,grass_12
10.187,0,3627,0,4014,grass_12
10.192,0,3631,0,4019,grass_12
10.199,0,3615,0,4017,grass_12
10.206,0,3635,0,4018,grass_12
10.206,0,3696,0,4016,grass_12
10.215,0,3774,0,4009,grass_12
10.219,0,3694,0,4019,grass_12
10.223,0,3695,0,4037,grass_12
10.227,0,3724,0,4026,grass_12
10.234,0,3755,0,4030,grass_12
10.24,0,3750,0,4020,grass_12
10.24,0,3783,0,4026,grass_12
10.247,0,3731,0,4027,grass_12
10.254,0,3767,0,4024,grass_12
10.257,0,3772,0,4011,grass_12
10.261,0,3722,0,3992,grass_12
10.268,0,3723,0,4015,grass_12
10.275,0,3702,0,4019,grass_12
10.277,0,3746,0,4006,grass_12
10.282,0,3758,0,4004,grass_12
10.29,0,3705,0,4002,grass_12
10.296,0,3764,0,3994,grass_12
10.297,0,3737,0,3991,grass_12
10.303,0,3696,0,4001,grass_12
10.31,0,3637,0,4025,grass_12
10.312,0,3698,0,4002,grass_12
10.32,0,3752,0,4009,grass_12
10.324,0,3682,0,4021,grass_12
10.328,0,3667,0,4026,grass_12
10.331,0,3751,0,4016,grass_12
10.338,0,3791,0,4016,grass_12
10.344,0,3725,0,4019,grass_12
10.347,0,3763,0,4035,grass_12
10.352,0,3776,0,4016,grass_12
10.359,0,3788,0,4029,grass_12
10.365,0,3771,0,4015,grass_12
10.366,0,3819,0,4024,grass_12
10.372,0,3833,0,4036,grass_12
10.379,0,3795,0,4030,grass_12
10.385,0,3774,0,4022,grass_12
10.386,0,3734,0,4020,grass_12
10.393,0,3672,0,4018,grass_12
10.4,0,3696,0,4021,grass_12
10.401,0,3765,0,4021,grass_12
10.407,0,3785,0,4038,grass_12
10.414,0,3793,0,4044,grass_12
10.42,0,3796,0,4048,grass_12
10.421,0,3793,0,4048,grass_12
10.428,0,3790,0,4046,grass_12
10.435,0,3781,0,4043,grass_12
10.436,0,3766,0,4042,grass_12
10.445,0,3743,0,4043,grass_12
10.449,0,3714,0,4050,grass_12
10.453,0,3709,0,4049,grass_12
10.456,0,3637,0,4051,grass_12
10.463,0,3528,0,4055,grass_12
10.469,0,3581,0,4045,grass_12
10.471,0,3713,0,4055,grass_12
10.476,0,3723,0,4054,grass_12
10.484,0,3752,0,4048,grass_12
10.49,0,3755,0,4036,grass_12
10.491,0,3706,0,4030,grass_12
10.497,0,3502,0,4033,grass_12
10.505,0,3308,0,4036,grass_12
10.51,0,3412,0,4027,grass_12
10.511,0,3504,0,4018,grass_12
10.518,0,3497,0,4021,grass_12
10.525,0,3314,0,4032,grass_12
10.526,0,3146,0,4042,grass_12
10.532,0,2992,0,4046,grass_12
10.539,0,2983,0,4049,grass_12
10.546,0,3137,0,4049,grass_12
10.546,0,3381,0,4046,grass_12
10.553,0,3411,0,4049,grass_12
10.56,0,3286,0,4046,grass_12
10.56,0,2930,0,4047,grass_12
10.569,0,2830,0,4049,grass_12
10.574,0,3161,0,4050,grass_12
10.58,0,3388,0,4051,grass_12
10.581,0,3468,0,4052,grass_12
10.587,0,3456,0,4050,grass_12
10.594,0,3369,0,4051,grass_12
10.596,0,3190,0,4049,grass_12
10.604,0,2765,0,4042,grass_12
10.609,3035,1516,0,4040,grass_12
10.613,3950,0,0,4035,grass_12
10.616,4028,951,0,4036,grass_12
10.623,4030,0,0,4024,grass_12
10.629,3880,0,0,4026,grass_12
10.631,3089,0,0,4014,grass_12
10.636,0,0,0,3972,grass_12
10.643,0,0,0,2679,grass_12
10.65,0,0,0,627,grass_12
10.65,0,0,0,3696,grass_12
10.657,0,0,0,3884,grass_12
10.664,0,0,0,3974,grass_12
10.666,0,0,0,4017,grass_12
10.674,0,0,0,4028,grass_12
10.678,0,0,0,4041,grass_12
10.685,0,0,0,4038,grass_12
10.685,134,0,0,4043,grass_12
10.692,2816,0,0,4044,grass_12
10.698,3605,0,0,4042,grass_12
10.701,3794,0,0,4040,grass_12
10.706,3670,0,0,4033,grass_12
10.713,1619,0,0,4014,grass_12
10.719,0,0,0,4019,grass_12
10.719,0,0,0,4019,grass_12
10.728,0,0,0,4030,grass_12
10.733,0,0,0,4026,grass_12
10.736,0,0,0,4034,grass_12
10.74,0,0,0,4037,grass_12
10.747,0,0,0,4038,grass_12
10.754,0,0,0,4042,grass_12
10.755,0,0,0,4044,grass_12
10.761,0,0,0,4052,grass_12
10.768,0,0,0,4045,grass_12
10.775,0,0,0,4051,grass_12
10.775,0,1610,0,4045,grass_12
10.782,0,2865,0,4050,grass_12
10.789,0,2503,0,4043,grass_12
10.79,0,0,0,4045,grass_12
10.796,0,0,0,4041,grass_12
10.803,0,0,0,4042,grass_12
10.81,0,0,0,4037,grass_12
10.81,0,939,0,4033,grass_12
10.817,0,1696,0,4025,grass_12
10.824,0,1590,0,4031,grass_12
10.83,0,2150,0,4031,grass_12
10.831,0,3045,0,4031,grass_12
10.838,0,3220,0,4027,grass_12
10.844,0,3040,0,4023,grass_12
10.845,0,2797,0,4016,grass_12
10.851,0,2663,0,4007,grass_12
10.859,0,974,0,4000,grass_12
10.864,0,0,0,4001,grass_12
10.865,0,0,0,3997,grass_12
10.872,0,0,0,4002,grass_12
10.875,0,0,0,4008,grass_12
10.88,0,1324,0,4002,grass_12
10.888,0,2063,0,4007,grass_12
10.893,0,2011,0,3998,grass_12
10.896,0,323,0,3991,grass_12
10.905,0,0,0,3982,grass_12
10.907,0,0,0,3968,grass_12
10.914,0,0,0,3965,grass_12
10.917,0,0,0,3962,grass_12
10.921,0,0,0,3961,grass_12
10.928,0,0,0,3955,grass_12
10.93,0,0,0,3940,grass_12
10.935,0,0,0,3902,grass_12
10.942,0,0,0,3868,grass_12
10.948,0,0,0,3860,grass_12
10.95,0,0,0,3807,grass_12
10.955,0,0,0,3792,grass_12
10.962,0,0,0,3821,grass_12
10.969,2751,0,0,3828,grass_12
10.97,1601,0,0,3815,grass_12
10.976,0,0,0,3736,grass_12
10.984,0,0,0,2751,grass_12
10.989,0,0,0,0,grass_12
10.991,0,0,0,0,grass_12
10.997,0,0,0,0,grass_12
11.004,1831,0,0,0,grass_12
11.005,2564,0,0,0,grass_12
11.011,3475,0,0,0,grass_12
11.018,3624,0,0,0,grass_12
11.024,3768,0,0,0,grass_12
11.025,3797,0,0,0,grass_12
11.032,3835,0,0,0,grass_12
11.039,3852,0,0,0,grass_12
11.039,3563,0,0,0,grass_12
11.047,3083,0,0,0,grass_12
11.053,3128,0,0,0,grass_12
11.056,3479,0,0,0,grass_12
11.06,3613,0,0,0,grass_12
11.067,3737,0,0,0,grass_12
11.073,3678,0,0,0,grass_12
11.075,3587,0,0,0,grass_12
11.08,3422,0,0,0,grass_12
11.088,3111,0,1581,0,grass_12
11.094,3218,0,0,0,grass_12
11.095,3453,0,0,0,grass_12
11.101,3356,0,0,0,grass_12
11.108,1722,0,0,0,grass_12
11.11,0,0,0,0,grass_12
11.117,0,0,0,0,grass_12
11.122,2195,0,0,0,grass_12
11.129,3556,0,2079,0,grass_12
11.129,3779,0,2734,0,grass_12
11.136,3799,0,2769,0,grass_12
11.143,3776,0,2769,0,grass_12
11.145,3785,0,2510,0,grass_12
11.153,3690,0,2536,0,grass_12
11.157,3553,0,1702,0,grass_12
11.164,3554,0,0,0,grass_12
11.164,3577,0,0,0,grass_12
11.171,3604,0,0,0,grass_12
11.177,3617,0,0,0,grass_12
11.179,2870,0,0,0,grass_12
11.185,0,0,0,0,grass_12
11.192,0,0,0,0,grass_12
11.198,2453,0,0,0,grass_12
11.199,3608,0,387,0,grass_12
11.205,3821,0,1710,0,grass_12
11.213,3894,0,878,0,grass_12
11.219,3892,0,1543,0,grass_12
11.219,3845,0,1655,0,grass_12
11.227,3588,0,819,0,grass_12
11.233,2724,0,0,0,grass_12
11.234,0,0,0,0,grass_12
11.24,0,0,0,0,grass_12
11.247,0,0,0,0,grass_12
11.249,0,0,0,0,grass_12
11.254,0,0,0,0,grass_12
11.261,0,0,2592,0,grass_12
11.268,3764,0,3412,0,grass_12
11.268,3954,0,3640,0,grass_12
11.275,3982,0,3742,0,grass_12
11.282,3964,0,3717,0,grass_12
11.289,3885,0,3563,0,grass_12
11.289,3417,0,2686,0,grass_12
11.296,0,0,0,0,grass_12
11.302,0,0,0,0,grass_12
11.304,0,0,0,0,grass_12
11.31,0,0,0,0,grass_12
11.317,0,0,0,0,grass_12
11.324,0,0,0,0,grass_12
11.324,0,0,0,0,grass_12
11.33,0,0,0,0,grass_12
11.337,0,0,0,0,grass_12
11.339,3098,0,2740,0,grass_12
11.347,3784,0,3172,0,grass_12
11.351,3897,0,3116,0,grass_12
11.359,3867,0,2856,0,grass_12
11.359,3716,0,2007,0,grass_12
11.365,3363,0,0,0,grass_12
11.372,2547,0,0,0,grass_12
11.374,1882,0,0,0,grass_12
11.379,2584,0,0,0,grass_12
11.386,2739,0,0,0,grass_12
11.392,2817,0,0,0,grass_12
11.394,1967,0,0,0,grass_12
11.4,0,0,0,0,grass_12
11.407,0,0,2093,0,grass_12
11.413,2337,0,3165,0,grass_12
11.417,3301,0,3281,0,grass_12
11.421,3655,0,3267,0,grass_12
11.428,3714,0,2870,0,grass_12
11.428,3541,0,2351,0,grass_12
11.436,2868,0,2003,0,grass_12
11.442,0,0,2033,0,grass_12
11.444,0,0,2041,0,grass_12
11.449,0,0,1982,0,grass_12
11.456,2872,0,1929,0,grass_12
11.462,3582,0,1778,0,grass_12
11.464,3761,0,1699,0,grass_12
11.469,3818,0,1846,0,grass_12
11.477,3835,0,1995,0,grass_12
11.482,3823,0,2054,0,grass_12
11.484,3834,0,2076,0,grass_12
11.49,3849,0,1950,0,grass_12
11.497,3834,0,2018,0,grass_12
11.499,3811,0,2505,0,grass_12
11.504,3796,0,2565,0,grass_12
11.511,3717,0,2462,0,grass_12
11.518,3510,0,2091,0,grass_12
11.519,3290,0,1953,0,grass_12
11.525,2967,0,1928,0,grass_12
11.532,2733,0,2033,0,grass_12
11.537,2752,0,2119,0,grass_12
11.539,3233,0,2613,0,grass_12
11.546,3533,0,2751,0,grass_12
11.552,3765,0,2731,0,grass_12
11.554,3844,0,2770,0,grass_12
11.559,3857,0,2671,0,grass_12
11.566,3864,0,2557,0,grass_12
11.569,3820,0,2594,0,grass_12
11.574,3785,0,2505,0,grass_12
11.581,3795,0,2407,0,grass_12
11.588,3827,0,2034,0,grass_12
11.588,3846,0,1824,0,grass_12
11.595,3808,0,1627,0,grass_12
11.601,3684,0,1694,0,grass_12
11.604,3148,0,1987,0,grass_12
11.608,1613,0,2604,0,grass_12
11.618,1643,0,3028,0,grass_12
11.622,3047,0,3082,0,grass_12
11.622,3389,0,3043,0,grass_12
11.63,3512,0,2903,0,grass_12
11.636,3499,0,2897,0,grass_12
11.643,3344,0,2889,0,grass_12
11.646,3205,0,2797,0,grass_12
11.65,3392,0,2473,0,grass_12
11.657,3608,0,2343,0,grass_12
11.663,3799,0,2005,0,grass_12
11.664,3862,0,1881,0,grass_12
11.671,3892,0,1894,0,grass_12
11.677,3891,0,2015,0,grass_12
11.678,3877,0,2251,0,grass_12
11.685,3897,0,2350,0,grass_12
11.692,3912,0,2471,0,grass_12
11.693,3915,0,2396,0,grass_12
11.699,3918,0,2294,0,grass_12
11.706,3871,0,2414,0,grass_12
11.712,3786,0,2647,0,grass_12
11.718,3696,0,2873,0,grass_12
11.72,3676,0,3100,0,grass_12
11.727,3657,0,2896,0,grass_12
11.733,3602,0,2897,0,grass_12
11.736,3711,0,2823,0,grass_12
11.741,3738,0,2796,0,grass_12
11.747,3734,0,2776,0,grass_12
11.748,3804,0,2565,0,grass_12
11.754,3848,0,2454,0,grass_12
11.761,3883,0,2493,0,grass_12
11.763,3911,0,2529,0,grass_12
11.768,3926,0,2492,0,grass_12
11.777,3922,0,2638,0,grass_12
11.782,3923,0,2511,0,grass_12
11.785,3887,0,2455,0,grass_12
11.789,3769,0,2520,0,grass_12
11.796,3645,0,2534,0,grass_12
11.801,3494,0,2515,0,grass_12
11.803,3456,0,2511,0,grass_12
11.81,3482,0,2555,0,grass_12
11.816,3568,0,2554,0,grass_12
11.818,3617,0,2823,0,grass_12
11.823,3615,0,3019,0,grass_12
11.831,3670,0,3046,0,grass_12
11.837,3755,0,3038,0,grass_12
11.838,3817,0,2947,0,grass_12
11.844,3888,0,2791,0,grass_12
11.851,3918,0,2522,0,grass_12
11.857,3932,0,2359,0,grass_12
11.858,3929,0,2020,0,grass_12
11.865,3931,0,2005,0,grass_12
11.872,3927,0,2006,0,grass_12
11.873,3930,0,2048,0,grass_12
11.881,3932,0,2299,0,grass_12
11.886,3941,0,2488,0,grass_12
11.89,3934,0,2556,0,grass_12
11.893,3906,0,2894,0,grass_12
11.9,3838,0,3076,0,grass_12
11.907,3761,0,3117,0,grass_12
11.908,3710,0,3196,0,grass_12
11.914,3691,0,3217,0,grass_12
11.921,3709,0,3221,0,grass_12
11.927,3691,0,3168,0,grass_12
11.928,3700,0,3102,0,grass_12
11.935,3706,0,2894,0,grass_12
11.941,3711,0,2788,0,grass_12
11.943,3784,0,2589,0,grass_12
11.948,3844,0,2538,0,grass_12
11.956,3894,0,2539,0,grass_12
11.962,3915,0,2534,0,grass_12
11.963,3936,0,2522,0,grass_12
11.969,3941,0,2461,0,grass_12
11.976,3941,0,2459,0,grass_12
11.978,3933,0,2383,0,grass_12
11.986,3927,0,2245,0,grass_12
11.99,3908,0,2368,0,grass_12
11.997,3876,0,2511,0,grass_12
11.998,3832,0,2555,0,grass_12
12.004,3797,0,2753,0,grass_12
12.011,3800,0,2873,0,grass_12
12.013,3819,0,3094,0,grass_12
12.018,3825,0,3121,0,grass_12
12.025,3809,0,2950,0,grass_12
12.032,3807,0,2926,0,grass_12
12.032,3861,0,2788,0,grass_12
12.04,3908,0,2753,0,grass_12
12.046,3933,0,2668,0,grass_12
12.052,3954,0,2558,0,grass_12
12.053,3969,0,2689,0,grass_12
12.06,3971,0,2833,0,grass_12
12.066,3960,0,2501,0,grass_12
12.068,3933,0,2414,0,grass_12
12.076,3915,0,2434,0,grass_12
12.08,3906,0,2472,0,grass_12
12.084,3828,0,2538,0,grass_12
12.087,3766,0,2803,0,grass_12
12.094,3750,0,2863,0,grass_12
12.101,3747,0,3049,0,grass_12
12.102,3761,0,3149,0,grass_12
12.108,3782,0,3250,0,grass_12
12.116,3795,0,3278,0,grass_12
12.121,3826,0,3231,0,grass_12
12.122,3845,0,2940,0,grass_12
12.129,3874,0,2759,0,grass_12
12.136,3922,0,2357,0,grass_12
12.137,3942,0,1918,0,grass_12
12.146,3959,0,1697,0,grass_12
12.15,3958,0,1452,0,grass_12
12.157,3957,0,1252,0,grass_12
12.157,3959,0,1565,0,grass_12
12.164,3970,0,1734,0,grass_12
12.17,3978,0,1886,0,grass_12
12.172,3976,0,2323,0,grass_12
12.178,3971,0,2565,0,grass_12
12.185,3932,0,2697,0,grass_12
12.192,3902,0,2832,0,grass_12
12.192,3849,0,2892,0,grass_12
12.199,3817,0,2910,0,grass_12
12.206,3816,0,2914,0,grass_12
12.207,3800,0,2901,0,grass_12
12.215,3780,0,2937,0,grass_12
12.219,3788,0,3051,0,grass_12
12.227,3821,0,3090,0,grass_12
12.227,3877,0,3100,0,grass_12
12.233,3898,0,3082,0,grass_12
12.24,3890,0,3142,0,grass_12
12.246,3843,0,3116,0,grass_12
12.247,3820,0,3039,0,grass_12
12.254,3821,0,2139,0,grass_12
12.261,3847,0,0,0,grass_12
12.262,3805,0,0,0,grass_12
12.268,3760,0,0,0,grass_12
12.275,3770,0,1306,0,grass_12
12.281,3882,0,2718,0,grass_12
12.282,3931,0,3276,0,grass_12
12.289,3963,0,3380,0,grass_12
12.296,3977,0,3414,0,grass_12
12.297,3975,0,3394,0,grass_12
12.305,3961,0,3317,0,grass_12
12.31,3940,0,3060,0,grass_12
12.317,3916,0,2595,0,grass_12
12.318,3898,0,2272,0,grass_12
12.323,3893,0,733,0,grass_12
12.33,3883,0,1773,0,grass_12
12.332,3883,0,2404,0,grass_12
12.337,3901,0,2738,0,grass_12
12.345,3921,0,2996,0,grass_12
12.351,3936,0,3172,0,grass_12
12.352,3955,0,3226,0,grass_12
12.358,3955,0,2896,0,grass_12
12.365,3933,0,0,0,grass_12
12.371,3906,0,0,0,grass_12
12.372,3817,0,0,0,grass_12
12.379,3800,0,0,0,grass_12
12.386,3864,0,0,0,grass_12
12.387,3912,0,2711,0,grass_12
12.393,3914,0,3214,0,grass_12
12.4,3910,0,3462,0,grass_12
12.406,3896,0,3465,0,grass_12
12.407,3887,0,2843,0,grass_12
12.414,3870,0,0,0,grass_12
12.421,3824,0,0,0,grass_12
12.421,3717,0,0,0,grass_12
12.429,3645,0,0,0,grass_12
12.434,3776,0,0,0,grass_12
12.441,3893,0,2734,0,grass_12
12.442,3960,0,3091,0,grass_12
12.448,3978,0,3480,0,grass_12
12.456,3986,0,3604,0,grass_12
12.46,3996,0,3676,0,grass_12
12.462,3995,0,3689,0,grass_12
12.469,3995,0,3614,0,grass_12
12.476,3992,0,3488,0,grass_12
12.477,3978,0,3077,0,grass_12
12.483,3955,0,2173,0,grass_12
12.49,3919,0,0,0,grass_12
12.496,3898,0,0,0,grass_12
12.497,3910,0,1762,0,grass_12
12.505,3932,0,2440,0,grass_12
12.511,3933,0,2565,0,grass_12
12.511,3910,0,2216,0,grass_12
12.52,3868,0,1776,0,grass_12
12.525,3855,0,0,0,grass_12
12.528,3856,0,0,0,grass_12
12.532,3865,0,0,0,grass_12
12.539,3893,0,979,0,grass_12
12.545,3920,0,2801,0,grass_12
12.546,3948,0,3078,0,grass_12
12.553,3970,0,3260,0,grass_12
12.56,3977,0,2971,0,grass_12
12.566,3955,0,0,0,grass_12
12.567,3875,0,0,0,grass_12
12.574,3724,0,0,0,grass_12
12.58,3469,0,0,0,grass_12
12.581,3531,0,0,0,grass_12
12.587,3676,0,0,0,grass_12
12.594,3802,0,0,0,grass_12
12.601,3896,0,3454,0,grass_12
12.601,3961,0,3642,0,grass_12
12.608,3980,0,3692,0,grass_12
12.615,3991,0,3643,0,grass_12
12.619,3981,0,3443,0,grass_12
12.625,3939,0,2839,0,grass_12
12.629,3833,0,0,0,grass_12
12.633,3655,0,0,0,grass_12
12.636,3529,0,0,0,grass_12
12.643,3599,0,0,0,grass_12
12.65,3645,0,0,0,grass_12
12.651,3711,0,0,0,grass_12
12.657,3811,0,0,0,grass_12
12.664,3853,0,2600,0,grass_12
12.671,3913,0,2783,0,grass_12
12.671,3925,0,2567,0,grass_12
12.677,3927,0,0,0,grass_12
12.685,3928,0,0,0,grass_12
12.691,3892,0,0,0,grass_12
12.692,3797,0,0,0,grass_12
12.699,3719,0,0,0,grass_12
12.705,3764,0,0,0,grass_12
12.705,3831,0,0,0,grass_12
12.713,3868,0,0,0,grass_12
12.719,3859,0,0,0,grass_12
12.721,3867,0,0,0,grass_12
12.726,3873,0,0,0,grass_12
12.733,3884,0,1900,0,grass_12
12.74,3910,0,3000,0,grass_12
12.74,3932,0,3237,0,grass_12
12.747,3955,0,3245,0,grass_12
12.754,3946,0,3047,0,grass_12
12.756,3908,0,2210,0,grass_12
12.761,3791,0,0,0,grass_12
12.768,3424,0,0,0,grass_12
12.774,1052,0,0,0,grass_12
12.776,0,0,0,0,grass_12
12.782,913,0,0,0,grass_12
12.789,2797,0,0,0,grass_12
12.795,3320,0,0,0,grass_12
12.796,3501,0,0,0,grass_12
12.803,3541,0,0,0,grass_12
12.81,3538,0,0,0,grass_12
12.816,3511,0,0,0,grass_12
12.819,3434,0,0,0,grass_12
12.823,3360,0,0,0,grass_12
12.83,3162,0,0,0,grass_12
12.831,2671,0,0,0,grass_12
12.837,0,0,0,0,grass_12
12.845,0,0,0,0,grass_12
12.85,0,0,0,0,grass_12
12.851,3047,0,0,0,grass_12
12.858,3455,0,0,0,grass_12
12.865,3405,0,0,0,grass_12
12.865,3011,0,0,0,grass_12
12.874,0,0,0,0,grass_12
12.88,0,0,0,0,grass_12
12.881,0,0,0,0,grass_12
12.886,0,0,0,0,grass_12
12.893,0,0,0,0,grass_12
12.9,0,0,0,0,grass_12
12.9,0,0,0,0,grass_12
12.907,0,0,0,0,grass_12
12.914,0,0,0,0,grass_12
12.919,0,0,0,0,grass_12
12.921,0,0,0,0,grass_12
12.928,0,0,0,0,grass_12
12.935,0,0,0,0,grass_12
12.935,0,0,0,0,grass_12
12.943,0,0,0,0,grass_12
12.948,0,0,0,0,grass_12
12.951,2669,0,0,0,grass_12
12.959,2948,0,0,0,grass_12
12.962,1852,0,0,0,grass_12
12.969,1238,0,0,0,grass_12
12.969,0,0,0,0,grass_12
12.976,0,0,0,0,grass_12
12.983,0,0,0,0,grass_12
12.986,0,0,0,0,grass_12
12.99,3022,0,0,0,grass_12
12.997,3477,0,0,0,grass_12
13.004,3537,0,0,0,grass_12
13.004,3621,0,0,0,grass_12
13.013,3304,0,0,0,grass_12
13.019,2644,0,0,0,grass_12
13.024,685,0,0,0,grass_12
13.025,2623,0,0,0,grass_12
13.032,3535,0,0,0,grass_12
13.039,3773,0,0,0,grass_12
13.044,3803,0,0,0,grass_12
13.046,3737,0,0,0,grass_12
13.053,3286,0,2412,0,grass_12
13.059,2062,0,2709,0,grass_12
13.06,2969,0,0,0,grass_12
13.066,3763,0,0,0,grass_12
13.074,3877,0,0,0,grass_12
13.079,3881,0,0,0,grass_12
13.08,3852,0,0,0,grass_12
13.087,3705,0,0,0,grass_12
13.094,3319,0,0,0,grass_12
13.094,3333,0,0,0,grass_12
13.103,3455,0,0,0,grass_12
13.108,3689,0,0,0,grass_12
13.11,3695,0,0,0,grass_12
13.119,3659,0,0,0,grass_12
13.122,3574,0,0,0,grass_12
13.129,3554,0,253,0,grass_12
13.129,3691,0,2173,0,grass_12
13.136,3908,0,3245,0,grass_12
13.143,3951,0,3379,0,grass_12
13.145,3963,0,3624,0,grass_12
13.154,3956,0,3739,0,grass_12
13.157,3931,0,3760,0,grass_12
13.164,3919,0,3765,0,grass_12
13.165,3927,0,3737,0,grass_12
13.17,3935,0,3685,0,grass_12
13.179,3937,0,3609,0,grass_12
13.184,3934,0,3529,0,grass_12
13.187,3915,0,3430,0,grass_12
13.192,3900,0,3441,0,grass_12
13.199,3914,0,3447,0,grass_12
13.205,3946,0,3372,0,grass_12
13.205,3945,0,3447,0,grass_12
13.212,3968,0,3501,0,grass_12
13.219,3980,0,3539,0,grass_12
13.22,3989,0,3588,0,grass_12
13.228,3990,0,3660,0,grass_12
13.233,3988,0,3705,0,grass_12
13.236,3990,0,3721,0,grass_12
13.241,3996,0,3723,0,grass_12
13.247,3999,0,3754,0,grass_12
13.254,4005,0,3763,0,grass_12
13.254,4008,0,3767,0,grass_12
13.261,4004,0,3769,0,grass_12
13.268,4012,0,3767,0,grass_12
13.27,4017,0,3745,0,grass_12
13.275,4025,0,3752,0,grass_12
13.282,4021,0,3758,0,grass_12
13.289,4022,0,3774,0,grass_12
13.289,4025,0,3764,0,grass_12
13.297,4025,0,3763,0,grass_12
13.303,4022,0,3775,0,grass_12
13.31,4021,0,3760,0,grass_12
13.311,4012,0,3747,0,grass_12
13.319,4018,0,3727,0,grass_12
13.324,4021,0,3709,0,grass_12
13.328,4022,0,3716,0,grass_12
13.331,4021,0,3703,0,grass_12
13.338,4016,0,3752,0,grass_12
13.342,4014,0,3765,0,grass_12
13.346,4020,0,3761,0,grass_12
13.352,4022,0,3746,0,grass_12
13.358,4016,0,3758,0,grass_12
13.358,4017,0,3804,0,grass_12
13.366,4013,0,3759,0,grass_12
13.373,4011,0,3772,0,grass_12
13.379,4008,0,3783,0,grass_12
13.38,4014,0,3733,0,grass_12
13.386,4023,0,3700,0,grass_12
13.393,4023,0,3685,0,grass_12
13.393,4018,0,3722,0,grass_12
13.401,4022,0,3751,0,grass_12
13.407,4026,0,3766,0,grass_12
13.414,4030,0,3793,0,grass_12
13.418,4029,0,3807,0,grass_12
13.42,4034,0,3770,0,grass_12
13.427,4032,0,3776,0,grass_12
13.43,4030,0,3801,0,grass_12
13.434,4030,0,3794,0,grass_12
13.443,4032,0,3790,0,grass_12
13.448,4030,0,3790,0,grass_12
13.451,4032,0,3794,0,grass_12
13.455,4033,0,3753,0,grass_12
13.462,4031,0,3711,0,grass_12
13.469,4030,0,3749,0,grass_12
13.47,4024,0,3696,0,grass_12
13.476,4017,0,3718,0,grass_12
13.483,4025,0,3707,0,grass_12
13.484,4027,0,3710,0,grass_12
13.49,4024,0,3706,0,grass_12
13.497,4020,0,3725,0,grass_12
13.504,4025,0,3758,0,grass_12
13.504,4025,0,3755,0,grass_12
13.511,4032,0,3729,0,grass_12
13.518,4031,0,3744,0,grass_12
13.524,4031,0,3782,0,grass_12
13.524,4031,0,3775,0,grass_12
13.532,4033,0,3732,0,grass_12
13.539,4033,0,3724,0,grass_12
13.539,4029,0,3681,0,grass_12
13.547,4030,0,3565,0,grass_12
13.552,4025,0,3617,0,grass_12
13.556,4027,0,3669,0,grass_12
13.559,4024,0,3688,0,grass_12
13.566,4021,0,3705,0,grass_12
13.573,4026,0,3703,0,grass_12
13.574,4036,0,3685,0,grass_12
13.58,4033,0,3649,0,grass_12
13.587,4043,0,3598,0,grass_12
13.593,4034,0,3590,0,grass_12
13.594,4033,0,3654,0,grass_12
13.601,4036,0,3696,0,grass_12
13.608,4039,0,3717,0,grass_12
13.609,4037,0,3631,0,grass_12
13.618,4036,0,3556,0,grass_12
13.622,4041,0,3445,0,grass_12
13.626,4034,0,3254,0,grass_12
13.629,4030,0,3295,0,grass_12
13.636,4028,0,3463,0,grass_12
13.642,4028,0,3475,0,grass_12
13.644,4033,0,3328,0,grass_12
13.65,4037,0,2961,0,grass_12
13.657,4038,0,2401,0,grass_12
13.663,4037,0,2819,0,grass_12
13.664,4034,0,3051,0,grass_12
13.671,4033,0,3097,0,grass_12
13.677,4035,0,3163,0,grass_12
13.679,4032,0,3133,0,grass_12
13.685,4038,0,2411,0,grass_12
13.692,4032,0,2192,0,grass_12
13.698,4036,0,2247,0,grass_12
13.699,4032,0,1671,0,grass_12
13.705,4029,0,0,0,grass_12
13.713,4024,0,0,3947,grass_12
13.718,4020,0,0,3983,grass_12
13.72,4017,0,0,3998,grass_12
13.726,4012,0,0,4015,grass_12
13.733,4007,0,0,4017,grass_12
13.735,3995,0,0,4015,grass_12
13.743,3977,0,0,4001,grass_12
13.747,3924,0,0,3982,grass_12
13.751,3927,0,0,3976,grass_12
13.754,3947,0,0,3953,grass_12
13.761,3968,0,0,3947,grass_12
13.767,3989,0,0,3970,grass_12
13.769,3997,0,0,3981,grass_12
13.775,4010,0,0,3987,grass_12
13.782,4020,0,0,3974,grass_12
13.787,4025,0,0,3918,grass_12
13.789,4029,0,0,3893,grass_12
13.796,4026,0,0,3859,grass_12
13.802,4023,0,0,3814,grass_12
13.804,4020,0,0,3572,grass_12
13.809,4012,0,0,1540,grass_12
13.816,4012,0,0,0,grass_12
13.823,4013,0,0,0,grass_12
13.824,4010,0,0,0,grass_12
13.83,4013,0,0,0,grass_12
13.837,4012,0,0,0,grass_12
13.842,4007,0,0,0,grass_12
13.844,4013,0,0,0,grass_12
13.851,4017,0,0,0,grass_12
13.858,4023,0,2241,0,grass_12
13.859,4026,0,3018,0,grass_12
13.865,4027,0,3085,0,grass_12
13.872,4028,0,2828,0,grass_12
13.878,4020,0,2208,0,grass_12
13.879,4014,0,0,0,grass_12
13.886,4010,0,0,0,grass_12
13.893,4002,0,628,0,grass_12
13.894,4002,0,2317,0,grass_12
13.903,4002,0,2790,0,grass_12
13.906,4002,0,2995,0,grass_12
13.911,4004,0,3160,0,grass_12
13.914,4016,0,3183,0,grass_12
13.921,4014,0,3202,0,grass_12
13.927,4010,0,3233,0,grass_12
13.928,4006,0,3204,0,grass_12
13.934,3999,0,3104,0,grass_12
13.941,3995,0,2586,0,grass_12
13.947,3991,0,0,0,grass_12
13.948,3988,0,0,0,grass_12
13.955,3980,0,0,0,grass_12
13.962,3976,0,0,0,grass_12
13.963,3970,0,0,2210,grass_12
13.972,3970,0,0,3392,grass_12
13.976,3978,0,0,3588,grass_12
13.98,3987,0,0,3518,grass_12
13.983,3994,0,0,2240,grass_12
13.99,3990,0,0,527,grass_12
13.997,3980,0,0,0,grass_12
14.003,3963,0,0,0,grass_12
14.004,3937,0,0,402,grass_12
14.011,3924,0,0,3193,grass_12
14.013,3890,0,0,3222,grass_12
14.021,3875,0,0,1348,grass_12
14.025,3862,0,0,1065,grass_12
14.032,3856,0,0,0,grass_12
14.038,3816,0,0,1094,grass_12
14.039,3742,0,0,1417,grass_12
14.046,3726,0,0,2375,grass_12
14.048,3775,0,0,1203,grass_12
14.056,3805,0,0,0,grass_12
14.06,3837,0,0,0,grass_12
14.066,3845,0,0,0,grass_12
14.073,3835,0,0,0,grass_12
14.073,3769,0,0,0,grass_12
14.08,3638,0,0,0,grass_12
14.087,3494,0,0,0,grass_12
14.088,3381,0,0,1006,grass_12
14.094,3335,0,0,1199,grass_12
14.101,3197,0,0,2666,grass_12
14.107,2970,0,0,3730,grass_12
14.108,2219,0,0,3859,grass_12
14.115,0,0,0,3940,grass_12
14.122,0,0,0,3935,grass_12
14.128,0,0,0,3900,grass_12
14.129,0,0,0,3848,grass_12
14.136,0,0,0,3734,grass_12
14.138,0,0,0,3579,grass_12
14.143,0,0,0,3279,grass_12
14.151,0,0,0,3529,grass_12
14.157,0,0,0,3755,grass_12
14.16,0,0,0,3840,grass_12
14.164,0,0,0,3948,grass_12
14.171,0,0,0,3977,grass_12
14.177,0,0,0,3981,grass_12
14.178,0,0,0,4000,grass_12
14.184,0,0,0,3996,grass_12
14.191,0,0,0,3995,grass_12
14.197,0,0,0,4012,grass_12
14.198,0,0,0,3998,grass_12
14.205,0,0,0,4004,grass_12
14.212,0,0,0,4000,grass_12
14.213,0,0,0,4001,grass_12
14.221,0,0,0,3995,grass_12
14.226,0,0,0,3987,grass_12
14.229,0,0,0,3998,grass_12
14.233,0,0,0,3994,grass_12
14.24,0,0,0,3988,grass_12
14.247,0,0,0,3987,grass_12
14.247,0,0,0,3982,grass_12
14.254,0,0,0,3991,grass_12
14.261,0,0,0,4008,grass_12
14.263,0,0,0,4023,grass_12
14.271,0,1036,0,4024,grass_12
14.275,0,2188,0,4028,grass_12
14.281,0,2385,0,4017,grass_12
14.283,0,2325,0,4009,grass_12
14.288,0,2070,0,4002,grass_12
14.296,0,1469,0,3968,grass_12
14.302,0,1129,0,4000,grass_12
14.304,0,1176,0,4002,grass_12
14.312,0,1816,0,4000,grass_12
14.316,0,2094,0,4003,grass_12
14.321,0,1991,0,4000,grass_12
14.323,0,1797,0,3955,grass_12
14.33,0,0,0,3913,grass_12
14.337,0,0,0,3788,grass_12
14.338,0,0,0,3575,grass_12
14.344,0,0,0,3649,grass_12
14.351,0,0,0,3852,grass_12
14.357,0,1493,0,3871,grass_12
14.358,0,2113,0,3907,grass_12
14.365,0,2205,0,3922,grass_12
14.368,0,2538,0,3903,grass_12
14.376,0,2824,0,3898,grass_12
14.379,0,3002,0,3947,grass_12
14.385,0,2983,0,3974,grass_12
14.388,0,2961,0,3990,grass_12
14.393,0,2638,0,3994,grass_12
14.401,0,1049,0,3991,grass_12
14.407,0,0,0,3989,grass_12
14.409,0,0,0,3991,grass_12
14.414,0,0,0,3997,grass_12
14.421,0,0,0,3994,grass_12
14.427,0,0,0,4003,grass_12
14.428,0,2178,0,4010,grass_12
14.434,0,2329,0,4016,grass_12
14.441,0,2637,0,4014,grass_12
14.442,0,2292,0,4012,grass_12
14.448,0,0,0,4010,grass_12
14.455,0,0,0,4020,grass_12
14.462,0,0,0,4025,grass_12
14.464,0,0,0,4024,grass_12
14.469,0,0,0,4019,grass_12
14.476,0,0,0,3994,grass_12
14.482,0,0,0,3968,grass_12
14.483,0,0,0,3967,grass_12
14.49,0,0,0,3974,grass_12
14.497,0,0,0,3990,grass_12
14.497,0,1672,0,4004,grass_12
14.505,0,2778,0,4010,grass_12
14.51,0,2857,0,4014,grass_12
14.513,0,3010,0,4017,grass_12
14.522,0,2946,0,4016,grass_12
14.525,0,2657,0,4009,grass_12
14.532,0,1889,0,4002,grass_12
14.532,0,0,0,4004,grass_12
14.539,0,0,0,3997,grass_12
14.545,0,0,0,3992,grass_12
14.547,0,0,0,3969,grass_12
14.552,0,0,0,3947,grass_12
14.559,0,1417,0,3932,grass_12
14.566,0,1939,0,3948,grass_12
14.567,0,1989,0,3962,grass_12
14.573,0,1980,0,3965,grass_12
14.58,0,1868,0,3973,grass_12
14.586,0,1912,0,3986,grass_12
14.587,0,2606,0,3989,grass_12
14.594,0,2862,0,3991,grass_12
14.601,0,3183,0,3994,grass_12
14.601,0,3306,0,4000,grass_12
14.61,0,3345,0,4005,grass_12
14.615,0,3249,0,4001,grass_12
14.618,0,2776,0,3996,grass_12
14.622,0,0,0,3993,grass_12
14.629,0,0,0,3985,grass_12
14.635,0,0,0,3977,grass_12
14.637,0,0,0,3990,grass_12
14.643,0,0,0,4000,grass_12
14.65,0,0,0,4008,grass_12
14.656,0,2774,0,4010,grass_12
14.657,0,3279,0,4024,grass_12
14.663,0,3386,0,4026,grass_12
14.671,0,3368,0,4025,grass_12
14.672,0,3021,0,4020,grass_12
14.68,0,2154,0,4021,grass_12
14.684,0,0,0,4009,grass_12
14.691,0,0,0,4002,grass_12
14.691,0,0,0,4000,grass_12
14.698,0,0,0,4002,grass_12
14.705,0,2064,0,4004,grass_12
14.707,0,2718,0,4008,grass_12
14.712,0,2971,0,4008,grass_12
14.719,0,3225,0,4010,grass_12
14.726,0,3227,0,4011,grass_12
14.726,0,3046,0,4007,grass_12
14.733,0,2686,0,4009,grass_12
14.741,0,2168,0,4003,grass_12
14.741,0,671,0,4005,grass_12
14.749,0,0,0,3997,grass_12
14.754,0,0,0,3998,grass_12
14.76,0,0,0,3998,grass_12
14.766,0,2070,0,4000,grass_12
14.767,0,2746,0,4005,grass_12
14.775,0,3168,0,4007,grass_12
14.781,0,3304,0,4009,grass_12
14.782,0,3311,0,4008,grass_12
14.788,0,3225,0,4010,grass_12
14.796,0,2903,0,4006,grass_12
14.8,0,2416,0,4000,grass_12
14.802,0,1714,0,3991,grass_12
14.809,0,978,0,3993,grass_12
14.816,0,1229,0,3993,grass_12
14.816,0,1894,0,3995,grass_12
14.825,0,2327,0,4002,grass_12
14.83,0,2577,0,4008,grass_12
14.833,0,2703,0,4011,grass_12
14.837,0,2729,0,4019,grass_12
14.844,0,2786,0,4025,grass_12
14.85,0,2749,0,4026,grass_12
14.852,0,2663,0,4027,grass_12
14.858,0,2582,0,4027,grass_12
14.865,0,2521,0,4023,grass_12
14.871,0,2428,0,4020,grass_12
14.872,0,2359,0,4024,grass_12
14.879,0,2364,0,4021,grass_12
14.885,0,2399,0,4018,grass_12
14.887,0,2401,0,4016,grass_12
14.892,0,2366,0,4019,grass_12
14.899,0,2252,0,4013,grass_12
14.902,0,1764,0,4009,grass_12
14.907,0,1993,0,4011,grass_12
14.914,0,2275,0,4004,grass_12
14.921,0,2222,0,4008,grass_12
14.922,0,2316,0,4008,grass_12
14.927,0,2446,0,4008,grass_12
14.936,0,2759,0,4010,grass_12
14.936,0,3274,0,4013,grass_12
14.944,0,3458,0,4012,grass_12
14.948,0,3569,0,4015,grass_12
14.955,0,3556,0,4008,grass_12
14.956,0,3381,0,4006,grass_12
14.962,0,2888,0,4000,grass_12
14.969,0,921,0,3997,grass_12
14.975,0,0,0,3982,grass_12
14.976,0,0,0,3981,grass_12
14.983,0,0,0,3995,grass_12
14.989,0,2242,0,4008,grass_12
14.991,0,2841,0,4021,grass_12
14.999,0,3286,0,4024,grass_12
15.004,0,3282,0,4029,grass_12
15.007,0,2876,0,4026,grass_12
15.016,0,2084,0,4024,grass_12
15.018,0,0,0,4029,grass_12
15.024,0,0,0,4026,grass_12
15.026,0,0,0,4025,grass_12
15.032,0,0,0,4027,grass_12
15.039,0,810,0,4023,grass_12
15.045,0,2456,0,4034,grass_12
15.046,0,3202,0,4031,grass_12
15.052,0,3454,0,4027,grass_12
15.059,0,3513,0,4025,grass_12
15.065,0,3493,0,4019,grass_12
15.066,0,3352,0,4005,grass_12
15.073,0,2763,0,3997,grass_12
15.08,0,1854,0,3989,grass_12
15.08,0,0,0,3968,grass_12
15.089,0,0,0,3960,grass_12
15.094,0,1754,0,3964,grass_12
15.097,0,2492,0,3988,grass_12
15.101,0,2893,0,4002,grass_12
15.108,0,3240,0,4010,grass_12
15.115,0,3235,0,4015,grass_12
15.116,0,3136,0,4022,grass_12
15.122,0,2665,0,4019,grass_12
15.129,0,2649,0,4022,grass_12
15.135,0,2638,0,4028,grass_12
15.136,0,2725,0,4026,grass_12
15.143,0,2916,0,4026,grass_12
15.15,0,3082,0,4028,grass_12
15.155,0,2767,0,4022,grass_12
15.159,0,2403,0,4020,grass_12
15.163,0,1514,0,4010,grass_12
15.168,0,0,0,4011,grass_12
15.171,0,0,0,4007,grass_12
15.179,0,974,0,4016,grass_12
15.185,0,2216,0,4018,grass_12
15.19,0,2640,0,4024,grass_12
15.192,0,3011,0,4027,grass_12
15.199,0,3169,0,4030,grass_12
15.206,0,3166,0,4031,grass_12
15.206,0,3035,0,4026,grass_12
15.214,0,2688,0,4023,grass_12
15.219,0,2414,0,4017,grass_12
15.222,0,2434,0,4015,grass_12
15.226,0,2674,0,4009,grass_12
15.233,0,3151,0,4012,grass_12
15.239,0,3337,0,4015,grass_12
15.241,0,3431,0,4014,grass_12
15.246,0,3432,0,4014,grass_12
15.254,0,3238,0,4009,grass_12
15.26,0,2854,0,4011,grass_12
15.261,0,2256,0,3997,grass_12
15.267,0,0,0,3999,grass_12
15.275,0,0,0,4000,grass_12
15.276,0,0,0,4012,grass_12
15.284,0,1597,0,4015,grass_12
15.288,0,2373,0,4021,grass_12
15.292,0,2712,0,4029,grass_12
15.295,0,2844,0,4029,grass_12
15.303,0,2932,0,4033,grass_12
15.309,0,2816,0,4029,grass_12
15.311,0,2726,0,4033,grass_12
15.316,0,2591,0,4025,grass_12
15.323,0,2606,0,4032,grass_12
15.329,0,2575,0,4029,grass_12
15.33,0,2564,0,4028,grass_12
15.337,0,2552,0,4023,grass_12
15.344,0,2458,0,4021,grass_12
15.346,0,2445,0,4015,grass_12
15.351,0,2435,0,4013,grass_12
15.358,0,2442,0,4016,grass_12
15.365,0,2469,0,4013,grass_12
15.365,0,2595,0,4023,grass_12
15.374,0,2671,0,4021,grass_12
15.379,0,2752,0,4028,grass_12
15.385,0,2996,0,4028,grass_12
15.385,0,3156,0,4027,grass_12
15.392,0,3204,0,4024,grass_12
15.399,0,3161,0,4024,grass_12
15.4,0,2815,0,4022,grass_12
15.406,0,2649,0,4016,grass_12
15.414,0,2448,0,4014,grass_12
15.419,0,2383,0,4011,grass_12
15.422,0,2566,0,4012,grass_12
15.428,0,2718,0,4009,grass_12
15.434,0,2802,0,4012,grass_12
15.435,0,2640,0,4012,grass_12
15.441,0,1887,0,4008,grass_12
15.449,0,0,0,4003,grass_12
15.454,0,0,0,4000,grass_12
15.455,0,0,0,4008,grass_12
15.462,0,1075,0,4013,grass_12
15.469,0,2091,0,4023,grass_12
15.47,0,2925,0,4026,grass_12
15.478,0,3269,0,4023,grass_12
15.483,0,3377,0,4021,grass_12
15.489,0,3381,0,4019,grass_12
15.489,0,3246,0,4019,grass_12
15.497,0,3045,0,4014,grass_12
15.503,0,2913,0,4017,grass_12
15.505,0,3055,0,4013,grass_12
15.51,0,3218,0,4013,grass_12
15.518,0,3295,0,4021,grass_12
15.524,0,3289,0,4020,grass_12
15.525,0,3015,0,4018,grass_12
15.531,0,2623,0,4017,grass_12
15.539,0,2200,0,4018,grass_12
15.544,0,1723,0,4020,grass_12
15.545,0,1604,0,4014,grass_12
15.552,0,851,0,4011,grass_12
15.559,0,0,0,4007,grass_12
15.56,0,0,0,4007,grass_12
15.569,0,801,0,4006,grass_12
15.573,0,1854,0,4011,grass_12
15.577,0,2168,0,4011,grass_12
15.58,0,1366,0,4017,grass_12
15.587,0,0,0,4020,grass_12
15.593,0,0,0,4009,grass_12
15.595,0,0,0,3996,grass_12
15.601,0,0,0,3990,grass_12
15.608,0,0,0,3996,grass_12
15.614,0,686,0,4007,grass_12
15.615,0,2809,0,4023,grass_12
15.623,0,3326,0,4030,grass_12
15.629,0,3481,0,4031,grass_12
15.63,0,3476,0,4029,grass_12
15.638,0,3451,0,4031,grass_12
15.642,0,3426,0,4032,grass_12
15.646,0,3399,0,4034,grass_12
15.65,0,3365,0,4029,grass_12
15.656,0,3349,0,4035,grass_12
15.663,0,3338,0,4028,grass_12
15.665,0,3157,0,4026,grass_12
15.67,0,2920,0,4019,grass_12
15.677,0,2477,0,4019,grass_12
15.684,0,977,0,4021,grass_12
15.688,0,651,0,4015,grass_12
15.693,0,721,0,4015,grass_12
15.699,0,1292,0,4012,grass_12
15.704,0,696,0,4013,grass_12
15.705,0,0,0,4012,grass_12
15.712,0,0,0,3994,grass_12
15.715,0,0,0,3990,grass_12
15.723,0,0,0,3984,grass_12
15.728,0,0,0,3994,grass_12
15.733,0,1056,0,4010,grass_12
15.736,0,2220,0,4015,grass_12
15.74,0,2210,0,4016,grass_12
15.747,0,1747,0,4003,grass_12
15.754,0,0,0,3990,grass_12
15.754,0,0,0,3981,grass_12
15.762,0,0,0,3954,grass_12
15.767,0,0,0,3935,grass_12
15.77,0,0,0,3950,grass_12
15.775,0,293,0,3986,grass_12
15.782,0,1784,0,4001,grass_12
15.788,0,2534,0,4013,grass_12
15.79,0,2839,0,4017,grass_12
15.795,0,2973,0,4018,grass_12
15.803,0,2843,0,4020,grass_12
15.808,0,2144,0,4022,grass_12
15.809,0,1086,0,4020,grass_12
15.816,0,0,0,4020,grass_12
15.823,0,0,0,4018,grass_12
15.825,0,0,0,4016,grass_12
15.83,0,0,0,4008,grass_12
15.837,0,0,0,4006,grass_12
15.844,0,0,0,3992,grass_12
15.844,0,0,0,4001,grass_12
15.851,0,0,0,4009,grass_12
15.858,0,0,0,4001,grass_12
15.864,0,0,0,3981,grass_12
15.865,0,0,0,3976,grass_12
15.872,0,0,0,3979,grass_12
15.878,0,0,0,3981,grass_12
15.88,0,0,0,3997,grass_12
15.886,0,0,0,4010,grass_12
15.893,0,0,0,4006,grass_12
15.898,0,0,0,3999,grass_12
15.899,0,0,0,3986,grass_12
15.906,0,0,0,3968,grass_12
15.913,0,0,0,3942,grass_12
15.915,0,0,0,3953,grass_12
15.923,0,0,0,3967,grass_12
15.927,0,0,0,3985,grass_12
15.931,0,1602,0,4002,grass_12
15.934,0,2197,0,4009,grass_12
15.941,0,2636,0,4005,grass_12
15.948,0,2388,0,3999,grass_12
15.949,0,783,0,3980,grass_12
15.955,0,0,0,3926,grass_12
15.962,0,0,0,3891,grass_12
15.968,0,0,0,3899,grass_12
15.969,0,0,0,3924,grass_12
15.976,0,0,0,3927,grass_12
15.983,0,0,0,3938,grass_12
15.989,0,0,0,3948,grass_12
15.989,0,0,0,3950,grass_12
15.997,0,0,0,3949,grass_12
15.999,0,0,0,3967,grass_12
16.004,0,0,0,3957,grass_12
16.012,0,0,0,3955,grass_12
16.017,0,0,0,3926,grass_12
16.023,0,0,0,3883,grass_12
16.025,0,0,0,3838,grass_12
16.032,0,0,0,3815,grass_12
16.038,0,0,0,3850,grass_12
16.039,0,0,0,3904,grass_12
16.045,0,0,0,3913,grass_12
16.052,0,0,0,3902,grass_12
16.054,0,0,0,3802,grass_12
16.059,0,0,0,3657,grass_12
16.066,0,0,0,3515,grass_12
16.073,0,0,0,3234,grass_12
16.073,0,0,0,3218,grass_12
16.08,0,0,0,3264,grass_12
16.087,0,0,0,3263,grass_12
16.089,0,0,0,2877,grass_12
16.094,0,0,0,2125,grass_12
16.101,0,0,0,0,grass_12
16.108,0,0,0,0,grass_12
16.109,0,0,0,0,grass_12
16.114,0,0,0,0,grass_12
16.123,0,0,0,0,grass_12
16.128,0,0,0,0,grass_12
16.129,0,0,0,0,grass_12
16.135,0,0,0,0,grass_12
16.142,0,0,0,0,grass_12
16.144,0,0,0,0,grass_12
16.152,0,0,0,0,grass_12
16.156,0,0,0,0,grass_12
16.163,0,0,0,3039,grass_12
16.168,0,0,0,3469,grass_12
16.17,0,0,0,3597,grass_12
16.177,0,0,0,3689,grass_12
16.179,0,0,0,3649,grass_12
16.184,0,0,0,3632,grass_12
16.191,0,0,0,3678,grass_12
16.197,0,0,0,3839,grass_12
16.198,0,0,0,3870,grass_12
16.205,0,0,0,3886,grass_12
16.212,0,0,0,3897,grass_12
16.214,0,0,0,3939,grass_12
16.222,0,0,0,3952,grass_12
16.226,0,0,0,3950,grass_12
16.233,0,0,0,3961,grass_12
16.233,0,0,0,3966,grass_12
16.24,0,0,0,3967,grass_12
16.246,0,1688,0,3968,grass_12
16.249,0,1969,0,3967,grass_12
16.254,0,2280,0,3975,grass_12
16.261,0,2384,0,3980,grass_12
16.268,0,2374,0,3992,grass_12
16.268,0,2428,0,4008,grass_12
16.276,0,2855,0,3998,grass_12
16.281,0,3194,0,4005,grass_12
16.288,0,3337,0,3992,grass_12
16.289,0,3407,0,3991,grass_12
16.295,0,3347,0,3998,grass_12
16.302,0,3212,0,4013,grass_12
16.303,0,3200,0,4018,grass_12
16.309,0,3250,0,4017,grass_12
16.316,0,3374,0,4012,grass_12
16.323,0,3475,0,4006,grass_12
16.323,0,3522,0,4005,grass_12
16.33,0,3474,0,4007,grass_12
16.337,0,3223,0,4019,grass_12
16.343,0,3098,0,4015,grass_12
16.344,0,2958,0,4018,grass_12
16.351,0,3095,0,4014,grass_12
16.357,0,3299,0,4012,grass_12
16.358,0,3386,0,4015,grass_12
16.364,0,3539,0,4015,grass_12
16.371,0,3533,0,4014,grass_12
16.373,0,3507,0,4017,grass_12
16.379,0,3185,0,4014,grass_12
16.385,0,3134,0,3981,grass_12
16.392,0,2909,0,4014,grass_12
16.392,0,3446,0,4020,grass_12
16.399,0,3543,0,4009,grass_12
16.406,0,3601,0,4002,grass_12
16.408,0,3613,0,3990,grass_12
16.413,0,3559,0,3998,grass_12
16.42,0,3545,0,3977,grass_12
16.427,0,3561,0,3939,grass_12
16.428,0,3601,0,3909,grass_12
16.434,0,3633,0,3916,grass_12
16.441,0,3664,0,3961,grass_12
16.448,0,3663,0,3969,grass_12
16.448,0,3673,0,3975,grass_12
16.455,0,3705,0,3979,grass_12
16.462,0,3754,0,3982,grass_12
16.462,0,3761,0,4008,grass_12
16.47,0,3747,0,4017,grass_12
16.476,0,3773,0,4028,grass_12
16.478,0,3771,0,4013,grass_12
16.486,0,3762,0,4009,grass_12
16.49,0,3774,0,3997,grass_12
16.496,0,3772,0,3983,grass_12
16.498,0,3737,0,3997,grass_12
16.503,0,3720,0,4011,grass_12
16.51,0,3727,0,3978,grass_12
16.517,0,3763,0,3992,grass_12
16.518,0,3787,0,3960,grass_12
16.524,0,3756,0,3965,grass_12
16.531,0,3751,0,3990,grass_12
16.537,0,3708,0,4005,grass_12
16.538,0,3659,0,4013,grass_12
16.545,0,3713,0,3955,grass_12
16.552,0,3756,0,3967,grass_12
16.552,0,3732,0,3929,grass_12
16.561,0,3731,0,3934,grass_12
16.566,0,3669,0,3980,grass_12
16.569,0,3556,0,4013,grass_12
16.577,0,3618,0,4008,grass_12
16.58,0,3670,0,4008,grass_12
16.587,0,3655,0,4026,grass_12
16.587,0,3682,0,4005,grass_12
16.594,0,3674,0,4026,grass_12
16.6,0,3722,0,4024,grass_12
16.603,0,3792,0,4018,grass_12
16.611,0,3753,0,4031,grass_12
16.615,0,3736,0,4002,grass_12
16.621,0,3782,0,4025,grass_12
16.624,0,3729,0,4036,grass_12
16.628,0,3681,0,4043,grass_12
16.636,0,3831,0,4031,grass_12
16.642,0,3814,0,4034,grass_12
16.644,0,3773,0,4034,grass_12
16.649,0,3720,0,4035,grass_12
16.657,0,3624,0,4019,grass_12
16.662,0,3555,0,4026,grass_12
16.663,0,3725,0,4022,grass_12
16.671,0,3739,0,4028,grass_12
16.677,0,3691,0,4037,grass_12
16.679,0,3664,0,4037,grass_12
16.686,0,3687,0,4039,grass_12
16.691,0,3720,0,4041,grass_12
16.697,0,3743,0,4044,grass_12
16.698,0,3750,0,4037,grass_12
16.705,0,3745,0,4021,grass_12
16.712,0,3690,0,4038,grass_12
16.713,0,3660,0,4037,grass_12
16.721,0,3713,0,4032,grass_12
16.725,0,3720,0,4033,grass_12
16.729,0,3695,0,4040,grass_12
16.733,0,3633,0,4046,grass_12
16.74,0,3664,0,4043,grass_12
16.747,0,3756,0,4043,grass_12
16.747,0,3779,0,4048,grass_12
16.754,0,3786,0,4049,grass_12
16.76,0,3777,0,4042,grass_12
16.767,0,3747,0,4056,grass_12
16.772,0,3679,0,4057,grass_12
16.774,0,3639,0,4052,grass_12
16.782,0,3682,0,4053,grass_12
16.782,0,3738,0,4048,grass_12
16.788,0,3740,0,4050,grass_12
16.795,0,3765,0,4057,grass_12
16.802,0,3674,0,4058,grass_12
16.807,0,3536,0,4046,grass_12
16.809,0,3552,0,4033,grass_12
16.816,0,3696,0,4055,grass_12
16.816,0,3818,0,4027,grass_12
16.824,0,3829,0,4042,grass_12
16.83,0,3776,0,4041,grass_12
16.837,0,3715,0,4037,grass_12
16.841,0,3619,0,4018,grass_12
16.844,0,3346,0,4025,grass_12
16.851,0,3695,0,4005,grass_12
16.851,0,3772,0,4014,grass_12
16.858,0,3772,0,4039,grass_12
16.864,0,3765,0,4047,grass_12
16.871,0,3755,0,4048,grass_12
16.876,0,3746,0,4050,grass_12
16.878,0,3775,0,4042,grass_12
16.885,0,3768,0,4038,grass_12
16.892,0,3691,0,4034,grass_12
16.892,0,3502,0,4043,grass_12
16.899,0,3300,0,4045,grass_12
16.906,0,3360,0,4040,grass_12
16.911,0,3486,0,4036,grass_12
16.913,0,3520,0,4035,grass_12
16.92,0,3360,0,4037,grass_12
16.926,0,2947,0,4034,grass_12
16.931,0,325,0,4033,grass_12
16.937,0,0,0,4027,grass_12
16.94,0,0,0,4024,grass_12
16.945,0,1019,0,4018,grass_12
16.948,0,1620,0,4032,grass_12
16.956,0,2349,0,4029,grass_12
16.957,0,2327,0,4031,grass_12
16.962,0,1951,0,4027,grass_12
16.969,0,1865,0,4029,grass_12
16.975,0,1994,0,4026,grass_12
16.981,0,1910,0,4022,grass_12
16.982,3440,1379,0,4016,grass_12
16.989,3177,0,0,4028,grass_12
16.996,4036,0,0,4017,grass_12
16.997,4040,0,0,4005,grass_12
17.003,4013,0,0,3977,grass_12
17.01,3990,0,0,3881,grass_12
17.016,3155,0,0,3770,grass_12
17.017,0,0,0,0,grass_12
17.024,0,0,0,0,grass_12
17.031,0,0,0,0,grass_12
17.035,0,0,0,3358,grass_12
17.041,0,0,0,3821,grass_12
17.045,0,0,0,3954,grass_12
17.049,0,0,0,3992,grass_12
17.052,3042,0,0,4013,grass_12
17.059,0,0,0,4032,grass_12
17.066,0,0,0,4036,grass_12
17.066,0,0,0,4033,grass_12
17.073,0,0,0,4039,grass_12
17.079,0,0,0,4029,grass_12
17.082,0,0,0,4016,grass_12
17.09,0,0,0,3991,grass_12
17.094,0,0,0,3991,grass_12
17.101,0,0,0,4006,grass_12
17.101,0,0,0,4014,grass_12
17.108,0,0,0,4020,grass_12
17.114,0,0,0,4026,grass_12
17.121,0,0,0,4025,grass_12
17.124,0,0,0,4029,grass_12
17.128,0,0,0,4036,grass_12
17.136,0,0,0,4035,grass_12
17.136,0,0,0,4037,grass_12
17.143,0,1155,0,4037,grass_12
17.149,0,2089,0,4038,grass_12
17.156,0,2751,0,4033,grass_12
17.16,0,3100,0,4032,grass_12
17.164,0,2956,0,4026,grass_12
17.17,0,2047,0,4018,grass_12
17.176,0,0,0,4015,grass_12
17.177,0,0,0,4002,grass_12
17.185,0,0,0,4000,grass_12
17.19,0,0,0,3979,grass_12
17.196,0,0,0,3970,grass_12
17.201,0,0,0,3971,grass_12
17.205,0,0,0,3962,grass_12
17.211,0,0,0,3968,grass_12
17.212,0,640,0,3972,grass_12
17.219,0,1096,0,3971,grass_12
17.225,0,1269,0,3958,grass_12
17.227,0,0,0,3961,grass_12
17.232,0,0,0,3960,grass_12
17.24,0,0,0,3970,grass_12
17.246,0,0,0,3976,grass_12
17.247,0,0,0,3985,grass_12
17.253,0,1083,0,3989,grass_12
17.26,0,1501,0,3988,grass_12
17.261,0,2036,0,3992,grass_12
17.271,0,1161,0,3985,grass_12
17.274,0,0,0,3980,grass_12
17.281,0,0,0,3959,grass_12
17.282,0,0,0,3949,grass_12
17.288,0,0,0,3943,grass_12
17.295,0,0,0,3937,grass_12
17.295,0,0,0,3937,grass_12
17.306,0,0,0,3946,grass_12
17.309,0,0,0,3948,grass_12
17.316,0,0,0,3939,grass_12
17.321,0,0,0,3920,grass_12
17.325,0,0,0,3882,grass_12
17.33,0,0,0,3730,grass_12
17.33,0,0,0,3509,grass_12
17.337,0,0,0,2501,grass_12
17.344,0,0,0,0,grass_12
17.351,2830,0,0,0,grass_12
17.355,3536,0,0,0,grass_12
17.359,3360,0,0,0,grass_12
17.364,0,0,0,0,grass_12
17.366,0,0,0,0,grass_12
17.371,0,0,0,0,grass_12
17.381,2692,0,0,0,grass_12
17.385,2923,0,0,0,grass_12
17.388,3510,0,0,0,grass_12
17.392,3619,0,0,0,grass_12
17.399,3726,0,0,0,grass_12
17.406,3757,0,0,0,grass_12
17.41,3754,0,0,0,grass_12
17.413,3644,0,0,0,grass_12
17.42,3198,0,0,0,grass_12
17.425,2033,0,0,0,grass_12
17.429,1328,0,0,0,grass_12
17.434,2038,0,2122,0,grass_12
17.441,3212,0,2782,0,grass_12
17.445,3597,0,2987,0,grass_12
17.448,3761,0,2892,0,grass_12
17.454,3783,0,2766,0,grass_12
17.456,3718,0,3038,0,grass_12
17.462,3621,0,3147,0,grass_12
17.469,3443,0,3223,0,grass_12
17.475,3124,0,3136,0,grass_12
17.476,3447,0,2556,0,grass_12
17.482,3817,0,0,0,grass_12
17.489,3908,0,0,0,grass_12
17.495,3823,0,0,0,grass_12
17.496,3711,0,0,0,grass_12
17.503,3495,0,2433,0,grass_12
17.51,3667,0,3008,0,grass_12
17.51,3729,0,2649,0,grass_12
17.52,3723,0,0,0,grass_12
17.525,3634,0,0,0,grass_12
17.53,3132,0,0,0,grass_12
17.531,0,0,0,0,grass_12
17.54,0,0,0,0,grass_12
17.545,0,0,0,0,grass_12
17.546,3229,0,0,0,grass_12
17.552,3816,0,0,0,grass_12
17.559,3931,0,0,0,grass_12
17.565,3908,0,0,0,grass_12
17.57,3828,0,1938,0,grass_12
17.573,3667,0,2564,0,grass_12
17.58,3399,0,2825,0,grass_12
17.581,3575,0,2850,0,grass_12
17.589,3754,0,2770,0,grass_12
17.593,3880,0,2636,0,grass_12
17.6,3951,0,2347,0,grass_12
17.605,3941,0,2519,0,grass_12
17.607,3900,0,3014,0,grass_12
17.614,3805,0,3302,0,grass_12
17.616,3774,0,3391,0,grass_12
17.625,3689,0,2997,0,grass_12
17.628,3100,0,0,0,grass_12
17.635,0,0,0,0,grass_12
17.635,0,0,0,0,grass_12
17.642,0,0,2417,0,grass_12
17.65,0,0,3434,0,grass_12
17.654,3431,0,3638,0,grass_12
17.659,3893,0,3702,0,grass_12
17.663,3951,0,3715,0,grass_12
17.67,3875,0,3621,0,grass_12
17.67,3651,0,3368,0,grass_12
17.68,0,0,2007,0,grass_12
17.683,0,0,0,0,grass_12
17.69,0,0,0,0,grass_12
17.691,0,0,0,0,grass_12
17.7,0,0,0,0,grass_12
17.705,0,0,0,0,grass_12
17.706,0,0,0,0,grass_12
17.711,0,0,1349,0,grass_12
17.718,3494,0,2929,0,grass_12
17.725,3800,0,3326,0,grass_12
17.725,3892,0,3406,0,grass_12
17.733,3947,0,3363,0,grass_12
17.739,3944,0,3117,0,grass_12
17.745,3931,0,2558,0,grass_12
17.75,3869,0,1556,0,grass_12
17.753,3800,0,1341,0,grass_12
17.759,3706,0,1264,0,grass_12
17.76,3684,0,1336,0,grass_12
17.767,3733,0,1432,0,grass_12
17.774,3752,0,1621,0,grass_12
17.78,3753,0,2357,0,grass_12
17.785,3735,0,2888,0,grass_12
17.788,3755,0,3206,0,grass_12
17.795,3804,0,3300,0,grass_12
17.795,3830,0,3303,0,grass_12
17.802,3805,0,3261,0,grass_12
17.808,3699,0,3271,0,grass_12
17.815,3337,0,3329,0,grass_12
17.816,2658,0,3338,0,grass_12
17.825,0,0,3327,0,grass_12
17.83,0,0,3241,0,grass_12
17.83,0,0,3103,0,grass_12
17.837,0,0,3056,0,grass_12
17.843,0,0,3057,0,grass_12
17.85,2028,0,3068,0,grass_12
17.855,3104,0,3108,0,grass_12
17.857,3625,0,3165,0,grass_12
17.864,3787,0,3219,0,grass_12
17.869,3855,0,3275,0,grass_12
17.871,3897,0,3317,0,grass_12
17.878,3925,0,3332,0,grass_12
17.885,3939,0,3315,0,grass_12
17.889,3927,0,3267,0,grass_12
17.892,3923,0,3162,0,grass_12
17.899,3921,0,3029,0,grass_12
17.903,3906,0,2903,0,grass_12
17.906,3905,0,2886,0,grass_12
17.913,3905,0,2816,0,grass_12
17.92,3916,0,2887,0,grass_12
17.92,3923,0,3016,0,grass_12
17.926,3925,0,3183,0,grass_12
17.934,3932,0,3271,0,grass_12
17.939,3946,0,3352,0,grass_12
17.941,3947,0,3341,0,grass_12
17.948,3944,0,3367,0,grass_12
17.955,3946,0,3330,0,grass_12
17.955,3911,0,3300,0,grass_12
17.963,3901,0,3269,0,grass_12
17.968,3906,0,3208,0,grass_12
17.975,3878,0,3041,0,grass_12
17.975,3820,0,3007,0,grass_12
17.982,3704,0,3013,0,grass_12
17.99,2902,0,3320,0,grass_12
17.994,0,0,3390,0,grass_12
17.996,0,0,3399,0,grass_12
18.003,2617,0,3387,0,grass_12
18.01,2798,0,3342,0,grass_12
18.01,2846,0,3297,0,grass_12
18.018,2830,0,3318,0,grass_12
18.024,2814,0,3313,0,grass_12
18.028,3145,0,3310,0,grass_12
18.031,3706,0,3271,0,grass_12
18.038,3867,0,3184,0,grass_12
18.045,3940,0,3126,0,grass_12
18.045,3964,0,3123,0,grass_12
18.053,3973,0,3193,0,grass_12
18.058,3981,0,3259,0,grass_12
18.061,3986,0,3313,0,grass_12
18.066,3992,0,3262,0,grass_12
18.073,3993,0,3219,0,grass_12
18.079,3994,0,3138,0,grass_12
18.08,3981,0,3177,0,grass_12
18.087,3955,0,3235,0,grass_12
18.094,3918,0,3344,0,grass_12
18.094,3847,0,3397,0,grass_12
18.104,3836,0,3412,0,grass_12
18.108,3840,0,3441,0,grass_12
18.115,3837,0,3438,0,grass_12
18.115,3832,0,3438,0,grass_12
18.121,3828,0,3431,0,grass_12
18.128,3798,0,3437,0,grass_12
18.134,3791,0,3409,0,grass_12
18.135,3837,0,3351,0,grass_12
18.144,3899,0,3340,0,grass_12
18.149,3923,0,3308,0,grass_12
18.149,3935,0,3311,0,grass_12
18.159,3945,0,3286,0,grass_12
18.163,3949,0,3265,0,grass_12
18.165,3952,0,3241,0,grass_12
18.173,3950,0,3152,0,grass_12
18.177,3929,0,3162,0,grass_12
18.184,3933,0,3160,0,grass_12
18.185,3899,0,3286,0,grass_12
18.191,3849,0,3341,0,grass_12
18.198,3857,0,3364,0,grass_12
18.203,3868,0,3356,0,grass_12
18.205,3867,0,3351,0,grass_12
18.212,3878,0,3328,0,grass_12
18.218,3897,0,3316,0,grass_12
18.22,3918,0,3335,0,grass_12
18.226,3945,0,3317,0,grass_12
18.232,3970,0,3313,0,grass_12
18.239,3994,0,3303,0,grass_12
18.24,3998,0,3321,0,grass_12
18.246,3998,0,3361,0,grass_12
18.253,3990,0,3346,0,grass_12
18.254,3983,0,3374,0,grass_12
18.264,3969,0,3414,0,grass_12
18.267,3958,0,3396,0,grass_12
18.271,3918,0,3415,0,grass_12
18.274,3845,0,3391,0,grass_12
18.281,3817,0,3378,0,grass_12
18.288,3771,0,3385,0,grass_12
18.294,3744,0,3414,0,grass_12
18.295,3757,0,3402,0,grass_12
18.304,3804,0,3415,0,grass_12
18.308,3856,0,3401,0,grass_12
18.309,3927,0,3346,0,grass_12
18.316,3942,0,3337,0,grass_12
18.322,3947,0,3282,0,grass_12
18.329,3945,0,3219,0,grass_12
18.33,3973,0,3139,0,grass_12
18.336,3991,0,3114,0,grass_12
18.343,3991,0,3019,0,grass_12
18.345,3999,0,2983,0,grass_12
18.35,4007,0,2976,0,grass_12
18.357,4004,0,3100,0,grass_12
18.359,4007,0,3151,0,grass_12
18.364,3998,0,3186,0,grass_12
18.373,3992,0,3318,0,grass_12
18.378,3996,0,3355,0,grass_12
18.381,3979,0,3394,0,grass_12
18.385,3972,0,3437,0,grass_12
18.392,3959,0,3441,0,grass_12
18.399,3943,0,3477,0,grass_12
18.403,3926,0,3441,0,grass_12
18.406,3906,0,3436,0,grass_12
18.413,3883,0,3418,0,grass_12
18.413,3895,0,3405,0,grass_12
18.423,3923,0,3398,0,grass_12
18.427,3937,0,3391,0,grass_12
18.429,3953,0,3375,0,grass_12
18.437,3957,0,3352,0,grass_12
18.441,3946,0,3343,0,grass_12
18.448,3945,0,3327,0,grass_12
18.448,3952,0,3303,0,grass_12
18.455,3967,0,3239,0,grass_12
18.461,3975,0,3171,0,grass_12
18.468,3978,0,3158,0,grass_12
18.473,3979,0,3121,0,grass_12
18.475,3979,0,3102,0,grass_12
18.482,3976,0,3124,0,grass_12
18.482,3990,0,3190,0,grass_12
18.49,3996,0,3239,0,grass_12
18.497,3995,0,3256,0,grass_12
18.503,3993,0,3226,0,grass_12
18.506,3981,0,3213,0,grass_12
18.51,3986,0,3213,0,grass_12
18.517,3995,0,3234,0,grass_12
18.523,3999,0,3207,0,grass_12
18.526,4004,0,3251,0,grass_12
18.531,4011,0,3258,0,grass_12
18.538,4007,0,3313,0,grass_12
18.543,4017,0,3343,0,grass_12
18.545,4010,0,3339,0,grass_12
18.551,4015,0,3354,0,grass_12
18.558,4012,0,3374,0,grass_12
18.559,3997,0,3354,0,grass_12
18.567,3992,0,3346,0,grass_12
18.572,3962,0,3363,0,grass_12
18.575,3924,0,3372,0,grass_12
18.579,3904,0,3381,0,grass_12
18.588,3887,0,3411,0,grass_12
18.593,3872,0,3428,0,grass_12
18.594,3870,0,3385,0,grass_12
18.6,3883,0,3318,0,grass_12
18.607,3902,0,3199,0,grass_12
18.608,3908,0,3053,0,grass_12
18.618,3929,0,3042,0,grass_12
18.622,3943,0,3102,0,grass_12
18.627,3959,0,3161,0,grass_12
18.633,3965,0,2736,0,grass_12
18.637,3968,0,1953,0,grass_12
18.643,3972,0,1707,0,grass_12
18.648,3971,0,2129,0,grass_12
18.649,3981,0,2770,0,grass_12
18.656,3992,0,3131,0,grass_12
18.663,3995,0,3397,0,grass_12
18.665,4005,0,3487,0,grass_12
18.673,4003,0,3528,0,grass_12
18.676,4005,0,3540,0,grass_12
18.683,4004,0,3519,0,grass_12
18.684,4003,0,3467,0,grass_12
18.691,3993,0,3412,0,grass_12
18.697,3988,0,3334,0,grass_12
18.699,3983,0,3322,0,grass_12
18.704,3980,0,3339,0,grass_12
18.711,3986,0,3371,0,grass_12
18.718,3992,0,3428,0,grass_12
18.719,4000,0,3463,0,grass_12
18.727,4004,0,3484,0,grass_12
18.732,4004,0,3508,0,grass_12
18.733,4007,0,3514,0,grass_12
18.739,4004,0,3508,0,grass_12
18.746,3998,0,3420,0,grass_12
18.753,3997,0,2968,0,grass_12
18.758,3975,0,0,0,grass_12
18.76,3918,0,0,0,grass_12
18.767,3851,0,0,0,grass_12
18.767,3797,0,0,0,grass_12
18.775,3830,0,2003,0,grass_12
18.781,3887,0,1901,0,grass_12
18.783,3914,0,1344,0,grass_12
18.788,3918,0,0,0,grass_12
18.795,3897,0,0,0,grass_12
18.802,3903,0,1949,0,grass_12
18.808,3944,0,2950,0,grass_12
18.808,3971,0,3358,0,grass_12
18.817,3991,0,3525,0,grass_12
18.822,4004,0,3592,0,grass_12
18.827,4007,0,3652,0,grass_12
18.83,4015,0,3674,0,grass_12
18.838,4017,0,3678,0,grass_12
18.839,4015,0,3678,0,grass_12
18.847,4008,0,3645,0,grass_12
18.851,4012,0,3532,0,grass_12
18.857,4008,0,3477,0,grass_12
18.862,4005,0,3357,0,grass_12
18.864,4005,0,3205,0,grass_12
18.871,3998,0,3208,0,grass_12
18.878,4002,0,3269,0,grass_12
18.882,4008,0,3333,0,grass_12
18.885,4014,0,3384,0,grass_12
18.892,4013,0,3441,0,grass_12
18.896,4010,0,3403,0,grass_12
18.902,3998,0,3158,0,grass_12
18.906,3992,0,962,0,grass_12
18.908,3971,0,0,0,grass_12
18.913,3968,0,0,0,grass_12
18.921,3965,0,0,0,grass_12
18.927,3970,0,3192,0,grass_12
18.929,3975,0,3447,0,grass_12
18.934,3982,0,3482,0,grass_12
18.941,3970,0,3360,0,grass_12
18.948,3970,0,3008,0,grass_12
18.949,3949,0,2471,0,grass_12
18.954,3948,0,2392,0,grass_12
18.961,3949,0,3134,0,grass_12
18.963,3984,0,3579,0,grass_12
18.968,4008,0,3663,0,grass_12
18.976,4020,0,3689,0,grass_12
18.982,4026,0,3671,0,grass_12
18.982,4026,0,3597,0,grass_12
18.989,4017,0,3570,0,grass_12
18.996,3988,0,3488,0,grass_12
18.999,3953,0,3219,0,grass_12
19.006,3910,0,2078,0,grass_12
19.01,3963,0,0,0,grass_12
19.017,3996,0,0,0,grass_12
19.017,3996,0,1199,0,grass_12
19.027,4005,0,2375,0,grass_12
19.03,4009,0,3230,0,grass_12
19.037,4011,0,3408,0,grass_12
19.038,4015,0,3443,0,grass_12
19.045,4015,0,3421,0,grass_12
19.052,4011,0,3111,0,grass_12
19.052,3992,0,1172,0,grass_12
19.059,3958,0,0,0,grass_12
19.065,3917,0,0,0,grass_12
19.068,3943,0,1470,0,grass_12
19.076,3945,0,2402,0,grass_12
19.08,3979,0,2916,0,grass_12
19.086,3990,0,2316,0,grass_12
19.086,3991,0,1305,0,grass_12
19.094,3968,0,1175,0,grass_12
19.1,3949,0,2283,0,grass_12
19.106,3928,0,2863,0,grass_12
19.111,3961,0,3232,0,grass_12
19.114,3983,0,3434,0,grass_12
19.121,3996,0,3533,0,grass_12
19.127,3989,0,3543,0,grass_12
19.128,3970,0,3495,0,grass_12
19.135,3940,0,3419,0,grass_12
19.141,3893,0,3108,0,grass_12
19.142,3849,0,2386,0,grass_12
19.149,3796,0,1401,0,grass_12
19.156,3768,0,1088,0,grass_12
19.156,3762,0,1011,0,grass_12
19.164,3761,0,965,0,grass_12
19.17,3783,0,921,0,grass_12
19.177,3814,0,604,0,grass_12
19.181,3836,0,352,0,grass_12
19.184,3901,0,706,0,grass_12
19.19,3919,0,819,0,grass_12
19.197,3909,0,997,0,grass_12
19.197,3905,0,0,0,grass_12
19.204,3877,0,0,0,grass_12
19.211,3802,0,0,0,grass_12
19.212,3718,0,0,0,grass_12
19.218,3577,0,0,0,grass_12
19.225,3567,0,0,0,grass_12
19.231,3654,0,0,0,grass_12
19.232,3750,0,0,0,grass_12
19.239,3700,0,0,0,grass_12
19.246,3388,0,0,0,grass_12
19.251,871,0,0,0,grass_12
19.253,0,0,0,0,grass_12
19.26,0,0,0,0,grass_12
19.264,2832,0,0,0,grass_12
19.268,3310,0,0,0,grass_12
19.274,3246,0,0,0,grass_12
19.282,2058,0,0,0,grass_12
19.285,0,0,0,0,grass_12
19.288,0,0,0,0,grass_12
19.295,0,0,0,0,grass_12
19.302,0,0,0,0,grass_12
19.302,1482,0,0,0,grass_12
19.31,2343,0,0,0,grass_12
19.316,2520,0,0,0,grass_12
19.319,2089,0,0,0,grass_12
19.323,2568,0,0,0,grass_12
19.33,3107,0,0,0,grass_12
19.335,3311,0,0,0,grass_12
19.337,3528,0,0,0,grass_12
19.343,3215,0,0,0,grass_12
19.35,3021,0,0,0,grass_12
19.352,1604,0,0,0,grass_12
19.357,0,0,0,0,grass_12
19.364,0,0,0,0,grass_12
19.372,0,0,0,0,grass_12
19.372,2830,0,0,0,grass_12
19.379,3132,0,0,0,grass_12
19.385,3323,0,0,0,grass_12
19.387,3050,0,0,0,grass_12
19.392,2025,0,0,0,grass_12
19.399,0,0,0,0,grass_12
19.406,0,0,0,0,grass_12
19.407,0,0,0,0,grass_12
19.413,2216,0,0,0,grass_12
19.42,3108,0,0,0,grass_12
19.426,3613,0,0,0,grass_12
19.427,3690,0,0,0,grass_12
19.434,3343,0,0,0,grass_12
19.441,3144,0,0,0,grass_12
19.445,3261,0,999,0,grass_12
19.448,3813,0,0,0,grass_12
19.454,3931,0,0,0,grass_12
19.462,3953,0,0,0,grass_12
19.462,3937,0,0,0,grass_12
19.47,3789,0,0,0,grass_12
19.475,3672,0,0,0,grass_12
19.478,3660,0,0,0,grass_12
19.482,3607,0,0,0,grass_12
19.489,3614,0,0,0,grass_12
19.496,3411,0,0,0,grass_12
19.496,3182,0,0,0,grass_12
19.503,3328,0,0,0,grass_12
19.51,3744,0,1353,0,grass_12
19.512,3900,0,2453,0,grass_12
19.517,3936,0,3071,0,grass_12
19.524,3962,0,3241,0,grass_12
19.531,3980,0,3334,0,grass_12
19.532,4001,0,3566,0,grass_12
19.538,4011,0,3622,0,grass_12
19.545,4004,0,3662,0,grass_12
19.551,3979,0,3662,0,grass_12
19.552,3959,0,3699,0,grass_12
19.559,3971,0,3625,0,grass_12
19.565,3985,0,3582,0,grass_12
19.567,3994,0,3572,0,grass_12
19.572,3988,0,3612,0,grass_12
19.579,3976,0,3629,0,grass_12
19.586,3985,0,3610,0,grass_12
19.591,3986,0,3617,0,grass_12
19.593,3991,0,3658,0,grass_12
19.6,4004,0,3647,0,grass_12
19.601,4010,0,3693,0,grass_12
19.609,4006,0,3733,0,grass_12
19.614,4010,0,3773,0,grass_12
19.621,4016,0,3778,0,grass_12
19.622,4023,0,3774,0,grass_12
19.63,4026,0,3735,0,grass_12
19.635,4026,0,3714,0,grass_12
19.641,4026,0,3731,0,grass_12
19.645,4020,0,3729,0,grass_12
19.649,4022,0,3717,0,grass_12
19.656,4023,0,3748,0,grass_12
19.656,4032,0,3767,0,grass_12
19.663,4034,0,3806,0,grass_12
19.669,4037,0,3841,0,grass_12
19.676,4032,0,3849,0,grass_12
19.681,4033,0,3852,0,grass_12
19.683,4036,0,3851,0,grass_12
19.69,4039,0,3818,0,grass_12
19.69,4041,0,3790,0,grass_12
19.697,4033,0,3783,0,grass_12
19.704,4022,0,3745,0,grass_12
19.71,4013,0,3763,0,grass_12
19.714,4012,0,3779,0,grass_12
19.718,4017,0,3813,0,grass_12
19.725,4028,0,3814,0,grass_12
19.728,4036,0,3819,0,grass_12
19.735,4042,0,3838,0,grass_12
19.739,4040,0,3846,0,grass_12
19.742,4041,0,3859,0,grass_12
19.75,4041,0,3859,0,grass_12
19.753,4045,0,3856,0,grass_12
19.76,4045,0,3867,0,grass_12
19.76,4044,0,3852,0,grass_12
19.767,4038,0,3848,0,grass_12
19.774,4033,0,3831,0,grass_12
19.776,4031,0,3840,0,grass_12
19.784,4029,0,3827,0,grass_12
19.788,4036,0,3815,0,grass_12
19.795,4036,0,3812,0,grass_12
19.795,4035,0,3821,0,grass_12
19.805,4040,0,3824,0,grass_12
19.808,4053,0,3798,0,grass_12
19.816,4043,0,3806,0,grass_12
19.82,4046,0,3819,0,grass_12
19.822,4046,0,3827,0,grass_12
19.829,4047,0,3830,0,grass_12
19.835,4044,0,3850,0,grass_12
19.836,4045,0,3859,0,grass_12
19.845,4048,0,3829,0,grass_12
19.85,4046,0,3826,0,grass_12
19.855,4043,0,3801,0,grass_12
19.857,4041,0,3817,0,grass_12
19.864,4038,0,3837,0,grass_12
19.864,4035,0,3851,0,grass_12
19.875,4038,0,3854,0,grass_12
19.878,4042,0,3845,0,grass_12
19.885,4037,0,3862,0,grass_12
19.885,4049,0,3865,0,grass_12
19.892,4046,0,3838,0,grass_12
19.898,4047,0,3815,0,grass_12
19.905,4046,0,3820,0,grass_12
19.909,4044,0,3812,0,grass_12
19.913,4047,0,3832,0,grass_12
19.919,4046,0,3808,0,grass_12
19.925,4050,0,3785,0,grass_12
19.928,4050,0,3765,0,grass_12
19.934,4054,0,3787,0,grass_12
19.94,4050,0,3805,0,grass_12
19.941,4051,0,3782,0,grass_12
19.947,4049,0,3786,0,grass_12
19.954,4050,0,3800,0,grass_12
19.96,4053,0,3798,0,grass_12
19.961,4051,0,3741,0,grass_12
19.968,4052,0,3716,0,grass_12
19.975,4051,0,3750,0,grass_12
19.975,4052,0,3769,0,grass_12
19.985,4054,0,3747,0,grass_12
19.989,4042,0,3758,0,grass_12
19.995,4050,0,3757,0,grass_12
19.996,4045,0,3688,0,grass_12
20.003,4043,0,3623,0,grass_12
20.01,4041,0,3611,0,grass_12
20.011,4039,0,3630,0,grass_12
20.017,4039,0,3630,0,grass_12
20.023,4043,0,3626,0,grass_12
20.03,4042,0,3581,0,grass_12
20.031,4039,0,3354,2389,grass_12
20.038,4045,0,2901,3124,grass_12
20.045,4038,0,1195,2261,grass_12
20.045,4039,0,0,0,grass_12
20.055,4040,0,0,0,grass_12
20.058,4040,0,0,0,grass_12
20.065,4040,0,0,0,grass_12
20.066,4041,0,0,0,grass_12
20.072,4041,0,0,0,grass_12
20.079,4044,0,0,858,grass_12
20.081,4048,0,0,1095,grass_12
20.086,4049,0,0,2061,grass_12
20.093,4052,0,0,3638,grass_12
20.096,4052,0,0,3860,grass_12
20.1,4049,0,0,3901,grass_12
20.11,4045,0,0,3893,grass_12
20.114,4041,0,0,3904,grass_12
20.12,4037,0,0,3837,grass_12
20.121,4029,0,0,3721,grass_12
20.129,4027,0,0,3441,grass_12
20.134,4023,0,0,2225,grass_12
20.135,4025,0,0,1264,grass_12
20.142,4030,0,0,993,grass_12
20.149,4040,0,0,922,grass_12
20.155,4043,0,0,0,grass_12
20.157,4047,0,0,0,grass_12
20.163,4047,0,0,0,grass_12
20.17,4049,0,0,0,grass_12
20.17,4049,0,0,0,grass_12
20.179,4044,0,0,0,grass_12
20.183,4047,0,0,0,grass_12
20.189,4047,0,0,0,grass_12
20.191,4044,0,1643,0,grass_12
20.197,4039,0,1656,0,grass_12
20.204,4034,0,1609,0,grass_12
20.206,4040,0,1392,0,grass_12
20.211,4041,0,1527,0,grass_12
20.218,4045,0,1690,0,grass_12
20.22,4053,0,2156,0,grass_12
20.229,4041,0,2904,0,grass_12
20.232,4048,0,3199,0,grass_12
20.24,4047,0,3250,0,grass_12
20.24,4048,0,3287,0,grass_12
20.246,4048,0,3259,0,grass_12
20.253,4044,0,3095,0,grass_12
20.255,4033,0,1838,0,grass_12
20.264,4020,0,0,0,grass_12
20.267,4011,0,0,0,grass_12
20.274,4011,0,0,0,grass_12
20.274,4028,0,0,0,grass_12
20.281,4024,0,0,0,grass_12
20.288,4027,0,0,0,grass_12
20.295,4034,0,0,0,grass_12
20.299,4038,0,0,0,grass_12
20.301,4041,0,0,0,grass_12
20.31,4038,0,0,0,grass_12
20.315,4037,0,0,0,grass_12
20.316,4030,0,0,0,grass_12
20.323,4027,0,0,0,grass_12
20.329,4021,0,0,0,grass_12
20.333,4023,0,0,0,grass_12
20.338,4021,0,0,0,grass_12
20.344,4015,0,0,0,grass_12
20.345,4025,0,0,0,grass_12
20.354,4027,0,0,0,grass_12
20.357,4031,0,0,0,grass_12
20.364,4028,0,0,0,grass_12
20.369,4027,0,0,0,grass_12
20.371,4029,0,0,0,grass_12
20.378,4021,0,1866,0,grass_12
20.384,4034,0,2815,0,grass_12
20.385,4022,0,2827,0,grass_12
20.392,4011,0,1824,0,grass_12
20.4,3999,0,0,0,grass_12
20.404,3986,0,0,0,grass_12
20.406,3955,0,0,0,grass_12
20.413,3912,0,0,0,grass_12
20.416,3885,0,0,0,grass_12
20.423,3904,0,0,0,grass_12
20.429,3951,0,0,0,grass_12
20.433,3980,0,0,0,grass_12
20.433,4004,0,0,0,grass_12
20.441,4012,0,0,0,grass_12
20.447,4016,0,0,0,grass_12
20.454,4019,0,0,0,grass_12
20.458,4019,0,0,0,grass_12
20.461,4011,0,0,0,grass_12
20.468,4007,0,0,0,grass_12
20.468,4007,0,0,0,grass_12
20.475,4002,0,0,0,grass_12
20.482,3999,0,0,0,grass_12
20.489,3992,0,0,0,grass_12
20.493,3977,0,0,0,grass_12
20.496,3958,0,0,0,grass_12
20.503,3940,0,0,0,grass_12
20.504,3907,0,0,0,grass_12
20.51,3862,0,0,0,grass_12
20.517,3813,0,0,0,grass_12
20.524,3659,0,0,0,grass_12
20.524,3122,0,0,0,grass_12
20.531,3033,0,0,0,grass_12
20.537,3291,0,823,2130,grass_12
20.544,3616,0,0,3334,grass_12
20.549,3612,0,0,3411,grass_12
20.551,3070,0,0,3256,grass_12
20.559,0,0,0,3397,grass_12
20.559,0,0,0,3697,grass_12
20.565,0,0,0,3740,grass_12
20.572,0,0,0,3768,grass_12
20.578,0,0,0,3761,grass_12
20.583,0,0,0,3777,grass_12
20.586,0,0,0,3833,grass_12
20.593,0,0,0,3860,grass_12
20.593,0,0,0,3904,grass_12
20.6,0,0,0,3925,grass_12
20.607,0,0,0,3941,grass_12
20.613,0,0,0,3950,grass_12
20.618,0,0,0,3952,grass_12
20.621,0,0,0,3951,grass_12
20.628,0,0,0,3948,grass_12
20.629,0,0,0,3959,grass_12
20.635,0,0,0,3957,grass_12
20.642,0,0,0,3958,grass_12
20.649,0,0,0,3979,grass_12
20.653,0,0,0,3994,grass_12
20.656,0,0,0,4001,grass_12
20.663,0,0,0,3999,grass_12
20.663,0,0,0,3985,grass_12
20.673,0,0,0,3979,grass_12
20.676,0,0,0,3976,grass_12
20.684,0,0,0,3979,grass_12
20.687,0,0,0,3977,grass_12
20.69,0,1223,0,3979,grass_12
20.697,0,1485,0,3976,grass_12
20.697,0,2167,0,3966,grass_12
20.709,0,2049,0,3949,grass_12
20.711,0,2139,0,3927,grass_12
20.718,0,2366,0,3887,grass_12
20.723,0,2351,0,3900,grass_12
20.725,0,2394,0,3905,grass_12
20.732,0,2285,0,3860,grass_12
20.738,0,2192,0,3658,grass_12
20.739,0,1002,0,2833,grass_12
20.748,0,0,0,1861,grass_12
20.753,0,0,0,1556,grass_12
20.756,0,0,0,1481,grass_12
20.76,0,0,0,2590,grass_12
20.767,0,1388,0,3563,grass_12
20.773,0,2199,0,3769,grass_12
20.774,0,2343,0,3853,grass_12
20.781,0,1417,0,3917,grass_12
20.787,0,0,0,3934,grass_12
20.793,0,1491,0,3938,grass_12
20.794,0,2142,0,3953,grass_12
20.802,0,2939,0,3979,grass_12
20.809,0,3098,0,3991,grass_12
20.809,0,2909,0,4003,grass_12
20.815,0,1871,0,4002,grass_12
20.822,0,0,0,3996,grass_12
20.828,0,0,0,3973,grass_12
20.83,0,0,0,3951,grass_12
20.836,0,0,0,3938,grass_12
20.843,0,0,0,3907,grass_12
20.844,0,0,0,3899,grass_12
20.85,0,0,0,3925,grass_12
20.857,0,0,0,3974,grass_12
20.863,0,0,0,3996,grass_12
20.868,0,2647,0,3997,grass_12
20.871,0,2922,0,3993,grass_12
20.878,0,2690,0,3996,grass_12
20.878,0,2436,0,3993,grass_12
20.886,0,0,0,3967,grass_12
20.891,0,0,0,3956,grass_12
20.898,0,0,0,3929,grass_12
20.899,0,0,0,3920,grass_12
20.906,0,0,0,3907,grass_12
20.912,0,0,0,3909,grass_12
20.914,0,0,0,3934,grass_12
20.919,0,1533,0,3947,grass_12
20.927,0,2653,0,3964,grass_12
20.933,0,2876,0,3952,grass_12
20.934,0,2650,0,3951,grass_12
20.94,0,2388,0,3952,grass_12
20.947,0,1682,0,3939,grass_12
20.949,0,1100,0,3923,grass_12
20.958,0,0,0,3847,grass_12
20.961,0,0,0,3830,grass_12
20.968,0,0,0,3867,grass_12
20.968,0,0,0,3906,grass_12
20.975,0,0,0,3927,grass_12
20.982,0,2245,0,3951,grass_12
20.988,0,2691,0,3966,grass_12
20.989,0,3100,0,3972,grass_12
20.996,0,3199,0,3972,grass_12
21.003,0,2833,0,3978,grass_12
21.003,0,2502,0,3969,grass_12
21.013,0,1194,0,3961,grass_12
21.018,0,0,0,3946,grass_12
21.018,0,0,0,3938,grass_12
21.026,0,0,0,3954,grass_12
21.03,0,0,0,3967,grass_12
21.037,0,0,0,3981,grass_12
21.043,0,2274,0,3993,grass_12
21.044,0,2747,0,4000,grass_12
21.052,0,3253,0,4000,grass_12
21.058,0,3280,0,3999,grass_12
21.059,0,3070,0,3999,grass_12
21.065,0,2627,0,3991,grass_12
21.072,0,1838,0,3982,grass_12
21.078,0,1040,0,3962,grass_12
21.079,0,0,0,3949,grass_12
21.086,0,0,0,3952,grass_12
21.088,0,486,0,3956,grass_12
21.093,0,1519,0,3964,grass_12
21.101,0,2300,0,3972,grass_12
21.107,0,2654,0,3971,grass_12
21.11,0,2694,0,3987,grass_12
21.114,0,2647,0,3984,grass_12
21.121,0,2488,0,3986,grass_12
21.127,0,2123,0,3983,grass_12
21.13,0,1939,0,3976,grass_12
21.135,0,2019,0,3982,grass_12
21.142,0,2183,0,3975,grass_12
21.143,0,2360,0,3980,grass_12
21.152,0,2342,0,3976,grass_12
21.155,0,2146,0,3970,grass_12
21.163,0,1789,0,3982,grass_12
21.163,0,1854,0,3973,grass_12
21.169,0,2127,0,3977,grass_12
21.177,0,2523,0,3977,grass_12
21.177,0,2605,0,3978,grass_12
21.187,0,2651,0,3984,grass_12
21.19,0,2735,0,3984,grass_12
21.197,0,2592,0,3983,grass_12
21.197,0,2376,0,3994,grass_12
21.205,0,2135,0,3989,grass_12
21.211,0,1813,0,3981,grass_12
21.213,0,1691,0,3986,grass_12
21.218,0,1464,0,3985,grass_12
21.225,0,1717,0,3989,grass_12
21.232,0,2041,0,3992,grass_12
21.232,0,2395,0,3991,grass_12
21.239,0,2627,0,4000,grass_12
21.245,0,2728,0,3996,grass_12
21.253,0,2769,0,3993,grass_12
21.256,0,2630,0,3995,grass_12
21.26,0,2555,0,3990,grass_12
21.267,0,2248,0,3985,grass_12
21.273,0,1879,0,3979,grass_12
21.274,0,1769,0,3971,grass_12
21.28,0,1918,0,3976,grass_12
21.288,0,2252,0,3976,grass_12
21.291,0,2509,0,3984,grass_12
21.294,0,2568,0,3977,grass_12
21.301,0,2574,0,3983,grass_12
21.304,0,2480,0,3985,grass_12
21.308,0,2450,0,3982,grass_12
21.315,0,2522,0,3983,grass_12
21.322,0,2721,0,3991,grass_12
21.324,0,2917,0,3984,grass_12
21.33,0,3075,0,3992,grass_12
21.336,0,3064,0,3986,grass_12
21.338,0,2829,0,3983,grass_12
21.343,0,2454,0,3983,grass_12
21.35,0,1923,0,3975,grass_12
21.357,0,1569,0,3971,grass_12
21.357,0,2076,0,3977,grass_12
21.364,0,2365,0,3978,grass_12
21.37,0,2585,0,3982,grass_12
21.377,0,2893,0,4001,grass_12
21.381,0,2907,0,3996,grass_12
21.385,0,2863,0,4007,grass_12
21.392,0,2582,0,4002,grass_12
21.392,0,2368,0,3994,grass_12
21.402,0,1844,0,4001,grass_12
21.405,0,1555,0,3999,grass_12
21.411,0,1595,0,4002,grass_12
21.416,0,1903,0,3998,grass_12
21.419,0,2154,0,4001,grass_12
21.426,0,2218,0,4001,grass_12
21.43,0,2191,0,3997,grass_12
21.433,0,2013,0,3997,grass_12
21.44,0,1978,0,3986,grass_12
21.446,0,1937,0,3984,grass_12
21.452,0,2478,0,3988,grass_12
21.454,0,2893,0,3991,grass_12
21.462,0,3117,0,3983,grass_12
21.462,0,3269,0,3995,grass_12
21.468,0,3330,0,3987,grass_12
21.475,0,3363,0,3991,grass_12
21.482,0,3277,0,3988,grass_12
21.482,0,2960,0,3981,grass_12
21.489,0,2700,0,3969,grass_12
21.496,0,1812,0,3961,grass_12
21.496,0,1488,0,3952,grass_12
21.505,0,1589,0,3963,grass_12
21.51,0,2429,0,3980,grass_12
21.516,0,2861,0,3990,grass_12
21.522,0,3211,0,4004,grass_12
21.523,0,3327,0,4010,grass_12
21.531,0,3358,0,4005,grass_12
21.537,0,3260,0,4009,grass_12
21.538,0,2791,0,4000,grass_12
21.544,0,1743,0,4002,grass_12
21.551,0,1149,0,4002,grass_12
21.551,0,0,0,3995,grass_12
21.558,0,0,0,3997,grass_12
21.565,0,0,0,3983,grass_12
21.571,0,1454,0,4005,grass_12
21.572,0,2393,0,4005,grass_12
21.579,0,2885,0,4006,grass_12
21.586,0,3083,0,4008,grass_12
21.591,0,3071,0,4007,grass_12
21.593,0,2894,0,4007,grass_12
21.6,0,2774,0,3996,grass_12
21.607,0,2760,0,3996,grass_12
21.611,0,2735,0,3997,grass_12
21.614,0,2807,0,3994,grass_12
21.621,0,2910,0,3987,grass_12
21.622,0,2990,0,3981,grass_12
21.63,0,3015,0,3989,grass_12
21.635,0,2979,0,3979,grass_12
21.641,0,2971,0,3979,grass_12
21.646,0,2980,0,3984,grass_12
21.649,0,3000,0,3985,grass_12
21.656,0,3034,0,3989,grass_12
21.656,0,3020,0,3991,grass_12
21.666,0,3006,0,4000,grass_12
21.669,0,2999,0,4002,grass_12
21.676,0,2916,0,4007,grass_12
21.681,0,2834,0,4010,grass_12
21.684,0,2630,0,4012,grass_12
21.69,0,1998,0,4012,grass_12
21.697,0,1292,0,3999,grass_12
21.701,0,0,0,3999,grass_12
21.704,0,0,0,3999,grass_12
21.711,0,0,0,4001,grass_12
21.715,0,0,0,4004,grass_12
21.718,0,0,0,4011,grass_12
21.725,0,1913,0,4010,grass_12
21.731,0,2802,0,4013,grass_12
21.732,0,3001,0,4018,grass_12
21.74,0,3102,0,4016,grass_12
21.746,0,2910,0,4013,grass_12
21.747,0,2848,0,4010,grass_12
21.756,0,2738,0,3999,grass_12
21.76,0,2778,0,3990,grass_12
21.766,0,2774,0,3997,grass_12
21.771,0,2867,0,3985,grass_12
21.773,0,2964,0,3976,grass_12
21.781,0,3008,0,3969,grass_12
21.782,0,2958,0,3958,grass_12
21.788,0,2818,0,3959,grass_12
21.794,0,2726,0,3967,grass_12
21.801,0,2941,0,3987,grass_12
21.802,0,3131,0,3997,grass_12
21.808,0,3252,0,4003,grass_12
21.815,0,3277,0,4004,grass_12
21.821,0,2878,0,4003,grass_12
21.822,0,2107,0,3997,grass_12
21.831,0,1368,0,3986,grass_12
21.836,0,1041,0,3967,grass_12
21.836,0,0,0,3963,grass_12
21.846,0,0,0,3985,grass_12
21.85,0,0,0,3997,grass_12
21.856,0,0,0,3999,grass_12
21.857,0,1238,0,4004,grass_12
21.865,0,2501,0,4009,grass_12
21.87,0,3022,0,4009,grass_12
21.872,0,3155,0,4015,grass_12
21.877,0,3144,0,4015,grass_12
21.885,0,2994,0,4014,grass_12
21.891,0,2792,0,4012,grass_12
21.892,0,2912,0,4016,grass_12
21.898,0,3092,0,4016,grass_12
21.905,0,3250,0,4011,grass_12
21.911,0,3297,0,4009,grass_12
21.912,0,3260,0,3997,grass_12
21.919,0,2909,0,3998,grass_12
21.925,0,2368,0,3998,grass_12
21.931,0,2198,0,3993,grass_12
21.935,0,2137,0,3986,grass_12
21.94,0,1264,0,3967,grass_12
21.943,0,0,0,3939,grass_12
21.947,0,0,0,3943,grass_12
21.954,0,0,0,3950,grass_12
21.96,0,0,0,3983,grass_12
21.965,0,0,0,4006,grass_12
21.971,0,0,0,4007,grass_12
21.974,0,0,0,4005,grass_12
21.98,0,0,0,3995,grass_12
21.986,0,1177,0,3982,grass_12
21.989,0,2278,0,3982,grass_12
21.996,0,2519,0,3987,grass_12
21.997,0,2688,0,3993,grass_12
22.003,0,2786,0,3999,grass_12
22.01,0,3205,0,4010,grass_12
22.011,0,3419,0,4010,grass_12
22.017,0,3492,0,4019,grass_12
22.024,0,3499,0,4020,grass_12
22.03,0,3478,0,4025,grass_12
22.031,0,3398,0,4023,grass_12
22.037,0,3155,0,4028,grass_12
22.045,0,3140,0,4020,grass_12
22.05,0,3112,0,4021,grass_12
22.051,0,2989,0,4015,grass_12
22.058,0,2516,0,4009,grass_12
22.065,0,1533,0,4004,grass_12
22.066,0,0,0,3996,grass_12
22.075,0,0,0,4001,grass_12
22.079,0,1090,0,3992,grass_12
22.085,0,1124,0,3987,grass_12
22.086,0,0,0,3984,grass_12
22.093,0,0,0,3972,grass_12
22.1,0,0,0,3937,grass_12
22.101,0,0,0,3954,grass_12
22.107,0,0,0,3962,grass_12
22.114,0,2452,0,3980,grass_12
22.12,0,3065,0,3989,grass_12
22.125,0,3127,0,3993,grass_12
22.127,0,2776,0,3996,grass_12
22.135,0,1836,0,3996,grass_12
22.136,0,0,0,3987,grass_12
22.145,0,0,0,3973,grass_12
22.15,0,0,0,3957,grass_12
22.152,0,0,0,3956,grass_12
22.16,0,0,0,3966,grass_12
22.163,0,2035,0,3984,grass_12
22.169,0,2607,0,3995,grass_12
22.171,0,2693,0,4005,grass_12
22.176,0,2885,0,4011,grass_12
22.184,0,2919,0,4012,grass_12
22.19,0,2904,0,4006,grass_12
22.191,0,2665,0,4006,grass_12
22.197,0,1886,0,4004,grass_12
22.205,0,293,0,4008,grass_12
22.21,0,0,0,4016,grass_12
22.211,0,0,0,4018,grass_12
22.218,0,0,0,4017,grass_12
22.225,0,1284,0,4016,grass_12
22.225,0,1583,0,4021,grass_12
22.234,0,689,0,4013,grass_12
22.239,0,0,0,4009,grass_12
22.243,0,0,0,4002,grass_12
22.246,0,0,0,3987,grass_12
22.255,0,0,0,3984,grass_12
22.26,0,0,0,3982,grass_12
22.26,0,0,0,3991,grass_12
22.268,0,0,0,3979,grass_12
22.274,0,1312,0,3950,grass_12
22.276,0,1108,0,3927,grass_12
22.285,0,0,0,3919,grass_12
22.288,0,0,0,3900,grass_12
22.294,0,0,0,3879,grass_12
22.296,0,0,0,3827,grass_12
22.301,0,0,0,3821,grass_12
22.31,0,0,0,3905,grass_12
22.315,0,2735,0,3959,grass_12
22.316,0,3185,0,3992,grass_12
22.322,0,3197,0,3999,grass_12
22.33,0,3197,0,4005,grass_12
22.332,0,3153,0,3999,grass_12
22.34,0,2395,0,3978,grass_12
22.343,0,0,0,3941,grass_12
22.35,0,0,0,3891,grass_12
22.35,0,0,0,3858,grass_12
22.357,0,0,0,3858,grass_12
22.364,0,0,0,3863,grass_12
22.364,0,0,0,3888,grass_12
22.375,0,0,0,3914,grass_12
22.377,0,0,0,3928,grass_12
22.385,0,0,0,3932,grass_12
22.385,0,0,0,3935,grass_12
22.392,0,0,0,3939,grass_12
22.398,0,0,0,3938,grass_12
22.398,0,0,0,3948,grass_12
22.41,0,0,0,3943,grass_12
22.412,0,0,0,3931,grass_12
22.419,0,0,0,3939,grass_12
22.42,0,0,0,3930,grass_12
22.426,0,0,0,3911,grass_12
22.433,0,0,0,3818,grass_12
22.44,0,0,0,3713,grass_12
22.442,0,0,0,3164,grass_12
22.447,0,0,0,1531,grass_12
22.454,0,0,0,173,grass_12
22.455,0,0,0,0,grass_12
22.464,0,0,0,1608,grass_12
22.469,0,0,0,3218,grass_12
22.474,0,0,0,3540,grass_12
22.479,0,0,0,3559,grass_12
22.482,0,0,0,3544,grass_12
22.489,0,0,0,3462,grass_12
22.495,0,0,0,3167,grass_12
22.495,0,0,0,3086,grass_12
22.503,0,0,0,2934,grass_12
22.51,0,0,0,2852,grass_12
22.51,0,0,0,2811,grass_12
22.519,0,0,0,2943,grass_12
22.523,0,0,0,3274,grass_12
22.529,0,0,0,3518,grass_12
22.532,0,0,0,3646,grass_12
22.537,0,0,0,3745,grass_12
22.544,0,0,0,3765,grass_12
22.545,0,0,0,3804,grass_12
22.552,0,0,0,3904,grass_12
22.558,0,0,0,3935,grass_12
22.564,0,0,0,3940,grass_12
22.569,0,0,0,3935,grass_12
22.572,0,0,0,3928,grass_12
22.579,0,0,0,3924,grass_12
22.58,0,0,0,3914,grass_12
22.589,0,0,0,3914,grass_12
22.593,0,0,0,3911,grass_12
22.6,0,0,0,3916,grass_12
22.6,0,0,0,3912,grass_12
22.606,0,0,0,3875,grass_12
22.614,0,0,0,3903,grass_12
22.614,0,0,0,3939,grass_12
22.622,0,0,0,3954,grass_12
22.628,0,0,0,3971,grass_12
22.632,0,0,0,3975,grass_12
22.639,0,1910,0,3986,grass_12
22.642,0,2387,0,3988,grass_12
22.649,0,2864,0,3991,grass_12
22.649,0,2959,0,3996,grass_12
22.656,0,2759,0,4006,grass_12
22.662,0,2531,0,4006,grass_12
22.665,0,2127,0,4008,grass_12
22.673,0,1977,0,4011,grass_12
22.676,0,1757,0,4005,grass_12
22.683,0,1913,0,3997,grass_12
22.689,0,2032,0,3996,grass_12
22.69,0,2085,0,4010,grass_12
22.697,0,2475,0,4009,grass_12
22.704,0,2904,0,3991,grass_12
22.709,0,3075,0,3999,grass_12
22.711,0,3219,0,3964,grass_12
22.718,0,3185,0,3950,grass_12
22.724,0,3046,0,3961,grass_12
22.725,0,2827,0,3990,grass_12
22.733,0,2762,0,3996,grass_12
22.739,0,2769,0,4002,grass_12
22.739,0,2964,0,3993,grass_12
22.746,0,3202,0,3968,grass_12
22.752,0,3359,0,3944,grass_12
22.759,0,3500,0,3951,grass_12
22.763,0,3526,0,3979,grass_12
22.766,0,3505,0,4000,grass_12
22.773,0,3484,0,4011,grass_12
22.773,0,3499,0,4005,grass_12
22.78,0,3549,0,3973,grass_12
22.787,0,3607,0,3953,grass_12
22.793,0,3613,0,3973,grass_12
22.798,0,3535,0,3991,grass_12
22.801,0,3480,0,4008,grass_12
22.808,0,3376,0,4005,grass_12
22.808,0,3370,0,4008,grass_12
22.815,0,3391,0,3997,grass_12
22.822,0,3382,0,4011,grass_12
22.829,0,3344,0,4017,grass_12
22.832,0,3284,0,4017,grass_12
22.836,0,3400,0,4014,grass_12
22.843,0,3515,0,4015,grass_12
22.849,0,3548,0,4022,grass_12
22.851,0,3564,0,4028,grass_12
22.857,0,3512,0,4036,grass_12
22.864,0,3526,0,4029,grass_12
22.868,0,3593,0,4030,grass_12
22.874,0,3622,0,4011,grass_12
22.877,0,3598,0,4011,grass_12
22.884,0,3559,0,4004,grass_12
22.884,0,3466,0,4014,grass_12
22.892,0,3495,0,4024,grass_12
22.898,0,3534,0,4000,grass_12
22.899,0,3580,0,3997,grass_12
22.905,0,3618,0,3985,grass_12
22.912,0,3604,0,3983,grass_12
22.919,0,3652,0,4008,grass_12
22.923,0,3669,0,4014,grass_12
22.927,0,3644,0,4016,grass_12
22.933,0,3685,0,4018,grass_12
22.935,0,3696,0,4001,grass_12
22.943,0,3682,0,3989,grass_12
22.947,0,3665,0,3999,grass_12
22.953,0,3662,0,4009,grass_12
22.954,0,3626,0,4004,grass_12
22.961,0,3502,0,3969,grass_12
22.967,0,3545,0,3983,grass_12
22.969,0,3614,0,3975,grass_12
22.978,0,3501,0,3982,grass_12
22.982,0,3509,0,3989,grass_12
22.989,0,3418,0,3990,grass_12
22.994,0,3452,0,3978,grass_12
22.996,0,3607,0,3970,grass_12
23.002,0,3510,0,3987,grass_12
23.008,0,3519,0,4003,grass_12
23.009,0,3593,0,4002,grass_12
23.016,0,3574,0,4007,grass_12
23.023,0,3641,0,4018,grass_12
23.023,0,3613,0,4016,grass_12
23.033,0,3661,0,4019,grass_12
23.037,0,3629,0,4022,grass_12
23.043,0,3526,0,4026,grass_12
23.049,0,3625,0,4018,grass_12
23.051,0,3659,0,3976,grass_12
23.059,0,3603,0,3999,grass_12
23.063,0,3482,0,4016,grass_12
23.068,0,3553,0,4017,grass_12
23.072,0,3589,0,4022,grass_12
23.074,0,3368,0,4044,grass_12
23.079,0,3305,0,4030,grass_12
23.086,0,3586,0,4021,grass_12
23.093,0,3498,0,4024,grass_12
23.093,0,3450,0,4028,grass_12
23.1,0,3605,0,4018,grass_12
23.106,0,3565,0,4018,grass_12
23.109,0,3320,0,4018,grass_12
23.114,0,3377,0,4028,grass_12
23.121,0,3517,0,4034,grass_12
23.128,0,3628,0,4045,grass_12
23.133,0,3682,0,4038,grass_12
23.135,0,3717,0,4029,grass_12
23.141,0,3678,0,4031,grass_12
23.144,0,3525,0,4048,grass_12
23.152,0,3576,0,4036,grass_12
23.155,0,3599,0,4010,grass_12
23.162,0,3627,0,4032,grass_12
23.168,0,3665,0,4041,grass_12
23.169,0,3681,0,4038,grass_12
23.176,0,3670,0,4039,grass_12
23.183,0,3617,0,4042,grass_12
23.184,0,3519,0,4047,grass_12
23.19,0,3429,0,4038,grass_12
23.197,0,3328,0,4043,grass_12
23.203,0,3352,0,4048,grass_12
23.204,0,3520,0,4039,grass_12
23.211,0,3581,0,4039,grass_12
23.218,0,3620,0,4037,grass_12
23.218,0,3607,0,4038,grass_12
23.226,0,3559,0,4042,grass_12
23.231,0,3481,0,4036,grass_12
23.235,0,3560,0,4038,grass_12
23.239,0,3654,0,4034,grass_12
23.246,0,3693,0,4036,grass_12
23.252,0,3688,0,4037,grass_12
23.254,0,3632,0,4032,grass_12
23.26,0,3575,0,4021,grass_12
23.266,0,3392,0,4017,grass_12
23.272,0,3317,0,3996,grass_12
23.274,0,3051,0,4001,grass_12
23.28,0,3018,0,4011,grass_12
23.287,0,2971,0,4020,grass_12
23.288,0,2953,0,4026,grass_12
23.294,0,2975,0,4025,grass_12
23.301,0,3255,0,4031,grass_12
23.308,0,3274,0,4029,grass_12
23.309,0,3000,0,4024,grass_12
23.315,0,1696,0,4012,grass_12
23.322,0,0,0,4001,grass_12
23.323,3554,0,0,3989,grass_12
23.332,3023,0,0,3971,grass_12
23.336,3442,0,0,3984,grass_12
23.342,4005,0,0,3981,grass_12
23.343,4025,0,0,3945,grass_12
23.35,4007,0,0,3961,grass_12
23.357,4010,0,0,3960,grass_12
23.363,3952,0,0,3937,grass_12
23.364,3401,0,0,3895,grass_12
23.371,0,0,0,3891,grass_12
23.377,0,0,0,3884,grass_12
23.378,293,0,0,3902,grass_12
23.384,3904,0,0,3956,grass_12
23.392,3963,0,0,3994,grass_12
23.398,3977,0,0,4021,grass_12
23.399,3985,0,0,4033,grass_12
23.405,3958,0,0,4043,grass_12
23.412,3930,0,0,4035,grass_12
23.412,3939,0,0,4036,grass_12
23.421,3960,0,0,4036,grass_12
23.426,3932,0,0,4029,grass_12
23.429,3631,0,0,4020,grass_12
23.433,1800,0,0,4013,grass_12
23.44,0,0,0,4004,grass_12
23.447,0,0,0,4009,grass_12
23.448,0,0,0,4010,grass_12
23.454,0,0,0,4018,grass_12
23.461,0,0,0,4021,grass_12
23.467,0,0,0,4024,grass_12
23.468,0,0,0,4032,grass_12
23.474,0,0,0,4034,grass_12
23.482,0,0,0,4034,grass_12
23.482,0,0,0,4028,grass_12
23.49,0,0,0,4029,grass_12
23.495,0,0,0,4027,grass_12
23.502,0,0,0,4021,grass_12
23.503,0,0,0,4021,grass_12
23.509,0,0,0,4018,grass_12
23.517,0,0,0,4017,grass_12
23.522,0,0,0,4019,grass_12
23.523,0,0,0,4014,grass_12
23.53,0,0,0,4009,grass_12
23.537,0,1579,0,4013,grass_12
23.537,0,1846,0,4014,grass_12
23.545,0,2553,0,4015,grass_12
23.551,0,2761,0,4015,grass_12
23.553,0,2508,0,4011,grass_12
23.558,0,2034,0,4004,grass_12
23.565,0,0,0,3992,grass_12
23.572,0,0,0,3974,grass_12
23.573,0,0,0,3963,grass_12
23.579,0,0,0,3957,grass_12
23.586,0,0,0,3957,grass_12
23.592,0,0,0,3945,grass_12
23.593,0,0,0,3927,grass_12
23.6,0,0,0,3933,grass_12
23.607,0,0,0,3950,grass_12
23.608,0,0,0,3969,grass_12
23.616,0,0,0,3972,grass_12
23.62,0,0,0,3975,grass_12
23.624,0,0,0,3967,grass_12
23.628,0,0,0,3950,grass_12
23.636,0,0,0,3941,grass_12
23.642,0,0,0,3938,grass_12
23.644,0,0,0,3922,grass_12
23.649,0,0,0,3900,grass_12
23.655,0,0,0,3888,grass_12
23.659,0,0,0,3871,grass_12
23.663,0,0,0,3870,grass_12
23.67,0,0,0,3854,grass_12
23.677,0,0,0,3757,grass_12
23.681,0,0,0,3707,grass_12
23.683,1468,0,0,3624,grass_12
23.69,2755,0,0,3610,grass_12
23.697,2682,0,0,3527,grass_12
23.697,1810,0,0,3459,grass_12
23.706,0,0,0,3273,grass_12
23.711,0,0,0,2918,grass_12
23.717,3189,0,0,0,grass_12
23.718,3750,0,0,0,grass_12
23.724,3833,0,0,0,grass_12
23.731,3885,0,0,0,grass_12
23.734,3870,0,0,0,grass_12
23.739,3821,0,0,0,grass_12
23.745,3714,0,0,0,grass_12
23.752,3306,0,0,0,grass_12
23.753,3347,0,0,0,grass_12
23.759,3475,0,0,0,grass_12
23.766,3712,0,0,0,grass_12
23.767,3782,0,0,0,grass_12
23.773,3775,0,0,0,grass_12
23.78,3771,0,0,0,grass_12
23.782,3725,0,0,0,grass_12
23.791,3706,0,0,0,grass_12
23.795,3711,0,0,0,grass_12
23.802,3642,0,0,0,grass_12
23.803,3659,0,0,0,grass_12
23.808,3722,0,0,0,grass_12
23.816,3789,0,0,0,grass_12
23.822,3817,0,0,0,grass_12
23.822,3827,0,0,0,grass_12
23.829,3837,0,0,0,grass_12
23.836,3845,0,0,0,grass_12
23.841,3838,0,0,0,grass_12
23.844,3857,0,0,0,grass_12
23.85,3860,0,0,0,grass_12
23.856,3863,0,0,0,grass_12
23.857,3874,0,0,0,grass_12
23.865,3893,0,0,0,grass_12
23.87,3919,0,0,0,grass_12
23.874,3925,0,0,0,grass_12
23.877,3926,0,0,0,grass_12
23.884,3907,0,0,0,grass_12
23.891,3925,0,0,0,grass_12
23.891,3955,0,1250,0,grass_12
23.898,3976,0,1212,0,grass_12
23.905,3981,0,725,0,grass_12
23.911,3943,0,0,0,grass_12
23.912,3805,0,0,0,grass_12
23.921,3468,0,0,0,grass_12
23.926,3280,0,0,0,grass_12
23.926,3589,0,0,0,grass_12
23.936,3837,0,0,0,grass_12
23.94,3914,0,0,0,grass_12
23.947,3855,0,0,0,grass_12
23.947,3793,0,0,0,grass_12
23.954,3733,0,0,0,grass_12
23.96,3808,0,0,0,grass_12
23.962,3904,0,0,0,grass_12
23.967,3945,0,0,0,grass_12
23.975,3964,0,0,0,grass_12
23.982,3965,0,0,0,grass_12
23.982,3959,0,0,0,grass_12
23.99,3901,0,0,0,grass_12
23.996,3777,0,0,0,grass_12
23.997,3551,0,0,0,grass_12
24.005,3530,0,0,0,grass_12
24.009,3631,0,0,0,grass_12
24.015,3757,0,0,0,grass_12
24.016,3815,0,0,0,grass_12
24.026,3749,0,0,0,grass_12
24.03,3704,0,0,0,grass_12
24.036,3808,0,2453,0,grass_12
24.037,3927,0,3041,0,grass_12
24.046,3972,0,3417,0,grass_12
24.051,3985,0,3365,0,grass_12
24.051,3983,0,2573,0,grass_12
24.058,3976,0,0,0,grass_12
24.065,3948,0,0,0,grass_12
24.07,3842,0,0,0,grass_12
24.075,3478,0,0,0,grass_12
24.079,3256,0,0,0,grass_12
24.086,3487,0,0,0,grass_12
24.086,3681,0,0,0,grass_12
24.093,3708,0,0,0,grass_12
24.099,3712,0,0,0,grass_12
24.106,3772,0,0,0,grass_12
24.107,3831,0,0,0,grass_12
24.114,3921,0,0,0,grass_12
24.12,3952,0,0,0,grass_12
24.12,3965,0,0,0,grass_12
24.129,3964,0,0,0,grass_12
24.136,3945,0,0,0,grass_12
24.137,3921,0,0,0,grass_12
24.141,3891,0,0,0,grass_12
24.148,3874,0,0,0,grass_12
24.155,3874,0,0,0,grass_12
24.157,3883,0,0,0,grass_12
24.162,3893,0,0,0,grass_12
24.169,3894,0,0,0,grass_12
24.176,3889,0,0,0,grass_12
24.178,3873,0,0,0,grass_12
24.183,3780,0,0,0,grass_12
24.191,3686,0,0,0,grass_12
24.191,3681,0,0,0,grass_12
24.201,3730,0,0,0,grass_12
24.204,3756,0,0,0,grass_12
24.211,3817,0,0,0,grass_12
24.211,3813,0,0,0,grass_12
24.218,3811,0,0,0,grass_12
24.224,3848,0,0,0,grass_12
24.229,3894,0,0,0,grass_12
24.232,3931,0,0,0,grass_12
24.238,3961,0,0,0,grass_12
24.246,3977,0,0,0,grass_12
24.246,3969,0,0,0,grass_12
24.256,3962,0,0,0,grass_12
24.259,3947,0,0,0,grass_12
24.265,3921,0,0,0,grass_12
24.266,3906,0,0,0,grass_12
24.273,3922,0,0,0,grass_12
24.28,3929,0,0,0,grass_12
24.28,3933,0,0,0,grass_12
24.287,3934,0,0,0,grass_12
24.294,3920,0,0,0,grass_12
24.3,3921,0,0,0,grass_12
24.301,3928,0,0,0,grass_12
24.308,3940,0,0,0,grass_12
24.315,3942,0,0,0,grass_12
24.32,3949,0,0,0,grass_12
24.325,3955,0,0,0,grass_12
24.329,3961,0,0,0,grass_12
24.336,3956,0,0,0,grass_12
24.337,3969,0,0,0,grass_12
24.344,3960,0,0,0,grass_12
24.349,3956,0,0,0,grass_12
24.351,3960,0,0,0,grass_12
24.356,3962,0,0,0,grass_12
24.363,3957,0,0,0,grass_12
24.37,3950,0,0,0,grass_12
24.375,3932,0,0,0,grass_12
24.377,3891,0,0,0,grass_12
24.385,3864,0,1400,0,grass_12
24.385,3866,0,644,0,grass_12
24.393,3857,0,0,0,grass_12
24.398,3841,0,0,0,grass_12
24.404,3787,0,0,0,grass_12
24.406,3757,0,0,0,grass_12
24.415,3753,0,0,0,grass_12
24.419,3829,0,0,0,grass_12
24.425,3886,0,0,0,grass_12
24.426,3943,0,0,0,grass_12
24.433,3957,0,0,0,grass_12
24.44,3981,0,0,0,grass_12
24.44,3972,0,0,0,grass_12
24.447,3964,0,0,0,grass_12
24.453,3972,0,0,0,grass_12
24.461,3971,0,0,0,grass_12
24.464,3973,0,0,0,grass_12
24.468,3969,0,0,0,grass_12
24.474,3961,0,0,0,grass_12
24.476,3952,0,0,0,grass_12
24.481,3948,0,0,0,grass_12
24.489,3953,0,0,0,grass_12
24.495,3950,0,0,0,grass_12
24.5,3953,0,0,0,grass_12
24.504,3951,0,0,0,grass_12
24.509,3965,0,0,0,grass_12
24.511,3958,0,0,0,grass_12
24.516,3968,0,0,0,grass_12
24.523,3963,0,0,0,grass_12
24.53,3958,0,0,0,grass_12
24.531,3961,0,0,0,grass_12
24.537,3974,0,0,0,grass_12
24.544,3972,0,0,0,grass_12
24.55,3974,0,0,0,grass_12
24.554,3979,0,0,0,grass_12
24.559,3946,0,0,0,grass_12
24.565,3930,0,0,0,grass_12
24.566,3907,0,398,0,grass_12
24.572,3888,0,502,0,grass_12
24.579,3882,0,326,0,grass_12
24.585,3876,0,0,0,grass_12
24.586,3889,0,0,0,grass_12
24.593,3893,0,0,0,grass_12
24.6,3906,0,0,0,grass_12
24.6,3915,0,0,0,grass_12
24.608,3939,0,0,0,grass_12
24.614,3957,0,0,0,grass_12
24.616,3971,0,0,0,grass_12
24.621,3977,0,0,0,grass_12
24.628,3977,0,0,0,grass_12
24.634,3986,0,0,0,grass_12
24.637,3997,0,0,0,grass_12
24.641,3975,0,0,0,grass_12
24.649,3977,0,0,0,grass_12
24.654,3977,0,0,0,grass_12
24.655,3982,0,0,0,grass_12
24.662,3974,0,0,0,grass_12
24.669,3966,0,0,0,grass_12
24.67,3956,0,0,0,grass_12
24.676,3947,0,0,0,grass_12
24.683,3933,0,649,0,grass_12
24.69,3937,0,957,0,grass_12
24.691,3931,0,1411,0,grass_12
24.697,3942,0,1415,0,grass_12
24.704,3947,0,870,0,grass_12
24.71,3942,0,738,0,grass_12
24.711,3939,0,0,0,grass_12
24.718,3946,0,0,0,grass_12
24.725,3958,0,0,0,grass_12
24.726,3966,0,0,0,grass_12
24.732,3976,0,0,0,grass_12
24.739,3980,0,0,0,grass_12
24.745,3980,0,0,0,grass_12
24.745,3968,0,0,0,grass_12
24.752,3973,0,0,0,grass_12
24.759,3969,0,0,0,grass_12
24.759,3959,0,0,0,grass_12
24.768,3961,0,0,0,grass_12
24.773,3956,0,0,0,grass_12
24.776,3947,0,0,0,grass_12
24.78,3951,0,0,0,grass_12
24.787,3951,0,0,0,grass_12
24.794,3957,0,0,0,grass_12
24.795,3961,0,0,0,grass_12
24.803,3966,0,686,0,grass_12
24.808,3973,0,898,0,grass_12
24.815,3981,0,911,0,grass_12
24.816,3986,0,869,0,grass_12
24.822,3973,0,734,0,grass_12
24.829,3990,0,845,0,grass_12
24.829,3981,0,0,0,grass_12
24.839,3984,0,660,0,grass_12
24.842,3983,0,766,0,grass_12
24.849,3976,0,0,0,grass_12
24.854,3971,0,0,0,grass_12
24.856,3953,0,0,0,grass_12
24.863,3952,0,0,0,grass_12
24.863,3938,0,0,0,grass_12
24.874,3946,0,0,0,grass_12
24.877,3932,0,0,0,grass_12
24.884,3929,0,0,0,grass_12
24.889,3942,0,0,0,grass_12
24.891,3964,0,0,0,grass_12
24.898,3973,0,0,0,grass_12
24.898,3981,0,0,0,grass_12
24.909,3979,0,0,0,grass_12
24.914,3999,0,0,0,grass_12
24.919,4003,0,0,0,grass_12
24.921,4002,0,0,0,grass_12
24.926,4000,0,0,0,grass_12
24.932,4003,0,0,0,grass_12
24.939,3995,0,0,0,grass_12
24.94,3985,0,0,0,grass_12
24.947,3983,0,0,0,grass_12
24.953,3972,0,0,0,grass_12
24.955,3966,0,0,0,grass_12
24.961,3964,0,794,0,grass_12
24.968,3952,0,947,0,grass_12
24.974,3952,0,934,0,grass_12
24.975,3949,0,862,0,grass_12
24.982,3938,0,0,0,grass_12
24.988,3946,0,521,0,grass_12
24.994,3954,0,872,0,grass_12
24.995,3956,0,892,0,grass_12
25.003,3965,0,900,0,grass_12
25.009,3965,0,1133,0,grass_12
25.01,3952,0,1262,0,grass_12
25.016,3951,0,430,0,grass_12
25.023,3944,0,0,0,grass_12
25.023,3939,0,0,0,grass_12
25.032,3949,0,0,0,grass_12
25.039,3959,0,0,0,grass_12
25.044,3970,0,0,0,grass_12
25.047,3983,0,0,0,grass_12
25.051,3997,0,1922,0,grass_12
25.058,3998,0,2725,0,grass_12
25.064,4002,0,2744,0,grass_12
25.069,3997,0,2151,0,grass_12
25.072,3993,0,0,0,grass_12
25.079,3978,0,0,0,grass_12
25.079,3970,0,0,0,grass_12
25.089,3966,0,0,0,grass_12
25.092,3954,0,0,0,grass_12
25.099,3958,0,0,0,grass_12
25.101,3955,0,0,0,grass_12
25.107,3963,0,0,0,grass_12
25.113,3968,0,0,0,grass_12
25.114,3972,0,1374,0,grass_12
25.12,3980,0,2640,0,grass_12
25.127,3985,0,2810,0,grass_12
25.129,3980,0,2468,0,grass_12
25.135,3990,0,0,0,grass_12
25.141,3980,0,0,0,grass_12
25.148,3981,0,0,0,grass_12
25.148,3972,0,0,0,grass_12
25.155,3965,0,0,0,grass_12
25.162,3946,0,0,0,grass_12
25.164,3937,0,0,0,grass_12
25.169,3937,0,0,0,grass_12
25.176,3940,0,0,0,grass_12
25.183,3946,0,0,0,grass_12
25.183,3960,0,0,0,grass_12
25.191,3960,0,0,0,grass_12
25.197,3963,0,0,0,grass_12
25.204,3963,0,1946,0,grass_12
25.207,3969,0,3059,0,grass_12
25.211,3984,0,3136,0,grass_12
25.217,3994,0,3136,0,grass_12
25.224,4013,0,3195,0,grass_12
25.224,4015,0,3246,0,grass_12
25.231,4018,0,3359,0,grass_12
25.238,4014,0,3417,0,grass_12
25.239,4007,0,3398,0,grass_12
25.245,4006,0,3255,0,grass_12
25.252,3994,0,2382,0,grass_12
25.258,3988,0,0,0,grass_12
25.259,3980,0,0,0,grass_12
25.266,3964,0,0,0,grass_12
25.273,3931,0,0,0,grass_12
25.273,3896,0,0,0,grass_12
25.282,3891,0,0,0,grass_12
25.287,3932,0,0,0,grass_12
25.29,3953,0,0,0,grass_12
25.294,3963,0,0,0,grass_12
25.301,3969,0,0,0,grass_12
25.308,3966,0,0,0,grass_12
25.308,3957,0,0,0,grass_12
25.315,3956,0,218,0,grass_12
25.322,3979,0,2112,0,grass_12
25.324,3994,0,160,0,grass_12
25.329,4004,0,0,0,grass_12
25.336,4002,0,0,0,grass_12
25.343,3988,0,0,0,grass_12
25.343,3957,0,0,0,grass_12
25.351,3944,0,2691,0,grass_12
25.357,3965,0,3325,0,grass_12
25.363,3991,0,3283,0,grass_12
25.367,4000,0,3178,0,grass_12
25.372,4011,0,2567,0,grass_12
25.378,4008,0,2457,0,grass_12
25.383,3997,0,2512,0,grass_12
25.385,3992,0,1178,0,grass_12
25.393,3981,0,0,0,grass_12
25.395,3982,0,0,0,grass_12
25.401,3985,0,0,0,grass_12
25.405,3986,0,0,0,grass_12
25.412,3987,0,0,0,grass_12
25.418,3981,0,0,0,grass_12
25.419,3975,0,0,0,grass_12
25.426,3966,0,0,0,grass_12
25.433,3956,0,0,0,grass_12
25.433,3944,0,0,0,grass_12
25.441,3950,0,0,0,grass_12
25.446,3943,0,0,0,grass_12
25.449,3939,0,0,0,grass_12
25.454,3957,0,0,0,grass_12
25.461,3960,0,0,0,grass_12
25.467,3960,0,0,0,grass_12
25.469,3970,0,0,0,grass_12
25.474,3972,0,0,0,grass_12
25.482,3969,0,0,0,grass_12
25.488,3950,0,0,0,grass_12
25.488,3925,0,0,0,grass_12
25.496,3901,0,0,0,grass_12
25.502,3919,0,0,0,grass_12
25.503,3946,0,1731,0,grass_12
25.509,3970,0,2154,0,grass_12
25.516,3976,0,2772,0,grass_12
25.523,3976,0,2787,0,grass_12
25.524,3976,0,1929,0,grass_12
25.53,3962,0,0,0,grass_12
25.537,3943,0,0,0,grass_12
25.543,3923,0,0,0,grass_12
25.547,3914,0,0,0,grass_12
25.551,3899,0,0,0,grass_12
25.558,3904,0,0,0,grass_12
25.558,3896,0,0,0,grass_12
25.565,3896,0,0,0,grass_12
25.571,3890,0,0,0,grass_12
25.573,3902,0,0,0,grass_12
25.579,3909,0,0,0,grass_12
25.586,3907,0,0,0,grass_12
25.592,3894,0,0,0,grass_12
25.593,3901,0,0,0,grass_12
25.599,3891,0,0,0,grass_12
25.607,3854,0,0,0,grass_12
25.612,3646,0,0,0,grass_12
25.614,3402,0,0,0,grass_12
25.62,3441,0,0,0,grass_12
25.627,3467,0,0,0,grass_12
25.629,3561,0,0,0,grass_12
25.637,3574,0,0,0,grass_12
25.641,3472,0,0,0,grass_12
25.645,3525,0,0,0,grass_12
25.648,3552,0,0,0,grass_12
25.655,3668,0,0,0,grass_12
25.662,3712,0,0,0,grass_12
25.662,3702,0,0,0,grass_12
25.67,3561,0,0,0,grass_12
25.676,3244,0,0,0,grass_12
25.678,2614,0,0,0,grass_12
25.687,587,0,0,0,grass_12
25.69,1365,0,0,0,grass_12
25.697,2665,0,0,0,grass_12
25.697,3200,0,0,0,grass_12
25.704,3484,0,0,0,grass_12
25.71,3554,0,0,0,grass_12
25.717,3591,0,0,0,grass_12
25.721,3604,0,0,0,grass_12
25.724,3639,0,0,0,grass_12
25.731,3517,0,0,0,grass_12
25.738,3519,0,0,0,grass_12
25.74,3341,0,0,0,grass_12
25.745,2956,0,0,0,grass_12
25.752,3116,0,0,0,grass_12
25.753,3373,0,0,0,grass_12
25.759,3721,0,0,0,grass_12
25.766,3796,0,0,0,grass_12
25.772,3844,0,0,0,grass_12
25.773,3833,0,0,0,grass_12
25.78,3759,0,0,0,grass_12
25.787,3581,0,0,0,grass_12
25.787,3447,0,0,0,grass_12
25.796,3590,0,0,0,grass_12
25.8,3766,0,0,0,grass_12
25.804,3897,0,0,0,grass_12
25.808,3923,0,0,0,grass_12
25.815,3954,0,0,0,grass_12
25.821,3959,0,0,0,grass_12
25.823,3949,0,0,0,grass_12
25.828,3953,0,0,0,grass_12
25.836,3968,0,0,0,grass_12
25.841,3980,0,0,0,grass_12
25.843,3990,0,0,0,grass_12
25.849,3982,0,0,0,grass_12
25.856,3966,0,0,0,grass_12
25.859,3958,0,0,0,grass_12
25.866,3955,0,0,0,grass_12
25.87,3955,0,0,0,grass_12
25.874,3963,0,0,0,grass_12
25.877,3978,0,0,0,grass_12
25.884,3993,0,0,0,grass_12
25.891,3996,0,1063,0,grass_12
25.897,3997,0,1683,0,grass_12
25.901,4002,0,2400,0,grass_12
25.905,4013,0,2790,0,grass_12
25.912,4017,0,3085,0,grass_12
25.912,4020,0,3196,0,grass_12
25.919,4015,0,3467,0,grass_12
25.926,4020,0,3491,0,grass_12
25.932,4016,0,3545,0,grass_12
25.937,4011,0,3633,0,grass_12
25.94,4009,0,3654,0,grass_12
25.947,4006,0,3624,0,grass_12
25.952,3993,0,3551,0,grass_12
25.953,4003,0,3478,0,grass_12
25.961,3972,0,3516,0,grass_12
25.967,3980,0,3531,0,grass_12
25.968,3998,0,3562,0,grass_12
25.974,3989,0,3568,0,grass_12
25.981,4001,0,3571,0,grass_12
25.982,4003,0,3550,0,grass_12
25.988,4006,0,3576,0,grass_12
25.995,3999,0,3647,0,grass_12
26.002,4001,0,3686,0,grass_12
26.002,4007,0,3697,0,grass_12
26.009,4011,0,3672,0,grass_12
26.016,4008,0,3694,0,grass_12
26.017,4012,0,3715,0,grass_12
26.027,4010,0,3714,0,grass_12
26.03,4009,0,3729,0,grass_12
26.033,4005,0,3753,0,grass_12
26.042,4006,0,3765,0,grass_12
26.044,4006,0,3779,0,grass_12
26.051,4014,0,3813,0,grass_12
26.056,4015,0,3819,0,grass_12
26.058,4014,0,3812,0,grass_12
26.065,4008,0,3817,0,grass_12
26.071,4002,0,3788,0,grass_12
26.076,4014,0,3727,0,grass_12
26.08,4009,0,3723,0,grass_12
26.085,4002,0,3744,0,grass_12
26.089,3990,0,3723,0,grass_12
26.092,3989,0,3707,0,grass_12
26.099,3983,0,3734,0,grass_12
26.107,3989,0,3750,0,grass_12
26.107,4007,0,3705,0,grass_12
26.116,4014,0,3741,0,grass_12
26.12,4008,0,3771,0,grass_12
26.122,4013,0,3752,0,grass_12
26.127,4006,0,3749,0,grass_12
26.134,3996,0,3773,0,grass_12
26.141,3993,0,3796,0,grass_12
26.141,3999,0,3811,0,grass_12
26.148,3994,0,3823,0,grass_12
26.154,4005,0,3830,0,grass_12
26.159,4004,0,3814,0,grass_12
26.162,4014,0,3824,0,grass_12
26.169,4016,0,3831,0,grass_12
26.175,4018,0,3831,0,grass_12
26.181,4020,0,3836,0,grass_12
26.182,4017,0,3828,0,grass_12
26.19,4015,0,3829,0,grass_12
26.196,4016,0,3816,0,grass_12
26.201,4023,0,3795,0,grass_12
26.203,4030,0,3783,0,grass_12
26.21,4026,0,3752,0,grass_12
26.216,4022,0,3776,0,grass_12
26.217,4024,0,3811,0,grass_12
26.226,4025,0,3829,0,grass_12
26.231,4026,0,3818,0,grass_12
26.236,4031,0,3808,0,grass_12
26.24,4032,0,3817,0,grass_12
26.245,4025,0,3803,0,grass_12
26.251,4023,0,3836,0,grass_12
26.252,4023,0,3846,0,grass_12
26.259,4032,0,3838,0,grass_12
26.266,4034,0,3830,0,grass_12
26.266,4032,0,3829,0,grass_12
26.275,4033,0,3788,0,grass_12
26.28,4034,0,3761,0,grass_12
26.286,4039,0,3766,0,grass_12
26.287,4040,0,3771,0,grass_12
26.296,4038,0,3786,0,grass_12
26.3,4035,0,3777,0,grass_12
26.302,4039,0,3638,0,grass_12
26.307,4045,0,3585,0,grass_12
26.314,4044,0,3641,0,grass_12
26.317,4043,0,3667,0,grass_12
26.322,4046,0,3668,0,grass_12
26.33,4042,0,3704,0,grass_12
26.335,4042,0,3734,0,grass_12
26.341,4044,0,3766,0,grass_12
26.342,4049,0,3767,0,grass_12
26.349,4048,0,3740,0,grass_12
26.356,4045,0,3739,0,grass_12
26.358,4042,0,3757,0,grass_12
26.363,4043,0,3734,0,grass_12
26.371,4040,0,3698,0,grass_12
26.376,4039,0,3687,0,grass_12
26.377,4039,0,3671,0,grass_12
26.384,4039,0,3590,0,grass_12
26.391,4039,0,2880,0,grass_12
26.391,4037,0,1184,0,grass_12
26.401,4032,0,2855,0,grass_12
26.405,4027,0,3334,0,grass_12
26.408,4030,0,3244,0,grass_12
26.412,4036,0,1853,0,grass_12
26.419,4035,0,0,0,grass_12
26.425,4028,0,0,3722,grass_12
26.431,4019,0,0,3870,grass_12
26.433,4014,0,0,3821,grass_12
26.44,4004,0,0,3647,grass_12
26.446,4004,0,0,0,grass_12
26.447,4002,0,0,0,grass_12
26.453,3983,0,0,1429,grass_12
26.46,3969,0,0,3906,grass_12
26.462,3983,0,0,3967,grass_12
26.467,4004,0,0,3992,grass_12
26.474,4019,0,0,4013,grass_12
26.48,4029,0,0,4016,grass_12
26.482,4034,0,0,4016,grass_12
26.488,4034,0,0,4013,grass_12
26.495,4033,0,0,3985,grass_12
26.496,4029,0,0,3964,grass_12
26.502,4028,0,0,3953,grass_12
26.509,4024,0,0,3942,grass_12
26.515,4026,0,0,3929,grass_12
26.516,4023,0,0,3880,grass_12
26.525,4023,0,0,3720,grass_12
26.53,4024,0,0,1991,grass_12
26.536,4023,0,0,0,grass_12
26.537,4028,0,0,0,grass_12
26.544,4034,0,0,0,grass_12
26.55,4033,0,0,0,grass_12
26.555,4039,0,0,0,grass_12
26.558,4036,0,0,0,grass_12
26.565,4039,0,0,0,grass_12
26.565,4033,0,0,0,grass_12
26.572,4036,0,0,0,grass_12
26.578,4031,0,0,0,grass_12
26.585,4026,0,0,0,grass_12
26.59,4022,0,0,0,grass_12
26.594,4023,0,0,0,grass_12
26.599,4026,0,0,0,grass_12
26.601,4027,0,0,0,grass_12
26.606,4028,0,0,0,grass_12
26.613,4026,0,0,0,grass_12
26.62,4031,0,3115,0,grass_12
26.625,4031,0,3326,0,grass_12
26.627,4032,0,3441,0,grass_12
26.634,4032,0,3023,0,grass_12
26.641,4028,0,1540,0,grass_12
26.642,4022,0,0,0,grass_12
26.648,4006,0,0,0,grass_12
26.655,3987,0,0,0,grass_12
26.656,3973,0,0,0,grass_12
26.665,3964,0,0,0,grass_12
26.669,3980,0,0,0,grass_12
26.675,3997,0,0,0,grass_12
26.676,4004,0,0,0,grass_12
26.683,4014,0,0,0,grass_12
26.689,4024,0,0,0,grass_12
26.691,4023,0,0,0,grass_12
26.697,4027,0,0,0,grass_12
26.703,4020,0,0,0,grass_12
26.71,4012,0,0,0,grass_12
26.711,4006,0,0,0,grass_12
26.717,4010,0,0,0,grass_12
26.725,4008,0,0,0,grass_12
26.73,4002,0,0,0,grass_12
26.735,4007,0,0,0,grass_12
26.738,4006,0,0,0,grass_12
26.745,4011,0,0,0,grass_12
26.745,4015,0,0,0,grass_12
26.753,4015,0,0,0,grass_12
26.759,4010,0,0,0,grass_12
26.765,4013,0,0,0,grass_12
26.766,4006,0,0,0,grass_12
26.775,4004,0,2277,0,grass_12
26.78,4004,0,2095,0,grass_12
26.781,3991,0,0,0,grass_12
26.787,3988,0,0,0,grass_12
26.794,3980,0,0,0,grass_12
26.8,3966,0,0,0,grass_12
26.801,3965,0,0,0,grass_12
26.808,3949,0,0,0,grass_12
26.814,3955,0,0,0,grass_12
26.816,3972,0,0,0,grass_12
26.821,3972,0,0,0,grass_12
26.828,3977,0,0,0,grass_12
26.835,3973,0,0,0,grass_12
26.836,3970,0,0,0,grass_12
26.842,3965,0,0,0,grass_12
26.849,3967,0,0,0,grass_12
26.85,3965,0,0,0,grass_12
26.856,3971,0,0,0,grass_12
26.863,3978,0,0,0,grass_12
26.87,3979,0,0,0,grass_12
26.875,3967,0,0,0,grass_12
26.877,3920,0,0,0,grass_12
26.884,3876,0,0,0,grass_12
26.89,3870,0,0,0,grass_12
26.891,3823,0,0,2804,grass_12
26.898,3800,0,0,2599,grass_12
26.904,3743,0,0,0,grass_12
26.91,3626,0,0,900,grass_12
26.912,2922,0,0,3376,grass_12
26.919,0,0,0,3706,grass_12
26.925,0,0,0,3826,grass_12
26.926,0,0,0,3899,grass_12
26.933,0,0,0,3919,grass_12
26.94,0,0,0,3898,grass_12
26.941,0,0,0,3857,grass_12
26.95,0,0,0,3830,grass_12
26.953,0,0,0,3860,grass_12
26.959,0,0,0,3916,grass_12
26.96,0,0,0,3968,grass_12
26.967,0,0,0,3979,grass_12
26.974,0,0,0,4000,grass_12
26.974,0,0,0,4004,grass_12
26.983,0,0,0,4014,grass_12
26.988,0,0,0,4018,grass_12
26.994,0,0,0,4017,grass_12
26.995,0,0,0,4022,grass_12
27.002,0,0,0,4031,grass_12
27.009,0,0,0,4032,grass_12
27.01,0,0,0,4032,grass_12
27.019,0,0,0,4040,grass_12
27.023,0,0,0,4041,grass_12
27.029,0,0,0,4025,grass_12
27.03,0,0,0,4023,grass_12
27.037,0,0,0,4024,grass_12
27.043,0,0,0,4023,grass_12
27.046,0,1630,0,4026,grass_12
27.053,0,1785,0,4011,grass_12
27.057,0,1659,0,4018,grass_12
27.064,0,1730,0,4014,grass_12
27.069,0,1749,0,4007,grass_12
27.074,0,2476,0,3995,grass_12
27.079,0,3181,0,3999,grass_12
27.085,0,3299,0,3983,grass_12
27.09,0,3403,0,3984,grass_12
27.094,0,3386,0,3980,grass_12
27.099,0,3258,0,3943,grass_12
27.104,0,3072,0,3912,grass_12
27.106,0,2850,0,3804,grass_12
27.113,0,2801,0,3571,grass_12
27.113,0,2740,0,3352,grass_12
27.12,0,2359,0,3220,grass_12
27.127,0,1895,0,3484,grass_12
27.134,0,1250,0,3607,grass_12
27.138,0,1354,0,3779,grass_12
27.142,0,2642,0,3864,grass_12
27.147,0,3048,0,3940,grass_12
27.154,0,3290,0,3988,grass_12
27.155,0,3314,0,4003,grass_12
27.163,0,2879,0,4014,grass_12
27.168,0,2087,0,4020,grass_12
27.171,0,363,0,4018,grass_12
27.175,0,1988,0,4003,grass_12
27.184,0,2473,0,4010,grass_12
27.189,0,2845,0,4013,grass_12
27.19,0,2823,0,4025,grass_12
27.196,0,2451,0,4026,grass_12
27.204,0,1398,0,4032,grass_12
27.204,0,0,0,4032,grass_12
27.212,0,0,0,3997,grass_12
27.217,0,0,0,3975,grass_12
27.224,0,0,0,3985,grass_12
27.228,0,0,0,4000,grass_12
27.234,0,0,0,4017,grass_12
27.238,0,0,0,4024,grass_12
27.242,0,1656,0,4020,grass_12
27.245,0,2342,0,4015,grass_12
27.253,0,2728,0,4019,grass_12
27.259,0,2871,0,4015,grass_12
27.264,0,2549,0,4013,grass_12
27.266,0,1802,0,4001,grass_12
27.273,0,1332,0,3983,grass_12
27.279,0,561,0,3972,grass_12
27.28,0,1156,0,3963,grass_12
27.287,0,1749,0,3960,grass_12
27.294,0,2541,0,3973,grass_12
27.294,0,3107,0,3989,grass_12
27.302,0,3276,0,4006,grass_12
27.307,0,3396,0,4007,grass_12
27.314,0,3478,0,4012,grass_12
27.315,0,3448,0,4013,grass_12
27.322,0,3316,0,4009,grass_12
27.328,0,3048,0,4009,grass_12
27.334,0,2759,0,4002,grass_12
27.335,0,1966,0,4003,grass_12
27.342,0,1790,0,3993,grass_12
27.348,0,1823,0,3991,grass_12
27.349,0,1628,0,3991,grass_12
27.359,0,1512,0,3999,grass_12
27.363,0,2119,0,4004,grass_12
27.369,0,2862,0,4013,grass_12
27.37,0,3058,0,4020,grass_12
27.378,0,3250,0,4019,grass_12
27.384,0,3389,0,4019,grass_12
27.385,0,3308,0,4009,grass_12
27.391,0,3150,0,4014,grass_12
27.397,0,1572,0,4020,grass_12
27.404,0,0,0,4013,grass_12
27.405,0,0,0,4008,grass_12
27.412,0,0,0,3999,grass_12
27.419,0,0,0,4010,grass_12
27.419,0,1554,0,4018,grass_12
27.426,0,3033,0,4023,grass_12
27.432,0,3389,0,4030,grass_12
27.439,0,3493,0,4030,grass_12
27.441,0,3501,0,4022,grass_12
27.446,0,3488,0,4024,grass_12
27.453,0,3397,0,4023,grass_12
27.459,0,3179,0,4018,grass_12
27.46,0,2907,0,3997,grass_12
27.467,0,1822,0,3995,grass_12
27.473,0,1522,0,3996,grass_12
27.474,0,1629,0,3995,grass_12
27.481,0,2273,0,4000,grass_12
27.488,0,2927,0,4010,grass_12
27.489,0,3173,0,4014,grass_12
27.498,0,3229,0,4026,grass_12
27.502,0,3249,0,4019,grass_12
27.509,0,3206,0,4024,grass_12
27.509,0,3122,0,4028,grass_12
27.516,0,2983,0,4022,grass_12
27.523,0,2933,0,4022,grass_12
27.527,0,2892,0,4021,grass_12
27.529,0,2809,0,4023,grass_12
27.537,0,2698,0,4021,grass_12
27.544,0,2567,0,4020,grass_12
27.544,0,2548,0,4018,grass_12
27.55,0,2709,0,4020,grass_12
27.557,0,2957,0,4023,grass_12
27.564,0,3122,0,4021,grass_12
27.564,0,3179,0,4020,grass_12
27.572,0,3206,0,4020,grass_12
27.578,0,3215,0,4022,grass_12
27.578,0,3160,0,4020,grass_12
27.588,0,3057,0,4022,grass_12
27.592,0,2990,0,4020,grass_12
27.598,0,2964,0,4013,grass_12
27.599,0,2940,0,4025,grass_12
27.606,0,3031,0,4019,grass_12
27.613,0,3022,0,4025,grass_12
27.614,0,3013,0,4028,grass_12
27.62,0,3028,0,4025,grass_12
27.627,0,3018,0,4025,grass_12
27.634,0,3060,0,4022,grass_12
27.634,0,3136,0,4031,grass_12
27.643,0,3156,0,4023,grass_12
27.648,0,3160,0,4028,grass_12
27.648,0,3069,0,4022,grass_12
27.656,0,2893,0,4022,grass_12
27.662,0,2556,0,4021,grass_12
27.664,0,2240,0,4013,grass_12
27.669,0,2373,0,4013,grass_12
27.676,0,2733,0,4013,grass_12
27.682,0,3031,0,4023,grass_12
27.688,0,3082,0,4025,grass_12
27.69,0,3157,0,4026,grass_12
27.696,0,3063,0,4019,grass_12
27.703,0,3104,0,4028,grass_12
27.704,0,3147,0,4022,grass_12
27.71,0,3204,0,4023,grass_12
27.717,0,3233,0,4026,grass_12
27.722,0,3208,0,4017,grass_12
27.724,0,3233,0,4028,grass_12
27.731,0,3145,0,4024,grass_12
27.738,0,2997,0,4025,grass_12
27.743,0,2887,0,4016,grass_12
27.745,0,2331,0,4018,grass_12
27.752,0,2910,0,4014,grass_12
27.758,0,2912,0,4023,grass_12
27.759,0,3021,0,4023,grass_12
27.766,0,3184,0,4026,grass_12
27.773,0,3198,0,4032,grass_12
27.773,0,3149,0,4033,grass_12
27.781,0,3107,0,4017,grass_12
27.786,0,3054,0,4028,grass_12
27.789,0,2998,0,4031,grass_12
27.794,0,2798,0,4033,grass_12
27.8,0,2507,0,4029,grass_12
27.807,0,2276,0,4029,grass_12
27.812,0,1567,0,4024,grass_12
27.815,0,1536,0,4027,grass_12
27.822,0,1701,0,4027,grass_12
27.824,0,1874,0,4026,grass_12
27.832,0,2715,0,4023,grass_12
27.835,0,3193,0,4034,grass_12
27.843,0,3312,0,4026,grass_12
27.843,0,3379,0,4025,grass_12
27.849,0,3412,0,4027,grass_12
27.856,0,3417,0,4028,grass_12
27.861,0,3407,0,4027,grass_12
27.867,0,3324,0,4029,grass_12
27.87,0,3229,0,4014,grass_12
27.877,0,3222,0,4017,grass_12
27.877,0,3150,0,4013,grass_12
27.884,0,3034,0,4019,grass_12
27.891,0,2965,0,4014,grass_12
27.898,0,2933,0,4022,grass_12
27.902,0,2976,0,4022,grass_12
27.904,0,3109,0,4026,grass_12
27.912,0,3214,0,4026,grass_12
27.918,0,3259,0,4038,grass_12
27.919,0,3311,0,4037,grass_12
27.925,0,3255,0,4036,grass_12
27.932,0,3247,0,4038,grass_12
27.932,0,3182,0,4036,grass_12
27.943,0,3032,0,4022,grass_12
27.946,0,2832,0,4037,grass_12
27.949,0,2555,0,4030,grass_12
27.957,0,2365,0,4026,grass_12
27.96,0,2431,0,4036,grass_12
27.967,0,2703,0,4030,grass_12
27.967,0,2984,0,4027,grass_12
27.974,0,3151,0,4028,grass_12
27.981,0,3217,0,4033,grass_12
27.987,0,3246,0,4028,grass_12
27.988,0,3233,0,4029,grass_12
27.995,0,3224,0,4021,grass_12
28.002,0,3249,0,4020,grass_12
28.007,0,3348,0,4022,grass_12
28.009,0,3414,0,4025,grass_12
28.017,0,3463,0,4030,grass_12
28.023,0,3465,0,4029,grass_12
28.023,0,3455,0,4031,grass_12
28.03,0,3414,0,4027,grass_12
28.036,0,3258,0,4021,grass_12
28.042,0,3166,0,4019,grass_12
28.043,0,3071,0,4017,grass_12
28.052,0,3063,0,4017,grass_12
28.057,0,3156,0,4021,grass_12
28.058,0,3230,0,4021,grass_12
28.064,0,3265,0,4029,grass_12
28.072,0,3304,0,4042,grass_12
28.077,0,3254,0,4036,grass_12
28.078,0,3218,0,4028,grass_12
28.085,0,3020,0,4035,grass_12
28.092,0,2521,0,4031,grass_12
28.092,0,1585,0,4028,grass_12
28.101,0,1390,0,4029,grass_12
28.106,0,1472,0,4030,grass_12
28.112,0,1765,0,4028,grass_12
28.114,0,2835,0,4036,grass_12
28.12,0,3169,0,4033,grass_12
28.126,0,3299,0,4041,grass_12
28.128,0,3411,0,4032,grass_12
28.134,0,3417,0,4036,grass_12
28.141,0,3401,0,4033,grass_12
28.147,0,3365,0,4027,grass_12
28.148,0,3337,0,4036,grass_12
28.155,0,3305,0,4019,grass_12
28.162,0,3299,0,4022,grass_12
28.163,0,3307,0,4022,grass_12
28.172,0,3298,0,4019,grass_12
28.177,0,3282,0,4021,grass_12
28.18,0,3288,0,4022,grass_12
28.183,0,3372,0,4024,grass_12
28.189,0,3406,0,4029,grass_12
28.196,0,3445,0,4032,grass_12
28.202,0,3446,0,4032,grass_12
28.203,0,3197,0,4027,grass_12
28.21,0,2746,0,4019,grass_12
28.217,0,2032,0,4019,grass_12
28.217,0,1315,0,4012,grass_12
28.224,0,1386,0,4017,grass_12
28.231,0,1583,0,4025,grass_12
28.237,0,2140,0,4026,grass_12
28.241,0,2957,0,4032,grass_12
28.245,0,3311,0,4031,grass_12
28.252,0,3399,0,4033,grass_12
28.252,0,3412,0,4033,grass_12
28.262,0,3384,0,4027,grass_12
28.266,0,3327,0,4028,grass_12
28.272,0,3276,0,4033,grass_12
28.273,0,3370,0,4030,grass_12
28.28,0,3435,0,4026,grass_12
28.287,0,3459,0,4026,grass_12
28.287,0,3460,0,4028,grass_12
28.295,0,3436,0,4029,grass_12
28.3,0,3378,0,4027,grass_12
28.302,0,3321,0,4029,grass_12
28.312,0,3341,0,4023,grass_12
28.314,0,3377,0,4023,grass_12
28.321,0,3207,0,4026,grass_12
28.321,0,2756,0,4020,grass_12
28.332,0,1557,0,4020,grass_12
28.335,0,859,0,4022,grass_12
28.341,0,0,0,4019,grass_12
28.347,0,0,0,4024,grass_12
28.349,0,1138,0,4023,grass_12
28.356,0,1040,0,4024,grass_12
28.356,0,1234,0,4024,grass_12
28.364,0,2136,0,4016,grass_12
28.37,0,2809,0,4015,grass_12
28.372,0,3085,0,4016,grass_12
28.381,0,3006,0,4020,grass_12
28.384,0,2930,0,4017,grass_12
28.391,0,3127,0,4026,grass_12
28.391,0,3268,0,4030,grass_12
28.398,0,3411,0,4038,grass_12
28.405,0,3579,0,4039,grass_12
28.411,0,3640,0,4045,grass_12
28.415,0,3645,0,4044,grass_12
28.418,0,3644,0,4042,grass_12
28.425,0,3574,0,4041,grass_12
28.431,0,3426,0,4040,grass_12
28.432,0,3159,0,4033,grass_12
28.439,0,2861,0,4021,grass_12
28.446,0,2430,0,4017,grass_12
28.45,0,2300,0,4014,grass_12
28.453,0,2526,0,4019,grass_12
28.46,0,2750,0,4019,grass_12
28.462,0,2992,0,4018,grass_12
28.467,0,2962,0,4021,grass_12
28.477,0,2440,0,4021,grass_12
28.481,0,1206,0,4023,grass_12
28.486,0,0,0,4016,grass_12
28.488,0,1202,0,4017,grass_12
28.495,0,1920,0,4015,grass_12
28.495,0,3136,0,4018,grass_12
28.502,0,3099,0,4022,grass_12
28.509,0,2782,0,4020,grass_12
28.516,0,1216,0,4026,grass_12
28.52,0,0,0,4022,grass_12
28.522,0,0,0,4014,grass_12
28.53,0,1540,0,4012,grass_12
28.536,0,2804,0,4015,grass_12
28.537,0,3287,0,4016,grass_12
28.546,0,3371,0,4025,grass_12
28.55,0,3345,0,4033,grass_12
28.554,0,3281,0,4028,grass_12
28.558,0,3184,0,4033,grass_12
28.564,0,3050,0,4027,grass_12
28.571,0,2987,0,4029,grass_12
28.571,0,2972,0,4030,grass_12
28.578,0,2895,0,4027,grass_12
28.585,0,2703,0,4030,grass_12
28.591,0,2608,0,4035,grass_12
28.592,0,2736,0,4038,grass_12
28.6,0,2663,0,4034,grass_12
28.606,0,2603,0,4034,grass_12
28.606,0,2514,0,4034,grass_12
28.616,0,2356,0,4032,grass_12
28.62,0,1474,0,4033,grass_12
28.626,0,0,0,4028,grass_12
28.627,0,0,0,4017,grass_12
28.634,0,0,0,4012,grass_12
28.641,0,0,0,3998,grass_12
28.646,0,0,0,3998,grass_12
28.649,0,0,0,4007,grass_12
28.654,0,1415,0,4012,grass_12
28.658,0,2736,0,4017,grass_12
28.665,0,3107,0,4011,grass_12
28.668,0,2317,0,4005,grass_12
28.675,0,0,0,3998,grass_12
28.681,0,0,0,3993,grass_12
28.682,0,0,0,4004,grass_12
28.689,0,0,0,3999,grass_12
28.696,0,1580,0,4009,grass_12
28.701,0,2940,0,4016,grass_12
28.703,0,3217,0,4023,grass_12
28.71,0,3246,0,4026,grass_12
28.715,0,2839,0,4024,grass_12
28.717,0,1716,0,4018,grass_12
28.724,0,0,0,4001,grass_12
28.731,0,0,0,3985,grass_12
28.731,0,0,0,3965,grass_12
28.741,0,0,0,3962,grass_12
28.745,0,0,0,3958,grass_12
28.751,0,0,0,3957,grass_12
28.752,0,0,0,3969,grass_12
28.761,0,0,0,3972,grass_12
28.765,0,0,0,3956,grass_12
28.769,0,0,0,3943,grass_12
28.774,0,0,0,3937,grass_12
28.78,0,0,0,3920,grass_12
28.786,0,0,0,3917,grass_12
28.788,0,0,0,3927,grass_12
28.794,0,0,0,3937,grass_12
28.801,0,0,0,3951,grass_12
28.802,0,0,0,3976,grass_12
28.808,0,0,0,3979,grass_12
28.815,0,0,0,3947,grass_12
28.82,0,0,0,3893,grass_12
28.821,0,0,0,3770,grass_12
28.828,0,0,0,3282,grass_12
28.832,0,0,0,1625,grass_12
28.836,0,0,0,0,grass_12
28.842,0,0,0,0,grass_12
28.849,0,0,0,0,grass_12
28.856,0,0,0,0,grass_12
28.857,0,0,0,0,grass_12
28.863,0,0,0,0,grass_12
28.87,0,0,0,346,grass_12
28.871,0,0,0,506,grass_12
28.879,0,0,0,261,grass_12
28.884,0,0,0,0,grass_12
28.89,0,0,0,0,grass_12
28.891,0,0,0,0,grass_12
28.898,0,0,0,0,grass_12
28.904,0,0,0,0,grass_12
28.91,0,0,0,0,grass_12
28.911,0,0,0,2660,grass_12
28.919,0,0,0,3050,grass_12
28.925,0,0,0,3200,grass_12
28.926,0,0,0,3535,grass_12
28.932,0,0,0,3677,grass_12
28.939,0,0,0,3735,grass_12
28.945,0,0,0,3801,grass_12
28.947,0,0,0,3865,grass_12
28.953,0,0,0,3896,grass_12
28.96,0,0,0,3917,grass_12
28.96,0,0,0,3898,grass_12
28.969,0,0,0,3869,grass_12
28.974,0,0,0,3834,grass_12
28.98,0,0,0,3848,grass_12
28.981,0,0,0,3905,grass_12
28.988,0,0,0,3946,grass_12
28.995,0,0,0,3951,grass_12
28.998,0,0,0,3919,grass_12
29.002,0,0,0,3945,grass_12
29.009,0,0,0,3950,grass_12
29.015,0,0,0,3954,grass_12
29.02,0,1328,0,3960,grass_12
29.022,0,1649,0,3958,grass_12
29.03,0,2151,0,3960,grass_12
29.031,0,2441,0,3982,grass_12
29.039,0,2433,0,3989,grass_12
29.043,0,2512,0,4002,grass_12
29.049,0,2518,0,4006,grass_12
29.051,0,2593,0,4007,grass_12
29.058,0,2934,0,4006,grass_12
29.064,0,3027,0,4015,grass_12
29.07,0,2998,0,4018,grass_12
29.071,0,3060,0,4010,grass_12
29.08,0,3086,0,4023,grass_12
29.085,0,3063,0,4025,grass_12
29.09,0,2936,0,4022,grass_12
29.092,0,3026,0,4022,grass_12
29.099,0,3052,0,4020,grass_12
29.105,0,3037,0,4016,grass_12
29.106,0,2894,0,4018,grass_12
29.113,0,2730,0,4027,grass_12
29.119,0,2698,0,4027,grass_12
29.125,0,2639,0,4020,grass_12
29.127,0,3099,0,4020,grass_12
29.135,0,3305,0,4015,grass_12
29.14,0,3360,0,4013,grass_12
29.14,0,3384,0,3998,grass_12
29.148,0,3380,0,4002,grass_12
29.155,0,3315,0,4015,grass_12
29.155,0,3187,0,4015,grass_12
29.163,0,3321,0,4006,grass_12
29.168,0,3575,0,3985,grass_12
29.174,0,3609,0,3923,grass_12
29.175,0,3584,0,3933,grass_12
29.182,0,3399,0,3978,grass_12
29.189,0,3240,0,3999,grass_12
29.189,0,3167,0,4008,grass_12
29.2,0,3282,0,3999,grass_12
29.203,0,3485,0,3991,grass_12
29.209,0,3615,0,3998,grass_12
29.21,0,3631,0,4019,grass_12
29.217,0,3635,0,4017,grass_12
29.224,0,3642,0,4022,grass_12
29.224,0,3647,0,4026,grass_12
29.232,0,3584,0,4026,grass_12
29.238,0,3565,0,4002,grass_12
29.245,0,3547,0,4019,grass_12
29.25,0,3531,0,4020,grass_12
29.252,0,3546,0,4008,grass_12
29.26,0,3488,0,3998,grass_12
29.265,0,3437,0,4002,grass_12
29.266,0,3439,0,4018,grass_12
29.273,0,3398,0,4021,grass_12
29.279,0,3441,0,4019,grass_12
29.279,0,3584,0,4026,grass_12
29.286,0,3621,0,4026,grass_12
29.293,0,3669,0,4021,grass_12
29.3,0,3666,0,4006,grass_12
29.304,0,3679,0,4013,grass_12
29.307,0,3673,0,4006,grass_12
29.314,0,3673,0,4011,grass_12
29.314,0,3625,0,3954,grass_12
29.324,0,3680,0,3773,grass_12
29.328,0,3640,0,3631,grass_12
29.334,0,3550,0,3795,grass_12
29.335,0,3454,0,3934,grass_12
29.342,0,3382,0,3949,grass_12
29.35,0,3216,0,3954,grass_12
29.354,0,3420,0,3826,grass_12
29.356,0,3531,0,3709,grass_12
29.363,0,3323,0,3823,grass_12
29.369,0,3494,0,3877,grass_12
29.37,0,3508,0,3890,grass_12
29.377,0,3612,0,3923,grass_12
29.384,0,3608,0,3948,grass_12
29.385,0,3670,0,3953,grass_12
29.394,0,3683,0,3957,grass_12
29.399,0,3680,0,3998,grass_12
29.404,0,3693,0,4001,grass_12
29.409,0,3697,0,3996,grass_12
29.412,0,3692,0,3986,grass_12
29.418,0,3660,0,3987,grass_12
29.424,0,3579,0,4013,grass_12
29.425,0,3556,0,4029,grass_12
29.432,0,3598,0,4039,grass_12
29.439,0,3610,0,4031,grass_12
29.444,0,3645,0,4020,grass_12
29.449,0,3687,0,4009,grass_12
29.453,0,3645,0,4031,grass_12
29.46,0,3564,0,4027,grass_12
29.46,0,3622,0,4018,grass_12
29.467,0,3692,0,4025,grass_12
29.474,0,3715,0,4006,grass_12
29.474,0,3708,0,3993,grass_12
29.484,0,3688,0,4003,grass_12
29.488,0,3643,0,3984,grass_12
29.494,0,3651,0,3952,grass_12
29.499,0,3544,0,3984,grass_12
29.502,0,3524,0,3985,grass_12
29.508,0,3584,0,4007,grass_12
29.51,0,3547,0,4015,grass_12
29.516,0,3561,0,4022,grass_12
29.522,0,3663,0,4020,grass_12
29.525,0,3652,0,4025,grass_12
29.53,0,3655,0,4041,grass_12
29.539,0,3657,0,4043,grass_12
29.543,0,3720,0,4044,grass_12
29.546,0,3745,0,4047,grass_12
29.55,0,3754,0,4044,grass_12
29.557,0,3763,0,4045,grass_12
29.564,0,3759,0,4043,grass_12
29.569,0,3742,0,4035,grass_12
29.571,0,3661,0,4042,grass_12
29.578,0,3580,0,4050,grass_12
29.584,0,3475,0,4049,grass_12
29.585,0,3485,0,4047,grass_12
29.592,0,3586,0,4054,grass_12
29.598,0,3612,0,4051,grass_12
29.6,0,3556,0,4052,grass_12
29.606,0,3211,0,4055,grass_12
29.612,0,2773,0,4053,grass_12
29.615,0,3139,0,4054,grass_12
29.62,0,3417,0,4049,grass_12
29.627,0,3579,0,4047,grass_12
29.634,0,3634,0,4043,grass_12
29.634,0,3465,0,4046,grass_12
29.641,0,3136,0,4046,grass_12
29.647,0,3093,0,4043,grass_12
29.653,0,3096,0,4037,grass_12
29.657,0,3160,0,4026,grass_12
29.661,0,2950,0,4030,grass_12
29.668,0,1456,0,4032,grass_12
29.674,0,0,0,4038,grass_12
29.679,0,0,0,4033,grass_12
29.682,0,0,0,4037,grass_12
29.688,0,0,0,4032,grass_12
29.689,3999,0,0,4026,grass_12
29.698,3570,0,0,4029,grass_12
29.703,4034,0,0,4030,grass_12
29.706,4053,0,0,4005,grass_12
29.71,4043,0,0,4012,grass_12
29.718,4041,0,0,3986,grass_12
29.723,4025,0,0,3987,grass_12
29.723,3976,0,0,3967,grass_12
29.731,0,0,0,3907,grass_12
29.737,0,0,0,3870,grass_12
29.743,0,0,0,3878,grass_12
29.747,1554,0,0,3952,grass_12
29.752,3987,0,0,3993,grass_12
29.756,4014,0,0,4033,grass_12
29.759,4025,0,0,4049,grass_12
29.765,3999,0,0,4053,grass_12
29.773,3959,0,0,4058,grass_12
29.776,3950,0,0,4056,grass_12
29.783,3987,0,0,4052,grass_12
29.786,3995,0,0,4043,grass_12
29.793,3965,0,0,4038,grass_12
29.798,3830,0,0,4028,grass_12
29.8,3567,0,0,4027,grass_12
29.807,1759,0,0,4019,grass_12
29.814,0,0,0,4017,grass_12
29.814,0,0,0,4028,grass_12
29.822,0,0,0,4034,grass_12
29.828,0,0,0,4041,grass_12
29.829,0,0,0,4044,grass_12
29.837,0,0,0,4041,grass_12
29.843,0,0,0,4046,grass_12
29.848,0,0,0,4045,grass_12
29.853,0,0,0,4048,grass_12
29.856,0,0,0,4039,grass_12
29.863,0,0,0,4042,grass_12
29.868,0,0,0,4042,grass_12
29.87,0,0,0,4045,grass_12
29.877,0,0,0,4047,grass_12
29.881,0,0,0,4048,grass_12
29.884,0,0,0,4039,grass_12
29.892,0,0,0,4042,grass_12
29.897,0,0,0,4043,grass_12
29.903,0,1495,0,4040,grass_12
29.905,0,1706,0,4034,grass_12
29.912,0,1411,0,4029,grass_12
29.918,0,1481,0,4028,grass_12
29.919,0,2683,0,4028,grass_12
29.925,0,0,0,4027,grass_12
29.932,0,0,0,4028,grass_12
29.934,0,0,0,4025,grass_12
29.942,0,0,0,4019,grass_12
29.947,0,0,0,4009,grass_12
29.953,0,0,0,3999,grass_12
29.958,0,0,0,3993,grass_12
29.96,2532,0,0,3988,grass_12
29.967,3283,0,0,4000,grass_12
29.967,3260,0,0,3998,grass_12
29.974,1559,0,0,3999,grass_12
29.981,0,0,0,4005,grass_12
29.988,0,0,0,4007,grass_12
29.993,0,0,0,3995,grass_12
29.995,0,0,0,3996,grass_12
30.002,2388,0,0,3998,grass_12
30.002,2930,0,0,3988,grass_12
30.009,3038,0,0,3984,grass_12
30.016,2646,0,0,3982,grass_12
30.022,2615,0,0,3964,grass_12
30.024,3224,0,0,3947,grass_12
30.029,3348,0,0,3933,grass_12
30.036,3519,0,0,3901,grass_12
30.042,3569,0,0,3875,grass_12
30.043,3620,0,0,3854,grass_12
30.05,3675,0,0,3847,grass_12
30.057,3742,0,0,3813,grass_12
30.058,3782,0,0,3727,grass_12
30.064,3814,0,0,3557,grass_12
30.071,3868,0,0,3261,grass_12
30.074,3917,0,0,3187,grass_12
30.08,3925,0,0,2833,grass_12
30.087,3913,0,0,1762,grass_12
30.092,3877,0,0,1168,grass_12
30.097,3818,0,0,0,grass_12
30.099,3833,0,0,0,grass_12
30.106,3915,0,0,0,grass_12
30.112,3945,0,0,0,grass_12
30.113,3931,0,0,0,grass_12
30.12,3913,0,0,0,grass_12
30.127,3908,0,0,0,grass_12
30.133,3871,0,0,0,grass_12
30.133,3831,0,0,0,grass_12
30.141,3847,0,0,0,grass_12
30.147,3867,0,0,0,grass_12
30.153,3881,0,0,0,grass_12
30.154,3892,0,0,0,grass_12
30.162,3888,0,0,0,grass_12
30.167,3890,0,0,0,grass_12
30.172,3878,0,0,0,grass_12
30.175,3838,0,0,0,grass_12
30.182,3810,0,0,0,grass_12
30.182,3800,0,0,0,grass_12
30.19,3816,0,0,0,grass_12
30.196,3883,0,0,0,grass_12
30.202,3921,0,0,0,grass_12
30.203,3949,0,0,0,grass_12
30.21,3959,0,0,0,grass_12
30.216,3962,0,0,0,grass_12
30.222,3961,0,0,0,grass_12
30.224,3949,0,0,0,grass_12
30.232,3937,0,0,0,grass_12
30.237,3934,0,0,0,grass_12
30.238,3944,0,0,0,grass_12
30.245,3949,0,0,0,grass_12
30.252,3969,0,0,0,grass_12
30.252,3979,0,0,0,grass_12
30.261,3984,0,0,0,grass_12
30.266,3988,0,0,0,grass_12
30.269,3973,0,0,0,grass_12
30.277,3969,0,0,0,grass_12
30.28,3967,0,0,0,grass_12
30.286,3943,0,0,0,grass_12
30.29,3948,0,0,0,grass_12
30.293,3917,0,0,0,grass_12
30.301,3832,0,0,0,grass_12
30.307,3794,0,0,0,grass_12
30.312,3810,0,0,0,grass_12
30.314,3900,0,0,0,grass_12
30.322,3928,0,0,0,grass_12
30.327,3971,0,0,0,grass_12
30.332,3975,0,0,0,grass_12
30.335,3977,0,0,0,grass_12
30.342,3956,0,0,0,grass_12
30.344,3899,0,0,0,grass_12
30.35,3903,0,0,0,grass_12
30.356,3937,0,0,0,grass_12
30.358,3966,0,0,0,grass_12
30.363,4000,0,0,0,grass_12
30.37,4004,0,0,0,grass_12
30.377,4006,0,0,0,grass_12
30.377,3988,0,0,0,grass_12
30.385,3967,0,0,0,grass_12
30.39,3947,0,0,0,grass_12
30.393,3880,0,0,0,grass_12
30.398,3858,0,0,0,grass_12
30.404,3848,0,0,0,grass_12
30.411,3849,0,0,0,grass_12
30.411,3804,0,0,0,grass_12
30.42,3835,0,0,0,grass_12
30.426,3859,0,0,0,grass_12
30.429,3905,0,0,0,grass_12
30.437,3938,0,0,0,grass_12
30.439,3962,0,0,0,grass_12
30.446,3953,0,0,0,grass_12
30.45,3928,0,0,0,grass_12
30.453,3870,0,0,0,grass_12
30.458,3816,0,0,0,grass_12
30.466,3802,0,0,0,grass_12
30.466,3831,0,0,0,grass_12
30.474,3857,0,0,0,grass_12
30.48,3876,0,0,0,grass_12
30.485,3912,0,0,0,grass_12
30.491,3945,0,0,0,grass_12
30.494,3989,0,0,0,grass_12
30.502,3989,0,0,0,grass_12
30.502,3992,0,0,0,grass_12
30.512,3976,0,0,0,grass_12
30.515,3979,0,0,0,grass_12
30.517,3969,0,0,0,grass_12
30.523,3977,0,0,0,grass_12
30.529,3985,0,0,0,grass_12
30.536,3972,0,0,0,grass_12
30.541,3973,0,0,0,grass_12
30.545,3971,0,0,0,grass_12
30.551,3968,0,0,0,grass_12
30.556,3973,0,0,0,grass_12
30.562,3960,0,0,0,grass_12
30.563,3968,0,0,0,grass_12
30.571,3955,0,0,0,grass_12
30.577,3931,0,0,0,grass_12
30.578,3926,0,0,0,grass_12
30.585,3918,0,0,0,grass_12
30.591,3915,0,0,0,grass_12
30.592,3920,0,0,0,grass_12
30.6,3908,0,0,0,grass_12
30.605,3904,0,0,0,grass_12
30.607,3906,0,0,0,grass_12
30.613,3930,0,0,0,grass_12
30.62,3941,0,0,0,grass_12
30.626,3960,0,0,0,grass_12
30.627,3979,0,0,0,grass_12
30.633,3984,0,0,0,grass_12
30.64,3986,0,0,0,grass_12
30.646,3987,0,0,0,grass_12
30.651,3983,0,0,0,grass_12
30.656,3987,0,0,0,grass_12
30.661,3990,0,0,0,grass_12
30.661,3995,0,0,0,grass_12
30.67,3988,0,0,0,grass_12
30.675,3989,0,0,0,grass_12
30.681,3986,0,0,0,grass_12
30.682,3992,0,0,0,grass_12
30.689,3999,0,0,0,grass_12
30.696,3998,0,0,0,grass_12
30.7,4002,0,0,0,grass_12
30.703,3995,0,0,0,grass_12
30.711,3996,0,0,0,grass_12
30.716,3994,0,0,0,grass_12
30.718,3991,0,0,0,grass_12
30.723,3982,0,0,0,grass_12
30.731,3980,0,0,0,grass_12
30.731,3977,0,0,0,grass_12
30.741,3971,0,0,0,grass_12
30.745,3962,0,0,0,grass_12
30.752,3957,0,0,0,grass_12
30.755,3928,0,0,0,grass_12
30.758,3912,0,0,0,grass_12
30.765,3904,0,0,0,grass_12
30.765,3912,0,0,0,grass_12
30.772,3916,0,0,0,grass_12
30.779,3930,0,0,0,grass_12
30.786,3933,0,0,0,grass_12
30.791,3934,0,0,0,grass_12
30.793,3941,0,0,0,grass_12
30.8,3961,0,0,0,grass_12
30.8,3975,0,0,0,grass_12
30.807,3999,0,0,0,grass_12
30.814,3999,0,0,0,grass_12
30.821,4006,0,0,0,grass_12
30.825,4008,0,0,0,grass_12
30.828,4009,0,0,0,grass_12
30.835,4002,0,0,0,grass_12
30.835,4021,0,0,0,grass_12
30.842,4007,0,0,0,grass_12
30.849,4003,0,0,0,grass_12
30.856,4004,0,0,0,grass_12
30.861,3990,0,0,0,grass_12
30.863,3978,0,0,0,grass_12
30.87,3970,0,0,0,grass_12
30.876,3962,0,0,0,grass_12
30.877,3973,0,0,0,grass_12
30.883,3977,0,0,0,grass_12
30.891,3977,0,0,0,grass_12
30.891,3974,0,0,0,grass_12
30.897,3974,0,0,0,grass_12
30.904,3982,0,0,0,grass_12
30.911,3982,0,0,0,grass_12
30.912,3988,0,0,0,grass_12
30.918,3986,0,0,0,grass_12
30.926,3980,0,0,0,grass_12
30.93,3983,0,0,0,grass_12
30.932,3977,0,0,0,grass_12
30.939,3975,0,0,0,grass_12
30.946,3987,0,0,0,grass_12
30.946,3993,0,0,0,grass_12
30.955,3983,0,0,0,grass_12
30.96,4001,0,0,0,grass_12
30.966,3994,0,0,0,grass_12
30.967,4000,0,0,0,grass_12
30.974,3993,0,0,0,grass_12
30.98,4000,0,0,0,grass_12
30.986,4007,0,0,0,grass_12
30.988,3994,0,0,0,grass_12
30.994,4000,0,0,0,grass_12
31.0,4000,0,0,0,grass_12
31.001,4006,0,0,0,grass_12
31.008,4008,0,0,0,grass_12
31.015,4001,0,0,0,grass_12
31.015,4006,0,0,0,grass_12
31.025,3994,0,0,0,grass_12
31.029,3993,0,0,0,grass_12
31.035,3982,0,0,0,grass_12
31.036,3984,0,0,0,grass_12
31.043,3969,0,0,0,grass_12
31.05,3964,0,0,0,grass_12
31.055,3960,0,0,0,grass_12
31.06,3952,0,0,0,grass_12
31.065,3958,0,0,0,grass_12
31.071,3953,0,0,0,grass_12
31.071,3955,0,0,0,grass_12
31.077,3968,0,0,0,grass_12
31.085,3989,0,0,0,grass_12
31.089,3998,0,0,0,grass_12
31.091,4003,0,0,0,grass_12
31.099,4008,0,0,0,grass_12
31.106,4010,0,0,0,grass_12
31.106,4024,0,0,0,grass_12
31.113,4014,0,0,0,grass_12
31.119,4010,0,0,0,grass_12
31.121,4008,0,0,0,grass_12
31.126,4005,0,0,0,grass_12
31.135,3999,0,0,0,grass_12
31.14,3987,0,0,0,grass_12
31.141,3995,0,0,0,grass_12
31.147,3988,0,0,0,grass_12
31.155,3994,0,0,0,grass_12
31.16,3990,0,0,0,grass_12
31.161,3987,0,0,0,grass_12
31.168,3988,0,0,0,grass_12
31.175,3989,0,0,0,grass_12
31.175,3993,0,0,0,grass_12
31.185,3996,0,0,0,grass_12
31.189,3995,0,0,0,grass_12
31.195,4006,0,0,0,grass_12
31.196,4006,0,0,0,grass_12
31.203,3999,0,0,0,grass_12
31.209,3986,0,0,0,grass_12
31.211,4003,0,0,0,grass_12
31.217,3999,0,0,0,grass_12
31.223,4006,0,0,0,grass_12
31.23,4005,0,0,0,grass_12
31.231,4002,0,0,0,grass_12
31.24,4001,0,0,0,grass_12
31.244,4000,0,0,0,grass_12
31.25,3998,0,0,0,grass_12
31.252,3999,0,0,0,grass_12
31.259,3995,0,0,0,grass_12
31.265,3996,0,0,0,grass_12
31.266,3992,0,0,0,grass_12
31.272,3996,0,0,0,grass_12
31.279,3993,0,0,0,grass_12
31.285,4006,0,0,0,grass_12
31.286,4014,0,0,0,grass_12
31.295,4013,0,0,0,grass_12
31.3,4021,0,0,0,grass_12
31.3,4018,0,0,0,grass_12
31.309,4017,0,0,0,grass_12
31.314,4021,0,0,0,grass_12
31.319,4014,0,0,0,grass_12
31.321,4002,0,0,0,grass_12
31.328,4009,0,0,0,grass_12
31.334,4004,0,0,0,grass_12
31.34,3989,0,0,0,grass_12
31.342,3993,0,0,0,grass_12
31.349,3991,0,0,0,grass_12
31.355,3990,0,0,0,grass_12
31.356,3988,0,0,0,grass_12
31.363,3983,0,0,0,grass_12
31.369,3986,0,0,0,grass_12
31.375,3982,0,0,0,grass_12
31.376,3982,0,0,0,grass_12
31.383,3993,0,0,0,grass_12
31.39,3997,0,0,0,grass_12
31.392,3993,0,0,0,grass_12
31.397,3992,0,0,0,grass_12
31.404,3996,0,0,0,grass_12
31.405,3988,0,0,0,grass_12
31.414,3990,0,0,0,grass_12
31.418,3998,0,0,0,grass_12
31.424,4005,0,0,0,grass_12
31.427,4017,0,0,0,grass_12
31.432,4013,0,0,0,grass_12
31.439,4016,0,0,0,grass_12
31.444,4011,0,0,0,grass_12
31.449,4010,0,0,0,grass_12
31.453,4007,0,0,0,grass_12
31.46,4004,0,0,0,grass_12
31.46,4005,0,0,0,grass_12
31.467,3996,0,0,0,grass_12
31.473,3994,0,0,0,grass_12
31.48,3994,0,0,0,grass_12
31.48,4000,0,0,0,grass_12
31.487,4004,0,0,0,grass_12
31.494,4011,0,0,0,grass_12
31.494,4018,0,0,0,grass_12
31.502,4021,0,0,0,grass_12
31.508,4011,0,0,0,grass_12
31.515,4010,0,0,0,grass_12
31.515,3990,0,0,0,grass_12
31.522,3993,0,0,0,grass_12
31.529,3985,0,0,0,grass_12
31.53,3975,0,0,0,grass_12
31.536,3971,0,0,0,grass_12
31.543,3981,0,0,0,grass_12
31.55,3976,0,0,0,grass_12
31.552,3970,0,0,0,grass_12
31.557,3964,0,0,0,grass_12
31.564,3960,0,0,0,grass_12
31.564,3960,0,0,0,grass_12
31.573,3980,0,0,0,grass_12
31.578,3995,0,0,0,grass_12
31.582,4008,0,0,0,grass_12
31.585,4014,0,1708,0,grass_12
31.592,4018,0,2195,0,grass_12
31.598,4022,0,2072,0,grass_12
31.604,4025,0,1533,0,grass_12
31.605,4025,0,0,0,grass_12
31.613,4017,0,0,0,grass_12
31.619,4008,0,0,0,grass_12
31.621,4003,0,0,0,grass_12
31.626,4010,0,0,0,grass_12
31.633,4013,0,0,0,grass_12
31.639,4010,0,0,0,grass_12
31.64,4002,0,0,0,grass_12
31.647,4002,0,0,0,grass_12
31.654,4003,0,0,0,grass_12
31.654,4002,0,0,0,grass_12
31.663,4003,0,0,0,grass_12
31.668,3998,0,0,0,grass_12
31.674,3987,0,0,0,grass_12
31.675,3982,0,0,0,grass_12
31.682,3979,0,0,0,grass_12
31.689,3988,0,0,0,grass_12
31.694,3988,0,0,0,grass_12
31.696,3993,0,0,0,grass_12
31.703,3997,0,0,0,grass_12
31.706,3996,0,0,0,grass_12
31.71,3993,0,0,0,grass_12
31.717,3984,0,0,0,grass_12
31.724,3980,0,0,0,grass_12
31.724,3982,0,0,0,grass_12
31.734,3995,0,1280,0,grass_12
31.737,3998,0,2131,0,grass_12
31.743,4015,0,516,0,grass_12
31.748,4019,0,0,0,grass_12
31.753,4010,0,0,0,grass_12
31.758,3992,0,0,0,grass_12
31.758,3994,0,0,0,grass_12
31.766,4002,0,0,0,grass_12
31.772,4000,0,0,0,grass_12
31.775,4006,0,0,0,grass_12
31.783,4007,0,0,0,grass_12
31.786,4005,0,0,0,grass_12
31.793,4008,0,0,0,grass_12
31.799,4007,0,0,0,grass_12
31.8,4011,0,0,0,grass_12
31.807,4012,0,0,0,grass_12
31.814,4003,0,0,0,grass_12
31.815,3992,0,0,0,grass_12
31.821,3997,0,0,0,grass_12
31.828,3974,0,0,0,grass_12
31.834,3961,0,0,0,grass_12
31.835,3967,0,0,0,grass_12
31.842,3989,0,0,0,grass_12
31.848,4003,0,0,0,grass_12
31.853,4010,0,0,0,grass_12
31.858,4009,0,0,0,grass_12
31.862,4002,0,0,0,grass_12
31.868,3998,0,0,0,grass_12
31.869,3985,0,0,0,grass_12
31.876,3985,0,0,0,grass_12
31.883,3974,0,0,0,grass_12
31.885,3988,0,0,0,grass_12
31.89,3984,0,0,0,grass_12
31.897,3986,0,0,0,grass_12
31.899,3975,0,0,0,grass_12
31.904,3973,0,0,0,grass_12
31.913,3976,0,0,0,grass_12
31.918,3979,0,0,0,grass_12
31.921,3980,0,0,0,grass_12
31.925,3984,0,0,0,grass_12
31.932,3983,0,0,0,grass_12
31.939,3981,0,0,0,grass_12
31.94,3983,0,0,0,grass_12
31.946,3979,0,0,0,grass_12
31.953,3987,0,0,0,grass_12
31.954,3997,0,0,0,grass_12
31.963,3994,0,0,0,grass_12
31.967,4001,0,0,0,grass_12
31.974,3992,0,0,0,grass_12
31.974,3980,0,0,0,grass_12
31.981,3969,0,0,0,grass_12
31.987,3972,0,0,0,grass_12
31.989,3969,0,0,0,grass_12
31.997,3970,0,0,0,grass_12
32.001,3951,0,0,0,grass_12
32.008,3929,0,0,0,grass_12
32.009,3905,0,0,0,grass_12
32.015,3870,0,0,0,grass_12
32.022,3881,0,0,0,grass_12
32.028,3897,0,0,0,grass_12
32.029,3925,0,0,0,grass_12
32.038,3935,0,0,0,grass_12
32.042,3940,0,0,0,grass_12
32.048,3953,0,0,0,grass_12
32.05,3956,0,0,0,grass_12
32.058,3939,0,0,0,grass_12
32.063,3911,0,0,0,grass_12
32.065,3842,0,0,0,grass_12
32.071,3769,0,0,0,grass_12
32.078,3717,0,0,0,grass_12
32.079,3751,0,0,0,grass_12
32.088,3785,0,0,0,grass_12
32.092,3808,0,0,0,grass_12
32.096,3858,0,0,0,grass_12
32.099,3891,0,0,0,grass_12
32.106,3919,0,0,0,grass_12
32.112,3923,0,0,0,grass_12
32.115,3873,0,0,0,grass_12
32.119,3888,0,0,0,grass_12
32.126,3901,0,0,0,grass_12
32.133,3910,0,0,0,grass_12
32.138,3967,0,0,0,grass_12
32.14,3984,0,0,0,grass_12
32.148,4001,0,0,0,grass_12
32.153,3990,0,0,0,grass_12
32.155,3984,0,0,0,grass_12
32.161,3974,0,0,0,grass_12
32.168,3973,0,0,0,grass_12
32.169,3966,0,0,0,grass_12
32.178,3967,0,0,0,grass_12
32.182,3986,0,0,0,grass_12
32.186,4003,0,0,0,grass_12
32.189,4011,0,0,0,grass_12
32.196,4015,0,0,0,grass_12
32.203,4012,0,0,0,grass_12
32.204,4017,0,0,0,grass_12
32.21,4020,0,0,0,grass_12
32.217,4022,0,0,0,grass_12
32.223,4024,0,0,0,grass_12
32.224,4031,0,0,0,grass_12
32.23,4030,0,0,0,grass_12
32.237,4036,0,0,0,grass_12
32.239,4030,0,0,0,grass_12
32.244,4027,0,0,0,grass_12
32.251,4023,0,0,0,grass_12
32.254,4022,0,0,0,grass_12
32.258,4021,0,0,0,grass_12
32.267,4019,0,1695,0,grass_12
32.272,4020,0,2053,0,grass_12
32.275,4018,0,2623,0,grass_12
32.279,4017,0,2500,0,grass_12
32.287,4027,0,2887,0,grass_12
32.292,4029,0,3064,0,grass_12
32.298,4036,0,3374,0,grass_12
32.301,4032,0,3507,0,grass_12
32.307,4023,0,3530,0,grass_12
32.312,4025,0,3650,0,grass_12
32.316,4029,0,3650,0,grass_12
32.321,4036,0,3659,0,grass_12
32.324,4034,0,3671,0,grass_12
32.328,4032,0,3715,0,grass_12
32.335,4019,0,3760,0,grass_12
32.342,4019,0,3767,0,grass_12
32.342,4022,0,3737,0,grass_12
32.351,4024,0,3657,0,grass_12
32.355,4022,0,3663,0,grass_12
32.363,4025,0,3684,0,grass_12
32.367,4028,0,3672,0,grass_12
32.369,4029,0,3706,0,grass_12
32.376,4028,0,3761,0,grass_12
32.378,4032,0,3737,0,grass_12
32.383,4035,0,3777,0,grass_12
32.391,4042,0,3782,0,grass_12
32.397,4039,0,3792,0,grass_12
32.4,4041,0,3788,0,grass_12
32.404,4038,0,3790,0,grass_12
32.411,4041,0,3794,0,grass_12
32.418,4047,0,3808,0,grass_12
32.418,4044,0,3827,0,grass_12
32.425,4037,0,3834,0,grass_12
32.432,4034,0,3847,0,grass_12
32.433,4035,0,3845,0,grass_12
32.442,4040,0,3848,0,grass_12
32.446,4035,0,3834,0,grass_12
32.453,4038,0,3817,0,grass_12
32.455,4035,0,3799,0,grass_12
32.46,4035,0,3791,0,grass_12
32.466,4027,0,3783,0,grass_12
32.468,4024,0,3770,0,grass_12
32.473,4030,0,3798,0,grass_12
32.48,4035,0,3802,0,grass_12
32.487,4035,0,3811,0,grass_12
32.488,4034,0,3849,0,grass_12
32.494,4033,0,3855,0,grass_12
32.501,4033,0,3855,0,grass_12
32.507,4035,0,3856,0,grass_12
32.508,4035,0,3850,0,grass_12
32.515,4035,0,3792,0,grass_12
32.522,4035,0,3790,0,grass_12
32.522,4026,0,3835,0,grass_12
32.53,4012,0,3861,0,grass_12
32.536,4013,0,3843,0,grass_12
32.538,4010,0,3817,0,grass_12
32.543,4020,0,3805,0,grass_12
32.55,4022,0,3817,0,grass_12
32.556,4031,0,3834,0,grass_12
32.558,4021,0,3838,0,grass_12
32.564,4027,0,3823,0,grass_12
32.571,4029,0,3797,0,grass_12
32.577,4024,0,3835,0,grass_12
32.578,4022,0,3815,0,grass_12
32.585,4028,0,3777,0,grass_12
32.592,4025,0,3800,0,grass_12
32.593,4026,0,3784,0,grass_12
32.601,4027,0,3776,0,grass_12
32.605,4032,0,3757,0,grass_12
32.612,4024,0,3776,0,grass_12
32.613,4024,0,3772,0,grass_12
32.622,4029,0,3759,0,grass_12
32.626,4030,0,3766,0,grass_12
32.632,4027,0,3793,0,grass_12
32.633,4034,0,3798,0,grass_12
32.64,4031,0,3796,0,grass_12
32.647,4038,0,3793,0,grass_12
32.648,4037,0,3781,0,grass_12
32.655,4037,0,3761,0,grass_12
32.661,4034,0,3689,0,grass_12
32.667,4035,0,3785,0,grass_12
32.668,4037,0,3729,0,grass_12
32.675,4038,0,3713,0,grass_12
32.682,4037,0,3711,0,grass_12
32.687,4035,0,3663,0,grass_12
32.689,4039,0,3541,0,grass_12
32.696,4039,0,3541,0,grass_12
32.702,4038,0,3543,0,grass_12
32.703,4035,0,3584,0,grass_12
32.71,4038,0,3587,0,grass_12
32.716,4040,0,3596,0,grass_12
32.716,4041,0,3582,0,grass_12
32.727,4045,0,3538,0,grass_12
32.73,4043,0,3487,0,grass_12
32.736,4043,0,3419,0,grass_12
32.738,4037,0,3454,0,grass_12
32.745,4038,0,3472,0,grass_12
32.751,4040,0,3468,0,grass_12
32.755,4038,0,3510,0,grass_12
32.758,4037,0,3374,0,grass_12
32.766,4037,0,3091,0,grass_12
32.772,4033,0,2386,0,grass_12
32.773,4029,0,2253,0,grass_12
32.779,4024,0,2740,0,grass_12
32.786,4023,0,2823,0,grass_12
32.786,4029,0,2980,0,grass_12
32.797,4034,0,3087,0,grass_12
32.8,4035,0,3048,0,grass_12
32.807,4034,0,2345,3471,grass_12
32.808,4037,0,0,3733,grass_12
32.814,4023,0,0,3333,grass_12
32.82,4024,0,0,2942,grass_12
32.827,4019,0,0,2403,grass_12
32.828,4009,0,0,1200,grass_12
32.834,4006,0,0,2331,grass_12
32.842,4001,0,0,3414,grass_12
32.842,4002,0,0,3680,grass_12
32.848,4011,0,0,3714,grass_12
32.855,4022,0,0,3796,grass_12
32.857,4028,0,0,3869,grass_12
32.866,4037,0,0,3927,grass_12
32.87,4037,0,0,3942,grass_12
32.877,4033,0,0,3943,grass_12
32.882,4030,0,0,3951,grass_12
32.883,4030,0,0,3921,grass_12
32.89,4025,0,0,3815,grass_12
32.897,4024,0,0,3582,grass_12
32.901,4022,0,0,3109,grass_12
32.904,4023,0,0,0,grass_12
32.911,4021,0,0,0,grass_12
32.915,4025,0,0,0,grass_12
32.918,4028,0,0,0,grass_12
32.925,4035,0,0,0,grass_12
32.932,4038,0,0,0,grass_12
32.932,4041,0,0,0,grass_12
32.939,4039,0,0,0,grass_12
32.946,4042,0,0,0,grass_12
32.951,4041,0,0,0,grass_12
32.955,4038,0,0,0,grass_12
32.96,4038,0,0,0,grass_12
32.966,4038,0,0,0,grass_12
32.971,4038,0,0,0,grass_12
32.973,4035,0,953,0,grass_12
32.981,4036,0,1384,0,grass_12
32.986,4033,0,1377,0,grass_12
32.988,4031,0,1423,0,grass_12
32.994,4026,0,1624,0,grass_12
33.001,4032,0,2769,0,grass_12
33.001,4030,0,2877,0,grass_12
33.009,4032,0,3150,0,grass_12
33.015,4021,0,3183,0,grass_12
33.021,4028,0,2776,0,grass_12
33.022,4030,0,0,0,grass_12
33.029,4020,0,0,0,grass_12
33.036,4018,0,0,0,grass_12
33.037,4008,0,0,0,grass_12
33.043,3998,0,0,0,grass_12
33.05,4000,0,0,0,grass_12
33.056,4008,0,0,0,grass_12
33.058,4020,0,0,0,grass_12
33.064,4023,0,0,0,grass_12
33.071,4016,0,0,0,grass_12
33.075,4024,0,0,0,grass_12
33.078,4025,0,0,0,grass_12
33.086,4025,0,0,0,grass_12
33.091,4022,0,0,0,grass_12
33.092,4018,0,0,0,grass_12
33.099,4015,0,0,0,grass_12
33.106,4017,0,0,0,grass_12
33.111,4018,0,0,0,grass_12
33.112,4019,0,0,0,grass_12
33.119,4012,0,0,0,grass_12
33.126,4023,0,0,0,grass_12
33.13,4013,0,0,0,grass_12
33.133,4018,0,0,0,grass_12
33.141,4013,0,0,0,grass_12
33.146,4007,0,0,0,grass_12
33.147,3999,0,501,0,grass_12
33.156,3996,0,549,0,grass_12
33.161,3993,0,0,0,grass_12
33.162,3988,0,0,0,grass_12
33.168,3992,0,0,0,grass_12
33.175,3982,0,0,0,grass_12
33.181,3978,0,0,0,grass_12
33.182,3973,0,0,0,grass_12
33.189,3979,0,0,0,grass_12
33.196,3985,0,0,0,grass_12
33.198,3993,0,0,0,grass_12
33.204,3994,0,0,0,grass_12
33.209,3997,0,0,0,grass_12
33.212,3992,0,0,0,grass_12
33.216,3991,0,0,0,grass_12
33.224,3979,0,0,0,grass_12
33.23,3957,0,0,0,grass_12
33.232,3952,0,0,0,grass_12
33.237,3962,0,0,0,grass_12
33.244,3974,0,0,0,grass_12
33.25,3984,0,0,0,grass_12
33.256,3980,0,0,0,grass_12
33.258,3981,0,0,0,grass_12
33.265,3959,0,0,1879,grass_12
33.267,3893,0,0,2848,grass_12
33.275,3837,0,0,2625,grass_12
33.279,3814,0,0,0,grass_12
33.283,3698,0,0,0,grass_12
33.286,3393,0,0,0,grass_12
33.293,0,0,0,0,grass_12
33.3,0,0,0,2802,grass_12
33.301,0,0,0,3446,grass_12
33.307,0,0,0,3599,grass_12
33.316,0,0,0,3574,grass_12
33.321,0,0,0,2991,grass_12
33.322,0,0,0,2017,grass_12
33.328,0,0,0,2125,grass_12
33.335,0,0,0,3245,grass_12
33.336,0,0,0,3775,grass_12
33.344,0,0,0,3866,grass_12
33.348,0,0,0,3894,grass_12
33.356,0,0,0,3904,grass_12
33.361,0,0,0,3949,grass_12
33.362,0,0,0,3977,grass_12
33.369,0,0,0,3978,grass_12
33.371,0,0,0,3972,grass_12
33.376,0,0,0,3971,grass_12
33.383,0,0,0,3958,grass_12
33.39,0,0,0,3971,grass_12
33.39,0,0,0,3982,grass_12
33.397,0,0,0,3998,grass_12
33.404,0,0,0,4002,grass_12
33.41,0,0,0,4017,grass_12
33.412,0,0,0,4019,grass_12
33.418,0,0,0,4019,grass_12
33.425,0,0,0,4017,grass_12
33.426,0,0,0,4007,grass_12
33.432,0,0,0,3992,grass_12
33.439,0,0,0,3993,grass_12
33.439,0,0,0,3997,grass_12
33.446,0,0,0,3986,grass_12
33.456,0,0,0,3977,grass_12
33.46,0,0,0,3979,grass_12
33.466,0,0,0,3947,grass_12
33.466,0,0,0,3850,grass_12
33.473,0,0,0,3780,grass_12
33.48,0,0,0,3734,grass_12
33.48,0,0,0,3321,grass_12
33.489,0,0,0,0,grass_12
33.494,0,0,0,0,grass_12
33.497,0,0,0,0,grass_12
33.501,0,0,0,0,grass_12
33.509,0,0,0,2343,grass_12
33.515,0,0,0,3120,grass_12
33.516,0,0,0,3443,grass_12
33.522,0,0,0,3467,grass_12
33.529,0,0,0,3563,grass_12
33.535,0,0,0,3801,grass_12
33.536,0,0,0,3917,grass_12
33.543,0,0,0,3964,grass_12
33.55,0,0,0,3988,grass_12
33.55,0,0,0,4001,grass_12
33.559,0,0,0,3965,grass_12
33.564,0,0,0,4002,grass_12
33.567,0,0,0,3988,grass_12
33.575,0,0,0,3993,grass_12
33.578,0,0,0,3989,grass_12
33.584,0,0,0,4011,grass_12
33.586,0,0,0,4019,grass_12
33.591,0,0,0,4012,grass_12
33.598,0,0,0,4006,grass_12
33.604,0,0,0,4010,grass_12
33.606,0,0,0,3998,grass_12
33.612,0,0,0,4004,grass_12
33.619,0,0,0,3982,grass_12
33.621,0,0,0,3975,grass_12
33.628,0,0,0,3999,grass_12
33.634,0,0,0,3998,grass_12
33.64,0,0,0,4008,grass_12
33.641,0,0,0,4004,grass_12
33.647,0,0,0,4005,grass_12
33.655,0,0,0,4007,grass_12
33.66,0,0,0,4002,grass_12
33.662,0,0,0,3990,grass_12
33.668,0,0,0,3967,grass_12
33.675,0,0,0,3949,grass_12
33.676,0,0,0,3935,grass_12
33.682,0,0,0,3963,grass_12
33.689,0,0,0,3970,grass_12
33.695,0,0,0,3967,grass_12
33.696,0,0,0,3971,grass_12
33.703,0,0,0,3972,grass_12
33.71,0,0,0,3954,grass_12
33.71,0,0,0,3957,grass_12
33.718,0,0,0,3941,grass_12
33.724,0,0,0,3885,grass_12
33.73,0,0,0,3864,grass_12
33.731,0,0,0,3900,grass_12
33.737,0,0,0,3942,grass_12
33.745,0,0,0,3967,grass_12
33.749,0,0,0,3978,grass_12
33.749,0,0,0,3990,grass_12
33.757,0,0,0,3999,grass_12
33.757,0,0,0,4002,grass_12
33.766,0,0,0,4003,grass_12
33.772,0,0,0,3998,grass_12
33.779,0,0,0,4005,grass_12
33.78,0,0,0,3999,grass_12
33.786,0,0,0,3987,grass_12
33.793,0,0,0,3996,grass_12
33.8,0,0,0,4002,grass_12
33.8,0,0,0,4009,grass_12
33.807,0,0,0,4006,grass_12
33.814,0,0,0,4003,grass_12
33.82,0,0,0,4007,grass_12
33.821,0,0,0,4002,grass_12
33.828,0,0,0,4013,grass_12
33.83,0,0,0,4004,grass_12
33.835,0,0,0,4015,grass_12
33.842,0,0,0,4021,grass_12
33.849,0,1601,0,4020,grass_12
33.849,0,2310,0,4022,grass_12
33.857,0,2267,0,4020,grass_12
33.862,0,1450,0,4010,grass_12
33.869,0,0,0,4001,grass_12
33.87,0,0,0,3976,grass_12
33.876,0,0,0,3936,grass_12
33.884,0,0,0,3893,grass_12
33.889,0,0,0,3889,grass_12
33.89,0,0,0,3914,grass_12
33.897,0,0,0,3951,grass_12
33.904,0,0,0,3978,grass_12
33.905,0,0,0,4001,grass_12
33.911,0,0,0,4003,grass_12
33.918,0,542,0,4003,grass_12
33.925,0,1483,0,4012,grass_12
33.925,0,1685,0,4018,grass_12
33.932,0,1683,0,4015,grass_12
33.938,0,1422,0,4025,grass_12
33.94,0,732,0,4013,grass_12
33.946,0,0,0,4001,grass_12
33.953,0,0,0,3997,grass_12
33.959,0,0,0,3997,grass_12
33.96,0,0,0,3987,grass_12
33.966,0,0,0,3989,grass_12
33.974,0,0,0,3981,grass_12
33.979,0,0,0,3985,grass_12
33.981,0,0,0,4005,grass_12
33.988,0,0,0,4014,grass_12
33.994,0,0,0,4020,grass_12
33.995,0,454,0,4032,grass_12
34.001,0,2113,0,4025,grass_12
34.008,0,2732,0,4029,grass_12
34.014,0,2746,0,4026,grass_12
34.019,0,2503,0,4022,grass_12
34.025,0,1362,0,4019,grass_12
34.028,0,0,0,4003,grass_12
34.033,0,0,0,3980,grass_12
34.037,0,0,0,3928,grass_12
34.043,0,0,0,3907,grass_12
34.049,0,0,0,3922,grass_12
34.05,0,0,0,3961,grass_12
34.057,0,0,0,3969,grass_12
34.064,0,1463,0,3998,grass_12
34.068,0,1891,0,4001,grass_12
34.07,0,1729,0,4008,grass_12
34.077,0,0,0,4008,grass_12
34.08,0,0,0,4011,grass_12
34.084,0,0,0,3991,grass_12
34.093,0,0,0,3997,grass_12
34.098,0,0,0,4006,grass_12
34.101,0,0,0,4019,grass_12
34.105,0,893,0,4025,grass_12
34.112,0,1750,0,4022,grass_12
34.119,0,2423,0,4018,grass_12
34.119,0,2177,0,4018,grass_12
34.126,0,1637,0,4015,grass_12
34.133,0,0,0,4005,grass_12
34.135,0,0,0,3989,grass_12
34.14,0,0,0,3991,grass_12
34.147,0,0,0,3993,grass_12
34.154,0,0,0,3996,grass_12
34.157,0,0,0,4000,grass_12
34.161,0,0,0,4008,grass_12
34.168,0,0,0,4013,grass_12
34.174,0,0,0,4026,grass_12
34.175,0,0,0,4014,grass_12
34.182,0,0,0,4023,grass_12
34.188,0,0,0,4007,grass_12
34.19,0,0,0,4019,grass_12
34.196,0,0,0,4029,grass_12
34.203,0,424,0,4033,grass_12
34.209,0,1401,0,4023,grass_12
34.209,0,1393,0,4021,grass_12
34.216,0,547,0,4008,grass_12
34.223,0,0,0,3997,grass_12
34.224,0,0,0,3996,grass_12
34.233,0,0,0,3985,grass_12
34.237,0,0,0,3977,grass_12
34.241,0,0,0,3982,grass_12
34.244,0,1224,0,3989,grass_12
34.251,0,1632,0,4004,grass_12
34.258,0,1743,0,4009,grass_12
34.259,0,1706,0,4015,grass_12
34.265,0,609,0,4014,grass_12
34.272,0,0,0,4011,grass_12
34.279,0,0,0,4007,grass_12
34.279,0,0,0,4001,grass_12
34.286,0,0,0,4012,grass_12
34.292,0,773,0,4021,grass_12
34.294,0,1707,0,4020,grass_12
34.302,0,2086,0,4027,grass_12
34.307,0,2009,0,4019,grass_12
34.314,0,1679,0,4021,grass_12
34.319,0,553,0,4017,grass_12
34.321,0,0,0,4012,grass_12
34.328,0,0,0,4006,grass_12
34.328,0,0,0,4003,grass_12
34.335,0,0,0,3994,grass_12
34.343,0,0,0,4009,grass_12
34.348,0,0,0,4003,grass_12
34.348,0,0,0,4012,grass_12
34.357,0,0,0,4026,grass_12
34.362,0,0,0,4016,grass_12
34.364,0,0,0,4024,grass_12
34.369,0,901,0,4024,grass_12
34.376,0,2581,0,4029,grass_12
34.383,0,2915,0,4030,grass_12
34.384,0,2898,0,4030,grass_12
34.39,0,2780,0,4027,grass_12
34.397,0,2470,0,4028,grass_12
34.404,0,1386,0,4017,grass_12
34.404,0,0,0,3998,grass_12
34.411,0,0,0,3962,grass_12
34.418,0,0,0,3968,grass_12
34.422,0,0,0,3966,grass_12
34.425,0,0,0,3978,grass_12
34.431,0,0,0,3995,grass_12
34.434,0,946,0,4002,grass_12
34.439,0,1479,0,4010,grass_12
34.447,0,1790,0,4021,grass_12
34.452,0,1708,0,4018,grass_12
34.457,0,1485,0,4033,grass_12
34.459,0,259,0,4024,grass_12
34.466,0,0,0,4033,grass_12
34.473,0,0,0,4024,grass_12
34.474,0,0,0,4020,grass_12
34.48,0,0,0,4017,grass_12
34.487,0,0,0,4015,grass_12
34.493,0,0,0,4020,grass_12
34.494,0,0,0,4017,grass_12
34.501,0,0,0,4022,grass_12
34.508,0,0,0,4034,grass_12
34.509,0,0,0,4029,grass_12
34.515,0,1431,0,4027,grass_12
34.522,0,1502,0,4025,grass_12
34.528,0,1456,0,4014,grass_12
34.529,0,1295,0,4019,grass_12
34.536,0,839,0,4024,grass_12
34.543,0,291,0,4014,grass_12
34.543,0,109,0,4007,grass_12
34.552,0,251,0,4002,grass_12
34.558,0,0,0,4006,grass_12
34.563,0,0,0,4003,grass_12
34.564,0,1294,0,4009,grass_12
34.57,0,1482,0,4016,grass_12
34.577,0,1779,0,4017,grass_12
34.579,0,2158,0,4014,grass_12
34.584,0,1984,0,4013,grass_12
34.592,0,1087,0,4014,grass_12
34.598,0,0,0,3997,grass_12
34.6,0,0,0,3992,grass_12
34.605,0,0,0,4000,grass_12
34.612,0,0,0,4005,grass_12
34.614,0,0,0,4014,grass_12
34.619,0,0,0,4017,grass_12
34.626,0,0,0,4023,grass_12
34.633,0,1777,0,4022,grass_12
34.633,0,1800,0,4021,grass_12
34.64,0,1096,0,4025,grass_12
34.647,0,0,0,4023,grass_12
34.653,0,0,0,4024,grass_12
34.658,0,0,0,4020,grass_12
34.661,0,0,0,4022,grass_12
34.667,0,1166,0,4024,grass_12
34.669,0,1317,0,4019,grass_12
34.674,0,0,0,4020,grass_12
34.682,0,0,0,4018,grass_12
34.688,0,0,0,4016,grass_12
34.689,0,0,0,4017,grass_12
34.695,0,0,0,4020,grass_12
34.702,0,0,0,4016,grass_12
34.703,0,0,0,4016,grass_12
34.709,0,0,0,4004,grass_12
34.716,0,0,0,4005,grass_12
34.722,0,0,0,4001,grass_12
34.723,0,0,0,4001,grass_12
34.73,0,0,0,4008,grass_12
34.737,0,0,0,3997,grass_12
34.738,0,0,0,4000,grass_12
34.746,0,0,0,4002,grass_12
34.751,0,0,0,3998,grass_12
34.755,0,0,0,3993,grass_12
34.758,0,0,0,3993,grass_12
34.765,0,0,0,3999,grass_12
34.771,0,0,0,4006,grass_12
34.771,0,0,0,4022,grass_12
34.779,0,1804,0,4024,grass_12
34.785,0,2476,0,4024,grass_12
34.788,0,2922,0,4032,grass_12
34.797,0,3058,0,4034,grass_12
34.8,0,2841,0,4039,grass_12
34.807,0,2371,0,4035,grass_12
34.807,0,1303,0,4034,grass_12
34.814,0,0,0,4029,grass_12
34.82,0,0,0,4027,grass_12
34.828,0,0,0,4022,grass_12
34.828,0,0,0,4010,grass_12
34.834,0,0,0,4008,grass_12
34.841,0,0,0,3998,grass_12
34.843,0,0,0,3993,grass_12
34.848,0,0,0,3993,grass_12
34.855,0,0,0,3999,grass_12
34.862,0,0,0,4001,grass_12
34.862,0,0,0,3989,grass_12
34.869,0,0,0,3989,grass_12
34.876,0,0,0,3984,grass_12
34.878,0,0,0,3985,grass_12
34.883,0,0,0,3985,grass_12
34.89,0,0,0,3982,grass_12
34.897,0,0,0,3981,grass_12
34.898,0,0,0,3987,grass_12
34.904,0,0,0,4002,grass_12
34.911,0,0,0,4006,grass_12
34.917,0,0,0,4008,grass_12
34.918,0,0,0,4012,grass_12
34.925,0,0,0,4014,grass_12
34.932,0,0,0,4018,grass_12
34.933,0,0,0,4004,grass_12
34.941,0,0,0,3999,grass_12
34.945,0,0,0,3999,grass_12
34.949,0,0,0,4004,grass_12
34.953,0,0,0,4010,grass_12
34.959,0,0,0,4018,grass_12
34.966,0,0,0,4024,grass_12
34.968,0,0,0,4030,grass_12
34.973,0,0,0,4024,grass_12
34.98,0,0,0,4032,grass_12
34.987,0,0,0,4029,grass_12
34.987,0,0,0,4029,grass_12
34.994,0,0,0,4026,grass_12
35.001,0,0,0,4024,grass_12
35.003,0,0,0,4012,grass_12
35.008,0,0,0,4008,grass_12
35.015,0,0,0,3991,grass_12
35.022,0,0,0,3980,grass_12
35.023,0,0,0,3981,grass_12
35.029,0,0,0,3987,grass_12
35.036,0,0,0,3981,grass_12
35.038,0,0,0,3965,grass_12
35.043,0,0,0,3948,grass_12
35.05,0,0,0,3914,grass_12
35.056,0,0,0,3879,grass_12
35.058,0,0,0,3847,grass_12
35.063,0,0,0,3888,grass_12
35.07,0,0,0,3943,grass_12
35.077,0,0,0,3982,grass_12
35.077,0,0,0,4003,grass_12
35.084,0,0,0,4008,grass_12
35.091,0,0,0,4004,grass_12
35.093,0,0,0,4002,grass_12
35.098,0,0,0,3981,grass_12
35.106,0,0,0,3960,grass_12
35.111,0,0,0,3928,grass_12
35.113,0,0,0,3925,grass_12
35.12,0,0,0,3925,grass_12
35.126,0,0,0,3923,grass_12
35.128,0,0,0,3932,grass_12
35.133,0,0,0,3954,grass_12
35.14,0,0,0,3967,grass_12
35.147,0,0,0,3967,grass_12
35.148,0,0,0,3955,grass_12
35.154,0,0,0,3935,grass_12
35.161,0,0,0,3922,grass_12
35.167,0,0,0,3894,grass_12
35.168,0,0,0,3842,grass_12
35.175,0,0,0,3819,grass_12
35.182,0,0,0,3821,grass_12
35.183,0,0,0,3793,grass_12
35.189,0,0,0,3664,grass_12
35.196,0,0,0,3547,grass_12
35.202,0,0,0,3096,grass_12
35.203,0,0,0,2409,grass_12
35.209,0,0,0,0,grass_12
35.217,0,0,0,0,grass_12
35.218,0,0,0,0,grass_12
35.226,0,0,0,0,grass_12
35.23,0,0,0,0,grass_12
35.234,0,0,0,0,grass_12
35.237,0,0,0,0,grass_12
35.244,0,0,0,0,grass_12
35.251,0,0,0,2353,grass_12
35.251,0,0,0,2696,grass_12
35.258,0,0,0,2781,grass_12
35.265,0,0,0,2629,grass_12
35.267,0,0,0,2218,grass_12
35.272,0,0,0,0,grass_12
35.279,0,0,0,0,grass_12
35.286,0,0,0,0,grass_12
35.287,0,0,0,0,grass_12
35.293,0,0,0,0,grass_12
35.3,0,0,0,0,grass_12
35.306,0,0,0,0,grass_12
35.307,0,0,0,2153,grass_12
35.314,0,0,0,1100,grass_12
35.321,0,0,0,0,grass_12
35.322,0,0,0,330,grass_12
35.33,0,0,0,2482,grass_12
35.335,0,0,0,2253,grass_12
35.341,0,0,0,2901,grass_12
35.342,0,0,0,3160,grass_12
35.348,0,0,0,3014,grass_12
35.355,0,0,0,2953,grass_12
35.358,0,0,0,3162,grass_12
35.362,0,0,0,2767,grass_12
35.369,0,0,0,3341,grass_12
35.376,0,0,0,3687,grass_12
35.376,0,0,0,3743,grass_12
35.383,0,0,0,3779,grass_12
35.39,0,0,0,3829,grass_12
35.392,0,0,0,3912,grass_12
35.401,0,0,0,3946,grass_12
35.404,0,0,0,3952,grass_12
35.411,0,0,0,3943,grass_12
35.411,0,0,0,3928,grass_12
35.417,0,0,0,3936,grass_12
35.425,0,0,0,3964,grass_12
35.427,0,0,0,3984,grass_12
35.436,0,0,0,3992,grass_12
35.439,0,0,0,3983,grass_12
35.445,0,0,0,3959,grass_12
35.445,0,0,0,3971,grass_12
35.452,0,0,0,3984,grass_12
35.459,0,0,0,4005,grass_12
35.462,0,0,0,3997,grass_12
35.47,0,0,0,3987,grass_12
35.473,0,0,0,3908,grass_12
35.48,0,0,0,3787,grass_12
35.48,0,0,0,3826,grass_12
35.487,0,0,0,3932,grass_12
35.494,0,0,0,3966,grass_12
35.501,0,0,0,3951,grass_12
35.505,0,0,0,3907,grass_12
35.508,0,0,0,3864,grass_12
35.515,0,0,0,3889,grass_12
35.521,0,0,0,3954,grass_12
35.522,0,2192,0,3947,grass_12
35.529,0,2683,0,3952,grass_12
35.536,0,2687,0,3965,grass_12
35.537,0,2027,0,3977,grass_12
35.543,0,2233,0,3969,grass_12
35.55,0,2719,0,3934,grass_12
35.556,0,3064,0,3946,grass_12
35.558,0,3242,0,3927,grass_12
35.564,0,3259,0,3935,grass_12
35.571,0,3209,0,3950,grass_12
35.571,0,3111,0,3939,grass_12
35.579,0,3275,0,3919,grass_12
35.584,0,3266,0,3950,grass_12
35.588,0,3243,0,3954,grass_12
35.591,0,3290,0,3972,grass_12
35.598,0,3429,0,3959,grass_12
35.605,0,3457,0,3942,grass_12
35.605,0,3539,0,3966,grass_12
35.612,0,3575,0,3968,grass_12
35.619,0,3481,0,3969,grass_12
35.622,0,3360,0,3981,grass_12
35.626,0,3399,0,3954,grass_12
35.633,0,3429,0,3911,grass_12
35.64,0,3424,0,3883,grass_12
35.64,0,3441,0,3878,grass_12
35.648,0,3474,0,3877,grass_12
35.654,0,3453,0,3911,grass_12
35.66,0,3424,0,3937,grass_12
35.665,0,3480,0,3930,grass_12
35.67,0,3541,0,3922,grass_12
35.675,0,3618,0,3909,grass_12
35.681,0,3733,0,3867,grass_12
35.682,0,3740,0,3872,grass_12
35.69,0,3666,0,3902,grass_12
35.695,0,3707,0,3871,grass_12
35.695,0,3692,0,3777,grass_12
35.702,0,3634,0,3768,grass_12
35.709,0,3611,0,3713,grass_12
35.715,0,3641,0,3584,grass_12
35.715,0,3633,0,3578,grass_12
35.724,0,3546,0,3755,grass_12
35.729,0,3361,0,3839,grass_12
35.732,0,3328,0,3737,grass_12
35.736,0,3369,0,3720,grass_12
35.744,0,3490,0,3650,grass_12
35.75,0,3613,0,3578,grass_12
35.751,0,3516,0,3782,grass_12
35.759,0,3494,0,3917,grass_12
35.765,0,3375,0,3983,grass_12
35.769,0,3476,0,3998,grass_12
35.771,0,3680,0,3993,grass_12
35.778,0,3702,0,3998,grass_12
35.785,0,3740,0,4016,grass_12
35.785,0,3745,0,4017,grass_12
35.794,0,3754,0,4024,grass_12
35.799,0,3689,0,4029,grass_12
35.802,0,3675,0,4037,grass_12
35.806,0,3710,0,4024,grass_12
35.813,0,3601,0,4039,grass_12
35.82,0,3623,0,4024,grass_12
35.821,0,3662,0,4012,grass_12
35.827,0,3664,0,4007,grass_12
35.834,0,3658,0,4015,grass_12
35.84,0,3608,0,4012,grass_12
35.841,0,3634,0,3981,grass_12
35.847,0,3645,0,4014,grass_12
35.855,0,3697,0,4012,grass_12
35.859,0,3693,0,4012,grass_12
35.863,0,3707,0,4013,grass_12
35.868,0,3723,0,4007,grass_12
35.875,0,3599,0,4014,grass_12
35.879,0,3524,0,4027,grass_12
35.883,0,3661,0,4021,grass_12
35.889,0,3682,0,4029,grass_12
35.891,0,3746,0,4032,grass_12
35.896,0,3772,0,4033,grass_12
35.903,0,3730,0,4037,grass_12
35.91,0,3686,0,4031,grass_12
35.912,0,3669,0,4026,grass_12
35.92,0,3634,0,4021,grass_12
35.924,0,3615,0,4030,grass_12
35.928,0,3622,0,4033,grass_12
35.931,0,3668,0,4029,grass_12
35.938,0,3732,0,4032,grass_12
35.945,0,3730,0,4034,grass_12
35.946,0,3611,0,4044,grass_12
35.951,0,3597,0,4044,grass_12
35.96,0,3586,0,4014,grass_12
35.961,0,3463,0,4044,grass_12
35.965,0,3565,0,4036,grass_12
35.973,0,3625,0,4040,grass_12
35.98,0,3666,0,4025,grass_12
35.98,0,3697,0,4027,grass_12
35.987,0,3647,0,4028,grass_12
35.993,0,3568,0,4021,grass_12
36.0,0,3251,0,4021,grass_12
36.001,0,2340,0,4019,grass_12
36.008,0,3406,0,4026,grass_12
36.014,0,3629,0,4015,grass_12
36.016,0,3643,0,4017,grass_12
36.021,0,3502,0,4017,grass_12
36.028,0,3305,0,4009,grass_12
36.035,0,3041,0,3994,grass_12
36.036,0,2878,0,3962,grass_12
36.042,0,2386,0,3956,grass_12
36.049,0,0,0,3955,grass_12
36.049,0,0,0,3953,grass_12
36.06,0,0,0,3956,grass_12
36.063,0,0,0,3957,grass_12
36.07,0,0,0,3951,grass_12
36.074,3648,0,0,3944,grass_12
36.077,0,0,0,3952,grass_12
36.083,4016,0,0,3925,grass_12
36.086,3998,0,0,3907,grass_12
36.09,3987,0,0,3904,grass_12
36.098,3833,0,0,3910,grass_12
36.104,0,0,0,3784,grass_12
36.106,0,0,0,3148,grass_12
36.111,0,0,0,0,grass_12
36.119,3033,0,0,0,grass_12
36.123,3763,0,0,0,grass_12
36.126,3779,0,0,2636,grass_12
36.132,3672,0,0,3944,grass_12
36.139,3708,0,0,4019,grass_12
36.139,3640,0,0,4032,grass_12
36.148,3684,0,0,4036,grass_12
36.153,3743,0,0,4033,grass_12
36.156,3839,0,0,4031,grass_12
36.16,3782,0,0,4035,grass_12
36.167,3458,0,0,4032,grass_12
36.174,0,0,0,4028,grass_12
36.175,0,0,0,4010,grass_12
36.181,0,0,0,3996,grass_12
36.188,0,0,0,3989,grass_12
36.194,0,0,0,3994,grass_12
36.195,0,0,0,4008,grass_12
36.201,0,0,0,4020,grass_12
36.209,0,0,0,4031,grass_12
36.21,0,0,0,4034,grass_12
36.218,0,0,0,4036,grass_12
36.222,0,0,0,4033,grass_12
36.229,0,0,0,4024,grass_12
36.23,0,0,0,4011,grass_12
36.237,0,0,0,4002,grass_12
36.243,0,0,0,3992,grass_12
36.245,0,0,0,3998,grass_12
36.25,0,0,0,4001,grass_12
36.258,0,0,0,4002,grass_12
36.264,0,0,0,4007,grass_12
36.265,0,0,0,4001,grass_12
36.271,0,1313,0,3994,grass_12
36.278,0,2577,0,3985,grass_12
36.283,0,2287,0,3979,grass_12
36.285,0,862,0,3976,grass_12
36.292,0,0,0,3970,grass_12
36.299,0,0,0,3955,grass_12
36.299,0,0,0,3941,grass_12
36.307,0,0,0,3933,grass_12
36.313,0,0,0,3948,grass_12
36.315,0,0,0,3956,grass_12
36.32,0,0,0,3963,grass_12
36.327,0,0,0,3960,grass_12
36.333,0,0,0,3956,grass_12
36.333,0,0,0,3925,grass_12
36.342,0,0,0,3919,grass_12
36.347,0,0,0,3922,grass_12
36.354,0,0,0,3944,grass_12
36.359,0,0,0,3949,grass_12
36.362,0,0,0,3961,grass_12
36.369,0,0,0,3968,grass_12
36.369,0,0,0,3963,grass_12
36.376,0,0,0,3959,grass_12
36.382,0,0,0,3954,grass_12
36.389,0,0,0,3948,grass_12
36.393,0,0,0,3955,grass_12
36.396,0,0,0,3961,grass_12
36.403,0,0,0,3957,grass_12
36.409,0,0,0,3967,grass_12
36.41,0,0,0,3957,grass_12
36.417,0,0,0,3944,grass_12
36.424,0,0,0,3926,grass_12
36.425,0,0,0,3899,grass_12
36.431,0,0,0,3863,grass_12
36.438,0,0,0,3766,grass_12
36.443,0,0,0,3664,grass_12
36.445,0,0,0,3571,grass_12
36.451,0,0,0,3414,grass_12
36.459,0,0,0,3403,grass_12
36.46,0,0,0,3334,grass_12
36.467,0,0,0,3266,grass_12
36.472,0,0,0,3119,grass_12
36.476,0,0,0,2927,grass_12
36.479,0,0,0,1999,grass_12
36.487,0,0,0,0,grass_12
36.493,0,0,0,0,grass_12
36.495,2077,0,0,0,grass_12
36.5,1844,0,0,0,grass_12
36.508,0,0,0,0,grass_12
36.513,0,0,0,0,grass_12
36.514,0,0,0,0,grass_12
36.522,0,0,0,0,grass_12
36.528,1758,0,0,0,grass_12
36.528,2790,0,0,0,grass_12
36.535,2587,0,0,0,grass_12
36.542,3105,0,0,0,grass_12
36.549,3614,0,0,0,grass_12
36.549,3649,0,0,0,grass_12
36.556,3051,0,0,0,grass_12
36.563,1992,0,0,0,grass_12
36.568,0,0,0,0,grass_12
36.57,0,0,0,0,grass_12
36.577,2833,0,0,0,grass_12
36.584,2974,0,0,0,grass_12
36.584,3114,0,0,0,grass_12
36.591,3221,0,0,0,grass_12
36.598,3326,0,0,0,grass_12
36.603,3423,0,0,0,grass_12
36.605,3619,0,0,0,grass_12
36.611,3686,0,0,0,grass_12
36.619,3702,0,0,0,grass_12
36.619,3639,0,0,0,grass_12
36.627,3576,0,0,0,grass_12
36.632,3602,0,0,0,grass_12
36.635,3704,0,0,0,grass_12
36.639,3769,0,0,0,grass_12
36.646,3780,0,0,0,grass_12
36.653,3833,0,0,0,grass_12
36.654,3800,0,0,0,grass_12
36.66,3727,0,0,0,grass_12
36.667,3497,0,0,0,grass_12
36.673,3465,0,0,0,grass_12
36.674,3483,0,0,0,grass_12
36.681,3533,0,0,0,grass_12
36.688,3556,0,0,0,grass_12
36.688,3582,0,0,0,grass_12
36.696,3594,0,0,0,grass_12
36.702,3596,0,0,0,grass_12
36.709,3602,0,0,0,grass_12
36.713,3695,0,0,0,grass_12
36.716,3759,0,0,0,grass_12
36.723,3748,0,0,0,grass_12
36.723,3712,0,0,0,grass_12
36.73,3718,0,0,0,grass_12
36.737,3724,0,0,0,grass_12
36.743,3738,0,0,0,grass_12
36.747,3783,0,0,0,grass_12
36.75,3827,0,0,0,grass_12
36.757,3861,0,0,0,grass_12
36.76,3868,0,0,0,grass_12
36.764,3894,0,0,0,grass_12
36.771,3869,0,0,0,grass_12
36.778,3703,0,1368,0,grass_12
36.78,3541,0,0,0,grass_12
36.788,3560,0,0,0,grass_12
36.792,3568,0,0,0,grass_12
36.797,3571,0,0,0,grass_12
36.799,3498,0,0,0,grass_12
36.806,3225,0,0,0,grass_12
36.813,2640,0,0,0,grass_12
36.814,3128,0,2169,0,grass_12
36.82,3463,0,2669,0,grass_12
36.827,3588,0,2269,0,grass_12
36.833,3716,0,0,0,grass_12
36.834,3738,0,0,0,grass_12
36.841,3642,0,0,0,grass_12
36.848,3559,0,0,0,grass_12
36.852,3419,0,0,0,grass_12
36.855,3120,0,0,0,grass_12
36.861,2838,0,0,0,grass_12
36.868,2947,0,0,0,grass_12
36.868,3381,0,0,0,grass_12
36.876,3526,0,0,0,grass_12
36.883,3624,0,0,0,grass_12
36.883,3678,0,0,0,grass_12
36.89,3712,0,0,0,grass_12
36.896,3693,0,0,0,grass_12
36.903,3697,0,0,0,grass_12
36.907,3677,0,0,0,grass_12
36.91,3700,0,0,0,grass_12
36.917,3728,0,0,0,grass_12
36.923,3736,0,0,0,grass_12
36.924,3730,0,0,0,grass_12
36.931,3702,0,0,0,grass_12
36.938,3679,0,0,0,grass_12
36.94,3653,0,0,0,grass_12
36.945,3626,0,0,0,grass_12
36.952,3610,0,0,0,grass_12
36.953,3602,0,0,0,grass_12
36.961,3625,0,0,0,grass_12
36.966,3632,0,0,0,grass_12
36.972,3630,0,0,0,grass_12
36.973,3610,0,0,0,grass_12
36.979,3584,0,0,0,grass_12
36.987,3540,0,0,0,grass_12
36.993,3540,0,0,0,grass_12
36.993,3580,0,0,0,grass_12
37.0,3642,0,0,0,grass_12
37.007,3719,0,0,0,grass_12
37.007,3752,0,0,0,grass_12
37.016,3746,0,0,0,grass_12
37.021,3694,0,0,0,grass_12
37.028,3666,0,0,0,grass_12
37.028,3649,0,0,0,grass_12
37.035,3643,0,0,0,grass_12
37.042,3682,0,0,0,grass_12
37.042,3696,0,0,0,grass_12
37.049,3697,0,0,0,grass_12
37.056,3674,0,0,0,grass_12
37.063,3643,0,0,0,grass_12
37.067,3589,0,0,0,grass_12
37.07,3595,0,0,0,grass_12
37.077,3612,0,0,0,grass_12
37.077,3680,0,0,0,grass_12
37.084,3749,0,0,0,grass_12
37.091,3787,0,0,0,grass_12
37.097,3803,0,0,0,grass_12
37.099,3798,0,0,0,grass_12
37.107,3761,0,0,0,grass_12
37.111,3729,0,0,0,grass_12
37.111,3726,0,0,0,grass_12
37.119,3756,0,0,0,grass_12
37.126,3794,0,0,0,grass_12
37.128,3812,0,0,0,grass_12
37.137,3790,0,0,0,grass_12
37.14,3717,0,0,0,grass_12
37.146,3674,0,0,0,grass_12
37.146,3576,0,0,0,grass_12
37.153,3557,0,2075,0,grass_12
37.161,3605,0,1968,0,grass_12
37.168,3641,0,0,0,grass_12
37.171,3667,0,0,0,grass_12
37.174,3657,0,0,0,grass_12
37.181,3600,0,0,0,grass_12
37.187,3546,0,0,0,grass_12
37.188,3539,0,0,0,grass_12
37.195,3636,0,0,0,grass_12
37.202,3718,0,0,0,grass_12
37.203,3799,0,664,0,grass_12
37.209,3812,0,825,0,grass_12
37.216,3820,0,617,0,grass_12
37.222,3814,0,0,0,grass_12
37.223,3799,0,0,0,grass_12
37.23,3795,0,0,0,grass_12
37.237,3788,0,0,0,grass_12
37.237,3794,0,0,0,grass_12
37.245,3782,0,0,0,grass_12
37.25,3769,0,0,0,grass_12
37.254,3781,0,0,0,grass_12
37.262,3769,0,0,0,grass_12
37.265,3775,0,0,0,grass_12
37.271,3788,0,0,0,grass_12
37.273,3795,0,0,0,grass_12
37.278,3807,0,0,0,grass_12
37.286,3791,0,0,0,grass_12
37.291,3787,0,0,0,grass_12
37.292,3768,0,0,0,grass_12
37.299,3787,0,0,0,grass_12
37.306,3797,0,0,0,grass_12
37.307,3795,0,0,0,grass_12
37.316,3796,0,0,0,grass_12
37.32,3805,0,865,0,grass_12
37.327,3796,0,1048,0,grass_12
37.332,3770,0,1334,0,grass_12
37.334,3743,0,1492,0,grass_12
37.341,3697,0,1575,0,grass_12
37.342,3694,0,1911,0,grass_12
37.348,3690,0,1587,0,grass_12
37.355,3692,0,821,0,grass_12
37.361,3707,0,0,0,grass_12
37.361,3707,0,0,0,grass_12
37.369,3708,0,0,0,grass_12
37.375,3714,0,0,0,grass_12
37.377,3737,0,0,0,grass_12
37.387,3783,0,0,0,grass_12
37.39,3812,0,0,0,grass_12
37.396,3831,0,0,0,grass_12
37.4,3845,0,0,0,grass_12
37.405,3839,0,0,0,grass_12
37.411,3851,0,0,0,grass_12
37.411,3848,0,0,0,grass_12
37.42,3849,0,0,0,grass_12
37.425,3842,0,0,0,grass_12
37.428,3831,0,0,0,grass_12
37.436,3811,0,0,0,grass_12
37.438,3785,0,0,0,grass_12
37.445,3756,0,0,0,grass_12
37.452,3711,0,0,0,grass_12
37.452,3714,0,1760,0,grass_12
37.461,3752,0,2041,0,grass_12
37.466,3783,0,2090,0,grass_12
37.469,3801,0,1922,0,grass_12
37.473,3815,0,778,0,grass_12
37.48,3797,0,0,0,grass_12
37.486,3782,0,0,0,grass_12
37.487,3776,0,0,0,grass_12
37.494,3798,0,0,0,grass_12
37.501,3822,0,0,0,grass_12
37.502,3839,0,0,0,grass_12
37.511,3841,0,0,0,grass_12
37.515,3843,0,0,0,grass_12
37.519,3841,0,0,0,grass_12
37.522,3825,0,1343,0,grass_12
37.53,3811,0,1403,0,grass_12
37.536,3811,0,745,0,grass_12
37.541,3796,0,0,0,grass_12
37.542,3795,0,0,0,grass_12
37.551,3783,0,0,0,grass_12
37.556,3782,0,0,0,grass_12
37.562,3783,0,0,0,grass_12
37.565,3794,0,0,0,grass_12
37.57,3806,0,0,0,grass_12
37.574,3833,0,0,0,grass_12
37.577,3844,0,0,0,grass_12
37.584,3860,0,0,0,grass_12
37.59,3857,0,0,0,grass_12
37.592,3883,0,1263,0,grass_12
37.598,3869,0,1319,0,grass_12
37.605,3865,0,573,0,grass_12
37.611,3848,0,558,0,grass_12
37.612,3843,0,0,0,grass_12
37.621,3827,0,749,0,grass_12
37.625,3803,0,994,0,grass_12
37.631,3773,0,906,0,grass_12
37.632,3767,0,774,0,grass_12
37.64,3745,0,0,0,grass_12
37.646,3749,0,0,0,grass_12
37.647,3749,0,0,0,grass_12
37.653,3763,0,0,0,grass_12
37.66,3789,0,0,0,grass_12
37.662,3814,0,0,0,grass_12
37.67,3846,0,0,0,grass_12
37.674,3859,0,0,0,grass_12
37.681,3875,0,0,0,grass_12
37.681,3883,0,0,0,grass_12
37.688,3887,0,0,0,grass_12
37.695,3884,0,0,0,grass_12
37.699,3895,0,0,0,grass_12
37.705,3882,0,0,0,grass_12
37.709,3877,0,0,0,grass_12
37.716,3866,0,0,0,grass_12
37.716,3852,0,0,0,grass_12
37.725,3832,0,0,0,grass_12
37.729,3819,0,0,0,grass_12
37.732,3785,0,0,0,grass_12
37.74,3767,0,0,0,grass_12
37.743,3757,0,0,0,grass_12
37.751,3753,0,0,0,grass_12
37.751,3751,0,0,0,grass_12
37.761,3768,0,0,0,grass_12
37.764,3785,0,652,0,grass_12
37.771,3806,0,1742,0,grass_12
37.775,3841,0,2152,0,grass_12
37.778,3851,0,2372,0,grass_12
37.785,3847,0,2255,0,grass_12
37.785,3805,0,0,0,grass_12
37.793,3734,0,0,0,grass_12
37.799,3667,0,0,0,grass_12
37.801,3697,0,0,0,grass_12
37.811,3757,0,0,0,grass_12
37.813,3809,0,0,0,grass_12
37.82,3840,0,0,0,grass_12
37.82,3862,0,1962,0,grass_12
37.827,3878,0,2575,0,grass_12
37.834,3891,0,2677,0,grass_12
37.841,3890,0,2698,0,grass_12
37.841,3884,0,2690,0,grass_12
37.848,3880,0,2606,0,grass_12
37.855,3870,0,2106,0,grass_12
37.855,3859,0,1097,0,grass_12
37.863,3848,0,0,0,grass_12
37.869,3836,0,0,0,grass_12
37.873,3810,0,0,0,grass_12
37.881,3800,0,0,0,grass_12
37.883,3788,0,0,0,grass_12
37.891,3786,0,0,0,grass_12
37.896,3786,0,0,0,grass_12
37.897,3784,0,0,0,grass_12
37.905,3774,0,0,0,grass_12
37.911,3776,0,0,0,grass_12
37.915,3784,0,0,0,grass_12
37.917,3813,0,0,0,grass_12
37.924,3826,0,117,0,grass_12
37.926,3857,0,338,0,grass_12
37.931,3853,0,1169,0,grass_12
37.94,3843,0,915,0,grass_12
37.945,3819,0,0,0,grass_12
37.95,3745,0,0,0,grass_12
37.952,3633,0,0,0,grass_12
37.96,3558,0,0,0,grass_12
37.966,3501,0,0,0,grass_12
37.966,3506,0,0,0,grass_12
37.973,3578,0,689,0,grass_12
37.98,3754,0,2442,0,grass_12
37.98,3828,0,3178,0,grass_12
37.988,3857,0,3334,0,grass_12
37.994,3871,0,3458,0,grass_12
38.001,3902,0,3483,0,grass_12
38.001,3920,0,3425,0,grass_12
38.008,3929,0,3162,0,grass_12
38.014,3910,0,2920,0,grass_12
38.014,3875,0,2009,0,grass_12
38.023,3840,0,724,0,grass_12
38.028,3778,0,464,0,grass_12
38.035,3694,0,613,0,grass_12
38.039,3589,0,883,0,grass_12
38.042,3593,0,1085,0,grass_12
38.049,3576,0,1075,0,grass_12
38.053,3553,0,1149,0,grass_12
38.056,3529,0,0,0,grass_12
38.064,3469,0,0,0,grass_12
38.071,3424,0,0,0,grass_12
38.073,3409,0,0,0,grass_12
38.077,3442,0,0,0,grass_12
38.084,3517,0,1341,0,grass_12
38.09,3566,0,2978,0,grass_12
38.091,3634,0,1577,0,grass_12
38.098,3659,0,358,0,grass_12
38.104,3724,0,0,0,grass_12
38.108,3720,0,0,0,grass_12
38.112,3630,0,0,0,grass_12
38.119,3541,0,2144,0,grass_12
38.125,3545,0,3142,0,grass_12
38.126,3586,0,3118,0,grass_12
38.133,3793,0,2798,0,grass_12
38.139,3893,0,369,0,grass_12
38.141,3913,0,0,0,grass_12
38.146,3898,0,1444,0,grass_12
38.153,3845,0,2679,0,grass_12
38.16,3778,0,2812,0,grass_12
38.163,3759,0,1708,0,grass_12
38.167,3750,0,0,0,grass_12
38.174,3753,0,0,0,grass_12
38.18,3737,0,0,0,grass_12
38.184,3665,0,0,0,grass_12
38.188,3530,0,0,0,grass_12
38.195,3509,0,0,0,grass_12
38.195,3498,0,0,0,grass_12
38.202,3485,0,0,0,grass_12
38.209,3500,0,0,0,grass_12
38.211,3558,0,0,0,grass_12
38.219,3697,0,0,0,grass_12
38.223,3697,0,0,0,grass_12
38.23,3667,0,0,0,grass_12
38.23,3672,0,0,0,grass_12
38.236,3667,0,421,0,grass_12
38.243,3682,0,0,0,grass_12
38.25,3694,0,0,0,grass_12
38.251,3634,0,0,0,grass_12
38.257,3567,0,0,0,grass_12
38.264,3387,0,0,0,grass_12
38.264,2901,0,0,0,grass_12
38.275,2940,0,0,0,grass_12
38.278,3194,0,1649,0,grass_12
38.281,3438,0,1743,0,grass_12
38.286,3590,0,1660,0,grass_12
38.293,3640,0,0,0,grass_12
38.299,3705,0,638,0,grass_12
38.305,3690,0,838,0,grass_12
38.306,3612,0,1210,0,grass_12
38.313,3549,0,134,0,grass_12
38.32,3471,0,0,0,grass_12
38.32,3450,0,0,0,grass_12
38.327,3357,0,0,0,grass_12
38.334,3328,0,0,0,grass_12
38.335,3183,0,0,0,grass_12
38.345,2862,0,0,0,grass_12
38.348,2563,0,0,0,grass_12
38.355,2480,0,0,0,grass_12
38.355,2562,0,0,0,grass_12
38.365,3040,0,0,0,grass_12
38.368,3054,0,0,0,grass_12
38.375,2547,0,0,0,grass_12
38.38,2514,0,0,0,grass_12
38.382,1559,0,0,0,grass_12
38.389,0,0,0,0,grass_12
38.389,0,0,0,0,grass_12
38.397,0,0,0,0,grass_12
38.403,0,0,0,0,grass_12
38.408,0,0,0,0,grass_12
38.41,0,0,0,0,grass_12
38.417,0,0,0,0,grass_12
38.424,0,0,0,0,grass_12
38.424,0,0,0,0,grass_12
38.434,0,0,0,0,grass_12
38.438,0,0,0,0,grass_12
38.445,0,0,0,0,grass_12
38.448,0,0,0,0,grass_12
38.452,0,0,0,0,grass_12
38.459,0,0,0,0,grass_12
38.465,0,0,0,0,grass_12
38.465,0,0,0,0,grass_12
38.473,0,0,0,0,grass_12
38.476,0,0,0,0,grass_12
38.48,0,0,0,0,grass_12
38.489,0,0,0,0,grass_12
38.493,0,0,0,0,grass_12
38.497,0,0,0,0,grass_12
38.501,0,0,0,0,grass_12
38.507,0,0,0,0,grass_12
38.514,1803,0,0,0,grass_12
38.519,2438,0,0,0,grass_12
38.521,3204,0,0,0,grass_12
38.528,3431,0,0,0,grass_12
38.534,3477,0,0,0,grass_12
38.535,3531,0,0,0,grass_12
38.542,3544,0,0,0,grass_12
38.549,3604,0,0,0,grass_12
38.549,3624,0,0,0,grass_12
38.557,3588,0,0,0,grass_12
38.563,3530,0,0,0,grass_12
38.565,3607,0,0,0,grass_12
38.57,3738,0,0,0,grass_12
38.577,3784,0,0,0,grass_12
38.583,3799,0,0,0,grass_12
38.589,3763,0,0,0,grass_12
38.591,3742,0,2429,0,grass_12
38.598,3747,0,2408,0,grass_12
38.603,3755,0,1981,0,grass_12
38.605,3828,0,0,0,grass_12
38.612,3851,0,0,0,grass_12
38.618,3849,0,0,0,grass_12
38.623,3782,0,0,0,grass_12
38.628,3625,0,0,0,grass_12
38.632,3549,0,0,0,grass_12
38.639,3684,0,0,0,grass_12
38.639,3784,0,0,0,grass_12
38.646,3786,0,0,0,grass_12
38.653,3730,0,0,0,grass_12
38.659,3587,0,0,0,grass_12
38.66,3705,0,0,0,grass_12
38.668,3847,0,0,0,grass_12
38.674,3920,0,0,0,grass_12
38.674,3936,0,1471,0,grass_12
38.681,3934,0,2986,0,grass_12
38.688,3918,0,3347,0,grass_12
38.69,3909,0,3470,0,grass_12
38.695,3916,0,3567,0,grass_12
38.702,3922,0,3591,0,grass_12
38.709,3929,0,3641,0,grass_12
38.709,3932,0,3661,0,grass_12
38.716,3915,0,3675,0,grass_12
38.722,3878,0,3712,0,grass_12
38.729,3847,0,3694,0,grass_12
38.73,3890,0,3668,0,grass_12
38.737,3923,0,3669,0,grass_12
38.744,3935,0,3687,0,grass_12
38.744,3941,0,3692,0,grass_12
38.754,3947,0,3669,0,grass_12
38.757,3951,0,3667,0,grass_12
38.761,3958,0,3656,0,grass_12
38.765,3982,0,3668,0,grass_12
38.771,3990,0,3669,0,grass_12
38.778,3997,0,3678,0,grass_12
38.784,4003,0,3705,0,grass_12
38.785,4012,0,3734,0,grass_12
38.792,4017,0,3744,0,grass_12
38.798,4017,0,3780,0,grass_12
38.799,4016,0,3778,0,grass_12
38.806,4018,0,3785,0,grass_12
38.813,4021,0,3766,0,grass_12
38.819,4023,0,3778,0,grass_12
38.824,4033,0,3759,0,grass_12
38.827,4031,0,3773,0,grass_12
38.831,4032,0,3792,0,grass_12
38.834,4031,0,3792,0,grass_12
38.841,4020,0,3818,0,grass_12
38.847,4015,0,3788,0,grass_12
38.853,4018,0,3774,0,grass_12
38.854,4017,0,3767,0,grass_12
38.862,4009,0,3777,0,grass_12
38.868,4008,0,3774,0,grass_12
38.869,4013,0,3740,0,grass_12
38.875,4017,0,3726,0,grass_12
38.882,4017,0,3723,0,grass_12
38.888,4016,0,3761,0,grass_12
38.889,4013,0,3750,0,grass_12
38.896,4012,0,3770,0,grass_12
38.903,4012,0,3797,0,grass_12
38.906,4013,0,3809,0,grass_12
38.91,4011,0,3847,0,grass_12
38.917,4012,0,3836,0,grass_12
38.923,4015,0,3816,0,grass_12
38.925,4015,0,3827,0,grass_12
38.931,4017,0,3841,0,grass_12
38.938,4015,0,3843,0,grass_12
38.943,4017,0,3849,0,grass_12
38.945,4025,0,3845,0,grass_12
38.952,4026,0,3828,0,grass_12
38.958,4022,0,3827,0,grass_12
38.96,4019,0,3805,0,grass_12
38.966,4015,0,3808,0,grass_12
38.974,4022,0,3803,0,grass_12
38.974,4029,0,3792,0,grass_12
38.983,4031,0,3781,0,grass_12
38.987,4031,0,3811,0,grass_12
38.993,4032,0,3810,0,grass_12
38.996,4039,0,3781,0,grass_12
39.001,4035,0,3801,0,grass_12
39.007,4035,0,3805,0,grass_12
39.01,4038,0,3755,0,grass_12
39.014,4035,0,3786,0,grass_12
39.022,4029,0,3809,0,grass_12
39.029,4031,0,3800,0,grass_12
39.033,4031,0,3803,0,grass_12
39.036,4037,0,3777,0,grass_12
39.043,4039,0,3759,0,grass_12
39.048,4039,0,3687,0,grass_12
39.05,4038,0,3723,0,grass_12
39.056,4038,0,3753,0,grass_12
39.063,4039,0,3739,0,grass_12
39.068,4035,0,3795,0,grass_12
39.07,4037,0,3756,0,grass_12
39.077,4039,0,3676,0,grass_12
39.083,4039,0,3722,0,grass_12
39.084,4038,0,3765,0,grass_12
39.09,4041,0,3743,0,grass_12
39.098,4041,0,3732,0,grass_12
39.099,4044,0,3727,0,grass_12
39.107,4043,0,3773,0,grass_12
39.111,4046,0,3769,0,grass_12
39.118,4040,0,3708,0,grass_12
39.119,4044,0,3716,0,grass_12
39.125,4045,0,3676,0,grass_12
39.132,4040,0,3643,0,grass_12
39.135,4040,0,3663,0,grass_12
39.142,4037,0,3605,0,grass_12
39.146,4041,0,3546,0,grass_12
39.153,4041,0,3608,0,grass_12
39.153,4039,0,3433,0,grass_12
39.16,4037,0,2952,0,grass_12
39.167,4030,0,2706,0,grass_12
39.173,4025,0,3204,0,grass_12
39.178,4036,0,3292,0,grass_12
39.181,4028,0,2808,3429,grass_12
39.188,4025,0,0,3856,grass_12
39.188,4018,0,0,3872,grass_12
39.195,3994,0,0,3637,grass_12
39.201,3938,0,0,0,grass_12
39.204,3905,0,0,0,grass_12
39.212,3941,0,0,0,grass_12
39.216,3964,0,0,3298,grass_12
39.223,3991,0,0,3804,grass_12
39.223,4009,0,0,3840,grass_12
39.23,4022,0,0,3845,grass_12
39.236,4031,0,0,3875,grass_12
39.243,4037,0,0,3890,grass_12
39.247,4040,0,0,3934,grass_12
39.25,4042,0,0,3945,grass_12
39.257,4034,0,0,3955,grass_12
39.257,4029,0,0,3953,grass_12
39.268,4023,0,0,3904,grass_12
39.271,4015,0,0,3829,grass_12
39.275,4014,0,0,3738,grass_12
39.278,4018,0,0,3580,grass_12
39.285,4020,0,0,3536,grass_12
39.292,4028,0,0,3533,grass_12
39.293,4035,0,0,3393,grass_12
39.303,4043,0,0,2860,grass_12
39.306,4043,0,0,0,grass_12
39.313,4049,0,0,0,grass_12
39.313,4044,0,0,0,grass_12
39.32,4045,0,0,0,grass_12
39.326,4042,0,0,0,grass_12
39.33,4042,0,0,0,grass_12
39.334,4038,0,0,0,grass_12
39.341,4036,0,0,0,grass_12
39.348,4037,0,0,0,grass_12
39.348,4039,0,423,0,grass_12
39.355,4035,0,1591,0,grass_12
39.361,4038,0,1755,0,grass_12
39.368,4037,0,2166,0,grass_12
39.371,4039,0,2371,0,grass_12
39.375,4037,0,2387,0,grass_12
39.382,4018,0,2434,0,grass_12
39.382,4032,0,2962,0,grass_12
39.389,4032,0,3218,0,grass_12
39.396,4031,0,3301,0,grass_12
39.402,4033,0,3240,0,grass_12
39.403,4032,0,2573,0,grass_12
39.41,4026,0,0,0,grass_12
39.417,4021,0,0,0,grass_12
39.417,4009,0,0,0,grass_12
39.424,3990,0,0,0,grass_12
39.431,3970,0,0,0,grass_12
39.435,3968,0,0,0,grass_12
39.441,3984,0,0,0,grass_12
39.445,4011,0,0,0,grass_12
39.452,4023,0,0,0,grass_12
39.452,4025,0,0,0,grass_12
39.458,4033,0,0,0,grass_12
39.468,4041,0,0,0,grass_12
39.472,4028,0,0,0,grass_12
39.476,4037,0,0,0,grass_12
39.48,4035,0,0,0,grass_12
39.487,4034,0,0,0,grass_12
39.492,4035,0,0,0,grass_12
39.493,4033,0,0,0,grass_12
39.5,4023,0,0,0,grass_12
39.508,4031,0,0,2761,grass_12
39.511,4029,0,0,3122,grass_12
39.514,4022,0,0,3066,grass_12
39.521,4017,0,0,0,grass_12
39.521,4013,0,0,0,grass_12
39.532,4002,0,0,0,grass_12
39.535,3996,0,0,0,grass_12
39.542,3977,0,0,0,grass_12
39.547,3979,0,2174,0,grass_12
39.549,3969,0,1425,0,grass_12
39.556,3964,0,0,0,grass_12
39.556,3960,0,0,0,grass_12
39.563,3948,0,0,0,grass_12
39.57,3931,0,0,0,grass_12
39.577,3867,0,0,0,grass_12
39.582,3813,0,0,0,grass_12
39.584,3863,0,0,0,grass_12
39.591,3860,0,0,0,grass_12
39.597,3902,0,0,0,grass_12
39.602,3898,0,0,0,grass_12
39.605,3916,0,0,2518,grass_12
39.611,3934,0,0,3529,grass_12
39.616,3902,0,0,3736,grass_12
39.618,3899,0,0,3828,grass_12
39.625,3771,0,0,3876,grass_12
39.632,3116,0,0,3918,grass_12
39.637,0,0,0,3944,grass_12
39.639,0,0,0,3951,grass_12
39.646,0,0,0,3941,grass_12
39.648,0,0,0,3950,grass_12
39.653,0,0,0,3951,grass_12
39.662,0,0,0,3952,grass_12
39.667,0,0,0,3955,grass_12
39.668,0,0,0,3935,grass_12
39.674,0,0,0,3886,grass_12
39.681,0,0,0,3765,grass_12
39.687,0,0,0,3725,grass_12
39.688,0,0,0,3869,grass_12
39.695,0,0,0,3931,grass_12
39.701,0,0,0,3964,grass_12
39.703,0,0,0,3956,grass_12
39.709,0,0,0,3950,grass_12
39.715,0,0,0,3949,grass_12
39.718,0,0,0,3960,grass_12
39.722,0,0,0,3976,grass_12
39.731,0,0,0,3999,grass_12
39.736,0,0,0,4006,grass_12
39.742,0,0,0,4013,grass_12
39.743,0,0,0,4012,grass_12
39.75,0,0,0,4013,grass_12
39.757,0,0,0,4012,grass_12
39.759,0,0,0,4004,grass_12
39.764,0,0,0,3992,grass_12
39.771,0,2511,0,4002,grass_12
39.772,0,2800,0,4000,grass_12
39.778,0,2820,0,4006,grass_12
39.786,0,2677,0,3999,grass_12
39.792,0,2262,0,4005,grass_12
39.797,0,1633,0,3999,grass_12
39.799,0,1810,0,3983,grass_12
39.807,0,1851,0,3987,grass_12
39.807,0,1893,0,3978,grass_12
39.813,0,1656,0,3985,grass_12
39.82,0,0,0,3979,grass_12
39.827,0,0,0,3966,grass_12
39.831,0,0,0,3976,grass_12
39.834,0,0,0,3990,grass_12
39.841,0,0,0,4004,grass_12
39.841,0,1335,0,4013,grass_12
39.848,0,0,0,4012,grass_12
39.854,0,0,0,3989,grass_12
39.861,0,0,0,3988,grass_12
39.866,0,0,0,3970,grass_12
39.869,0,1017,0,3951,grass_12
39.875,0,1366,0,3951,grass_12
39.877,0,1415,0,3962,grass_12
39.882,0,1355,0,3974,grass_12
39.89,0,517,0,3979,grass_12
39.896,0,141,0,3963,grass_12
39.898,0,0,0,3937,grass_12
39.903,0,0,0,3902,grass_12
39.91,0,0,0,3899,grass_12
39.917,0,0,0,3928,grass_12
39.917,0,564,0,3955,grass_12
39.924,0,1343,0,3983,grass_12
39.931,0,827,0,4018,grass_12
39.932,0,783,0,4024,grass_12
39.941,0,475,0,4017,grass_12
39.945,0,457,0,4018,grass_12
39.952,0,564,0,4023,grass_12
39.956,0,1996,0,4027,grass_12
39.958,0,1729,0,4025,grass_12
39.966,0,1550,0,4026,grass_12
39.969,0,440,0,4019,grass_12
39.972,0,0,0,4017,grass_12
39.979,0,0,0,4007,grass_12
39.986,0,0,0,3992,grass_12
39.987,0,0,0,3998,grass_12
39.994,0,1608,0,3989,grass_12
40.0,0,0,0,4008,grass_12
40.006,0,0,0,3999,grass_12
