time,fsr1,fsr2,fsr3,fsr4,label
0.0,0,0,0,3737,grass_8
0.0,0,0,0,3741,grass_8
0.0,0,0,0,3736,grass_8
0.0,0,0,0,3735,grass_8
0.0,0,0,0,3742,grass_8
0.0,0,0,0,3741,grass_8
0.0,0,0,0,3743,grass_8
0.0,0,0,0,3728,grass_8
0.0,0,0,0,3742,grass_8
0.0,0,0,0,3736,grass_8
0.0,0,0,0,3741,grass_8
0.0,0,0,0,3741,grass_8
0.0,0,0,0,3740,grass_8
0.0,0,0,0,3731,grass_8
0.0,0,0,0,3734,grass_8
0.0,0,0,0,3738,grass_8
0.0,0,0,0,3741,grass_8
0.0,0,0,0,3739,grass_8
0.0,0,0,0,3738,grass_8
0.0,0,0,0,3740,grass_8
0.0,0,0,0,3735,grass_8
0.0,0,0,0,3739,grass_8
0.0,0,0,0,3739,grass_8
0.0,0,0,0,3740,grass_8
0.0,0,0,0,3733,grass_8
0.0,0,0,0,3740,grass_8
0.0,0,0,0,3742,grass_8
0.0,0,0,0,3745,grass_8
0.0,0,0,0,3740,grass_8
0.006,0,0,0,3737,grass_8
0.006,0,0,0,3744,grass_8
0.006,0,0,0,3739,grass_8
0.007,0,0,0,3738,grass_8
0.007,0,0,0,3744,grass_8
0.007,0,0,0,3740,grass_8
0.007,0,0,0,3744,grass_8
0.007,0,0,0,3742,grass_8
0.007,0,0,0,3742,grass_8
0.007,0,0,0,3743,grass_8
0.007,0,0,0,3740,grass_8
0.008,0,0,0,3739,grass_8
0.008,0,0,0,3742,grass_8
0.008,0,0,0,3738,grass_8
0.008,0,0,0,3744,grass_8
0.008,0,0,0,3742,grass_8
0.008,0,0,0,3739,grass_8
0.009,0,0,0,3739,grass_8
0.01,0,0,0,3745,grass_8
0.01,0,0,0,3741,grass_8
0.01,0,0,0,3748,grass_8
0.01,0,0,0,3742,grass_8
0.01,0,0,0,3744,grass_8
0.01,0,0,0,3744,grass_8
0.01,0,0,0,3746,grass_8
0.011,0,0,0,3743,grass_8
0.011,0,0,0,3743,grass_8
0.011,0,0,0,3742,grass_8
0.011,0,0,0,3743,grass_8
0.011,0,0,0,3743,grass_8
0.011,0,0,0,3746,grass_8
0.011,0,0,0,3746,grass_8
0.011,0,0,0,3746,grass_8
0.011,0,0,0,3745,grass_8
0.011,0,0,0,3745,grass_8
0.011,0,0,0,3746,grass_8
0.011,0,0,0,3747,grass_8
0.011,0,0,0,3744,grass_8
0.011,0,0,0,3748,grass_8
0.011,0,0,0,3744,grass_8
0.011,0,0,0,3745,grass_8
0.011,0,0,0,3749,grass_8
0.011,0,0,0,3744,grass_8
0.011,0,0,0,3750,grass_8
0.011,0,0,0,3746,grass_8
0.011,0,0,0,3748,grass_8
0.011,0,0,0,3751,grass_8
0.011,0,0,0,3746,grass_8
0.011,0,0,0,3753,grass_8
0.011,0,0,0,3745,grass_8
0.015,0,0,0,3753,grass_8
0.015,0,0,0,3754,grass_8
0.015,0,0,0,3748,grass_8
0.015,0,0,0,3752,grass_8
0.016,0,0,0,3747,grass_8
0.016,0,0,0,3750,grass_8
0.016,0,0,0,3749,grass_8
0.016,0,0,0,3757,grass_8
0.016,0,0,0,3742,grass_8
0.016,0,0,0,3750,grass_8
0.016,0,0,0,3748,grass_8
0.016,0,0,0,3756,grass_8
0.016,0,0,0,3749,grass_8
0.016,0,0,0,3753,grass_8
0.016,0,0,0,3748,grass_8
0.016,0,0,0,3750,grass_8
0.016,0,0,0,3758,grass_8
0.016,0,0,0,3749,grass_8
0.016,0,0,0,3747,grass_8
0.016,0,0,0,3750,grass_8
0.016,0,0,0,3752,grass_8
0.016,0,0,0,3752,grass_8
0.016,0,0,0,3756,grass_8
0.016,0,0,0,3751,grass_8
0.016,0,0,0,3753,grass_8
0.016,0,0,0,3753,grass_8
0.016,0,0,0,3753,grass_8
0.016,0,0,0,3752,grass_8
0.016,0,0,0,3752,grass_8
0.016,0,0,0,3753,grass_8
0.016,0,0,0,3745,grass_8
0.016,0,0,0,3757,grass_8
0.016,0,0,0,3754,grass_8
0.016,0,0,0,3754,grass_8
0.016,0,0,0,3753,grass_8
0.016,0,0,0,3750,grass_8
0.02,0,0,0,3750,grass_8
0.02,0,0,0,3756,grass_8
0.02,0,0,0,3751,grass_8
0.02,0,0,0,3753,grass_8
0.02,0,0,0,3757,grass_8
0.02,0,0,0,3755,grass_8
0.02,0,0,0,3754,grass_8
0.02,0,0,0,3751,grass_8
0.02,0,0,0,3766,grass_8
0.02,0,0,0,3757,grass_8
0.02,0,0,0,3754,grass_8
0.02,0,0,0,3756,grass_8
0.02,0,0,0,3757,grass_8
0.02,0,0,0,3756,grass_8
0.02,0,0,0,3752,grass_8
0.02,0,0,0,3752,grass_8
0.02,0,0,0,3759,grass_8
0.02,0,0,0,3760,grass_8
0.02,0,0,0,3746,grass_8
0.02,0,0,0,3755,grass_8
0.02,0,0,0,3760,grass_8
0.02,0,0,0,3757,grass_8
0.02,0,0,0,3757,grass_8
0.02,0,0,0,3753,grass_8
0.02,0,0,0,3758,grass_8
0.02,0,0,0,3761,grass_8
0.02,0,0,0,3752,grass_8
0.02,0,0,0,3759,grass_8
0.02,0,0,0,3761,grass_8
0.02,0,0,0,3756,grass_8
0.02,0,0,0,3758,grass_8
0.02,0,0,0,3755,grass_8
0.02,0,0,0,3755,grass_8
0.02,0,0,0,3748,grass_8
0.02,0,0,0,3757,grass_8
0.02,0,0,0,3755,grass_8
0.02,0,0,0,3758,grass_8
0.02,0,0,0,3758,grass_8
0.026,0,0,0,3758,grass_8
0.026,0,0,0,3757,grass_8
0.026,0,0,0,3757,grass_8
0.026,0,0,0,3757,grass_8
0.026,0,0,0,3756,grass_8
0.026,0,0,0,3756,grass_8
0.026,0,0,0,3756,grass_8
0.026,0,0,0,3754,grass_8
0.026,0,0,0,3758,grass_8
0.027,0,0,0,3757,grass_8
0.027,0,0,0,3751,grass_8
0.027,0,0,0,3758,grass_8
0.027,0,0,0,3757,grass_8
0.027,0,0,0,3755,grass_8
0.027,0,0,0,3762,grass_8
0.027,0,0,0,3751,grass_8
0.027,0,0,0,3756,grass_8
0.027,0,0,0,3759,grass_8
0.027,0,0,0,3756,grass_8
0.027,0,0,0,3758,grass_8
0.027,0,0,0,3763,grass_8
0.027,0,0,0,3758,grass_8
0.027,0,0,0,3759,grass_8
0.027,0,0,0,3765,grass_8
0.027,0,0,0,3753,grass_8
0.027,0,0,0,3757,grass_8
0.027,0,0,0,3754,grass_8
0.027,0,0,0,3756,grass_8
0.027,0,0,0,3752,grass_8
0.027,0,0,0,3754,grass_8
0.027,0,0,0,3757,grass_8
0.027,0,0,0,3757,grass_8
0.027,0,0,0,3756,grass_8
0.027,0,0,0,3755,grass_8
0.027,0,0,0,3755,grass_8
0.03,0,0,0,3759,grass_8
0.03,0,0,0,3752,grass_8
0.03,0,0,0,3756,grass_8
0.03,0,0,0,3760,grass_8
0.03,0,0,0,3756,grass_8
0.03,0,0,0,3754,grass_8
0.03,0,0,0,3756,grass_8
0.03,0,0,0,3755,grass_8
0.03,0,0,0,3755,grass_8
0.03,0,0,0,3765,grass_8
0.03,0,0,0,3755,grass_8
0.03,0,0,0,3756,grass_8
0.03,0,0,0,3754,grass_8
0.03,0,0,0,3755,grass_8
0.03,0,0,0,3755,grass_8
0.03,0,0,0,3760,grass_8
0.03,0,0,0,3752,grass_8
0.03,0,0,0,3758,grass_8
0.03,0,0,0,3756,grass_8
0.03,0,0,0,3756,grass_8
0.033,0,0,0,3756,grass_8
0.033,0,0,0,3760,grass_8
0.033,0,0,0,3749,grass_8
0.033,0,0,0,3759,grass_8
0.033,0,0,0,3752,grass_8
0.034,0,0,0,3757,grass_8
0.034,0,0,0,3756,grass_8
0.034,0,0,0,3755,grass_8
0.034,0,0,0,3755,grass_8
0.034,0,0,0,3758,grass_8
0.034,0,0,0,3761,grass_8
0.034,0,0,0,3751,grass_8
0.034,0,0,0,3758,grass_8
0.034,0,0,0,3761,grass_8
0.034,0,0,0,3760,grass_8
0.034,0,0,0,3765,grass_8
0.034,0,0,0,3751,grass_8
0.036,0,0,0,3753,grass_8
0.036,0,0,0,3760,grass_8
0.036,0,0,0,3756,grass_8
0.036,0,0,0,3753,grass_8
0.036,0,0,0,3760,grass_8
0.036,0,0,0,3751,grass_8
0.036,0,0,0,3763,grass_8
0.036,0,0,0,3756,grass_8
0.036,0,0,0,3754,grass_8
0.036,0,0,0,3760,grass_8
0.036,0,0,0,3750,grass_8
0.036,0,0,0,3751,grass_8
0.036,0,0,0,3762,grass_8
0.036,0,0,0,3754,grass_8
0.036,0,0,0,3758,grass_8
0.036,0,0,0,3752,grass_8
0.036,0,0,0,3754,grass_8
0.036,0,0,0,3756,grass_8
0.036,0,0,0,3756,grass_8
0.036,0,0,0,3757,grass_8
0.036,0,0,0,3754,grass_8
0.036,0,0,0,3753,grass_8
0.036,0,0,0,3753,grass_8
0.036,0,0,0,3760,grass_8
0.036,0,0,0,3750,grass_8
0.036,0,0,0,3750,grass_8
0.036,0,0,0,3757,grass_8
0.036,0,0,0,3755,grass_8
0.036,0,0,0,3755,grass_8
0.036,0,0,0,3756,grass_8
0.036,0,0,0,3756,grass_8
0.036,0,0,0,3755,grass_8
0.036,0,0,0,3757,grass_8
0.036,0,0,0,3760,grass_8
0.036,0,0,0,3756,grass_8
0.036,0,0,0,3755,grass_8
0.036,0,0,0,3755,grass_8
0.036,0,0,0,3754,grass_8
0.036,0,0,0,3750,grass_8
0.036,0,0,0,3750,grass_8
0.036,0,0,0,3754,grass_8
0.036,0,0,0,3753,grass_8
0.036,0,0,0,3755,grass_8
0.036,0,0,0,3744,grass_8
0.041,0,0,0,3756,grass_8
0.041,0,0,0,3757,grass_8
0.041,0,0,0,3754,grass_8
0.041,0,0,0,3750,grass_8
0.041,0,0,0,3752,grass_8
0.041,0,0,0,3756,grass_8
0.041,0,0,0,3760,grass_8
0.041,0,0,0,3758,grass_8
0.041,0,0,0,3751,grass_8
0.041,0,0,0,3759,grass_8
0.041,0,0,0,3757,grass_8
0.043,0,0,0,3758,grass_8
0.043,0,0,0,3755,grass_8
0.043,0,0,0,3753,grass_8
0.043,0,0,0,3757,grass_8
0.043,0,0,0,3755,grass_8
0.043,0,0,0,3761,grass_8
0.043,0,0,0,3752,grass_8
0.043,0,0,0,3753,grass_8
0.043,0,0,0,3753,grass_8
0.043,0,0,0,3760,grass_8
0.043,0,0,0,3747,grass_8
0.043,0,0,0,3759,grass_8
0.043,0,0,0,3757,grass_8
0.043,0,0,0,3749,grass_8
0.043,0,0,0,3749,grass_8
0.043,0,0,0,3761,grass_8
0.043,0,0,0,3753,grass_8
0.043,0,0,0,3756,grass_8
0.045,0,0,0,3754,grass_8
0.045,0,0,0,3755,grass_8
0.045,0,0,0,3752,grass_8
0.046,0,0,0,3750,grass_8
0.046,0,0,0,3757,grass_8
0.046,0,0,0,3754,grass_8
0.046,0,0,0,3757,grass_8
0.046,0,0,0,3756,grass_8
0.046,0,0,0,3754,grass_8
0.047,0,0,0,3753,grass_8
0.047,0,0,0,3753,grass_8
0.047,0,0,0,3753,grass_8
0.047,0,0,0,3751,grass_8
0.047,0,0,0,3754,grass_8
0.047,0,0,0,3752,grass_8
0.047,0,0,0,3746,grass_8
0.048,0,0,0,3754,grass_8
0.048,0,0,0,3755,grass_8
0.048,0,0,0,3750,grass_8
0.048,0,0,0,3750,grass_8
0.048,0,0,0,3756,grass_8
0.048,0,0,0,3751,grass_8
0.048,0,0,0,3749,grass_8
0.048,0,0,0,3754,grass_8
0.048,0,0,0,3747,grass_8
0.048,0,0,0,3752,grass_8
0.048,0,0,0,3755,grass_8
0.048,0,0,0,3755,grass_8
0.048,0,0,0,3759,grass_8
0.048,0,0,0,3751,grass_8
0.048,0,0,0,3753,grass_8
0.048,0,0,0,3754,grass_8
0.048,0,0,0,3760,grass_8
0.048,0,0,0,3760,grass_8
0.048,0,0,0,3761,grass_8
0.048,0,0,0,3752,grass_8
0.048,0,0,0,3754,grass_8
0.051,0,0,0,3755,grass_8
0.051,0,0,0,3759,grass_8
0.051,0,0,0,3755,grass_8
0.051,0,0,0,3758,grass_8
0.051,0,0,0,3759,grass_8
0.051,0,0,0,3752,grass_8
0.051,0,0,0,3760,grass_8
0.051,0,0,0,3753,grass_8
0.051,0,0,0,3761,grass_8
0.052,0,0,0,3758,grass_8
0.052,0,0,0,3756,grass_8
0.052,0,0,0,3757,grass_8
0.052,0,0,0,3757,grass_8
0.052,0,0,0,3761,grass_8
0.052,0,0,0,3759,grass_8
0.052,0,0,0,3756,grass_8
0.052,0,0,0,3755,grass_8
0.052,0,0,0,3754,grass_8
0.052,0,0,0,3758,grass_8
0.052,0,0,0,3757,grass_8
0.052,0,0,0,3759,grass_8
0.052,0,0,0,3754,grass_8
0.052,0,0,0,3753,grass_8
0.052,0,0,0,3757,grass_8
0.052,0,0,0,3756,grass_8
0.052,0,0,0,3762,grass_8
0.052,0,0,0,3756,grass_8
0.052,0,0,0,3759,grass_8
0.052,0,0,0,3760,grass_8
0.052,0,0,0,3757,grass_8
0.052,0,0,0,3758,grass_8
0.052,0,0,0,3761,grass_8
0.052,0,0,0,3758,grass_8
0.055,0,0,0,3755,grass_8
0.055,0,0,0,3758,grass_8
0.055,0,0,0,3760,grass_8
0.055,0,0,0,3763,grass_8
0.055,0,0,0,3762,grass_8
0.055,0,0,0,3759,grass_8
0.055,0,0,0,3761,grass_8
0.055,0,0,0,3763,grass_8
0.055,0,0,0,3757,grass_8
0.055,0,0,0,3757,grass_8
0.055,0,0,0,3762,grass_8
0.055,0,0,0,3758,grass_8
0.055,0,0,0,3748,grass_8
0.055,0,0,0,3762,grass_8
0.055,0,0,0,3760,grass_8
0.055,0,0,0,3755,grass_8
0.055,0,0,0,3755,grass_8
0.055,0,0,0,3758,grass_8
0.055,0,0,0,3759,grass_8
0.055,0,0,0,3761,grass_8
0.055,0,0,0,3760,grass_8
0.055,0,0,0,3766,grass_8
0.055,0,0,0,3766,grass_8
0.055,0,0,0,3760,grass_8
0.055,0,0,0,3763,grass_8
0.055,0,0,0,3765,grass_8
0.055,0,0,0,3766,grass_8
0.055,0,0,0,3764,grass_8
0.055,0,0,0,3765,grass_8
0.055,0,0,0,3766,grass_8
0.055,0,0,0,3766,grass_8
0.055,0,0,0,3764,grass_8
0.055,0,0,0,3768,grass_8
0.055,0,0,0,3761,grass_8
0.055,0,0,0,3764,grass_8
0.055,0,0,0,3770,grass_8
0.055,0,0,0,3767,grass_8
0.055,0,0,0,3763,grass_8
0.055,0,0,0,3765,grass_8
0.055,0,0,0,3759,grass_8
0.055,0,0,0,3764,grass_8
0.055,0,0,0,3764,grass_8
0.055,0,0,0,3766,grass_8
0.055,0,0,0,3759,grass_8
0.055,0,0,0,3767,grass_8
0.062,0,0,0,3764,grass_8
0.062,0,0,0,3768,grass_8
0.068,0,0,0,3766,grass_8
0.075,0,0,0,3772,grass_8
0.082,0,0,0,3769,grass_8
0.087,0,0,0,3772,grass_8
0.092,0,0,0,3771,grass_8
0.096,0,0,0,3768,grass_8
0.096,0,0,0,3765,grass_8
0.103,0,0,0,3771,grass_8
0.11,0,0,0,3765,grass_8
0.117,0,0,0,3765,grass_8
0.121,0,0,0,3770,grass_8
0.124,0,0,0,3765,grass_8
0.131,0,0,0,3765,grass_8
0.133,0,0,0,3773,grass_8
0.138,0,0,0,3767,grass_8
0.146,0,0,0,3777,grass_8
0.151,0,0,0,3772,grass_8
0.154,0,0,0,3772,grass_8
0.159,0,0,0,3778,grass_8
0.166,0,0,0,3770,grass_8
0.172,0,0,0,3767,grass_8
0.173,0,0,0,3762,grass_8
0.179,0,0,0,3772,grass_8
0.187,0,0,0,3774,grass_8
0.192,0,0,0,3766,grass_8
0.196,0,0,0,3774,grass_8
0.2,0,0,0,3774,grass_8
0.207,0,0,0,3764,grass_8
0.208,0,0,0,3780,grass_8
0.214,0,0,0,3770,grass_8
0.221,0,0,0,3767,grass_8
0.221,0,0,0,3766,grass_8
0.23,0,0,0,3771,grass_8
0.235,0,0,0,3779,grass_8
0.238,0,0,0,3773,grass_8
0.246,0,0,0,3769,grass_8
0.249,0,0,0,3777,grass_8
0.256,0,0,0,3773,grass_8
0.258,0,0,0,3775,grass_8
0.263,0,0,0,3777,grass_8
0.27,0,0,0,3769,grass_8
0.277,0,0,0,3774,grass_8
0.277,0,0,0,3775,grass_8
0.284,0,0,0,3772,grass_8
0.29,0,0,0,3777,grass_8
0.293,0,0,0,3773,grass_8
0.298,0,0,0,3773,grass_8
0.305,0,0,0,3783,grass_8
0.312,0,0,0,3774,grass_8
0.312,0,0,0,3773,grass_8
0.32,0,0,0,3777,grass_8
0.325,0,0,0,3773,grass_8
0.328,0,0,0,3775,grass_8
0.332,0,0,0,3778,grass_8
0.339,0,0,0,3773,grass_8
0.346,0,0,0,3777,grass_8
0.348,0,0,0,3775,grass_8
0.353,0,0,0,3779,grass_8
0.36,0,0,0,3772,grass_8
0.366,0,0,0,3773,grass_8
0.367,0,0,0,3774,grass_8
0.374,0,0,0,3775,grass_8
0.381,0,0,0,3776,grass_8
0.383,0,0,0,3777,grass_8
0.388,0,0,0,3777,grass_8
0.395,0,0,0,3778,grass_8
0.402,0,0,0,3778,grass_8
0.403,0,0,0,3773,grass_8
0.409,0,0,0,3780,grass_8
0.416,0,0,0,3782,grass_8
0.422,0,0,0,3785,grass_8
0.423,0,0,0,3777,grass_8
0.43,0,0,0,3778,grass_8
0.437,0,0,0,3777,grass_8
0.438,0,0,0,3778,grass_8
0.447,0,0,0,3775,grass_8
0.45,0,0,0,3776,grass_8
0.455,0,0,0,3779,grass_8
0.457,0,0,0,3780,grass_8
0.464,0,0,0,3778,grass_8
0.471,0,0,0,3780,grass_8
0.472,0,0,0,3772,grass_8
0.478,0,0,0,3783,grass_8
0.485,0,0,0,3780,grass_8
0.492,0,0,0,3782,grass_8
0.493,0,0,0,3778,grass_8
0.499,0,0,0,3778,grass_8
0.506,0,0,0,3782,grass_8
0.507,0,0,0,3782,grass_8
0.515,0,0,0,3779,grass_8
0.52,0,0,0,3780,grass_8
0.524,0,0,0,3772,grass_8
0.532,0,0,0,3776,grass_8
0.534,0,0,0,3777,grass_8
0.54,0,0,0,3775,grass_8
0.542,0,0,0,3781,grass_8
0.547,0,0,0,3777,grass_8
0.555,0,0,0,3776,grass_8
0.561,0,0,0,3779,grass_8
0.563,0,0,0,3786,grass_8
0.568,0,0,0,3777,grass_8
0.576,0,0,0,3779,grass_8
0.581,0,0,0,3775,grass_8
0.582,0,0,0,3770,grass_8
0.589,0,0,0,3779,grass_8
0.596,0,0,0,3780,grass_8
0.601,0,0,0,3776,grass_8
0.606,0,0,0,3777,grass_8
0.61,0,0,0,3779,grass_8
0.616,0,0,0,3779,grass_8
0.618,0,0,0,3784,grass_8
0.625,0,0,0,3780,grass_8
0.632,0,0,0,3787,grass_8
0.637,0,0,0,3784,grass_8
0.638,0,0,0,3777,grass_8
0.645,0,0,0,3782,grass_8
0.647,0,0,0,3777,grass_8
0.652,0,0,0,3780,grass_8
0.659,0,0,0,3780,grass_8
0.665,0,0,0,3783,grass_8
0.667,0,0,0,3781,grass_8
0.672,0,0,0,3781,grass_8
0.68,0,0,0,3782,grass_8
0.686,0,0,0,3777,grass_8
0.687,0,0,0,3777,grass_8
0.693,0,0,0,3778,grass_8
0.7,0,0,0,3782,grass_8
0.702,0,0,0,3777,grass_8
0.71,0,0,0,3780,grass_8
0.714,0,0,0,3776,grass_8
0.721,0,0,0,3779,grass_8
0.721,0,0,0,3777,grass_8
0.728,0,0,0,3779,grass_8
0.735,0,0,0,3787,grass_8
0.741,0,0,0,3780,grass_8
0.743,0,0,0,3784,grass_8
0.749,0,0,0,3778,grass_8
0.756,0,0,0,3783,grass_8
0.76,0,0,0,3783,grass_8
0.763,0,0,0,3782,grass_8
0.769,0,0,0,3779,grass_8
0.772,0,0,0,3780,grass_8
0.777,0,0,0,3776,grass_8
0.784,0,0,0,3779,grass_8
0.791,0,0,0,3778,grass_8
0.793,0,0,0,3786,grass_8
0.797,0,0,0,3782,grass_8
0.804,0,0,0,3780,grass_8
0.807,0,0,0,3778,grass_8
0.811,0,0,0,3779,grass_8
0.818,0,0,0,3782,grass_8
0.825,0,0,0,3782,grass_8
0.825,0,0,0,3780,grass_8
0.834,0,0,0,3779,grass_8
0.839,0,0,0,3782,grass_8
0.842,0,0,0,3781,grass_8
0.846,0,0,0,3782,grass_8
0.853,0,0,0,3779,grass_8
0.86,0,0,0,3783,grass_8
0.861,0,0,0,3783,grass_8
0.867,0,0,0,3782,grass_8
0.874,0,0,0,3783,grass_8
0.881,0,0,0,3782,grass_8
0.882,0,0,0,3783,grass_8
0.888,0,0,0,3784,grass_8
0.895,0,0,0,3783,grass_8
0.9,0,0,0,3783,grass_8
0.902,0,0,0,3783,grass_8
0.909,0,0,0,3778,grass_8
0.915,0,0,0,3784,grass_8
0.916,0,0,0,3783,grass_8
0.923,0,0,0,3780,grass_8
0.93,0,0,0,3783,grass_8
0.936,0,0,0,3781,grass_8
0.937,0,0,0,3790,grass_8
0.943,0,0,0,3786,grass_8
0.95,0,0,0,3784,grass_8
0.952,0,0,0,3783,grass_8
0.96,0,0,0,3783,grass_8
0.964,0,0,0,3781,grass_8
0.968,0,0,0,3775,grass_8
0.971,0,0,0,3790,grass_8
0.978,0,0,0,3779,grass_8
0.985,0,0,0,3779,grass_8
0.986,0,0,0,3782,grass_8
0.995,0,0,0,3778,grass_8
1.0,0,0,0,3783,grass_8
1.006,0,0,0,3782,grass_8
1.01,0,0,0,3784,grass_8
1.013,0,0,0,3780,grass_8
1.02,0,0,0,3784,grass_8
1.022,0,0,0,3780,grass_8
1.027,0,0,0,3782,grass_8
1.034,0,0,0,3784,grass_8
1.04,0,0,0,3785,grass_8
1.041,0,0,0,3783,grass_8
1.047,0,0,0,3777,grass_8
1.054,0,0,0,3783,grass_8
1.06,0,0,0,3782,grass_8
1.061,0,0,0,3784,grass_8
1.069,0,0,0,3785,grass_8
1.075,0,0,0,3787,grass_8
1.076,0,0,0,3782,grass_8
1.082,0,0,0,3779,grass_8
1.089,0,0,0,3783,grass_8
1.095,0,0,0,3789,grass_8
1.096,0,0,0,3784,grass_8
1.103,0,0,0,3778,grass_8
1.11,0,0,0,3781,grass_8
1.11,0,0,0,3783,grass_8
1.118,0,0,0,3783,grass_8
1.124,0,0,0,3780,grass_8
1.126,0,0,0,3783,grass_8
1.131,0,0,0,3781,grass_8
1.138,0,0,0,3778,grass_8
1.145,0,0,0,3785,grass_8
1.145,0,0,0,3783,grass_8
1.152,0,0,0,3783,grass_8
1.158,0,0,0,3783,grass_8
1.161,0,0,0,3780,grass_8
1.166,0,0,0,3786,grass_8
1.173,0,0,0,3781,grass_8
1.18,0,0,0,3786,grass_8
1.18,0,0,0,3775,grass_8
1.188,0,0,0,3782,grass_8
1.194,0,0,0,3787,grass_8
1.2,0,0,0,3791,grass_8
1.204,0,0,0,3852,grass_8
1.207,0,0,0,3884,grass_8
1.214,0,0,0,3903,grass_8
1.216,0,0,0,3897,grass_8
1.221,0,0,0,3908,grass_8
1.228,0,0,0,3951,grass_8
1.235,0,0,0,3962,grass_8
1.236,0,0,0,3976,grass_8
1.242,0,0,0,3983,grass_8
1.249,0,0,0,3993,grass_8
1.255,0,1744,0,4008,grass_8
1.256,0,2147,0,4026,grass_8
1.263,0,2439,0,4027,grass_8
1.27,0,2466,0,4032,grass_8
1.27,0,2459,0,4022,grass_8
1.278,0,2304,0,4025,grass_8
1.283,0,1840,0,4017,grass_8
1.29,0,0,0,4006,grass_8
1.294,0,0,0,3991,grass_8
1.297,0,0,0,3998,grass_8
1.304,0,0,0,4013,grass_8
1.306,0,0,0,4026,grass_8
1.311,0,297,0,4033,grass_8
1.318,0,2184,0,4025,grass_8
1.324,0,2302,0,4031,grass_8
1.326,0,1911,0,4026,grass_8
1.333,0,1987,0,4018,grass_8
1.339,0,2777,0,4024,grass_8
1.345,0,3145,0,4021,grass_8
1.35,0,3308,0,4025,grass_8
1.353,0,3302,0,4019,grass_8
1.36,0,3271,0,4009,grass_8
1.364,0,2897,0,3991,grass_8
1.369,0,3205,0,3950,grass_8
1.375,0,3308,0,3945,grass_8
1.376,0,3277,0,3993,grass_8
1.381,0,3248,0,4003,grass_8
1.388,0,2999,0,4011,grass_8
1.395,0,1993,0,4007,grass_8
1.395,0,0,0,4004,grass_8
1.403,0,0,0,3973,grass_8
1.409,0,0,0,3942,grass_8
1.411,0,0,0,3973,grass_8
1.419,0,0,0,3999,grass_8
1.423,0,0,0,4008,grass_8
1.429,0,0,0,4027,grass_8
1.431,0,0,0,4029,grass_8
1.436,0,0,0,4026,grass_8
1.443,0,0,0,4022,grass_8
1.449,0,0,0,4019,grass_8
1.45,0,1313,0,4023,grass_8
1.457,0,1256,0,4023,grass_8
1.464,0,1824,0,4013,grass_8
1.464,0,2479,0,4028,grass_8
1.471,0,2610,0,4021,grass_8
1.478,0,3024,0,4025,grass_8
1.484,0,3506,0,4016,grass_8
1.489,0,3612,0,4017,grass_8
1.495,0,3430,0,4022,grass_8
1.499,0,1267,0,4022,grass_8
1.5,0,0,0,4001,grass_8
1.506,0,0,0,3982,grass_8
1.513,0,0,0,3974,grass_8
1.52,0,0,0,3967,grass_8
1.521,0,0,0,3974,grass_8
1.53,0,0,0,3964,grass_8
1.533,0,0,0,3942,grass_8
1.538,0,2129,0,3981,grass_8
1.541,0,3532,0,4010,grass_8
1.548,0,3699,0,4025,grass_8
1.554,0,3784,0,4034,grass_8
1.556,0,3812,0,4034,grass_8
1.562,0,3795,0,4019,grass_8
1.568,0,3733,0,4005,grass_8
1.574,0,3400,0,3995,grass_8
1.575,0,0,0,3984,grass_8
1.582,0,0,0,3986,grass_8
1.589,0,2828,0,3993,grass_8
1.589,0,3346,0,4022,grass_8
1.598,0,3722,0,4021,grass_8
1.603,0,3784,0,4015,grass_8
1.606,0,3722,0,4027,grass_8
1.615,0,3379,0,4021,grass_8
1.617,0,0,0,4012,grass_8
1.624,0,0,0,3946,grass_8
1.625,0,0,0,3795,grass_8
1.631,0,0,0,3736,grass_8
1.638,0,0,0,3925,grass_8
1.644,0,0,0,3978,grass_8
1.645,0,0,0,3982,grass_8
1.652,0,0,0,3981,grass_8
1.659,0,2876,0,3976,grass_8
1.663,0,3418,0,3981,grass_8
1.665,0,3519,0,3995,grass_8
1.672,0,3552,0,4013,grass_8
1.675,0,3432,0,4019,grass_8
1.68,0,3310,0,3996,grass_8
1.688,0,2128,0,3937,grass_8
1.693,0,0,0,3767,grass_8
1.696,0,0,0,3601,grass_8
1.7,0,0,0,3878,grass_8
1.707,0,0,0,3975,grass_8
1.714,0,1106,0,3994,grass_8
1.715,0,3129,0,3996,grass_8
1.721,0,3466,0,3991,grass_8
1.728,0,3438,0,3970,grass_8
1.734,0,2757,0,3971,grass_8
1.735,0,0,0,3949,grass_8
1.742,0,0,0,3948,grass_8
1.748,0,0,0,3918,grass_8
1.75,0,0,0,3820,grass_8
1.756,0,0,0,3746,grass_8
1.762,0,0,0,3727,grass_8
1.765,0,0,0,3808,grass_8
1.77,0,0,0,3799,grass_8
1.778,0,0,0,3454,grass_8
1.783,0,0,0,3026,grass_8
1.786,0,2573,0,2197,grass_8
1.79,0,2794,0,2639,grass_8
1.797,0,2484,0,3270,grass_8
1.804,0,2319,0,3500,grass_8
1.805,0,2034,0,3432,grass_8
1.811,0,832,0,3423,grass_8
1.818,0,0,0,3486,grass_8
1.819,0,0,0,3717,grass_8
1.828,0,0,0,3844,grass_8
1.832,0,2893,0,3903,grass_8
1.839,0,3366,0,3957,grass_8
1.839,0,3513,0,3981,grass_8
1.846,0,3557,0,3987,grass_8
1.853,0,3513,0,3988,grass_8
1.855,0,3355,0,4002,grass_8
1.863,0,2800,0,3991,grass_8
1.867,0,0,0,3985,grass_8
1.874,0,0,0,3986,grass_8
1.874,0,0,0,3989,grass_8
1.881,0,0,0,3994,grass_8
1.888,0,0,0,4001,grass_8
1.894,0,0,0,4006,grass_8
1.895,0,2249,0,4017,grass_8
1.902,0,3240,0,4020,grass_8
1.909,0,3467,0,4021,grass_8
1.91,0,3573,0,4016,grass_8
1.916,0,3604,0,4013,grass_8
1.923,0,3442,0,4008,grass_8
1.923,0,3069,0,3990,grass_8
1.931,0,0,0,3976,grass_8
1.939,0,0,0,3954,grass_8
1.943,0,0,0,3946,grass_8
1.945,0,0,0,3942,grass_8
1.95,0,0,0,3956,grass_8
1.957,0,2594,0,3968,grass_8
1.963,0,3325,0,3979,grass_8
1.964,0,3445,0,3988,grass_8
1.971,0,3525,0,3993,grass_8
1.978,0,3592,0,3991,grass_8
1.98,0,3599,0,3985,grass_8
1.988,0,3571,0,3980,grass_8
1.992,0,3442,0,3974,grass_8
1.998,0,3239,0,3953,grass_8
1.999,0,2539,0,3937,grass_8
2.006,0,0,0,3913,grass_8
2.013,0,0,0,3933,grass_8
2.019,0,0,0,3946,grass_8
2.02,0,1229,0,3971,grass_8
2.027,0,2814,0,3994,grass_8
2.033,0,3294,0,3999,grass_8
2.034,0,3450,0,4022,grass_8
2.041,0,3492,0,4014,grass_8
2.048,0,3460,0,4012,grass_8
2.054,0,3150,0,4011,grass_8
2.054,0,1596,0,4012,grass_8
2.061,0,0,0,4005,grass_8
2.068,0,0,0,4004,grass_8
2.073,0,0,0,4005,grass_8
2.076,0,1702,0,4009,grass_8
2.082,0,3292,0,4008,grass_8
2.082,0,3543,0,4003,grass_8
2.089,0,3654,0,4011,grass_8
2.096,0,3664,0,4003,grass_8
2.103,0,3603,0,3988,grass_8
2.104,0,3379,0,3981,grass_8
2.11,0,2955,0,3939,grass_8
2.117,0,2299,0,3922,grass_8
2.123,0,1167,0,3921,grass_8
2.124,0,1953,0,3922,grass_8
2.131,0,2982,0,3951,grass_8
2.138,0,3316,0,3960,grass_8
2.139,0,3434,0,3990,grass_8
2.147,0,3474,0,3995,grass_8
2.152,0,3469,0,4000,grass_8
2.156,0,3422,0,4001,grass_8
2.162,0,3341,0,4005,grass_8
2.166,0,3234,0,4002,grass_8
2.172,0,3187,0,4009,grass_8
2.174,0,3149,0,4002,grass_8
2.182,0,3015,0,3997,grass_8
2.186,0,2404,0,4000,grass_8
2.193,0,1217,0,4004,grass_8
2.196,0,905,0,3995,grass_8
2.2,0,2391,0,4001,grass_8
2.207,0,3137,0,3999,grass_8
2.209,0,3432,0,4000,grass_8
2.214,0,3544,0,4000,grass_8
2.221,0,3590,0,4007,grass_8
2.228,0,3555,0,4001,grass_8
2.228,0,3453,0,4000,grass_8
2.237,0,3241,0,3998,grass_8
2.241,0,2678,0,3995,grass_8
2.245,0,2149,0,3984,grass_8
2.249,0,879,0,3981,grass_8
2.256,0,0,0,3974,grass_8
2.262,0,0,0,3999,grass_8
2.266,0,2669,0,3994,grass_8
2.272,0,3389,0,3997,grass_8
2.277,0,3578,0,4005,grass_8
2.283,0,3672,0,4006,grass_8
2.286,0,3716,0,4004,grass_8
2.292,0,3694,0,4010,grass_8
2.298,0,3610,0,3994,grass_8
2.3,0,3301,0,3977,grass_8
2.304,0,0,0,3949,grass_8
2.311,0,0,0,3932,grass_8
2.317,0,0,0,3931,grass_8
2.319,0,0,0,3961,grass_8
2.325,0,0,0,3984,grass_8
2.332,0,2736,0,3999,grass_8
2.334,0,3401,0,4013,grass_8
2.339,0,3525,0,4023,grass_8
2.346,0,3586,0,4014,grass_8
2.353,0,3567,0,4020,grass_8
2.353,0,3572,0,4013,grass_8
2.36,0,3528,0,4020,grass_8
2.366,0,3495,0,4011,grass_8
2.371,0,3417,0,4000,grass_8
2.377,0,3154,0,3996,grass_8
2.381,0,2179,0,3988,grass_8
2.388,0,0,0,3970,grass_8
2.388,0,1009,0,3963,grass_8
2.396,0,2091,0,3975,grass_8
2.402,0,3124,0,3988,grass_8
2.408,0,3421,0,4001,grass_8
2.409,0,3522,0,4008,grass_8
2.415,0,3541,0,4017,grass_8
2.423,0,3559,0,4014,grass_8
2.427,0,3478,0,4014,grass_8
2.429,0,3039,0,4014,grass_8
2.436,0,931,0,4011,grass_8
2.439,0,0,0,4007,grass_8
2.443,0,0,0,4006,grass_8
2.45,0,1947,0,4008,grass_8
2.457,0,3256,0,4003,grass_8
2.458,0,3534,0,4012,grass_8
2.464,0,3632,0,4009,grass_8
2.471,0,3657,0,4005,grass_8
2.478,0,3632,0,4003,grass_8
2.478,0,3523,0,3991,grass_8
2.485,0,3363,0,3988,grass_8
2.492,0,3006,0,3959,grass_8
2.498,0,1407,0,3953,grass_8
2.5,0,952,0,3967,grass_8
2.506,0,2026,0,3988,grass_8
2.513,0,3158,0,3994,grass_8
2.517,0,3395,0,4010,grass_8
2.52,0,3493,0,4013,grass_8
2.526,0,3532,0,4016,grass_8
2.528,0,3524,0,4015,grass_8
2.533,0,3452,0,4033,grass_8
2.54,0,3358,0,4017,grass_8
2.547,0,2978,0,4019,grass_8
2.548,0,1185,0,4000,grass_8
2.554,0,0,0,4010,grass_8
2.561,0,0,0,4020,grass_8
2.567,0,0,0,4003,grass_8
2.568,0,930,0,4009,grass_8
2.575,0,2433,0,4007,grass_8
2.582,0,3110,0,4012,grass_8
2.582,0,3293,0,4006,grass_8
2.59,0,3398,0,4007,grass_8
2.597,0,3465,0,4008,grass_8
2.602,0,3487,0,4002,grass_8
2.603,0,3474,0,3999,grass_8
2.61,0,3419,0,3992,grass_8
2.617,0,3357,0,3983,grass_8
2.618,0,3321,0,3981,grass_8
2.623,0,3322,0,3986,grass_8
2.631,0,3331,0,3978,grass_8
2.637,0,3304,0,3970,grass_8
2.638,0,3219,0,3971,grass_8
2.644,0,3199,0,3973,grass_8
2.652,0,3304,0,3987,grass_8
2.653,0,3365,0,3992,grass_8
2.661,0,3428,0,4002,grass_8
2.665,0,3509,0,4008,grass_8
2.672,0,3471,0,4002,grass_8
2.677,0,2976,0,3980,grass_8
2.679,0,0,0,3963,grass_8
2.686,0,0,0,3942,grass_8
2.688,0,0,0,3970,grass_8
2.697,0,0,0,3989,grass_8
2.702,0,3060,0,4002,grass_8
2.702,0,3556,0,4020,grass_8
2.711,0,3640,0,4028,grass_8
2.714,0,3682,0,4027,grass_8
2.721,0,3632,0,4025,grass_8
2.727,0,3502,0,4014,grass_8
2.728,0,2567,0,4003,grass_8
2.735,0,0,0,3992,grass_8
2.741,0,0,0,3972,grass_8
2.743,0,0,0,3975,grass_8
2.749,0,0,0,3978,grass_8
2.756,0,2538,0,3991,grass_8
2.762,0,3339,0,3996,grass_8
2.763,0,3493,0,4001,grass_8
2.769,0,3537,0,4004,grass_8
2.776,0,3479,0,4000,grass_8
2.778,0,3266,0,3987,grass_8
2.783,0,1945,0,3948,grass_8
2.79,0,0,0,3861,grass_8
2.797,0,0,0,3730,grass_8
2.798,0,0,0,3699,grass_8
2.804,0,0,0,3829,grass_8
2.811,0,0,0,3954,grass_8
2.817,0,2012,0,3989,grass_8
2.819,0,2890,0,3988,grass_8
2.825,0,2449,0,3988,grass_8
2.832,0,0,0,3954,grass_8
2.832,0,0,0,3939,grass_8
2.839,0,0,0,3962,grass_8
2.846,0,0,0,3989,grass_8
2.846,0,0,0,4004,grass_8
2.854,0,1683,0,4016,grass_8
2.86,0,3163,0,4025,grass_8
2.867,0,3508,0,4024,grass_8
2.871,0,3565,0,4022,grass_8
2.874,0,3571,0,4022,grass_8
2.88,0,3548,0,4017,grass_8
2.883,0,3417,0,4012,grass_8
2.888,0,3166,0,4014,grass_8
2.897,0,3234,0,3993,grass_8
2.901,0,3415,0,3972,grass_8
2.904,0,3467,0,3975,grass_8
2.908,0,3456,0,3961,grass_8
2.916,0,3382,0,3957,grass_8
2.922,0,3036,0,3960,grass_8
2.923,0,2740,0,3948,grass_8
2.929,0,2586,0,3928,grass_8
2.936,0,2095,0,3867,grass_8
2.937,0,0,0,3834,grass_8
2.946,0,0,0,3591,grass_8
2.95,0,0,0,3681,grass_8
2.954,0,0,0,3761,grass_8
2.957,0,0,0,3880,grass_8
2.964,0,0,0,3936,grass_8
2.971,0,0,0,3977,grass_8
2.972,0,0,0,4000,grass_8
2.978,0,506,0,4016,grass_8
2.985,0,879,0,3986,grass_8
2.992,0,0,0,3950,grass_8
2.996,0,0,0,3957,grass_8
2.999,0,0,0,3955,grass_8
3.005,0,2629,0,3966,grass_8
3.012,0,3292,0,3983,grass_8
3.012,0,3497,0,4004,grass_8
3.02,0,3530,0,4021,grass_8
3.026,0,3410,0,4007,grass_8
3.027,0,3122,0,4004,grass_8
3.033,0,2390,0,3988,grass_8
3.041,0,0,0,3971,grass_8
3.046,0,0,0,3953,grass_8
3.047,0,0,0,3963,grass_8
3.054,0,0,0,3972,grass_8
3.061,0,0,0,3984,grass_8
3.062,0,0,0,3988,grass_8
3.071,0,0,0,3989,grass_8
3.075,0,1826,0,3981,grass_8
3.079,0,1605,0,3979,grass_8
3.082,0,0,0,3956,grass_8
3.089,0,0,0,3913,grass_8
3.097,0,0,0,3760,grass_8
3.097,0,0,0,3737,grass_8
3.103,0,0,0,3702,grass_8
3.11,0,0,0,3755,grass_8
3.116,0,0,0,3843,grass_8
3.117,0,0,0,3924,grass_8
3.124,0,0,0,3965,grass_8
3.131,0,0,0,3990,grass_8
3.135,0,0,0,3976,grass_8
3.137,0,0,0,3945,grass_8
3.144,0,0,0,3876,grass_8
3.151,0,0,0,3798,grass_8
3.151,0,0,0,3819,grass_8
3.16,0,0,0,3887,grass_8
3.165,0,0,0,3935,grass_8
3.168,0,0,0,3958,grass_8
3.172,0,497,0,3964,grass_8
3.179,0,2357,0,3967,grass_8
3.186,0,1715,0,3952,grass_8
3.187,0,0,0,3942,grass_8
3.193,0,0,0,3914,grass_8
3.2,0,0,0,3884,grass_8
3.206,0,0,0,3845,grass_8
3.207,0,0,0,3795,grass_8
3.214,0,0,0,3777,grass_8
3.221,0,0,0,3829,grass_8
3.222,0,0,0,3868,grass_8
3.228,0,0,0,3888,grass_8
3.235,0,0,0,3880,grass_8
3.241,0,0,0,3836,grass_8
3.242,0,0,0,3754,grass_8
3.248,0,0,0,3614,grass_8
3.256,0,0,0,3162,grass_8
3.257,0,0,0,2151,grass_8
3.265,0,0,0,1485,grass_8
3.269,0,0,0,0,grass_8
3.273,0,0,0,2817,grass_8
3.277,0,0,0,3191,grass_8
3.283,0,0,0,3336,grass_8
3.29,0,0,0,3294,grass_8
3.292,0,0,0,3075,grass_8
3.3,0,0,0,1628,grass_8
3.304,0,0,0,460,grass_8
3.31,0,0,0,2560,grass_8
3.311,0,0,0,3405,grass_8
3.318,0,0,0,3646,grass_8
3.325,0,0,0,3660,grass_8
3.327,0,0,1747,3691,grass_8
3.332,0,0,1456,3655,grass_8
3.339,0,0,0,3591,grass_8
3.346,0,0,0,3538,grass_8
3.346,0,0,0,3510,grass_8
3.353,0,0,0,3296,grass_8
3.359,0,0,0,3212,grass_8
3.362,0,0,0,2792,grass_8
3.367,0,0,0,1596,grass_8
3.374,0,0,0,2006,grass_8
3.381,0,0,0,2811,grass_8
3.381,0,0,0,3398,grass_8
3.388,0,0,0,3521,grass_8
3.394,0,0,0,3538,grass_8
3.397,0,0,0,3453,grass_8
3.402,0,0,0,3164,grass_8
3.409,0,0,0,2875,grass_8
3.415,0,0,0,2037,grass_8
3.415,0,0,689,2301,grass_8
3.424,0,0,1457,3184,grass_8
3.429,0,0,1803,3481,grass_8
3.431,0,0,1228,3409,grass_8
3.44,0,0,0,3530,grass_8
3.443,0,0,0,2844,grass_8
3.45,0,0,0,3174,grass_8
3.45,0,0,0,3545,grass_8
3.457,0,0,0,3444,grass_8
3.464,0,0,0,3235,grass_8
3.471,0,0,0,2483,grass_8
3.471,0,0,0,1751,grass_8
3.478,0,0,0,2871,grass_8
3.484,0,0,0,3397,grass_8
3.486,0,0,0,3507,grass_8
3.492,0,0,0,3473,grass_8
3.499,0,0,0,3408,grass_8
3.505,0,0,0,3508,grass_8
3.506,0,0,0,3673,grass_8
3.512,0,0,0,3692,grass_8
3.519,0,0,0,3585,grass_8
3.526,0,0,0,3270,grass_8
3.526,0,0,0,2966,grass_8
3.533,0,0,0,2146,grass_8
3.54,0,0,0,2626,grass_8
3.542,0,0,0,2713,grass_8
3.55,0,0,0,2718,grass_8
3.554,0,0,0,3296,grass_8
3.558,0,0,0,3706,grass_8
3.561,0,0,0,3806,grass_8
3.568,0,0,0,3822,grass_8
3.574,0,0,0,3834,grass_8
3.576,0,0,0,3826,grass_8
3.582,0,0,0,3803,grass_8
3.589,0,0,0,3839,grass_8
3.595,0,0,0,3866,grass_8
3.597,0,0,0,3907,grass_8
3.603,0,0,0,3899,grass_8
3.609,0,0,0,3888,grass_8
3.611,0,0,0,3809,grass_8
3.616,0,0,0,3785,grass_8
3.624,0,0,0,3840,grass_8
3.63,0,0,0,3893,grass_8
3.631,0,0,0,3918,grass_8
3.638,0,0,0,3876,grass_8
3.644,0,0,0,3831,grass_8
3.65,0,0,0,3811,grass_8
3.651,0,0,0,3889,grass_8
3.658,0,0,0,3932,grass_8
3.665,0,0,0,3943,grass_8
3.666,0,0,0,3938,grass_8
3.672,0,0,0,3912,grass_8
3.679,0,1093,0,3889,grass_8
3.685,0,1653,0,3900,grass_8
3.686,0,1812,0,3935,grass_8
3.694,0,1310,0,3959,grass_8
3.7,0,1730,0,3955,grass_8
3.7,0,2317,0,3949,grass_8
3.709,0,2329,0,3927,grass_8
3.714,0,2469,0,3952,grass_8
3.717,0,2603,0,3968,grass_8
3.721,0,2831,0,3962,grass_8
3.728,0,2987,0,3968,grass_8
3.734,0,2799,0,3975,grass_8
3.736,0,2760,0,3962,grass_8
3.742,0,3065,0,3995,grass_8
3.749,0,3252,0,3987,grass_8
3.755,0,3339,0,3978,grass_8
3.756,0,3294,0,3979,grass_8
3.763,0,3318,0,3959,grass_8
3.769,0,3256,0,3927,grass_8
3.771,0,3099,0,3911,grass_8
3.776,0,3224,0,3859,grass_8
3.783,0,3204,0,3836,grass_8
3.79,0,2688,0,3884,grass_8
3.791,0,2672,0,3914,grass_8
3.797,0,2678,0,3902,grass_8
3.804,0,2982,0,3943,grass_8
3.81,0,3138,0,3987,grass_8
3.811,0,3282,0,3975,grass_8
3.818,0,3520,0,3980,grass_8
3.825,0,2978,0,4025,grass_8
3.827,0,2984,0,4015,grass_8
3.832,0,3366,0,4020,grass_8
3.839,0,3459,0,4013,grass_8
3.845,0,3561,0,4002,grass_8
3.846,0,3589,0,3975,grass_8
3.853,0,3639,0,3914,grass_8
3.86,0,3363,0,4009,grass_8
3.86,0,2783,0,4018,grass_8
3.868,0,3455,0,3947,grass_8
3.873,0,3432,0,3967,grass_8
3.877,0,3343,0,3998,grass_8
3.88,0,3354,0,4026,grass_8
3.888,0,3181,0,4031,grass_8
3.894,0,3361,0,4033,grass_8
3.897,0,3525,0,4025,grass_8
3.901,0,3599,0,4017,grass_8
3.908,0,3712,0,3996,grass_8
3.914,0,3694,0,3992,grass_8
3.915,0,3547,0,4036,grass_8
3.923,0,3482,0,4020,grass_8
3.929,0,3496,0,4026,grass_8
3.93,0,3641,0,4004,grass_8
3.936,0,3692,0,4011,grass_8
3.943,0,3555,0,4026,grass_8
3.95,0,3552,0,4032,grass_8
3.951,0,3611,0,4035,grass_8
3.957,0,3670,0,4033,grass_8
3.964,0,3671,0,4040,grass_8
3.966,0,3639,0,4033,grass_8
3.971,0,3384,0,4045,grass_8
3.978,0,3507,0,4039,grass_8
3.985,0,3656,0,4047,grass_8
3.985,0,3705,0,4049,grass_8
3.993,0,3735,0,4051,grass_8
3.998,0,3655,0,4038,grass_8
4.001,0,3430,0,4057,grass_8
4.006,0,3254,0,4050,grass_8
4.013,0,3464,0,4037,grass_8
4.019,0,3621,0,4032,grass_8
4.02,0,3685,0,4033,grass_8
4.026,0,3692,0,4024,grass_8
4.033,0,3598,0,4039,grass_8
4.039,0,3244,0,4025,grass_8
4.04,0,3139,0,4039,grass_8
4.047,0,3528,0,4026,grass_8
4.054,0,3657,0,4044,grass_8
4.054,0,3708,0,4036,grass_8
4.063,0,3716,0,4045,grass_8
4.068,0,3754,0,4042,grass_8
4.07,0,3737,0,4050,grass_8
4.075,0,3729,0,4047,grass_8
4.082,0,3733,0,4050,grass_8
4.089,0,3736,0,4052,grass_8
4.089,0,3734,0,4049,grass_8
4.097,0,3694,0,4043,grass_8
4.103,0,3696,0,4046,grass_8
4.105,0,3668,0,4038,grass_8
4.113,0,3493,0,4028,grass_8
4.117,0,2954,0,4026,grass_8
4.123,0,0,0,4008,grass_8
4.13,0,0,0,3993,grass_8
4.13,0,0,0,3968,grass_8
4.138,0,0,0,3864,grass_8
4.144,0,0,0,3737,grass_8
4.148,0,0,0,3733,grass_8
4.154,0,0,0,3833,grass_8
4.159,0,0,0,3851,grass_8
4.165,0,0,0,3932,grass_8
4.169,0,0,0,3964,grass_8
4.173,0,0,0,3997,grass_8
4.179,0,0,0,4024,grass_8
4.182,0,0,0,4036,grass_8
4.186,0,0,0,4040,grass_8
4.193,0,0,0,4038,grass_8
4.199,0,0,0,4039,grass_8
4.2,0,0,0,4041,grass_8
4.207,0,0,0,4041,grass_8
4.214,0,0,0,4045,grass_8
4.214,0,0,0,4042,grass_8
4.224,0,0,0,4049,grass_8
4.227,0,0,0,4048,grass_8
4.231,0,0,0,4051,grass_8
4.239,0,0,0,4044,grass_8
4.242,0,0,0,4044,grass_8
4.249,0,0,0,4032,grass_8
4.249,0,0,0,4050,grass_8
4.256,0,0,0,4036,grass_8
4.263,0,0,0,4039,grass_8
4.265,0,0,0,4037,grass_8
4.274,0,2168,0,4040,grass_8
4.276,0,2210,0,4034,grass_8
4.283,0,2245,0,4033,grass_8
4.283,0,2383,0,4034,grass_8
4.29,0,1266,0,4031,grass_8
4.298,0,0,0,4027,grass_8
4.304,0,0,0,4010,grass_8
4.305,0,1856,0,4012,grass_8
4.311,0,2488,0,4016,grass_8
4.318,0,3067,0,4028,grass_8
4.324,0,3352,0,4030,grass_8
4.325,0,3480,0,4031,grass_8
4.332,0,3544,0,4037,grass_8
4.338,0,3574,0,4042,grass_8
4.34,0,3551,0,4034,grass_8
4.345,0,3492,0,4032,grass_8
4.352,0,3460,0,4031,grass_8
4.355,0,3229,0,4026,grass_8
4.36,0,2900,0,4024,grass_8
4.366,0,2549,0,4026,grass_8
4.373,0,2442,0,4025,grass_8
4.373,0,2854,0,4020,grass_8
4.381,0,3203,0,4037,grass_8
4.388,0,3365,0,4038,grass_8
4.394,0,3209,0,4030,grass_8
4.397,0,1945,0,4034,grass_8
4.401,0,0,0,4021,grass_8
4.408,0,0,0,4011,grass_8
4.414,0,0,0,4001,grass_8
4.415,0,0,0,3985,grass_8
4.422,0,0,0,3968,grass_8
4.425,0,0,0,3979,grass_8
4.433,0,0,0,3984,grass_8
4.436,0,0,0,3990,grass_8
4.443,0,0,0,3991,grass_8
4.449,0,0,0,3975,grass_8
4.45,0,0,0,3928,grass_8
4.457,0,0,0,3854,grass_8
4.464,0,0,0,3727,grass_8
4.465,0,0,0,3545,grass_8
4.471,0,0,0,3543,grass_8
4.477,0,0,0,3448,grass_8
4.484,0,0,0,3170,grass_8
4.485,0,0,0,2084,grass_8
4.491,0,0,0,1471,grass_8
4.499,0,0,0,0,grass_8
4.503,0,0,0,0,grass_8
4.506,0,0,0,0,grass_8
4.512,0,0,0,0,grass_8
4.519,0,0,0,0,grass_8
4.519,0,0,0,0,grass_8
4.526,0,0,0,0,grass_8
4.533,0,0,0,0,grass_8
4.534,0,0,0,0,grass_8
4.54,0,0,0,0,grass_8
4.547,0,0,0,0,grass_8
4.553,0,0,0,0,grass_8
4.554,0,0,0,0,grass_8
4.561,0,0,0,0,grass_8
4.568,0,0,0,0,grass_8
4.569,0,0,0,0,grass_8
4.575,0,0,0,0,grass_8
4.582,0,0,0,0,grass_8
4.588,0,0,0,0,grass_8
4.589,0,0,0,0,grass_8
4.598,0,0,0,0,grass_8
4.604,0,0,0,0,grass_8
4.604,0,0,0,0,grass_8
4.612,0,0,0,0,grass_8
4.616,0,0,0,0,grass_8
4.623,0,0,0,0,grass_8
4.628,0,0,0,0,grass_8
4.63,0,0,0,0,grass_8
4.637,0,0,0,0,grass_8
4.639,0,0,0,0,grass_8
4.644,0,0,0,0,grass_8
4.651,0,0,0,0,grass_8
4.658,0,0,0,0,grass_8
4.659,0,0,0,0,grass_8
4.665,0,0,0,0,grass_8
4.672,0,0,0,0,grass_8
4.678,0,0,0,0,grass_8
4.679,0,0,0,0,grass_8
4.686,0,0,0,0,grass_8
4.693,0,0,0,0,grass_8
4.698,1850,0,0,0,grass_8
4.701,2186,0,0,0,grass_8
4.707,2451,0,0,0,grass_8
4.71,0,0,0,0,grass_8
4.718,0,0,0,0,grass_8
4.721,0,0,0,0,grass_8
4.728,0,0,0,0,grass_8
4.728,0,0,0,0,grass_8
4.734,0,0,1657,0,grass_8
4.741,0,0,1390,0,grass_8
4.748,0,0,0,0,grass_8
4.749,0,0,0,0,grass_8
4.755,0,0,0,0,grass_8
4.762,0,0,0,0,grass_8
4.762,0,0,0,0,grass_8
4.771,0,0,0,0,grass_8
4.776,0,0,0,0,grass_8
4.783,0,0,0,0,grass_8
4.787,0,0,0,0,grass_8
4.79,0,0,0,0,grass_8
4.797,0,0,0,0,grass_8
4.799,0,0,0,0,grass_8
4.804,0,0,0,0,grass_8
4.812,0,0,0,0,grass_8
4.818,0,0,0,0,grass_8
4.82,0,0,0,0,grass_8
4.825,0,0,0,0,grass_8
4.832,0,0,0,0,grass_8
4.838,0,0,0,0,grass_8
4.839,0,0,0,0,grass_8
4.846,0,0,1146,0,grass_8
4.853,0,0,2386,0,grass_8
4.857,1836,0,2640,0,grass_8
4.859,2979,0,2899,0,grass_8
4.866,1865,0,2586,0,grass_8
4.869,0,0,1721,0,grass_8
4.874,0,0,0,0,grass_8
4.882,0,0,0,0,grass_8
4.887,0,0,0,0,grass_8
4.89,0,0,0,0,grass_8
4.894,0,0,0,0,grass_8
4.901,0,0,542,0,grass_8
4.907,0,0,2523,0,grass_8
4.908,0,0,2903,0,grass_8
4.915,0,0,2833,0,grass_8
4.922,0,0,2721,0,grass_8
4.923,0,0,2416,0,grass_8
4.929,0,0,0,0,grass_8
4.936,0,0,0,0,grass_8
4.943,0,0,0,0,grass_8
4.944,0,0,0,0,grass_8
4.95,0,0,0,0,grass_8
4.957,0,0,0,0,grass_8
4.958,0,0,0,0,grass_8
4.967,0,0,0,0,grass_8
4.97,0,0,1924,0,grass_8
4.977,0,0,2191,0,grass_8
4.977,0,0,2516,0,grass_8
4.984,0,0,2593,0,grass_8
4.991,0,0,2592,0,grass_8
4.993,0,0,2594,0,grass_8
4.999,0,0,2311,0,grass_8
5.005,0,0,1858,0,grass_8
5.012,0,0,0,0,grass_8
5.013,0,0,0,0,grass_8
5.019,0,0,0,0,grass_8
5.026,0,0,0,0,grass_8
5.033,0,0,1156,0,grass_8
5.033,0,0,2033,0,grass_8
5.04,0,0,2407,0,grass_8
5.047,0,0,2519,0,grass_8
5.048,0,0,2473,0,grass_8
5.056,0,0,2434,0,grass_8
5.061,0,0,2276,0,grass_8
5.068,0,0,2096,0,grass_8
5.072,0,0,2014,0,grass_8
5.075,0,0,1784,0,grass_8
5.081,0,0,1858,0,grass_8
5.083,0,0,1898,0,grass_8
5.089,0,0,2008,0,grass_8
5.097,0,0,2268,0,grass_8
5.102,0,0,2425,0,grass_8
5.105,0,0,2446,0,grass_8
5.11,0,0,2564,0,grass_8
5.117,0,0,2581,0,grass_8
5.123,0,0,2578,0,grass_8
5.123,0,0,2553,0,grass_8
5.13,0,0,2403,0,grass_8
5.138,0,0,2250,0,grass_8
5.138,0,0,1977,0,grass_8
5.146,0,0,1987,0,grass_8
5.151,0,0,2225,0,grass_8
5.154,0,0,2214,0,grass_8
5.158,0,0,2359,0,grass_8
5.165,0,0,2412,0,grass_8
5.172,0,0,2513,0,grass_8
5.173,0,0,2550,0,grass_8
5.179,0,0,2577,0,grass_8
5.186,0,0,2562,0,grass_8
5.188,0,0,2506,0,grass_8
5.193,0,0,2429,0,grass_8
5.202,0,0,2148,0,grass_8
5.207,0,0,2120,0,grass_8
5.207,0,0,1825,0,grass_8
5.213,0,0,1760,0,grass_8
5.22,0,0,1784,0,grass_8
5.227,0,0,2074,0,grass_8
5.228,0,0,2290,0,grass_8
5.234,0,0,2651,0,grass_8
5.241,0,0,2991,0,grass_8
5.248,0,0,3106,0,grass_8
5.248,0,0,3031,0,grass_8
5.255,0,0,2894,0,grass_8
5.262,0,0,2583,0,grass_8
5.263,0,0,2457,0,grass_8
5.269,0,0,2349,0,grass_8
5.276,0,0,2106,0,grass_8
5.278,0,0,1926,0,grass_8
5.283,0,0,2045,0,grass_8
5.29,0,0,2272,0,grass_8
5.297,0,0,2517,0,grass_8
5.299,0,0,2611,0,grass_8
5.304,0,0,2727,0,grass_8
5.311,2130,0,2664,0,grass_8
5.313,2348,0,2627,0,grass_8
5.318,2434,0,2586,0,grass_8
5.325,2424,0,2529,0,grass_8
5.331,2106,0,2411,0,grass_8
5.333,1116,0,2200,0,grass_8
5.338,0,0,1963,0,grass_8
5.346,0,0,2055,0,grass_8
5.351,0,0,2392,0,grass_8
5.353,0,0,2519,0,grass_8
5.36,0,0,2638,0,grass_8
5.366,0,0,2829,0,grass_8
5.368,0,0,3030,0,grass_8
5.373,0,0,3022,0,grass_8
5.38,0,0,3009,0,grass_8
5.387,0,0,2787,0,grass_8
5.388,0,0,2612,0,grass_8
5.394,0,0,2544,0,grass_8
5.401,0,0,2469,0,grass_8
5.402,0,0,2391,0,grass_8
5.41,0,0,2437,0,grass_8
5.415,0,0,2480,0,grass_8
5.419,0,0,2531,0,grass_8
5.427,0,0,2620,0,grass_8
5.429,1823,0,2630,0,grass_8
5.436,1926,0,2675,0,grass_8
5.442,2066,0,2642,0,grass_8
5.443,2193,0,2589,0,grass_8
5.449,2207,0,2528,0,grass_8
5.457,2186,0,2461,0,grass_8
5.457,2029,0,2262,0,grass_8
5.464,1876,0,2219,0,grass_8
5.471,2094,0,2254,0,grass_8
5.471,2215,0,2368,0,grass_8
5.479,2442,0,2482,0,grass_8
5.484,2502,0,2538,0,grass_8
5.491,2517,0,2597,0,grass_8
5.492,2502,0,2657,0,grass_8
5.5,2552,0,2830,0,grass_8
5.505,2450,0,2996,0,grass_8
5.512,2378,0,2935,0,grass_8
5.512,2326,0,2835,0,grass_8
5.519,1786,0,2792,0,grass_8
5.526,875,0,2638,0,grass_8
5.527,0,0,2854,0,grass_8
5.535,0,0,2904,0,grass_8
5.54,0,0,3020,0,grass_8
5.547,0,0,3034,0,grass_8
5.547,0,0,2953,0,grass_8
5.554,0,0,2645,0,grass_8
5.561,0,0,2544,0,grass_8
5.562,0,0,2536,0,grass_8
5.568,0,0,2461,0,grass_8
5.575,0,0,2406,0,grass_8
5.581,1885,0,2376,0,grass_8
5.582,2388,0,2408,0,grass_8
5.589,2552,0,2474,0,grass_8
5.597,2604,0,2550,0,grass_8
5.6,2797,0,2597,0,grass_8
5.605,2916,0,2608,0,grass_8
5.609,2946,0,2605,0,grass_8
5.616,2896,0,2618,0,grass_8
5.621,2701,0,2596,0,grass_8
5.623,2404,0,2584,0,grass_8
5.63,2064,0,2564,0,grass_8
5.632,1837,0,2566,0,grass_8
5.637,1689,0,2603,0,grass_8
5.644,1698,0,2665,0,grass_8
5.651,1858,0,2945,0,grass_8
5.652,1882,0,3001,0,grass_8
5.658,2015,0,3006,0,grass_8
5.665,2248,0,2963,0,grass_8
5.671,2201,0,2781,0,grass_8
5.672,2026,0,2662,0,grass_8
5.679,2002,0,2644,0,grass_8
5.686,2026,0,2640,0,grass_8
5.686,2373,0,2607,0,grass_8
5.694,2445,0,2620,0,grass_8
5.7,2485,0,2695,0,grass_8
5.702,2451,0,2616,0,grass_8
5.707,2201,0,2562,0,grass_8
5.714,1956,0,2543,0,grass_8
5.72,1605,0,2553,0,grass_8
5.72,1593,0,2603,0,grass_8
5.727,1479,0,2634,0,grass_8
5.734,1376,0,2629,0,grass_8
5.741,626,0,2564,0,grass_8
5.745,325,0,2317,0,grass_8
5.748,278,0,2309,0,grass_8
5.755,1151,0,2312,0,grass_8
5.757,2152,0,2292,0,grass_8
5.762,2402,0,2289,0,grass_8
5.77,2879,0,2276,0,grass_8
5.776,3059,0,2344,0,grass_8
5.778,3215,0,2450,0,grass_8
5.783,3270,0,2500,0,grass_8
5.79,3353,0,2544,0,grass_8
5.796,3375,0,2528,0,grass_8
5.8,3377,0,2504,0,grass_8
5.804,3297,0,2566,0,grass_8
5.811,3062,0,2602,0,grass_8
5.815,2938,0,2651,0,grass_8
5.818,2549,0,2652,0,grass_8
5.824,2141,0,2645,0,grass_8
5.831,2055,0,2606,0,grass_8
5.832,625,0,2490,0,grass_8
5.839,0,0,2503,0,grass_8
5.845,391,0,2591,0,grass_8
5.847,870,0,2738,0,grass_8
5.852,2137,0,3086,0,grass_8
5.859,2321,0,3115,0,grass_8
5.866,2523,0,3079,0,grass_8
5.868,2192,0,2452,0,grass_8
5.875,559,0,0,0,grass_8
5.88,0,0,0,0,grass_8
5.886,0,0,0,0,grass_8
5.889,0,0,0,0,grass_8
5.896,0,0,0,0,grass_8
5.9,2271,0,2544,0,grass_8
5.902,2884,0,3367,0,grass_8
5.91,2991,0,3454,0,grass_8
5.916,2947,0,3496,0,grass_8
5.918,2918,0,3437,0,grass_8
5.922,2835,0,3281,0,grass_8
5.929,2679,0,2676,0,grass_8
5.936,2288,0,2398,0,grass_8
5.937,1922,0,2303,0,grass_8
5.943,1349,0,2194,0,grass_8
5.95,1171,0,2217,0,grass_8
5.951,1666,0,2281,0,grass_8
5.959,2218,0,2482,0,grass_8
5.964,2370,0,2972,0,grass_8
5.97,2622,0,3327,0,grass_8
5.971,2947,0,3416,0,grass_8
5.977,3033,0,3430,0,grass_8
5.984,3012,0,3156,0,grass_8
5.991,2978,0,1944,0,grass_8
5.991,2493,0,0,0,grass_8
6.0,2217,0,0,0,grass_8
6.005,1648,0,0,0,grass_8
6.006,2647,0,0,0,grass_8
6.012,2930,0,0,0,grass_8
6.021,2792,0,0,0,grass_8
6.025,0,0,0,0,grass_8
6.026,0,0,0,0,grass_8
6.034,0,0,0,0,grass_8
6.04,0,0,0,0,grass_8
6.041,0,0,2451,0,grass_8
6.047,0,0,3245,0,grass_8
6.054,0,0,3534,0,grass_8
6.06,0,0,3580,0,grass_8
6.061,0,0,3613,0,grass_8
6.068,2428,0,3539,0,grass_8
6.075,2677,0,3547,0,grass_8
6.076,2865,0,3591,0,grass_8
6.085,2340,0,3605,0,grass_8
6.088,1490,0,3540,0,grass_8
6.096,0,0,3376,0,grass_8
6.1,0,0,3166,0,grass_8
6.102,0,0,3094,0,grass_8
6.109,0,0,2932,0,grass_8
6.111,0,0,3037,0,grass_8
6.117,0,0,2986,0,grass_8
6.123,0,0,3049,0,grass_8
6.13,0,0,3172,0,grass_8
6.131,0,0,2907,0,grass_8
6.137,0,0,1185,0,grass_8
6.144,0,0,0,0,grass_8
6.15,0,0,0,0,grass_8
6.151,0,0,0,0,grass_8
6.158,0,0,0,0,grass_8
6.165,0,0,1430,0,grass_8
6.165,0,0,3172,0,grass_8
6.173,0,0,3251,0,grass_8
6.179,0,0,3107,0,grass_8
6.181,1658,0,2981,0,grass_8
6.186,3081,0,2497,0,grass_8
6.193,3668,0,2384,0,grass_8
6.2,3784,0,3085,0,grass_8
6.201,3644,0,3550,0,grass_8
6.207,3462,0,3628,0,grass_8
6.214,3419,0,3600,0,grass_8
6.22,3604,0,3361,0,grass_8
6.221,3650,0,2899,0,grass_8
6.228,3437,0,2502,0,grass_8
6.234,2960,0,2489,0,grass_8
6.236,1578,0,2692,0,grass_8
6.244,0,0,2816,0,grass_8
6.248,0,0,2875,0,grass_8
6.255,0,0,2752,0,grass_8
6.255,0,0,2544,0,grass_8
6.262,0,0,2709,0,grass_8
6.269,0,0,2922,0,grass_8
6.271,0,0,3138,0,grass_8
6.276,1501,0,3216,0,grass_8
6.283,1424,0,3042,0,grass_8
6.29,0,0,1400,0,grass_8
6.291,0,0,0,0,grass_8
6.297,0,0,0,0,grass_8
6.304,0,0,0,0,grass_8
6.31,0,0,2201,0,grass_8
6.311,0,0,3162,0,grass_8
6.318,0,0,3024,0,grass_8
6.325,0,0,2225,0,grass_8
6.326,0,0,0,0,grass_8
6.332,0,0,0,0,grass_8
6.339,0,0,972,0,grass_8
6.345,0,0,2783,0,grass_8
6.346,0,0,3262,0,grass_8
6.353,0,0,3516,0,grass_8
6.359,0,0,3564,0,grass_8
6.36,0,0,3503,0,grass_8
6.37,2640,0,3390,0,grass_8
6.374,2975,0,3261,0,grass_8
6.377,1616,0,3288,0,grass_8
6.384,0,0,3266,0,grass_8
6.388,0,0,3149,0,grass_8
6.394,0,0,2605,0,grass_8
6.396,0,0,0,0,grass_8
6.401,0,0,0,0,grass_8
6.408,0,0,0,0,grass_8
6.414,0,0,0,0,grass_8
6.415,0,0,947,0,grass_8
6.422,0,0,1723,0,grass_8
6.43,0,0,1978,0,grass_8
6.43,0,0,1688,0,grass_8
6.438,0,0,0,0,grass_8
6.443,0,0,0,0,grass_8
6.45,0,0,0,0,grass_8
6.451,0,0,0,0,grass_8
6.457,0,0,0,0,grass_8
6.464,0,0,152,0,grass_8
6.469,0,0,1121,0,grass_8
6.471,0,0,0,0,grass_8
6.479,0,0,0,0,grass_8
6.484,0,0,0,0,grass_8
6.489,0,0,0,0,grass_8
6.491,0,0,0,0,grass_8
6.499,0,0,0,0,grass_8
6.505,0,0,1356,0,grass_8
6.507,0,0,2862,0,grass_8
6.512,0,0,3122,0,grass_8
6.52,0,0,3235,0,grass_8
6.524,0,0,3231,0,grass_8
6.526,0,0,3189,0,grass_8
6.535,0,0,3172,0,grass_8
6.54,0,0,3099,0,grass_8
6.541,0,0,2739,0,grass_8
6.547,0,0,1146,0,grass_8
6.554,0,0,0,0,grass_8
6.56,0,0,0,0,grass_8
6.56,0,0,0,0,grass_8
6.568,0,0,0,0,grass_8
6.575,0,0,1065,0,grass_8
6.575,0,0,2102,0,grass_8
6.584,0,0,2693,0,grass_8
6.588,0,0,2765,0,grass_8
6.594,0,0,2971,0,grass_8
6.596,0,0,3145,0,grass_8
6.603,0,0,3203,0,grass_8
6.609,0,0,3059,0,grass_8
6.61,0,0,2696,0,grass_8
6.616,365,0,803,0,grass_8
6.623,838,0,0,0,grass_8
6.629,327,0,0,0,grass_8
6.631,898,0,0,0,grass_8
6.637,2340,0,0,0,grass_8
6.644,3218,0,1908,0,grass_8
6.645,3495,0,2605,0,grass_8
6.654,3688,0,2975,0,grass_8
6.658,3796,0,3010,0,grass_8
6.665,3825,0,3076,0,grass_8
6.665,3833,0,3137,0,grass_8
6.672,3850,0,3302,0,grass_8
6.678,3854,0,3422,0,grass_8
6.682,3848,0,3479,0,grass_8
6.686,3860,0,3457,0,grass_8
6.693,3851,0,3326,0,grass_8
6.699,3863,0,3192,0,grass_8
6.704,3868,0,3271,0,grass_8
6.706,3870,0,3418,0,grass_8
6.714,3875,0,3538,0,grass_8
6.719,3879,0,3593,0,grass_8
6.72,3882,0,3631,0,grass_8
6.729,3898,0,3622,0,grass_8
6.734,3903,0,3635,0,grass_8
6.735,3886,0,3662,0,grass_8
6.743,3854,0,3662,0,grass_8
6.748,3818,0,3683,0,grass_8
6.754,3808,0,3651,0,grass_8
6.755,3846,0,3559,0,grass_8
6.763,3879,0,3431,0,grass_8
6.769,3871,0,3389,0,grass_8
6.774,3853,0,3411,0,grass_8
6.776,3819,0,3276,0,grass_8
6.783,3795,0,3202,0,grass_8
6.789,3828,0,3289,0,grass_8
6.79,3874,0,3314,0,grass_8
6.797,3909,0,3590,0,grass_8
6.803,3923,0,3707,0,grass_8
6.809,3922,0,3762,0,grass_8
6.81,3925,0,3779,0,grass_8
6.818,3935,0,3777,0,grass_8
6.824,3941,0,3763,0,grass_8
6.826,3923,0,3747,0,grass_8
6.831,3921,0,3730,0,grass_8
6.838,3917,0,3714,0,grass_8
6.84,3889,0,3711,0,grass_8
6.849,3837,0,3695,0,grass_8
6.852,3776,0,3696,0,grass_8
6.859,3737,0,3670,0,grass_8
6.864,3647,0,3689,0,grass_8
6.866,3679,0,3721,0,grass_8
6.873,3735,0,3747,0,grass_8
6.879,3809,0,3753,0,grass_8
6.88,3889,0,3751,0,grass_8
6.887,3931,0,3767,0,grass_8
6.894,3959,0,3786,0,grass_8
6.894,3977,0,3804,0,grass_8
6.901,3977,0,3821,0,grass_8
6.908,3972,0,3819,0,grass_8
6.914,3978,0,3786,0,grass_8
6.919,3988,0,3750,0,grass_8
6.922,3985,0,3749,0,grass_8
6.928,3967,0,3750,0,grass_8
6.934,3953,0,3771,0,grass_8
6.936,3947,0,3762,0,grass_8
6.943,3955,0,3756,0,grass_8
6.949,3972,0,3738,0,grass_8
6.95,3984,0,3740,0,grass_8
6.957,3999,0,3757,0,grass_8
6.963,4001,0,3770,0,grass_8
6.965,3997,0,3764,0,grass_8
6.97,3993,0,3748,0,grass_8
6.978,3992,0,3745,0,grass_8
6.984,3990,0,3754,0,grass_8
6.985,3994,0,3765,0,grass_8
6.991,3982,0,3776,0,grass_8
6.998,3987,0,3756,0,grass_8
6.999,3984,0,3743,0,grass_8
7.008,3991,0,3750,0,grass_8
7.012,3998,0,3761,0,grass_8
7.018,4012,0,3757,0,grass_8
7.019,4003,0,3802,0,grass_8
7.026,4002,0,3795,0,grass_8
7.032,4004,0,3795,0,grass_8
7.036,4002,0,3791,0,grass_8
7.043,4002,0,3773,0,grass_8
7.047,4005,0,3743,0,grass_8
7.054,3996,0,3740,0,grass_8
7.054,3996,0,3735,0,grass_8
7.064,4002,0,3757,0,grass_8
7.067,4002,0,3796,0,grass_8
7.071,4003,0,3820,0,grass_8
7.077,4003,0,3819,0,grass_8
7.081,3989,0,3822,0,grass_8
7.088,3976,0,3833,0,grass_8
7.088,3981,0,3835,0,grass_8
7.095,3996,0,3827,0,grass_8
7.102,4003,0,3831,0,grass_8
7.108,3995,0,3850,0,grass_8
7.109,3994,0,3831,0,grass_8
7.118,4001,0,3809,0,grass_8
7.124,4006,0,3770,0,grass_8
7.124,4012,0,3788,0,grass_8
7.13,4012,0,3745,0,grass_8
7.137,4015,0,3739,0,grass_8
7.143,4016,0,3735,0,grass_8
7.148,4018,0,3713,0,grass_8
7.152,4024,0,3587,0,grass_8
7.158,4022,0,3608,0,grass_8
7.158,4021,0,3630,0,grass_8
7.165,4019,0,3618,0,grass_8
7.172,4021,0,3621,0,grass_8
7.179,4021,0,3669,0,grass_8
7.183,4025,0,3620,0,grass_8
7.187,4029,0,3552,0,grass_8
7.194,4033,0,3556,0,grass_8
7.194,4032,0,3569,0,grass_8
7.2,4027,0,3599,0,grass_8
7.207,4028,0,3586,0,grass_8
7.214,4028,0,3478,0,grass_8
7.217,4027,0,3445,0,grass_8
7.221,4024,0,3489,0,grass_8
7.228,4030,0,3481,0,grass_8
7.234,4031,0,3436,0,grass_8
7.235,4030,0,3462,0,grass_8
7.241,4036,0,3490,0,grass_8
7.248,4034,0,3491,0,grass_8
7.253,4042,0,3145,0,grass_8
7.255,4039,0,2986,0,grass_8
7.262,4031,0,2918,0,grass_8
7.262,4034,0,2938,0,grass_8
7.269,4039,0,2471,0,grass_8
7.276,4039,0,0,0,grass_8
7.283,4040,0,0,0,grass_8
7.288,4031,0,0,0,grass_8
7.29,4030,0,0,0,grass_8
7.297,4029,0,0,0,grass_8
7.299,4034,0,0,0,grass_8
7.304,4036,0,0,0,grass_8
7.312,4036,0,0,0,grass_8
7.318,4040,0,0,3956,grass_8
7.321,4039,0,0,3921,grass_8
7.325,4035,0,0,4003,grass_8
7.332,4018,0,0,3999,grass_8
7.338,4010,0,0,3986,grass_8
7.339,3992,0,0,3999,grass_8
7.345,3962,0,0,3971,grass_8
7.352,3941,0,0,3924,grass_8
7.354,3913,0,0,3805,grass_8
7.362,3950,0,0,3826,grass_8
7.366,4002,0,0,3883,grass_8
7.373,4025,0,0,3863,grass_8
7.378,4038,0,0,3854,grass_8
7.38,4044,0,0,3607,grass_8
7.387,4045,0,0,3171,grass_8
7.389,4047,0,0,683,grass_8
7.394,4046,0,0,0,grass_8
7.401,4045,0,0,0,grass_8
7.408,4037,0,0,0,grass_8
7.408,4036,0,0,0,grass_8
7.415,4027,0,0,0,grass_8
7.422,4028,0,0,0,grass_8
7.426,4034,0,0,0,grass_8
7.433,4033,0,0,0,grass_8
7.436,4037,0,0,0,grass_8
7.443,4036,0,0,0,grass_8
7.443,4041,0,0,0,grass_8
7.45,4043,0,0,0,grass_8
7.456,4043,0,0,0,grass_8
7.462,4043,0,0,0,grass_8
7.464,4041,0,0,0,grass_8
7.47,4037,0,0,0,grass_8
7.477,4043,0,0,0,grass_8
7.483,4041,0,0,0,grass_8
7.488,4043,0,0,0,grass_8
7.492,4039,0,0,0,grass_8
7.497,4037,0,0,0,grass_8
7.502,4036,0,0,0,grass_8
7.507,4033,0,0,0,grass_8
7.513,4033,0,0,0,grass_8
7.518,4032,0,0,0,grass_8
7.519,4031,0,0,0,grass_8
7.526,4033,0,0,0,grass_8
7.533,4033,0,0,0,grass_8
7.533,4029,0,0,0,grass_8
7.54,4030,0,0,0,grass_8
7.548,4029,0,0,0,grass_8
7.548,4023,0,0,0,grass_8
7.556,4020,0,0,0,grass_8
7.56,4017,0,0,0,grass_8
7.567,4017,0,0,0,grass_8
7.573,4025,0,0,0,grass_8
7.574,4027,0,0,0,grass_8
7.581,4028,0,0,0,grass_8
7.588,4033,0,0,0,grass_8
7.589,4035,0,0,0,grass_8
7.595,4035,0,0,0,grass_8
7.602,4034,0,0,0,grass_8
7.607,4037,0,0,0,grass_8
7.613,4023,0,0,0,grass_8
7.616,4026,0,0,0,grass_8
7.623,4032,0,0,0,grass_8
7.624,4031,0,0,0,grass_8
7.633,4032,0,0,0,grass_8
7.638,4034,0,0,0,grass_8
7.64,4032,0,0,0,grass_8
7.648,4046,0,0,0,grass_8
7.652,4037,0,0,0,grass_8
7.658,4034,0,0,0,grass_8
7.663,4032,0,0,0,grass_8
7.664,4023,0,0,0,grass_8
7.671,4020,0,0,0,grass_8
7.678,4026,0,0,0,grass_8
7.683,4015,0,0,0,grass_8
7.686,4011,0,0,0,grass_8
7.693,4013,0,0,0,grass_8
7.693,4009,0,0,0,grass_8
7.701,4019,0,0,0,grass_8
7.706,4021,0,0,0,grass_8
7.712,4027,0,0,0,grass_8
7.718,4028,0,0,0,grass_8
7.72,4023,0,0,0,grass_8
7.728,4025,0,0,0,grass_8
7.728,4021,0,0,0,grass_8
7.737,4018,0,0,0,grass_8
7.741,4015,0,0,0,grass_8
7.747,4017,0,0,0,grass_8
7.752,4006,0,0,0,grass_8
7.755,3984,0,0,0,grass_8
7.762,3955,0,0,0,grass_8
7.762,3928,0,0,0,grass_8
7.772,3930,0,0,0,grass_8
7.776,3943,0,0,0,grass_8
7.783,3963,0,0,335,grass_8
7.786,3947,0,0,891,grass_8
7.79,3906,0,0,876,grass_8
7.796,3763,0,0,1180,grass_8
7.803,3203,0,0,1893,grass_8
7.805,305,0,0,2493,grass_8
7.811,0,0,0,2693,grass_8
7.817,0,0,0,1425,grass_8
7.818,0,0,0,2472,grass_8
7.824,0,0,0,2642,grass_8
7.831,0,0,0,3186,grass_8
7.837,0,0,0,3312,grass_8
7.84,0,0,0,3548,grass_8
7.845,0,0,0,3722,grass_8
7.852,0,0,0,3779,grass_8
7.852,0,0,0,3809,grass_8
7.862,0,0,0,3867,grass_8
7.866,0,0,0,3922,grass_8
7.872,0,0,0,3935,grass_8
7.873,0,0,0,3923,grass_8
7.88,0,0,0,3912,grass_8
7.886,0,0,0,3914,grass_8
7.888,0,0,0,3961,grass_8
7.894,0,0,0,3989,grass_8
7.901,0,0,0,4010,grass_8
7.907,0,0,0,4015,grass_8
7.912,0,0,0,4009,grass_8
7.915,0,0,0,4010,grass_8
7.922,0,0,0,4003,grass_8
7.922,0,0,0,3986,grass_8
7.932,0,0,0,3966,grass_8
7.935,0,0,0,3944,grass_8
7.942,0,0,0,3922,grass_8
7.946,0,0,0,3744,grass_8
7.952,0,0,0,3362,grass_8
7.957,0,0,0,3216,grass_8
7.957,0,0,0,3131,grass_8
7.963,0,0,0,3376,grass_8
7.97,0,0,0,3747,grass_8
7.977,0,0,0,3799,grass_8
7.981,0,0,0,3767,grass_8
7.984,0,0,0,3615,grass_8
7.991,0,0,0,3084,grass_8
7.991,0,0,0,2966,grass_8
7.998,0,0,0,3378,grass_8
8.006,0,0,0,3631,grass_8
8.012,0,0,0,3817,grass_8
8.016,0,0,0,3885,grass_8
8.019,0,0,0,3916,grass_8
8.025,0,0,0,3909,grass_8
8.028,0,0,0,3854,grass_8
8.033,0,0,0,3895,grass_8
8.041,0,0,0,3946,grass_8
8.046,0,0,0,3976,grass_8
8.052,0,0,0,4002,grass_8
8.053,0,0,0,4007,grass_8
8.06,0,0,0,4012,grass_8
8.067,0,0,0,4004,grass_8
8.072,0,0,0,4008,grass_8
8.074,0,0,0,4023,grass_8
8.081,0,0,0,4004,grass_8
8.086,0,0,0,3993,grass_8
8.088,0,0,0,3963,grass_8
8.095,0,0,0,3847,grass_8
8.102,0,0,0,3626,grass_8
8.106,0,0,0,3468,grass_8
8.111,0,0,0,3641,grass_8
8.116,0,0,0,3910,grass_8
8.122,0,0,0,3940,grass_8
8.124,0,0,0,3940,grass_8
8.13,0,0,0,3931,grass_8
8.137,0,0,0,3891,grass_8
8.138,0,0,0,3868,grass_8
8.144,0,0,0,3929,grass_8
8.151,0,0,0,3952,grass_8
8.157,0,0,0,3944,grass_8
8.162,0,0,0,3929,grass_8
8.165,0,0,0,3928,grass_8
8.172,0,0,0,3938,grass_8
8.172,0,0,0,3944,grass_8
8.18,0,0,0,3954,grass_8
8.185,0,0,0,3934,grass_8
8.189,0,0,0,3936,grass_8
8.192,0,0,0,3926,grass_8
8.2,0,0,0,3911,grass_8
8.206,0,0,0,3913,grass_8
8.209,0,0,0,3930,grass_8
8.213,0,0,0,3937,grass_8
8.22,0,0,0,3959,grass_8
8.227,0,0,0,3972,grass_8
8.228,0,0,0,3984,grass_8
8.234,0,0,0,3986,grass_8
8.241,0,0,0,3980,grass_8
8.242,0,0,0,3967,grass_8
8.251,0,0,0,3947,grass_8
8.255,0,0,0,3929,grass_8
8.262,0,0,0,3920,grass_8
8.262,0,0,0,3934,grass_8
8.269,0,0,0,3956,grass_8
8.275,0,0,0,3975,grass_8
8.281,0,0,0,3989,grass_8
8.283,0,0,0,3998,grass_8
8.29,0,0,0,4001,grass_8
8.296,0,0,0,3998,grass_8
8.297,0,0,0,3994,grass_8
8.307,0,0,0,3985,grass_8
8.31,0,0,0,3961,grass_8
8.315,0,0,0,3951,grass_8
8.317,0,0,0,3934,grass_8
8.324,0,0,0,3942,grass_8
8.331,0,0,0,3954,grass_8
8.336,0,0,0,3965,grass_8
8.338,0,0,0,3979,grass_8
8.346,0,0,0,3988,grass_8
8.351,0,0,0,3994,grass_8
8.352,0,0,0,3988,grass_8
8.359,0,0,0,3990,grass_8
8.366,0,0,0,3992,grass_8
8.37,0,0,0,3982,grass_8
8.373,0,0,0,3963,grass_8
8.38,0,0,0,3953,grass_8
8.386,0,0,0,3939,grass_8
8.388,0,0,0,3943,grass_8
8.394,0,0,0,3942,grass_8
8.401,0,0,0,3966,grass_8
8.406,0,0,0,3975,grass_8
8.41,0,0,0,3978,grass_8
8.415,0,0,0,3984,grass_8
8.421,0,0,0,3990,grass_8
8.426,0,0,0,3987,grass_8
8.428,0,0,0,3983,grass_8
8.436,0,0,0,3975,grass_8
8.436,0,0,0,3978,grass_8
8.442,0,0,0,3974,grass_8
8.449,0,0,0,3986,grass_8
8.456,0,0,0,3999,grass_8
8.457,0,0,0,4003,grass_8
8.464,0,0,0,4004,grass_8
8.47,0,0,0,4011,grass_8
8.47,0,0,0,4003,grass_8
8.481,0,0,0,3996,grass_8
8.484,0,0,0,3983,grass_8
8.491,0,0,0,3949,grass_8
8.492,0,0,0,3928,grass_8
8.498,0,0,0,3905,grass_8
8.506,0,0,0,3941,grass_8
8.506,0,0,0,3957,grass_8
8.513,0,0,0,3984,grass_8
8.519,0,0,0,3993,grass_8
8.526,0,0,0,4002,grass_8
8.53,0,0,0,3997,grass_8
8.533,0,0,0,3993,grass_8
8.539,0,0,0,3983,grass_8
8.546,0,0,0,3964,grass_8
8.548,0,0,0,3947,grass_8
8.553,0,0,0,3969,grass_8
8.56,0,0,0,3985,grass_8
8.565,0,0,0,3999,grass_8
8.567,0,0,0,3995,grass_8
8.575,0,0,0,3993,grass_8
8.581,0,0,0,3996,grass_8
8.582,0,0,0,3991,grass_8
8.588,0,0,0,3993,grass_8
8.596,0,0,0,3985,grass_8
8.601,0,0,0,3992,grass_8
8.606,0,0,0,3995,grass_8
8.609,0,0,0,4002,grass_8
8.616,0,0,0,4007,grass_8
8.616,0,0,0,4018,grass_8
8.625,0,0,0,4013,grass_8
8.63,0,0,0,4018,grass_8
8.636,0,0,0,4011,grass_8
8.637,0,0,0,4003,grass_8
8.644,0,0,0,3985,grass_8
8.65,0,0,0,3964,grass_8
8.652,0,0,0,3931,grass_8
8.658,0,0,0,3926,grass_8
8.664,0,0,0,3930,grass_8
8.671,0,0,0,3957,grass_8
8.671,0,0,0,3972,grass_8
8.678,0,0,0,3991,grass_8
8.685,0,0,0,3995,grass_8
8.685,0,0,0,4001,grass_8
8.692,0,0,0,4001,grass_8
8.699,0,0,0,4005,grass_8
8.705,0,0,0,4003,grass_8
8.71,0,0,0,4005,grass_8
8.713,0,0,0,3995,grass_8
8.72,0,0,0,3997,grass_8
8.726,0,0,0,3993,grass_8
8.727,0,0,0,3992,grass_8
8.734,0,0,0,3989,grass_8
8.74,0,0,0,3997,grass_8
8.746,0,0,0,3999,grass_8
8.748,0,0,0,4002,grass_8
8.755,0,0,0,4002,grass_8
8.755,0,0,0,4003,grass_8
8.762,0,0,0,3997,grass_8
8.769,0,0,0,3998,grass_8
8.776,0,0,0,3993,grass_8
8.78,0,0,0,3985,grass_8
8.782,0,0,0,3991,grass_8
8.79,0,0,0,3992,grass_8
8.796,0,0,0,4000,grass_8
8.797,0,0,0,4009,grass_8
8.803,0,0,0,4002,grass_8
8.81,0,0,0,4008,grass_8
8.815,0,0,0,4000,grass_8
8.817,0,0,0,4002,grass_8
8.824,0,0,0,4004,grass_8
8.83,0,0,0,4000,grass_8
8.832,0,0,0,4005,grass_8
8.84,0,0,0,4001,grass_8
8.845,0,0,0,4000,grass_8
8.847,0,0,0,4002,grass_8
8.852,0,0,0,3992,grass_8
8.859,0,0,0,3995,grass_8
8.866,0,0,0,3987,grass_8
8.87,0,0,0,3995,grass_8
8.873,0,0,0,4000,grass_8
8.88,0,0,0,4010,grass_8
8.885,0,0,0,4012,grass_8
8.887,0,0,0,4012,grass_8
8.894,0,0,0,4022,grass_8
8.9,0,0,0,4011,grass_8
8.905,0,0,0,4009,grass_8
8.907,0,0,0,4010,grass_8
8.914,0,0,0,3996,grass_8
8.919,0,0,0,3994,grass_8
8.921,0,0,0,3997,grass_8
8.929,0,0,0,3992,grass_8
8.935,0,0,0,4002,grass_8
8.94,0,0,0,4003,grass_8
8.942,0,0,0,4006,grass_8
8.949,0,0,0,4007,grass_8
8.955,0,0,0,4007,grass_8
8.956,0,0,0,4013,grass_8
8.963,0,0,0,4019,grass_8
8.97,0,0,0,4018,grass_8
8.97,0,0,0,4017,grass_8
8.979,0,0,0,4013,grass_8
8.984,0,0,0,4006,grass_8
8.99,0,0,0,4003,grass_8
8.991,0,0,0,4010,grass_8
8.999,0,0,0,3999,grass_8
9.005,0,0,0,4004,grass_8
9.006,0,0,0,4002,grass_8
9.012,0,0,0,4005,grass_8
9.019,0,0,0,3997,grass_8
9.025,0,0,0,3992,grass_8
9.026,0,0,0,3998,grass_8
9.033,0,0,0,3999,grass_8
9.039,0,0,0,4000,grass_8
9.041,0,0,0,4007,grass_8
9.05,0,0,0,4002,grass_8
9.053,0,0,0,4008,grass_8
9.059,0,0,0,3998,grass_8
9.061,0,0,0,3991,grass_8
9.067,0,0,0,3978,grass_8
9.074,0,0,0,3981,grass_8
9.08,0,0,0,3977,grass_8
9.085,0,0,0,3995,grass_8
9.088,0,0,0,4001,grass_8
9.095,0,0,0,4009,grass_8
9.095,0,0,0,4015,grass_8
9.102,0,0,0,4018,grass_8
9.109,0,0,0,4017,grass_8
9.115,0,0,0,4016,grass_8
9.12,0,0,0,4022,grass_8
9.123,0,0,0,4012,grass_8
9.13,0,0,0,4005,grass_8
9.13,0,0,0,4014,grass_8
9.139,0,0,0,4008,grass_8
9.144,0,0,0,4015,grass_8
9.15,0,0,0,4018,grass_8
9.155,0,0,0,4008,grass_8
9.158,0,0,0,4008,grass_8
9.162,0,0,0,3998,grass_8
9.169,0,0,0,3988,grass_8
9.171,0,0,0,3988,grass_8
9.179,0,0,0,3983,grass_8
9.179,0,0,0,3978,grass_8
9.186,0,0,0,3985,grass_8
9.192,0,0,0,3991,grass_8
9.199,0,0,0,4003,grass_8
9.204,0,0,0,3999,grass_8
9.207,0,0,0,4000,grass_8
9.213,0,0,0,4000,grass_8
9.217,0,0,0,3990,grass_8
9.22,0,0,0,3973,grass_8
9.228,0,0,0,3979,grass_8
9.235,0,0,0,3987,grass_8
9.237,0,0,0,4008,grass_8
9.241,0,0,0,4014,grass_8
9.248,0,0,0,4021,grass_8
9.255,0,0,0,4024,grass_8
9.255,0,0,0,4027,grass_8
9.262,0,0,0,4027,grass_8
9.268,0,0,0,4023,grass_8
9.272,0,0,0,4014,grass_8
9.276,0,0,0,4009,grass_8
9.283,0,0,0,4015,grass_8
9.289,0,0,0,4015,grass_8
9.289,0,0,0,4013,grass_8
9.296,0,0,0,4005,grass_8
9.303,0,0,0,4003,grass_8
9.307,0,0,0,3995,grass_8
9.31,0,0,0,4000,grass_8
9.317,0,0,0,3996,grass_8
9.324,0,0,0,3984,grass_8
9.324,0,0,0,3984,grass_8
9.334,0,0,0,3962,grass_8
9.338,0,0,0,3958,grass_8
9.341,0,0,0,3952,grass_8
9.349,0,0,0,3978,grass_8
9.352,0,0,0,3993,grass_8
9.359,0,0,0,4014,grass_8
9.364,0,0,0,4013,grass_8
9.366,0,0,0,4008,grass_8
9.373,0,0,0,3991,grass_8
9.379,0,0,0,3966,grass_8
9.384,0,0,0,3947,grass_8
9.387,0,0,0,3952,grass_8
9.394,0,0,0,3977,grass_8
9.4,0,0,0,3976,grass_8
9.401,0,0,0,3988,grass_8
9.407,0,0,0,3994,grass_8
9.415,0,0,0,3990,grass_8
9.415,0,0,0,3989,grass_8
9.423,0,0,0,3991,grass_8
9.428,0,0,0,3989,grass_8
9.434,0,0,0,4000,grass_8
9.435,0,0,0,4007,grass_8
9.443,0,0,0,4017,grass_8
9.449,0,0,0,4013,grass_8
9.45,0,0,0,4012,grass_8
9.456,0,0,0,4016,grass_8
9.463,0,0,0,4012,grass_8
9.469,0,0,0,4007,grass_8
9.47,0,0,0,4001,grass_8
9.477,0,0,0,4006,grass_8
9.484,0,0,0,3990,grass_8
9.485,0,0,0,3968,grass_8
9.491,0,0,0,3966,grass_8
9.498,0,0,0,3939,grass_8
9.504,0,0,0,3941,grass_8
9.508,0,0,0,3971,grass_8
9.512,0,0,0,3979,grass_8
9.518,0,0,0,3969,grass_8
9.52,0,0,0,3916,grass_8
9.529,0,0,0,3861,grass_8
9.532,0,0,0,3807,grass_8
9.537,0,0,0,3896,grass_8
9.54,0,0,0,3962,grass_8
9.547,0,0,0,3985,grass_8
9.554,0,0,0,3981,grass_8
9.554,0,0,0,3969,grass_8
9.561,0,0,0,3905,grass_8
9.567,0,0,0,3649,grass_8
9.574,0,0,0,1838,grass_8
9.578,0,0,0,0,grass_8
9.581,0,0,0,0,grass_8
9.588,0,0,0,0,grass_8
9.594,0,0,0,3252,grass_8
9.595,0,0,0,3729,grass_8
9.604,0,0,0,3819,grass_8
9.609,0,0,0,3825,grass_8
9.614,0,0,0,3782,grass_8
9.616,0,0,0,3601,grass_8
9.624,0,0,0,2854,grass_8
9.629,0,0,0,319,grass_8
9.63,0,0,0,0,grass_8
9.637,0,0,0,0,grass_8
9.644,0,0,0,0,grass_8
9.644,0,0,0,0,grass_8
9.654,0,0,0,0,grass_8
9.659,0,0,0,0,grass_8
9.662,0,0,0,0,grass_8
9.665,0,0,0,0,grass_8
9.671,0,0,0,0,grass_8
9.678,0,0,0,0,grass_8
9.684,0,0,0,0,grass_8
9.688,0,0,0,0,grass_8
9.692,0,0,0,0,grass_8
9.696,1770,0,0,0,grass_8
9.699,2991,0,0,0,grass_8
9.708,2984,0,0,0,grass_8
9.713,3196,0,1163,0,grass_8
9.719,3281,0,1719,0,grass_8
9.72,3199,0,1805,0,grass_8
9.727,3002,0,1677,0,grass_8
9.733,2834,0,0,0,grass_8
9.739,1881,0,0,0,grass_8
9.743,1906,0,0,0,grass_8
9.748,1956,0,0,0,grass_8
9.749,1922,0,0,0,grass_8
9.757,1603,0,0,0,grass_8
9.762,0,0,0,0,grass_8
9.768,0,0,0,0,grass_8
9.774,0,0,0,0,grass_8
9.775,0,0,0,0,grass_8
9.782,0,0,0,0,grass_8
9.782,0,0,0,0,grass_8
9.79,0,0,0,0,grass_8
9.796,0,0,0,0,grass_8
9.803,0,0,0,0,grass_8
9.808,0,0,0,0,grass_8
9.81,0,0,0,0,grass_8
9.817,0,0,0,0,grass_8
9.823,0,0,0,0,grass_8
9.824,0,0,0,0,grass_8
9.832,0,0,0,0,grass_8
9.838,0,0,0,0,grass_8
9.843,0,0,0,2899,grass_8
9.845,0,0,0,2950,grass_8
9.853,0,0,0,3388,grass_8
9.859,0,0,0,2510,grass_8
9.859,0,0,0,0,grass_8
9.866,0,0,0,0,grass_8
9.873,0,0,0,0,grass_8
9.879,0,0,0,3484,grass_8
9.88,0,0,0,3821,grass_8
9.887,0,0,0,3919,grass_8
9.894,0,0,0,3949,grass_8
9.894,0,0,0,3956,grass_8
9.9,0,0,0,3946,grass_8
9.908,0,0,0,3920,grass_8
9.913,0,0,0,3919,grass_8
9.915,0,0,0,3944,grass_8
9.922,0,0,0,3968,grass_8
9.929,0,0,0,3975,grass_8
9.929,0,0,0,3973,grass_8
9.937,0,0,0,3982,grass_8
9.942,0,0,0,3992,grass_8
9.945,0,0,0,3997,grass_8
9.949,0,0,0,4002,grass_8
9.956,0,0,0,4005,grass_8
9.963,0,0,0,3995,grass_8
9.964,0,0,0,3994,grass_8
9.97,0,0,0,3988,grass_8
9.977,0,0,0,3996,grass_8
9.982,0,0,0,3997,grass_8
9.984,0,0,0,3971,grass_8
9.991,0,0,0,3931,grass_8
9.998,0,0,0,3908,grass_8
9.999,0,0,0,3939,grass_8
10.008,0,0,0,3963,grass_8
10.012,0,0,0,3989,grass_8
10.016,0,0,0,4002,grass_8
10.019,0,0,0,3991,grass_8
10.025,0,0,0,3974,grass_8
10.032,0,0,0,3966,grass_8
10.034,0,0,0,3994,grass_8
10.039,0,0,0,3999,grass_8
10.046,0,929,0,3997,grass_8
10.053,0,2373,0,3980,grass_8
10.053,0,2445,0,3978,grass_8
10.06,0,2414,0,3991,grass_8
10.068,0,2458,0,3987,grass_8
10.068,0,2632,0,3988,grass_8
10.077,0,2998,0,3994,grass_8
10.081,0,3054,0,3994,grass_8
10.088,0,3209,0,3970,grass_8
10.093,0,3262,0,3997,grass_8
10.095,0,3162,0,4010,grass_8
10.102,0,3203,0,4012,grass_8
10.108,0,3291,0,3996,grass_8
10.109,0,3301,0,3983,grass_8
10.116,0,3339,0,3963,grass_8
10.123,0,3307,0,3990,grass_8
10.123,0,3155,0,4017,grass_8
10.131,0,3171,0,4018,grass_8
10.136,0,3432,0,4012,grass_8
10.14,0,3501,0,4004,grass_8
10.144,0,3514,0,4013,grass_8
10.151,0,3591,0,4020,grass_8
10.157,0,3518,0,4030,grass_8
10.159,0,3572,0,4045,grass_8
10.164,0,3593,0,4040,grass_8
10.171,0,3636,0,4024,grass_8
10.177,0,3681,0,4016,grass_8
10.178,0,3656,0,4009,grass_8
10.185,0,3572,0,4026,grass_8
10.192,0,3607,0,4028,grass_8
10.194,0,3549,0,4040,grass_8
10.202,0,3540,0,4037,grass_8
10.208,0,3569,0,4034,grass_8
10.213,0,3595,0,4035,grass_8
10.213,0,3634,0,4034,grass_8
10.221,0,3636,0,4018,grass_8
10.227,0,3627,0,4039,grass_8
10.229,0,3636,0,4034,grass_8
10.234,0,3547,0,4025,grass_8
10.241,0,3600,0,4033,grass_8
10.247,0,3593,0,4029,grass_8
10.249,0,3569,0,4030,grass_8
10.255,0,3589,0,4043,grass_8
10.262,0,3578,0,4031,grass_8
10.268,0,3575,0,4031,grass_8
10.269,0,3571,0,4033,grass_8
10.275,0,3548,0,4031,grass_8
10.282,0,3549,0,4007,grass_8
10.283,0,3617,0,4007,grass_8
10.289,0,3653,0,3990,grass_8
10.297,0,3601,0,3974,grass_8
10.297,0,3558,0,3943,grass_8
10.308,0,3544,0,3898,grass_8
10.31,0,3508,0,3914,grass_8
10.317,0,3514,0,3926,grass_8
10.322,0,3530,0,3942,grass_8
10.324,0,3626,0,3951,grass_8
10.331,0,3598,0,3989,grass_8
10.338,0,3509,0,4008,grass_8
10.338,0,3594,0,4013,grass_8
10.346,0,3667,0,4036,grass_8
10.352,0,3688,0,4020,grass_8
10.354,0,3716,0,4036,grass_8
10.362,0,3751,0,4032,grass_8
10.366,0,3752,0,4041,grass_8
10.371,0,3789,0,4039,grass_8
10.373,0,3788,0,4041,grass_8
10.38,0,3720,0,4048,grass_8
10.386,0,3688,0,4035,grass_8
10.388,0,3637,0,4034,grass_8
10.394,0,3587,0,4027,grass_8
10.4,0,3587,0,4029,grass_8
10.407,0,3694,0,4011,grass_8
10.408,0,3660,0,4025,grass_8
10.414,0,3609,0,4027,grass_8
10.421,0,3581,0,4033,grass_8
10.423,0,3587,0,4040,grass_8
10.428,0,3496,0,4044,grass_8
10.435,0,3458,0,4048,grass_8
10.442,0,3449,0,4040,grass_8
10.443,0,3478,0,4037,grass_8
10.449,0,3515,0,4047,grass_8
10.456,0,3613,0,4059,grass_8
10.463,0,3560,0,4053,grass_8
10.463,0,3465,0,4062,grass_8
10.47,0,3038,0,4051,grass_8
10.477,0,0,0,4041,grass_8
10.477,0,0,0,4044,grass_8
10.486,0,1652,0,4025,grass_8
10.491,0,2718,0,4029,grass_8
10.493,0,3275,0,4034,grass_8
10.502,0,3372,0,4037,grass_8
10.505,0,3287,0,4043,grass_8
10.512,0,3405,0,4048,grass_8
10.517,0,3537,0,4049,grass_8
10.518,0,3604,0,4044,grass_8
10.525,0,3490,0,4036,grass_8
10.533,0,3238,0,4035,grass_8
10.534,0,1777,0,4043,grass_8
10.542,0,0,0,4026,grass_8
10.546,0,0,0,4020,grass_8
10.55,0,0,0,4013,grass_8
10.553,0,0,0,4029,grass_8
10.56,0,0,0,4043,grass_8
10.567,0,0,0,4048,grass_8
10.568,0,2092,0,4049,grass_8
10.574,0,2667,0,4053,grass_8
10.581,0,2855,0,4046,grass_8
10.587,0,2725,0,4044,grass_8
10.588,0,2408,0,4038,grass_8
10.595,0,1443,0,4038,grass_8
10.602,0,0,0,4032,grass_8
10.602,0,0,0,4029,grass_8
10.611,0,0,0,4015,grass_8
10.615,3341,0,0,4008,grass_8
10.619,3948,0,0,3990,grass_8
10.623,3858,0,0,3972,grass_8
10.63,3533,0,0,3959,grass_8
10.637,0,0,0,3864,grass_8
10.637,0,0,0,3489,grass_8
10.645,0,0,0,2959,grass_8
10.65,0,0,0,0,grass_8
10.653,0,0,0,0,grass_8
10.658,0,0,0,3738,grass_8
10.664,0,0,0,3942,grass_8
10.671,0,0,0,4006,grass_8
10.671,0,0,0,4031,grass_8
10.68,0,0,0,4041,grass_8
10.685,0,0,0,4042,grass_8
10.688,0,0,0,4035,grass_8
10.696,0,0,0,4036,grass_8
10.699,0,0,0,4032,grass_8
10.706,0,0,0,4029,grass_8
10.709,0,0,0,4033,grass_8
10.713,0,0,0,4026,grass_8
10.721,0,0,0,4032,grass_8
10.727,0,0,0,4034,grass_8
10.729,0,0,0,4036,grass_8
10.734,0,0,0,4040,grass_8
10.742,0,0,0,4042,grass_8
10.747,0,0,0,4049,grass_8
10.752,0,0,0,4050,grass_8
10.757,0,0,0,4041,grass_8
10.761,0,0,0,4044,grass_8
10.766,0,0,0,4044,grass_8
10.769,0,0,0,4036,grass_8
10.776,0,0,0,4037,grass_8
10.778,0,0,0,4042,grass_8
10.783,0,0,0,4038,grass_8
10.79,0,0,0,4040,grass_8
10.796,0,0,0,4037,grass_8
10.798,0,0,0,4026,grass_8
10.803,0,0,0,4017,grass_8
10.81,0,0,0,3996,grass_8
10.816,0,0,0,3983,grass_8
10.817,0,0,0,3979,grass_8
10.824,0,0,0,3981,grass_8
10.831,0,0,0,3988,grass_8
10.831,0,0,0,3995,grass_8
10.838,0,0,0,3993,grass_8
10.845,0,0,0,3980,grass_8
10.852,0,0,0,3978,grass_8
10.856,0,0,0,3984,grass_8
10.859,0,0,0,3992,grass_8
10.865,0,0,0,3989,grass_8
10.867,0,0,0,3975,grass_8
10.872,0,0,0,3965,grass_8
10.881,0,0,0,3962,grass_8
10.887,0,0,0,3947,grass_8
10.889,0,0,0,3944,grass_8
10.894,0,0,0,3944,grass_8
10.901,0,0,0,3957,grass_8
10.907,0,0,0,3944,grass_8
10.909,0,0,0,3942,grass_8
10.914,0,0,0,3914,grass_8
10.922,0,0,0,3858,grass_8
10.926,0,0,0,3790,grass_8
10.928,0,0,0,3673,grass_8
10.935,0,0,0,3622,grass_8
10.937,0,0,0,3457,grass_8
10.942,0,0,0,3203,grass_8
10.95,0,0,0,3106,grass_8
10.956,0,0,0,2149,grass_8
10.959,0,0,0,0,grass_8
10.963,0,0,0,0,grass_8
10.97,0,0,0,0,grass_8
10.976,0,0,0,0,grass_8
10.977,0,0,0,0,grass_8
10.984,0,0,0,0,grass_8
10.991,0,0,0,0,grass_8
10.992,0,0,0,0,grass_8
11.0,0,0,0,0,grass_8
11.004,0,0,0,0,grass_8
11.012,0,0,0,0,grass_8
11.017,0,0,0,0,grass_8
11.018,0,0,0,0,grass_8
11.025,0,0,0,0,grass_8
11.027,0,0,0,0,grass_8
11.033,0,0,0,0,grass_8
11.039,0,0,0,0,grass_8
11.046,0,0,0,0,grass_8
11.046,0,0,0,0,grass_8
11.053,0,0,0,0,grass_8
11.061,0,0,0,0,grass_8
11.061,0,0,0,0,grass_8
11.069,0,0,0,0,grass_8
11.074,0,0,0,0,grass_8
11.081,0,0,0,0,grass_8
11.086,0,0,0,0,grass_8
11.088,0,0,0,0,grass_8
11.095,0,0,0,0,grass_8
11.095,0,0,0,0,grass_8
11.102,0,0,0,0,grass_8
11.11,0,0,0,0,grass_8
11.116,0,0,0,0,grass_8
11.12,0,0,0,0,grass_8
11.123,1817,0,0,0,grass_8
11.129,2774,0,1314,0,grass_8
11.136,2660,0,1828,0,grass_8
11.137,0,0,0,0,grass_8
11.145,0,0,0,0,grass_8
11.15,0,0,0,0,grass_8
11.153,0,0,0,0,grass_8
11.161,0,0,0,0,grass_8
11.165,0,0,0,0,grass_8
11.169,0,0,0,0,grass_8
11.172,0,0,0,0,grass_8
11.178,0,0,0,0,grass_8
11.185,0,0,0,0,grass_8
11.191,0,0,0,0,grass_8
11.196,0,0,0,0,grass_8
11.199,0,0,0,0,grass_8
11.206,0,0,0,0,grass_8
11.21,1772,0,0,0,grass_8
11.213,1917,0,0,0,grass_8
11.22,2037,0,0,0,grass_8
11.225,2437,0,0,0,grass_8
11.227,3341,0,0,0,grass_8
11.234,3531,0,2663,0,grass_8
11.241,3492,0,2923,0,grass_8
11.241,3309,0,2818,0,grass_8
11.248,2135,0,0,0,grass_8
11.254,1027,0,0,0,grass_8
11.256,0,0,0,0,grass_8
11.262,0,0,0,0,grass_8
11.269,0,0,0,0,grass_8
11.275,0,0,0,0,grass_8
11.277,0,0,0,0,grass_8
11.282,0,0,1297,0,grass_8
11.289,0,0,2642,0,grass_8
11.295,786,0,2746,0,grass_8
11.296,0,0,2132,0,grass_8
11.303,0,0,0,0,grass_8
11.31,0,0,0,0,grass_8
11.311,0,0,0,0,grass_8
11.317,0,0,0,0,grass_8
11.324,0,0,0,0,grass_8
11.331,0,0,0,0,grass_8
11.331,0,0,0,0,grass_8
11.338,0,0,0,0,grass_8
11.344,0,0,0,0,grass_8
11.351,0,0,838,0,grass_8
11.352,0,0,1089,0,grass_8
11.361,0,0,1337,0,grass_8
11.361,457,0,643,0,grass_8
11.367,0,0,651,0,grass_8
11.376,0,0,0,0,grass_8
11.379,0,0,0,0,grass_8
11.385,0,0,0,0,grass_8
11.386,0,0,0,0,grass_8
11.395,0,0,0,0,grass_8
11.4,1000,0,0,0,grass_8
11.402,861,0,0,0,grass_8
11.41,0,0,0,0,grass_8
11.414,0,0,0,0,grass_8
11.42,0,0,1847,0,grass_8
11.422,0,0,2084,0,grass_8
11.428,0,0,1868,0,grass_8
11.435,0,0,0,0,grass_8
11.436,0,0,0,0,grass_8
11.445,0,0,0,0,grass_8
11.451,0,0,0,0,grass_8
11.456,0,0,0,0,grass_8
11.456,0,0,0,0,grass_8
11.463,0,0,0,0,grass_8
11.47,918,0,1072,0,grass_8
11.47,1235,0,1379,0,grass_8
11.48,1577,0,1636,0,grass_8
11.484,2357,0,759,0,grass_8
11.491,1933,0,0,0,grass_8
11.494,1552,0,0,0,grass_8
11.498,1542,0,0,0,grass_8
11.505,1338,0,0,0,grass_8
11.511,1158,0,0,0,grass_8
11.511,1166,0,0,0,grass_8
11.519,936,0,756,0,grass_8
11.525,0,0,0,0,grass_8
11.526,0,0,0,0,grass_8
11.533,0,0,1475,0,grass_8
11.54,0,0,1977,0,grass_8
11.545,0,0,2063,0,grass_8
11.55,0,0,2067,0,grass_8
11.553,0,0,1893,0,grass_8
11.56,1132,0,1867,0,grass_8
11.561,1384,0,1696,0,grass_8
11.569,1415,0,1741,0,grass_8
11.574,1422,0,1328,0,grass_8
11.58,1511,0,1399,0,grass_8
11.581,1426,0,124,0,grass_8
11.588,1762,0,0,0,grass_8
11.594,1909,0,0,0,grass_8
11.6,1580,0,0,0,grass_8
11.602,1305,0,0,0,grass_8
11.608,972,0,0,0,grass_8
11.616,635,0,1725,0,grass_8
11.616,0,0,2520,0,grass_8
11.624,0,0,3008,0,grass_8
11.629,0,0,2809,0,grass_8
11.635,0,0,2565,0,grass_8
11.636,0,0,2170,0,grass_8
11.644,0,0,1509,0,grass_8
11.65,0,0,1526,0,grass_8
11.652,0,0,1745,0,grass_8
11.657,0,0,1732,0,grass_8
11.664,786,0,1765,0,grass_8
11.67,1378,0,1681,0,grass_8
11.671,2745,0,1773,0,grass_8
11.678,3118,0,1941,0,grass_8
11.685,3285,0,2336,0,grass_8
11.685,3180,0,2590,0,grass_8
11.694,3163,0,2503,0,grass_8
11.699,3078,0,2314,0,grass_8
11.705,2827,0,1296,0,grass_8
11.706,1598,0,0,0,grass_8
11.713,702,0,0,0,grass_8
11.719,581,0,797,0,grass_8
11.721,475,0,2053,0,grass_8
11.727,497,0,2493,0,grass_8
11.733,677,0,2605,0,grass_8
11.74,745,0,2595,0,grass_8
11.741,1736,0,2556,0,grass_8
11.748,1915,0,2507,0,grass_8
11.754,828,0,2308,0,grass_8
11.76,1639,0,1890,0,grass_8
11.761,2282,0,1684,0,grass_8
11.768,2482,0,1405,0,grass_8
11.775,2947,0,1385,0,grass_8
11.775,3106,0,1295,0,grass_8
11.782,3224,0,1655,0,grass_8
11.789,3229,0,1785,0,grass_8
11.795,3083,0,1799,0,grass_8
11.796,1918,0,2070,0,grass_8
11.803,649,0,2466,0,grass_8
11.81,421,0,2703,0,grass_8
11.811,383,0,2963,0,grass_8
11.817,408,0,2875,0,grass_8
11.824,502,0,2645,0,grass_8
11.825,663,0,2599,0,grass_8
11.835,567,0,2305,0,grass_8
11.838,713,0,1488,0,grass_8
11.845,560,0,1583,0,grass_8
11.85,1429,0,1851,0,grass_8
11.852,2897,0,2124,0,grass_8
11.859,3256,0,1946,0,grass_8
11.865,3538,0,1828,0,grass_8
11.866,3651,0,1749,0,grass_8
11.872,3661,0,1817,0,grass_8
11.879,3652,0,1446,0,grass_8
11.885,3573,0,0,0,grass_8
11.886,3409,0,1966,0,grass_8
11.893,3022,0,2470,0,grass_8
11.9,2422,0,2713,0,grass_8
11.904,1692,0,3027,0,grass_8
11.907,1088,0,2958,0,grass_8
11.914,212,0,2673,0,grass_8
11.914,167,0,2685,0,grass_8
11.923,214,0,2924,0,grass_8
11.928,115,0,3045,0,grass_8
11.93,218,0,3026,0,grass_8
11.935,229,0,2936,0,grass_8
11.943,1752,0,2748,0,grass_8
11.949,2814,0,2701,0,grass_8
11.95,3337,0,2631,0,grass_8
11.956,3438,0,2596,0,grass_8
11.963,3492,0,2424,0,grass_8
11.969,3559,0,1970,0,grass_8
11.97,3612,0,1626,0,grass_8
11.977,3614,0,0,0,grass_8
11.984,3604,0,0,0,grass_8
11.99,3529,0,0,0,grass_8
11.99,3525,0,0,0,grass_8
11.997,3492,0,0,0,grass_8
12.004,3444,0,1924,0,grass_8
12.004,3407,0,2662,0,grass_8
12.014,3398,0,2826,0,grass_8
12.018,3407,0,2862,0,grass_8
12.024,3379,0,2767,0,grass_8
12.025,3265,0,2677,0,grass_8
12.032,2964,0,2709,0,grass_8
12.039,2602,0,2886,0,grass_8
12.043,2645,0,2975,0,grass_8
12.046,2997,0,3065,0,grass_8
12.054,3321,0,3009,0,grass_8
12.059,3374,0,2790,0,grass_8
12.06,3366,0,2831,0,grass_8
12.067,3362,0,2802,0,grass_8
12.074,3334,0,2935,0,grass_8
12.079,3343,0,2847,0,grass_8
12.081,3337,0,2519,0,grass_8
12.088,3250,0,2168,0,grass_8
12.094,3044,0,2132,0,grass_8
12.099,2964,0,2159,0,grass_8
12.102,2940,0,2432,0,grass_8
12.109,3168,0,2722,0,grass_8
12.114,3339,0,2710,0,grass_8
12.119,3417,0,2323,0,grass_8
12.122,3434,0,118,0,grass_8
12.129,3351,0,0,0,grass_8
12.134,3415,0,0,0,grass_8
12.136,3511,0,743,0,grass_8
12.143,3642,0,771,0,grass_8
12.149,3738,0,565,0,grass_8
12.15,3802,0,0,0,grass_8
12.158,3836,0,0,0,grass_8
12.164,3854,0,0,0,grass_8
12.165,3843,0,0,0,grass_8
12.171,3813,0,1439,0,grass_8
12.178,3772,0,1647,0,grass_8
12.184,3729,0,1709,0,grass_8
12.185,3648,0,2275,0,grass_8
12.192,3571,0,2632,0,grass_8
12.198,3453,0,2805,0,grass_8
12.2,3333,0,3029,0,grass_8
12.206,2909,0,3128,0,grass_8
12.212,2930,0,3108,0,grass_8
12.219,2451,0,2896,0,grass_8
12.22,2045,0,2642,0,grass_8
12.227,2109,0,2655,0,grass_8
12.233,2406,0,3014,0,grass_8
12.233,3057,0,3105,0,grass_8
12.241,3393,0,3101,0,grass_8
12.247,3506,0,3051,0,grass_8
12.253,3580,0,989,0,grass_8
12.258,3497,0,0,0,grass_8
12.261,3302,0,0,0,grass_8
12.268,1822,0,0,0,grass_8
12.268,0,0,0,0,grass_8
12.279,1057,0,0,0,grass_8
12.282,3117,0,1852,0,grass_8
12.288,3549,0,2771,0,grass_8
12.293,3782,0,3078,0,grass_8
12.296,3830,0,3248,0,grass_8
12.303,3828,0,3339,0,grass_8
12.303,3735,0,3358,0,grass_8
12.31,3656,0,3295,0,grass_8
12.317,3590,0,3214,0,grass_8
12.324,3577,0,2638,0,grass_8
12.328,3570,0,0,0,grass_8
12.331,3512,0,0,0,grass_8
12.338,3473,0,1137,0,grass_8
12.338,3414,0,2716,0,grass_8
12.349,3431,0,3162,0,grass_8
12.352,3479,0,3221,0,grass_8
12.358,3561,0,3262,0,grass_8
12.359,3631,0,3268,0,grass_8
12.366,3651,0,3190,0,grass_8
12.372,3636,0,1222,0,grass_8
12.374,3451,0,0,0,grass_8
12.384,2740,0,0,0,grass_8
12.386,837,0,0,0,grass_8
12.393,515,0,0,0,grass_8
12.393,2807,0,0,0,grass_8
12.401,3562,0,0,0,grass_8
12.409,3584,0,0,0,grass_8
12.413,3511,0,0,0,grass_8
12.419,3245,0,0,0,grass_8
12.421,3231,0,1546,0,grass_8
12.428,2795,0,2470,0,grass_8
12.433,3316,0,2867,0,grass_8
12.438,3445,0,3003,0,grass_8
12.443,3654,0,3045,0,grass_8
12.449,3700,0,3139,0,grass_8
12.449,3830,0,3254,0,grass_8
12.456,3884,0,3484,0,grass_8
12.463,3891,0,3559,0,grass_8
12.464,3905,0,3639,0,grass_8
12.473,3848,0,3602,0,grass_8
12.477,3730,0,3520,0,grass_8
12.484,3573,0,3256,0,grass_8
12.484,3257,0,2762,0,grass_8
12.491,2918,0,2139,0,grass_8
12.498,1582,0,1090,0,grass_8
12.504,706,0,1807,0,grass_8
12.504,0,0,2565,0,grass_8
12.511,263,0,2762,0,grass_8
12.519,2145,0,2779,0,grass_8
12.519,3114,0,0,0,grass_8
12.527,3283,0,0,0,grass_8
12.532,3372,0,0,0,grass_8
12.535,3153,0,0,0,grass_8
12.539,2190,0,0,0,grass_8
12.546,1385,0,0,0,grass_8
12.553,2748,0,0,0,grass_8
12.553,2256,0,1401,0,grass_8
12.561,2271,0,2355,0,grass_8
12.567,2369,0,2984,0,grass_8
12.569,2852,0,3246,0,grass_8
12.574,3077,0,3268,0,grass_8
12.581,3185,0,3173,0,grass_8
12.588,3557,0,2959,0,grass_8
12.589,3512,0,3062,0,grass_8
12.595,3469,0,3124,0,grass_8
12.602,3576,0,3326,0,grass_8
12.608,3235,0,3536,0,grass_8
12.609,3523,0,3538,0,grass_8
12.616,3605,0,3520,0,grass_8
12.623,3642,0,3390,0,grass_8
12.628,3638,0,3115,0,grass_8
12.629,3547,0,2944,0,grass_8
12.636,2974,0,2789,0,grass_8
12.643,2623,0,2601,0,grass_8
12.645,2160,0,1980,0,grass_8
12.653,2238,0,1557,0,grass_8
12.657,2770,0,1462,0,grass_8
12.661,3194,0,1856,0,grass_8
12.664,3465,0,1958,0,grass_8
12.671,3475,0,0,0,grass_8
12.678,3412,0,0,0,grass_8
12.679,2925,0,0,0,grass_8
12.685,709,0,0,0,grass_8
12.692,730,0,0,0,grass_8
12.698,2352,0,0,0,grass_8
12.699,2378,0,0,0,grass_8
12.706,2594,0,0,0,grass_8
12.713,1991,0,0,0,grass_8
12.715,0,0,0,0,grass_8
12.722,0,0,0,0,grass_8
12.726,0,0,2489,0,grass_8
12.73,1125,0,3268,0,grass_8
12.734,2813,0,3444,0,grass_8
12.74,3415,0,3577,0,grass_8
12.747,3499,0,3520,0,grass_8
12.753,3081,0,3298,0,grass_8
12.757,210,0,2773,0,grass_8
12.761,0,0,688,0,grass_8
12.765,0,0,0,0,grass_8
12.768,0,0,0,0,grass_8
12.775,0,0,0,0,grass_8
12.782,0,0,0,0,grass_8
12.788,0,0,0,0,grass_8
12.792,0,0,0,0,grass_8
12.796,0,0,0,0,grass_8
12.803,0,0,0,0,grass_8
12.803,0,0,0,0,grass_8
12.81,0,0,0,0,grass_8
12.816,0,0,0,0,grass_8
12.818,0,0,0,0,grass_8
12.824,0,0,0,0,grass_8
12.832,0,0,0,0,grass_8
12.838,0,0,0,0,grass_8
12.838,0,0,0,0,grass_8
12.845,0,0,0,0,grass_8
12.851,0,0,0,0,grass_8
12.858,0,0,0,0,grass_8
12.858,0,0,0,0,grass_8
12.865,0,0,0,0,grass_8
12.872,0,0,0,0,grass_8
12.873,0,0,0,0,grass_8
12.879,0,0,0,0,grass_8
12.886,0,0,0,0,grass_8
12.893,0,0,0,0,grass_8
12.898,0,0,0,0,grass_8
12.9,0,0,0,0,grass_8
12.907,0,0,0,0,grass_8
12.907,0,0,0,0,grass_8
12.917,0,0,0,0,grass_8
12.921,0,0,0,0,grass_8
12.927,0,0,0,0,grass_8
12.932,0,0,0,0,grass_8
12.935,0,0,0,0,grass_8
12.942,0,0,0,0,grass_8
12.942,0,0,0,0,grass_8
12.952,0,0,0,0,grass_8
12.956,0,0,0,0,grass_8
12.963,0,0,0,0,grass_8
12.967,0,0,0,0,grass_8
12.97,0,0,0,0,grass_8
12.977,0,0,0,0,grass_8
12.983,0,0,0,0,grass_8
12.984,0,0,0,0,grass_8
12.99,0,0,0,0,grass_8
12.997,0,0,0,0,grass_8
13.002,0,0,0,0,grass_8
13.004,0,0,0,0,grass_8
13.012,0,0,0,0,grass_8
13.017,0,0,0,0,grass_8
13.018,0,0,0,0,grass_8
13.025,0,0,0,0,grass_8
13.032,972,0,0,0,grass_8
13.032,3098,0,0,0,grass_8
13.04,3408,0,0,0,grass_8
13.046,3420,0,0,0,grass_8
13.053,3309,0,0,0,grass_8
13.053,3083,0,0,0,grass_8
13.061,3190,0,0,0,grass_8
13.066,3056,0,0,0,grass_8
13.068,2423,0,1458,0,grass_8
13.074,3275,0,1935,0,grass_8
13.081,3467,0,0,0,grass_8
13.087,3679,0,0,0,grass_8
13.087,3714,0,0,0,grass_8
13.094,3661,0,0,0,grass_8
13.101,3546,0,0,0,grass_8
13.104,3457,0,1895,0,grass_8
13.108,3518,0,1858,0,grass_8
13.116,3661,0,0,0,grass_8
13.122,3751,0,0,0,grass_8
13.123,3782,0,0,0,grass_8
13.129,3777,0,0,0,grass_8
13.136,3669,0,1846,0,grass_8
13.142,3401,0,2597,0,grass_8
13.143,3316,0,2716,0,grass_8
13.15,3530,0,2328,0,grass_8
13.157,3631,0,2334,0,grass_8
13.158,3684,0,3064,0,grass_8
13.164,3728,0,3319,0,grass_8
13.172,3745,0,3540,0,grass_8
13.177,3803,0,3612,0,grass_8
13.178,3883,0,3682,0,grass_8
13.185,3912,0,3710,0,grass_8
13.191,3916,0,3764,0,grass_8
13.193,3928,0,3778,0,grass_8
13.199,3930,0,3801,0,grass_8
13.207,3924,0,3771,0,grass_8
13.212,3933,0,3726,0,grass_8
13.215,3938,0,3695,0,grass_8
13.219,3934,0,3700,0,grass_8
13.227,3932,0,3692,0,grass_8
13.228,3941,0,3676,0,grass_8
13.233,3941,0,3674,0,grass_8
13.24,3948,0,3676,0,grass_8
13.247,3959,0,3662,0,grass_8
13.248,3974,0,3632,0,grass_8
13.254,3982,0,3634,0,grass_8
13.261,3981,0,3685,0,grass_8
13.267,3986,0,3738,0,grass_8
13.268,3990,0,3771,0,grass_8
13.275,3992,0,3806,0,grass_8
13.282,4002,0,3816,0,grass_8
13.283,4008,0,3812,0,grass_8
13.289,4004,0,3813,0,grass_8
13.296,4004,0,3791,0,grass_8
13.302,4005,0,3760,0,grass_8
13.303,4003,0,3719,0,grass_8
13.31,3996,0,3647,0,grass_8
13.317,3998,0,3530,0,grass_8
13.318,3991,0,3629,0,grass_8
13.325,4000,0,3692,0,grass_8
13.33,4013,0,3663,0,grass_8
13.334,4016,0,3715,0,grass_8
13.338,4019,0,3772,0,grass_8
13.345,4017,0,3761,0,grass_8
13.352,4031,0,3753,0,grass_8
13.352,4019,0,3779,0,grass_8
13.36,4023,0,3819,0,grass_8
13.365,4023,0,3798,0,grass_8
13.371,4015,0,3816,0,grass_8
13.376,4008,0,3847,0,grass_8
13.379,4010,0,3816,0,grass_8
13.386,4005,0,3797,0,grass_8
13.386,3999,0,3783,0,grass_8
13.393,4000,0,3766,0,grass_8
13.4,3998,0,3755,0,grass_8
13.404,3994,0,3772,0,grass_8
13.411,3999,0,3770,0,grass_8
13.414,4003,0,3738,0,grass_8
13.421,3999,0,3735,0,grass_8
13.421,4003,0,3747,0,grass_8
13.432,4000,0,3719,0,grass_8
13.435,4008,0,3759,0,grass_8
13.437,4014,0,3807,0,grass_8
13.446,4034,0,3816,0,grass_8
13.449,4025,0,3836,0,grass_8
13.456,4021,0,3848,0,grass_8
13.456,4024,0,3852,0,grass_8
13.463,4017,0,3845,0,grass_8
13.469,4016,0,3834,0,grass_8
13.477,4017,0,3819,0,grass_8
13.48,4019,0,3821,0,grass_8
13.483,4013,0,3766,0,grass_8
13.491,4004,0,3772,0,grass_8
13.491,4003,0,3757,0,grass_8
13.501,3996,0,3774,0,grass_8
13.504,4006,0,3613,0,grass_8
13.511,4013,0,3558,0,grass_8
13.516,4016,0,3549,0,grass_8
13.518,4014,0,3585,0,grass_8
13.525,4010,0,3706,0,grass_8
13.532,4014,0,3778,0,grass_8
13.533,4010,0,3778,0,grass_8
13.54,4020,0,3796,0,grass_8
13.547,4022,0,3806,0,grass_8
13.549,4022,0,3807,0,grass_8
13.553,4023,0,3817,0,grass_8
13.56,4019,0,3808,0,grass_8
13.566,4022,0,3810,0,grass_8
13.567,4024,0,3785,0,grass_8
13.574,4019,0,3757,0,grass_8
13.58,4017,0,3765,0,grass_8
13.586,4017,0,3749,0,grass_8
13.587,4020,0,3741,0,grass_8
13.595,4017,0,3707,0,grass_8
13.601,4021,0,3741,0,grass_8
13.601,4020,0,3788,0,grass_8
13.608,4024,0,3801,0,grass_8
13.615,4023,0,3800,0,grass_8
13.621,4019,0,3785,0,grass_8
13.625,4027,0,3772,0,grass_8
13.629,4027,0,3734,0,grass_8
13.636,4031,0,3720,0,grass_8
13.636,4029,0,3686,0,grass_8
13.646,4030,0,3699,0,grass_8
13.65,4026,0,3672,0,grass_8
13.652,4024,0,3652,0,grass_8
13.66,4014,0,3451,0,grass_8
13.664,4016,0,3384,0,grass_8
13.671,4022,0,3398,0,grass_8
13.676,4019,0,3452,0,grass_8
13.678,4017,0,3440,0,grass_8
13.684,4014,0,3353,0,grass_8
13.691,4022,0,2793,0,grass_8
13.695,4023,0,1379,0,grass_8
13.699,4023,0,0,0,grass_8
13.706,4018,0,0,0,grass_8
13.707,4018,0,0,0,grass_8
13.712,4019,0,0,3859,grass_8
13.719,4021,0,0,3945,grass_8
13.726,4025,0,0,3993,grass_8
13.727,4015,0,0,4008,grass_8
13.733,4004,0,0,4003,grass_8
13.74,4001,0,0,3992,grass_8
13.746,3987,0,0,3984,grass_8
13.747,3976,0,0,3975,grass_8
13.754,3978,0,0,3941,grass_8
13.761,3969,0,0,3893,grass_8
13.766,3958,0,0,3837,grass_8
13.771,3914,0,0,3773,grass_8
13.775,3931,0,0,3772,grass_8
13.781,3974,0,0,3756,grass_8
13.782,3997,0,0,3742,grass_8
13.789,4019,0,0,3673,grass_8
13.795,4027,0,0,3497,grass_8
13.797,4042,0,0,2921,grass_8
13.805,4044,0,0,2726,grass_8
13.809,4049,0,0,2205,grass_8
13.816,4046,0,0,0,grass_8
13.817,4032,0,0,0,grass_8
13.824,4020,0,0,0,grass_8
13.83,4006,0,0,0,grass_8
13.836,4002,0,0,0,grass_8
13.837,4003,0,0,0,grass_8
13.844,4006,0,0,0,grass_8
13.851,4003,0,0,0,grass_8
13.852,4007,0,0,0,grass_8
13.858,4018,0,0,0,grass_8
13.865,4028,0,0,0,grass_8
13.866,4037,0,0,0,grass_8
13.876,4040,0,0,0,grass_8
13.879,4038,0,0,0,grass_8
13.885,4036,0,0,0,grass_8
13.886,4032,0,686,0,grass_8
13.893,4030,0,0,0,grass_8
13.9,4029,0,0,0,grass_8
13.901,4020,0,0,0,grass_8
13.91,4008,0,0,0,grass_8
13.914,4009,0,0,0,grass_8
13.921,4011,0,0,0,grass_8
13.922,4014,0,0,0,grass_8
13.928,4012,0,0,0,grass_8
13.934,4014,0,0,0,grass_8
13.941,4018,0,0,0,grass_8
13.942,4019,0,0,0,grass_8
13.95,4009,0,1981,0,grass_8
13.956,4016,0,2537,0,grass_8
13.956,4011,0,1600,0,grass_8
13.962,4008,0,0,0,grass_8
13.969,4002,0,0,0,grass_8
13.975,3992,0,0,0,grass_8
13.976,3982,0,0,0,grass_8
13.983,3969,0,0,0,grass_8
13.99,3943,0,0,0,grass_8
13.991,3901,0,0,0,grass_8
14.0,3869,0,0,0,grass_8
14.005,3875,0,0,0,grass_8
14.01,3933,0,0,2541,grass_8
14.014,3982,0,0,2760,grass_8
14.02,3992,0,0,0,grass_8
14.025,4000,0,0,0,grass_8
14.03,4001,0,0,0,grass_8
14.032,4000,0,0,0,grass_8
14.039,4001,0,0,0,grass_8
14.039,3995,0,0,0,grass_8
14.046,3983,0,0,0,grass_8
14.053,3974,0,0,0,grass_8
14.06,3952,0,0,0,grass_8
14.065,3922,0,0,0,grass_8
14.067,3904,0,0,0,grass_8
14.074,3920,0,0,0,grass_8
14.081,3930,0,0,0,grass_8
14.081,3949,0,0,0,grass_8
14.089,3967,0,0,0,grass_8
14.094,3972,0,0,0,grass_8
14.1,3971,0,0,0,grass_8
14.101,3964,0,0,0,grass_8
14.108,3940,0,0,0,grass_8
14.116,3906,0,0,0,grass_8
14.12,3803,0,0,0,grass_8
14.124,3633,0,0,0,grass_8
14.129,3395,0,0,0,grass_8
14.135,2574,0,0,0,grass_8
14.136,0,0,0,0,grass_8
14.143,0,0,0,0,grass_8
14.15,0,0,0,0,grass_8
14.151,0,0,0,0,grass_8
14.157,0,0,0,2309,grass_8
14.164,0,0,0,3541,grass_8
14.17,0,0,0,3648,grass_8
14.171,0,0,0,3677,grass_8
14.178,0,0,0,3715,grass_8
14.184,0,0,0,3657,grass_8
14.187,0,0,0,2901,grass_8
14.195,0,0,0,0,grass_8
14.199,0,0,0,0,grass_8
14.202,0,0,0,1786,grass_8
14.206,0,0,0,3608,grass_8
14.212,0,0,0,3712,grass_8
14.219,0,0,0,3725,grass_8
14.225,0,0,0,3804,grass_8
14.226,0,0,0,3822,grass_8
14.233,0,0,0,3830,grass_8
14.24,0,0,0,3837,grass_8
14.24,0,0,0,3833,grass_8
14.247,0,0,0,3848,grass_8
14.254,0,0,0,3886,grass_8
14.256,0,0,0,3867,grass_8
14.265,0,0,0,3869,grass_8
14.268,0,0,0,3912,grass_8
14.275,0,0,0,3945,grass_8
14.28,0,0,0,3960,grass_8
14.283,0,0,0,3982,grass_8
14.289,0,0,0,3974,grass_8
14.291,0,0,0,3969,grass_8
14.296,0,0,0,3941,grass_8
14.304,0,0,0,3907,grass_8
14.31,0,1082,0,3921,grass_8
14.31,0,1189,0,3922,grass_8
14.317,0,1676,0,3924,grass_8
14.323,0,1757,0,3913,grass_8
14.33,0,2043,0,3871,grass_8
14.331,0,2006,0,3747,grass_8
14.338,0,2060,0,3554,grass_8
14.344,0,1985,0,3512,grass_8
14.346,0,2032,0,3665,grass_8
14.351,0,2140,0,3700,grass_8
14.358,0,2150,0,3728,grass_8
14.364,0,2004,0,3741,grass_8
14.365,0,1707,0,3694,grass_8
14.372,0,1698,0,3529,grass_8
14.379,0,1690,0,3425,grass_8
14.381,0,1983,0,3344,grass_8
14.389,0,2095,0,3495,grass_8
14.393,0,2127,0,3665,grass_8
14.399,0,2091,0,3768,grass_8
14.4,0,2011,0,3816,grass_8
14.407,0,1606,0,3811,grass_8
14.414,0,1280,0,3793,grass_8
14.415,0,0,0,3810,grass_8
14.425,0,1927,0,3886,grass_8
14.428,0,2304,0,3950,grass_8
14.435,0,2633,0,3975,grass_8
14.44,0,2764,0,3985,grass_8
14.442,0,2765,0,3984,grass_8
14.448,0,2204,0,3976,grass_8
14.455,0,1716,0,3979,grass_8
14.455,0,1730,0,3981,grass_8
14.465,0,1388,0,3981,grass_8
14.469,0,0,0,3975,grass_8
14.47,0,0,0,3951,grass_8
14.479,0,0,0,3817,grass_8
14.483,0,0,0,3428,grass_8
14.489,0,0,0,2761,grass_8
14.49,0,0,0,2752,grass_8
14.499,0,0,0,3575,grass_8
14.504,0,0,0,3830,grass_8
14.505,0,720,0,3910,grass_8
14.513,0,1842,0,3936,grass_8
14.518,0,2005,0,3934,grass_8
14.524,0,2078,0,3928,grass_8
14.525,0,1865,0,3919,grass_8
14.534,0,385,0,3912,grass_8
14.538,0,0,0,3889,grass_8
14.544,0,0,0,3864,grass_8
14.548,0,0,0,3870,grass_8
14.553,0,877,0,3885,grass_8
14.56,0,1920,0,3896,grass_8
14.56,0,2252,0,3896,grass_8
14.567,0,2234,0,3882,grass_8
14.573,0,1863,0,3827,grass_8
14.579,0,1549,0,3790,grass_8
14.581,0,0,0,3795,grass_8
14.587,0,114,0,3799,grass_8
14.595,0,1372,0,3827,grass_8
14.595,0,1989,0,3878,grass_8
14.601,0,2593,0,3895,grass_8
14.608,0,2834,0,3918,grass_8
14.61,0,2796,0,3929,grass_8
14.615,0,2367,0,3903,grass_8
14.624,0,0,0,3884,grass_8
14.629,0,0,0,3858,grass_8
14.634,0,0,0,3857,grass_8
14.639,0,0,0,3888,grass_8
14.643,0,0,0,3927,grass_8
14.646,0,1972,0,3947,grass_8
14.65,0,2848,0,3965,grass_8
14.657,0,3072,0,3978,grass_8
14.664,0,3143,0,3971,grass_8
14.664,0,3081,0,3974,grass_8
14.671,0,2848,0,3962,grass_8
14.678,0,1963,0,3939,grass_8
14.684,0,0,0,3888,grass_8
14.689,0,0,0,3842,grass_8
14.692,0,0,0,3846,grass_8
14.699,0,0,0,3859,grass_8
14.699,0,0,0,3901,grass_8
14.706,0,2291,0,3934,grass_8
14.712,0,2881,0,3964,grass_8
14.718,0,3157,0,3975,grass_8
14.724,0,3234,0,3976,grass_8
14.726,0,3166,0,3964,grass_8
14.733,0,2885,0,3963,grass_8
14.733,0,1781,0,3941,grass_8
14.744,0,0,0,3909,grass_8
14.747,0,0,0,3867,grass_8
14.755,0,0,0,3842,grass_8
14.758,0,0,0,3881,grass_8
14.761,0,798,0,3920,grass_8
14.768,0,2611,0,3953,grass_8
14.774,0,3062,0,3968,grass_8
14.775,0,3172,0,3971,grass_8
14.784,0,3252,0,3965,grass_8
14.788,0,3136,0,3957,grass_8
14.791,0,2887,0,3927,grass_8
14.796,0,2385,0,3890,grass_8
14.803,0,1455,0,3819,grass_8
14.805,0,0,0,3799,grass_8
14.81,0,0,0,3804,grass_8
14.817,0,979,0,3870,grass_8
14.823,0,1877,0,3914,grass_8
14.824,0,2432,0,3951,grass_8
14.834,0,2747,0,3970,grass_8
14.839,0,2867,0,3969,grass_8
14.844,0,2876,0,3974,grass_8
14.846,0,2757,0,3978,grass_8
14.852,0,2419,0,3978,grass_8
14.858,0,1994,0,3978,grass_8
14.864,0,1877,0,3973,grass_8
14.865,0,1962,0,3975,grass_8
14.874,0,2341,0,3973,grass_8
14.879,0,2400,0,3971,grass_8
14.884,0,2419,0,3966,grass_8
14.886,0,2444,0,3962,grass_8
14.893,0,2432,0,3958,grass_8
14.899,0,2460,0,3947,grass_8
14.9,0,2504,0,3941,grass_8
14.908,0,2565,0,3939,grass_8
14.914,0,2605,0,3933,grass_8
14.914,0,2425,0,3927,grass_8
14.921,0,2366,0,3932,grass_8
14.927,0,2092,0,3927,grass_8
14.934,0,2356,0,3937,grass_8
14.939,0,2687,0,3946,grass_8
14.941,0,2885,0,3953,grass_8
14.948,0,3068,0,3959,grass_8
14.949,0,3081,0,3966,grass_8
14.959,0,2977,0,3963,grass_8
14.962,0,2710,0,3952,grass_8
14.968,0,2114,0,3936,grass_8
14.97,0,1904,0,3927,grass_8
14.978,0,1973,0,3937,grass_8
14.983,0,2054,0,3949,grass_8
14.985,0,2579,0,3962,grass_8
14.99,0,2764,0,3970,grass_8
14.998,0,2817,0,3975,grass_8
15.003,0,2550,0,3973,grass_8
15.004,0,2038,0,3982,grass_8
15.011,0,1478,0,3976,grass_8
15.019,0,0,0,3974,grass_8
15.019,0,0,0,3969,grass_8
15.027,0,1568,0,3974,grass_8
15.032,0,2020,0,3982,grass_8
15.039,0,2693,0,3984,grass_8
15.043,0,2967,0,3989,grass_8
15.046,0,3146,0,3984,grass_8
15.052,0,3167,0,3985,grass_8
15.058,0,3127,0,3975,grass_8
15.06,0,2970,0,3957,grass_8
15.068,0,2652,0,3910,grass_8
15.073,0,2031,0,3835,grass_8
15.075,0,1773,0,3791,grass_8
15.08,0,1870,0,3803,grass_8
15.087,0,2143,0,3845,grass_8
15.093,0,2699,0,3909,grass_8
15.095,0,2890,0,3944,grass_8
15.101,0,3011,0,3964,grass_8
15.108,0,3006,0,3971,grass_8
15.109,0,2915,0,3976,grass_8
15.118,0,2756,0,3971,grass_8
15.124,0,1901,0,3974,grass_8
15.126,0,1515,0,3969,grass_8
15.13,0,1345,0,3971,grass_8
15.136,0,1749,0,3972,grass_8
15.143,0,2180,0,3979,grass_8
15.143,0,2859,0,3986,grass_8
15.151,0,3041,0,3982,grass_8
15.158,0,3099,0,3982,grass_8
15.164,0,3043,0,3980,grass_8
15.168,0,2884,0,3969,grass_8
15.173,0,2510,0,3963,grass_8
15.177,0,2074,0,3945,grass_8
15.18,0,1794,0,3929,grass_8
15.185,0,1744,0,3933,grass_8
15.191,0,1885,0,3954,grass_8
15.198,0,2304,0,3968,grass_8
15.202,0,2752,0,3981,grass_8
15.205,0,2871,0,3981,grass_8
15.212,0,2917,0,3984,grass_8
15.217,0,2890,0,3986,grass_8
15.221,0,2867,0,3983,grass_8
15.226,0,2850,0,3980,grass_8
15.233,0,2848,0,3975,grass_8
15.238,0,2835,0,3972,grass_8
15.24,0,2802,0,3968,grass_8
15.247,0,2695,0,3957,grass_8
15.253,0,2574,0,3954,grass_8
15.258,0,2476,0,3945,grass_8
15.261,0,2480,0,3940,grass_8
15.268,0,2474,0,3932,grass_8
15.268,0,2524,0,3945,grass_8
15.277,0,2664,0,3959,grass_8
15.281,0,2770,0,3968,grass_8
15.288,0,2822,0,3973,grass_8
15.289,0,2846,0,3978,grass_8
15.297,0,2854,0,3981,grass_8
15.302,0,2840,0,3983,grass_8
15.304,0,2755,0,3983,grass_8
15.309,0,2729,0,3987,grass_8
15.317,0,2574,0,3982,grass_8
15.322,0,2485,0,3982,grass_8
15.325,0,2238,0,3985,grass_8
15.332,0,2243,0,3977,grass_8
15.338,0,2231,0,3976,grass_8
15.34,0,2243,0,3974,grass_8
15.344,0,2440,0,3974,grass_8
15.351,0,2467,0,3980,grass_8
15.358,0,2490,0,3974,grass_8
15.358,0,2502,0,3981,grass_8
15.365,0,2505,0,3979,grass_8
15.372,0,2478,0,3977,grass_8
15.374,0,2495,0,3979,grass_8
15.379,0,2562,0,3973,grass_8
15.386,0,2682,0,3980,grass_8
15.393,0,2856,0,3980,grass_8
15.393,0,2873,0,3976,grass_8
15.401,0,2866,0,3973,grass_8
15.406,0,2841,0,3967,grass_8
15.413,0,2812,0,3951,grass_8
15.414,0,2732,0,3960,grass_8
15.421,0,2760,0,3957,grass_8
15.427,0,2814,0,3959,grass_8
15.433,0,2819,0,3961,grass_8
15.434,0,2757,0,3958,grass_8
15.441,0,2560,0,3954,grass_8
15.448,0,2102,0,3949,grass_8
15.448,0,1542,0,3952,grass_8
15.455,0,108,0,3952,grass_8
15.462,0,1267,0,3952,grass_8
15.463,0,1701,0,3968,grass_8
15.473,0,2392,0,3966,grass_8
15.476,0,2731,0,3977,grass_8
15.482,0,2900,0,3978,grass_8
15.484,0,2911,0,3976,grass_8
15.49,0,2896,0,3980,grass_8
15.497,0,2734,0,3978,grass_8
15.503,0,2641,0,3971,grass_8
15.507,0,2575,0,3965,grass_8
15.511,0,2543,0,3965,grass_8
15.517,0,2488,0,3975,grass_8
15.518,0,2471,0,3967,grass_8
15.526,0,2490,0,3969,grass_8
15.531,0,2553,0,3979,grass_8
15.538,0,2675,0,3989,grass_8
15.542,0,2841,0,3990,grass_8
15.546,0,2890,0,3983,grass_8
15.553,0,2836,0,3982,grass_8
15.554,0,2556,0,3967,grass_8
15.562,0,1115,0,3956,grass_8
15.566,0,0,0,3947,grass_8
15.572,0,0,0,3943,grass_8
15.573,0,0,0,3943,grass_8
15.58,0,0,0,3953,grass_8
15.587,0,2227,0,3963,grass_8
15.588,0,2985,0,3974,grass_8
15.594,0,2933,0,3984,grass_8
15.601,0,2561,0,3981,grass_8
15.608,0,919,0,3966,grass_8
15.608,0,0,0,3925,grass_8
15.615,0,0,0,3871,grass_8
15.622,0,0,0,3882,grass_8
15.626,0,1394,0,3930,grass_8
15.631,0,2444,0,3965,grass_8
15.638,0,3006,0,3984,grass_8
15.642,0,3244,0,3992,grass_8
15.648,0,3546,0,3990,grass_8
15.651,0,3579,0,3990,grass_8
15.657,0,3508,0,3993,grass_8
15.662,0,3122,0,3983,grass_8
15.664,0,2853,0,3958,grass_8
15.673,0,2575,0,3947,grass_8
15.673,0,2133,0,3932,grass_8
15.678,0,2086,0,3928,grass_8
15.685,0,1975,0,3935,grass_8
15.692,0,1962,0,3940,grass_8
15.698,0,2119,0,3949,grass_8
15.702,0,2502,0,3953,grass_8
15.705,0,2414,0,3949,grass_8
15.711,0,1696,0,3949,grass_8
15.713,0,0,0,3946,grass_8
15.721,0,0,0,3943,grass_8
15.726,0,0,0,3946,grass_8
15.729,0,0,0,3953,grass_8
15.733,0,1492,0,3954,grass_8
15.741,0,2585,0,3962,grass_8
15.747,0,2285,0,3977,grass_8
15.748,0,1503,0,3960,grass_8
15.754,0,0,0,3932,grass_8
15.761,0,0,0,3925,grass_8
15.767,0,0,0,3923,grass_8
15.768,0,0,0,3933,grass_8
15.776,0,2186,0,3952,grass_8
15.781,0,2786,0,3969,grass_8
15.783,0,2962,0,3983,grass_8
15.791,0,2978,0,3989,grass_8
15.795,0,2909,0,3988,grass_8
15.802,0,2852,0,3987,grass_8
15.803,0,2897,0,3992,grass_8
15.81,0,2912,0,3987,grass_8
15.816,0,2885,0,3988,grass_8
15.822,0,2825,0,3979,grass_8
15.826,0,2446,0,3980,grass_8
15.83,0,2044,0,3972,grass_8
15.837,0,1279,0,3963,grass_8
15.837,0,0,0,3958,grass_8
15.844,0,0,0,3963,grass_8
15.851,0,1367,0,3963,grass_8
15.857,0,1623,0,3967,grass_8
15.862,0,0,0,3959,grass_8
15.865,0,0,0,3964,grass_8
15.872,0,0,0,3957,grass_8
15.872,0,0,0,3949,grass_8
15.88,0,0,0,3951,grass_8
15.886,0,0,0,3951,grass_8
15.892,0,0,0,3943,grass_8
15.893,0,0,0,3929,grass_8
15.9,0,0,0,3933,grass_8
15.907,0,0,0,3928,grass_8
15.911,0,0,0,3909,grass_8
15.914,0,0,0,3919,grass_8
15.92,0,2452,0,3952,grass_8
15.927,0,3002,0,3970,grass_8
15.928,0,3068,0,3976,grass_8
15.936,0,3067,0,3977,grass_8
15.941,0,2971,0,3972,grass_8
15.944,0,2631,0,3950,grass_8
15.948,0,2238,0,3899,grass_8
15.956,0,325,0,3659,grass_8
15.962,0,0,0,3398,grass_8
15.967,0,0,0,3255,grass_8
15.97,0,0,0,3509,grass_8
15.976,0,0,0,3626,grass_8
15.981,0,0,0,3781,grass_8
15.986,0,0,0,3842,grass_8
15.99,0,0,0,3870,grass_8
15.994,0,0,0,3874,grass_8
15.997,0,0,0,3870,grass_8
16.004,0,0,0,3799,grass_8
16.01,0,0,0,3744,grass_8
16.017,0,0,0,3628,grass_8
16.018,0,0,0,3417,grass_8
16.027,0,0,0,2845,grass_8
16.031,0,0,0,2728,grass_8
16.032,0,0,0,3203,grass_8
16.039,0,0,0,3358,grass_8
16.046,0,0,0,3501,grass_8
16.052,0,0,0,3350,grass_8
16.053,0,0,0,0,grass_8
16.06,0,0,0,0,grass_8
16.067,0,0,0,0,grass_8
16.068,0,0,0,0,grass_8
16.076,0,0,0,0,grass_8
16.08,0,0,0,0,grass_8
16.086,0,0,0,0,grass_8
16.088,0,0,0,0,grass_8
16.094,0,0,0,0,grass_8
16.101,0,0,0,0,grass_8
16.106,0,0,0,0,grass_8
16.108,0,0,0,0,grass_8
16.115,0,0,0,0,grass_8
16.121,0,0,0,0,grass_8
16.126,0,0,0,0,grass_8
16.131,0,0,0,0,grass_8
16.136,0,0,0,0,grass_8
16.141,0,0,0,0,grass_8
16.143,0,0,0,0,grass_8
16.15,0,0,0,0,grass_8
16.156,0,0,0,1217,grass_8
16.157,0,0,0,2395,grass_8
16.163,0,0,0,2790,grass_8
16.172,0,0,0,2086,grass_8
16.172,0,0,0,0,grass_8
16.18,0,0,0,0,grass_8
16.184,0,0,0,0,grass_8
16.191,0,0,0,0,grass_8
16.196,0,0,0,0,grass_8
16.198,0,0,0,0,grass_8
16.205,0,0,0,3006,grass_8
16.211,0,0,0,3578,grass_8
16.212,0,0,0,3648,grass_8
16.22,0,0,0,3740,grass_8
16.226,0,0,0,3792,grass_8
16.231,0,0,0,3688,grass_8
16.233,0,0,0,3550,grass_8
16.24,0,0,0,3319,grass_8
16.247,0,0,0,2881,grass_8
16.247,0,0,0,2692,grass_8
16.254,0,0,0,3517,grass_8
16.261,0,0,0,3627,grass_8
16.266,0,0,0,3661,grass_8
16.268,0,0,0,3772,grass_8
16.275,0,0,0,3874,grass_8
16.281,0,0,0,3898,grass_8
16.282,0,1428,0,3902,grass_8
16.29,0,1777,0,3867,grass_8
16.295,0,2264,0,3786,grass_8
16.301,0,2342,0,3785,grass_8
16.303,0,1704,0,3897,grass_8
16.309,0,1305,0,3941,grass_8
16.316,0,1246,0,3941,grass_8
16.317,0,1424,0,3933,grass_8
16.323,0,2380,0,3919,grass_8
16.33,0,2654,0,3898,grass_8
16.336,0,2554,0,3917,grass_8
16.337,0,2257,0,3934,grass_8
16.344,0,1964,0,3947,grass_8
16.351,0,0,0,3910,grass_8
16.351,0,0,0,3951,grass_8
16.36,0,0,0,3941,grass_8
16.365,0,0,0,3944,grass_8
16.371,0,0,0,3940,grass_8
16.372,0,0,0,3928,grass_8
16.381,0,0,0,3921,grass_8
16.385,0,0,0,3949,grass_8
16.391,0,0,0,3983,grass_8
16.393,0,0,0,3992,grass_8
16.4,0,0,0,3995,grass_8
16.406,0,0,0,3978,grass_8
16.407,0,0,0,3975,grass_8
16.414,0,0,0,3967,grass_8
16.42,0,0,0,3987,grass_8
16.422,0,0,0,3998,grass_8
16.43,0,0,0,3981,grass_8
16.435,0,602,0,3980,grass_8
16.441,0,2093,0,3958,grass_8
16.446,0,2593,0,3902,grass_8
16.448,0,2701,0,3938,grass_8
16.455,0,2308,0,3972,grass_8
16.461,0,2115,0,3980,grass_8
16.462,0,2320,0,3977,grass_8
16.471,0,2298,0,3960,grass_8
16.476,0,2407,0,3979,grass_8
16.479,0,2186,0,4000,grass_8
16.483,0,1850,0,4007,grass_8
16.49,0,2225,0,4003,grass_8
16.496,0,3011,0,3993,grass_8
16.501,0,2734,0,3966,grass_8
16.504,0,2389,0,4004,grass_8
16.511,0,2798,0,4002,grass_8
16.511,0,2858,0,4007,grass_8
16.519,0,2901,0,4005,grass_8
16.525,0,3070,0,4016,grass_8
16.528,0,3281,0,3995,grass_8
16.536,0,3265,0,3985,grass_8
16.539,0,2708,0,4013,grass_8
16.545,0,2513,0,4017,grass_8
16.545,0,2938,0,4015,grass_8
16.553,0,2737,0,4015,grass_8
16.559,0,3204,0,3999,grass_8
16.561,0,3458,0,3995,grass_8
16.566,0,2939,0,4006,grass_8
16.573,0,2803,0,4015,grass_8
16.58,0,1835,0,4027,grass_8
16.58,0,0,0,4022,grass_8
16.588,0,2638,0,4001,grass_8
16.594,0,3163,0,4019,grass_8
16.597,0,3420,0,4020,grass_8
16.605,0,3562,0,4025,grass_8
16.608,0,3463,0,4038,grass_8
16.615,0,3585,0,4032,grass_8
16.618,0,3592,0,4028,grass_8
16.622,0,3549,0,4031,grass_8
16.629,0,3560,0,4039,grass_8
16.635,0,3613,0,4005,grass_8
16.639,0,3628,0,4038,grass_8
16.643,0,3627,0,4045,grass_8
16.65,0,3689,0,4042,grass_8
16.656,0,3743,0,4038,grass_8
16.657,0,3588,0,4054,grass_8
16.664,0,3581,0,4048,grass_8
16.67,0,3622,0,4053,grass_8
16.671,0,3647,0,4041,grass_8
16.679,0,3692,0,4037,grass_8
16.684,0,3626,0,4041,grass_8
16.69,0,3509,0,4042,grass_8
16.691,0,3359,0,4038,grass_8
16.698,0,3117,0,4044,grass_8
16.705,0,3399,0,4039,grass_8
16.71,0,3489,0,4029,grass_8
16.712,0,3537,0,4032,grass_8
16.719,0,3523,0,4038,grass_8
16.725,0,3222,0,4045,grass_8
16.727,0,3211,0,4044,grass_8
16.733,0,3471,0,4040,grass_8
16.74,0,3570,0,4039,grass_8
16.745,0,3544,0,4040,grass_8
16.747,0,3426,0,4043,grass_8
16.754,0,3540,0,4046,grass_8
16.76,0,3549,0,4045,grass_8
16.761,0,3591,0,4042,grass_8
16.769,0,3441,0,4046,grass_8
16.774,0,2806,0,4045,grass_8
16.777,0,2701,0,4045,grass_8
16.781,0,3291,0,4046,grass_8
16.789,0,3589,0,4048,grass_8
16.795,0,3640,0,4046,grass_8
16.797,0,3583,0,4044,grass_8
16.802,0,3306,0,4045,grass_8
16.809,0,2962,0,4046,grass_8
16.811,0,3271,0,4049,grass_8
16.82,0,3503,0,4040,grass_8
16.823,0,3571,0,4051,grass_8
16.83,0,3606,0,4036,grass_8
16.83,0,3430,0,4045,grass_8
16.837,0,3189,0,4045,grass_8
16.844,0,3246,0,4040,grass_8
16.85,0,3352,0,4033,grass_8
16.855,0,3470,0,4028,grass_8
16.858,0,3398,0,4032,grass_8
16.865,0,3293,0,4039,grass_8
16.865,0,3271,0,4042,grass_8
16.874,0,3438,0,4043,grass_8
16.879,0,3547,0,4032,grass_8
16.885,0,3501,0,4038,grass_8
16.886,0,3188,0,4044,grass_8
16.895,0,2674,0,4028,grass_8
16.899,0,2988,0,4031,grass_8
16.905,0,3205,0,4021,grass_8
16.91,0,3181,0,4024,grass_8
16.916,0,2786,0,4019,grass_8
16.92,0,0,0,4020,grass_8
16.923,0,0,0,4015,grass_8
16.929,0,0,0,4013,grass_8
16.933,0,0,0,4011,grass_8
16.939,0,0,0,4015,grass_8
16.945,0,0,0,4022,grass_8
16.949,0,0,0,4022,grass_8
16.955,0,0,0,4026,grass_8
16.959,0,0,0,4031,grass_8
16.964,0,0,0,4025,grass_8
16.968,0,0,0,4027,grass_8
16.974,0,0,0,4024,grass_8
16.98,0,0,0,4027,grass_8
16.984,2023,0,0,4014,grass_8
16.988,2491,0,0,3976,grass_8
16.994,0,0,0,3980,grass_8
16.998,0,0,0,3951,grass_8
17.004,0,0,0,3768,grass_8
17.01,0,0,0,3349,grass_8
17.014,0,0,0,2931,grass_8
17.02,0,0,0,2852,grass_8
17.024,0,0,0,3638,grass_8
17.03,0,0,0,3955,grass_8
17.033,0,0,0,4003,grass_8
17.039,0,0,0,4029,grass_8
17.045,0,0,0,4037,grass_8
17.049,0,0,0,4036,grass_8
17.054,0,0,0,4033,grass_8
17.058,0,0,0,4030,grass_8
17.064,0,0,0,4024,grass_8
17.07,0,0,0,4014,grass_8
17.075,0,0,0,4006,grass_8
17.083,0,0,0,4001,grass_8
17.087,0,0,0,4011,grass_8
17.089,0,0,0,4015,grass_8
17.094,0,0,0,4018,grass_8
17.095,0,0,0,4030,grass_8
17.1,0,0,0,4030,grass_8
17.108,0,0,0,4036,grass_8
17.115,0,0,0,4035,grass_8
17.116,0,0,0,4037,grass_8
17.121,0,0,0,4029,grass_8
17.13,0,0,0,4025,grass_8
17.13,0,0,0,4025,grass_8
17.139,0,0,0,4027,grass_8
17.143,0,0,0,4034,grass_8
17.149,0,0,0,4038,grass_8
17.155,0,0,0,4028,grass_8
17.156,0,0,0,4029,grass_8
17.164,0,0,0,4019,grass_8
17.17,0,0,0,4016,grass_8
17.17,0,0,0,4011,grass_8
17.179,0,0,0,4000,grass_8
17.185,0,0,0,3980,grass_8
17.185,0,0,0,3965,grass_8
17.193,0,0,0,3941,grass_8
17.199,0,0,0,3924,grass_8
17.204,0,0,0,3897,grass_8
17.21,0,0,0,3887,grass_8
17.212,0,0,0,3877,grass_8
17.219,0,0,0,3871,grass_8
17.219,0,0,0,3870,grass_8
17.227,0,0,0,3910,grass_8
17.232,0,0,0,3947,grass_8
17.239,0,0,0,3969,grass_8
17.243,0,0,0,3972,grass_8
17.247,0,0,0,3965,grass_8
17.253,0,0,0,3944,grass_8
17.255,0,0,0,3921,grass_8
17.26,0,0,0,3917,grass_8
17.267,0,0,0,3909,grass_8
17.274,0,0,0,3903,grass_8
17.276,0,0,0,3901,grass_8
17.284,0,0,0,3903,grass_8
17.288,0,0,0,3891,grass_8
17.292,0,0,0,3881,grass_8
17.295,0,0,0,3838,grass_8
17.302,0,0,0,3787,grass_8
17.309,0,0,0,3643,grass_8
17.311,0,0,0,3286,grass_8
17.316,0,0,0,0,grass_8
17.323,0,0,0,0,grass_8
17.33,0,0,0,0,grass_8
17.331,0,0,0,0,grass_8
17.337,0,0,0,0,grass_8
17.343,0,0,0,0,grass_8
17.347,0,0,0,0,grass_8
17.351,0,0,0,0,grass_8
17.358,0,0,0,0,grass_8
17.364,0,0,0,0,grass_8
17.364,0,0,0,0,grass_8
17.374,0,0,0,0,grass_8
17.379,0,0,0,0,grass_8
17.385,0,0,0,0,grass_8
17.387,0,0,0,0,grass_8
17.392,0,0,0,0,grass_8
17.4,0,0,0,0,grass_8
17.404,0,0,0,0,grass_8
17.407,0,0,0,0,grass_8
17.413,0,0,0,0,grass_8
17.42,0,0,0,0,grass_8
17.421,0,0,0,0,grass_8
17.43,0,0,0,0,grass_8
17.43,0,0,0,0,grass_8
17.435,0,0,0,0,grass_8
17.442,0,0,0,0,grass_8
17.448,0,0,0,0,grass_8
17.448,0,0,0,0,grass_8
17.456,0,0,0,0,grass_8
17.462,0,0,0,0,grass_8
17.469,0,0,0,0,grass_8
17.473,0,0,0,0,grass_8
17.475,0,0,0,0,grass_8
17.483,0,0,0,0,grass_8
17.489,0,0,0,0,grass_8
17.489,0,0,0,0,grass_8
17.497,0,0,0,0,grass_8
17.503,0,0,0,0,grass_8
17.505,0,0,0,0,grass_8
17.51,0,0,0,0,grass_8
17.518,0,0,0,0,grass_8
17.518,0,0,0,0,grass_8
17.526,0,0,0,0,grass_8
17.531,0,0,0,0,grass_8
17.539,0,0,0,0,grass_8
17.545,0,0,0,0,grass_8
17.546,0,0,0,0,grass_8
17.552,0,0,0,0,grass_8
17.56,0,0,0,0,grass_8
17.56,0,0,0,0,grass_8
17.566,0,0,0,0,grass_8
17.573,0,0,0,0,grass_8
17.58,0,0,0,0,grass_8
17.581,0,0,0,0,grass_8
17.586,0,0,0,0,grass_8
17.593,0,0,0,0,grass_8
17.596,0,0,0,0,grass_8
17.604,0,0,0,0,grass_8
17.608,0,0,0,0,grass_8
17.614,0,0,0,0,grass_8
17.617,0,0,0,0,grass_8
17.622,2285,0,0,0,grass_8
17.629,2430,0,0,0,grass_8
17.63,1963,0,0,0,grass_8
17.636,0,0,0,0,grass_8
17.643,0,0,0,0,grass_8
17.649,0,0,0,0,grass_8
17.65,0,0,0,0,grass_8
17.656,0,0,0,0,grass_8
17.663,0,0,0,0,grass_8
17.668,0,0,0,0,grass_8
17.67,0,0,0,0,grass_8
17.678,0,0,0,0,grass_8
17.684,0,0,0,0,grass_8
17.685,0,0,0,0,grass_8
17.692,0,0,0,0,grass_8
17.698,0,0,0,0,grass_8
17.7,0,0,0,0,grass_8
17.708,0,0,0,0,grass_8
17.712,0,0,0,0,grass_8
17.718,0,0,0,0,grass_8
17.719,0,0,0,0,grass_8
17.726,0,0,0,0,grass_8
17.732,0,0,0,0,grass_8
17.735,0,0,0,0,grass_8
17.743,1935,0,0,0,grass_8
17.747,1907,0,0,0,grass_8
17.753,1595,0,0,0,grass_8
17.753,0,0,0,0,grass_8
17.762,0,0,0,0,grass_8
17.767,0,0,0,0,grass_8
17.769,0,0,0,0,grass_8
17.774,0,0,0,0,grass_8
17.782,0,0,0,0,grass_8
17.788,0,0,0,0,grass_8
17.794,0,0,0,0,grass_8
17.797,0,0,0,0,grass_8
17.802,0,0,0,0,grass_8
17.807,0,0,0,0,grass_8
17.813,0,0,0,0,grass_8
17.819,0,0,0,0,grass_8
17.823,0,0,0,0,grass_8
17.829,0,0,0,0,grass_8
17.832,0,0,0,0,grass_8
17.837,0,0,0,0,grass_8
17.843,0,0,0,0,grass_8
17.849,0,0,0,0,grass_8
17.853,0,0,0,0,grass_8
17.857,0,0,0,0,grass_8
17.863,1943,0,0,0,grass_8
17.868,2635,0,0,0,grass_8
17.872,2767,0,0,0,grass_8
17.878,2732,0,0,0,grass_8
17.882,2724,0,0,0,grass_8
17.888,2624,0,0,0,grass_8
17.892,1927,0,0,0,grass_8
17.898,1720,0,0,0,grass_8
17.902,1531,0,0,0,grass_8
17.908,0,0,0,0,grass_8
17.912,0,0,0,0,grass_8
17.918,0,0,0,0,grass_8
17.922,0,0,0,0,grass_8
17.928,0,0,0,0,grass_8
17.932,0,0,0,0,grass_8
17.938,0,0,0,0,grass_8
17.944,0,0,0,0,grass_8
17.947,0,0,0,0,grass_8
17.949,1410,0,0,0,grass_8
17.956,1451,0,0,0,grass_8
17.963,1547,0,0,0,grass_8
17.965,1844,0,0,0,grass_8
17.97,1904,0,0,0,grass_8
17.976,2043,0,0,0,grass_8
17.983,2657,0,0,0,grass_8
17.983,2713,0,0,0,grass_8
17.99,2744,0,0,0,grass_8
17.997,2723,0,0,0,grass_8
18.0,2571,0,0,0,grass_8
18.006,2035,0,0,0,grass_8
18.011,1917,0,0,0,grass_8
18.018,1656,0,0,0,grass_8
18.018,1410,0,0,0,grass_8
18.025,1365,0,0,0,grass_8
18.032,1289,0,0,0,grass_8
18.034,0,0,0,0,grass_8
18.04,0,0,0,0,grass_8
18.045,0,0,0,0,grass_8
18.052,0,0,0,0,grass_8
18.053,1551,0,0,0,grass_8
18.061,2168,0,0,0,grass_8
18.066,2773,0,0,0,grass_8
18.073,2824,0,0,0,grass_8
18.073,2834,0,0,0,grass_8
18.08,2904,0,0,0,grass_8
18.087,2917,0,0,0,grass_8
18.089,2949,0,0,0,grass_8
18.095,2953,0,0,0,grass_8
18.101,2876,0,0,0,grass_8
18.107,2704,0,0,0,grass_8
18.107,2238,0,0,0,grass_8
18.114,2157,0,0,0,grass_8
18.121,2095,0,0,0,grass_8
18.124,2135,0,0,0,grass_8
18.133,2178,0,0,0,grass_8
18.136,2146,0,0,0,grass_8
18.14,2106,0,0,0,grass_8
18.149,2171,0,0,0,grass_8
18.151,2378,0,0,0,grass_8
18.157,2823,0,0,0,grass_8
18.16,2937,0,0,0,grass_8
18.165,2962,0,0,0,grass_8
18.171,2963,0,0,0,grass_8
18.177,2966,0,0,0,grass_8
18.181,2940,0,0,0,grass_8
18.185,2912,0,0,0,grass_8
18.192,2925,0,0,0,grass_8
18.194,2922,0,0,0,grass_8
18.2,2895,0,0,0,grass_8
18.206,2824,0,0,0,grass_8
18.21,2771,0,0,0,grass_8
18.215,2722,0,0,0,grass_8
18.219,2339,0,0,0,grass_8
18.226,2380,0,0,0,grass_8
18.233,2408,0,0,0,grass_8
18.235,2756,0,0,0,grass_8
18.241,2788,0,0,0,grass_8
18.245,2921,0,0,0,grass_8
18.253,3135,0,0,0,grass_8
18.254,3228,0,0,0,grass_8
18.261,3287,0,0,0,grass_8
18.268,3362,0,0,0,grass_8
18.272,3328,0,0,0,grass_8
18.274,3135,0,0,0,grass_8
18.282,3057,0,0,0,grass_8
18.287,2874,0,0,0,grass_8
18.291,2781,0,0,0,grass_8
18.295,2737,0,0,0,grass_8
18.299,2681,0,0,0,grass_8
18.307,2195,0,0,0,grass_8
18.31,1947,0,0,0,grass_8
18.317,1867,0,0,0,grass_8
18.317,1988,0,0,0,grass_8
18.324,2171,0,0,0,grass_8
18.331,2232,0,0,0,grass_8
18.333,2767,0,0,0,grass_8
18.338,2897,0,0,0,grass_8
18.346,2939,0,0,0,grass_8
18.351,3113,0,0,0,grass_8
18.353,3379,0,0,0,grass_8
18.358,3473,0,0,0,grass_8
18.365,3510,0,0,0,grass_8
18.372,3514,0,0,0,grass_8
18.373,3522,0,0,0,grass_8
18.378,3513,0,0,0,grass_8
18.383,3514,0,0,0,grass_8
18.392,3513,0,0,0,grass_8
18.393,3444,0,0,0,grass_8
18.4,3323,0,0,0,grass_8
18.406,3144,0,0,0,grass_8
18.408,2999,0,0,0,grass_8
18.414,2797,0,0,0,grass_8
18.421,2275,0,0,0,grass_8
18.427,2225,0,0,0,grass_8
18.431,2625,0,0,0,grass_8
18.435,2829,0,0,0,grass_8
18.442,2971,0,0,0,grass_8
18.443,3050,0,0,0,grass_8
18.448,3055,0,0,0,grass_8
18.456,3091,0,0,0,grass_8
18.461,3182,0,0,0,grass_8
18.463,3315,0,0,0,grass_8
18.469,3355,0,0,0,grass_8
18.473,3340,0,0,0,grass_8
18.482,3239,0,0,0,grass_8
18.483,3174,0,0,0,grass_8
18.489,3147,0,0,0,grass_8
18.493,3142,0,0,0,grass_8
18.501,3114,0,0,0,grass_8
18.504,3171,0,0,0,grass_8
18.511,3127,0,0,0,grass_8
18.511,2987,0,0,0,grass_8
18.519,3050,0,0,0,grass_8
18.526,3275,0,0,0,grass_8
18.531,3443,0,0,0,grass_8
18.538,3554,0,0,0,grass_8
18.541,3605,0,0,0,grass_8
18.546,3653,0,0,0,grass_8
18.553,3660,0,0,0,grass_8
18.556,3650,0,0,0,grass_8
18.56,3612,0,0,0,grass_8
18.566,3594,0,0,0,grass_8
18.566,3583,0,0,0,grass_8
18.574,3509,0,0,0,grass_8
18.581,3400,0,0,0,grass_8
18.588,3300,0,0,0,grass_8
18.589,3096,0,0,0,grass_8
18.593,2796,0,0,0,grass_8
18.601,2740,0,0,0,grass_8
18.608,2799,0,0,0,grass_8
18.611,2815,0,0,0,grass_8
18.616,2879,0,0,0,grass_8
18.618,2892,0,0,0,grass_8
18.624,2890,0,0,0,grass_8
18.631,2879,0,0,0,grass_8
18.636,2994,0,0,0,grass_8
18.642,3073,0,0,0,grass_8
18.643,3068,0,0,0,grass_8
18.65,2783,0,0,0,grass_8
18.657,2476,0,0,0,grass_8
18.661,2804,0,0,0,grass_8
18.664,3260,0,0,0,grass_8
18.67,3514,0,0,0,grass_8
18.677,3604,0,0,0,grass_8
18.678,3613,0,0,0,grass_8
18.684,3606,0,0,0,grass_8
18.691,3589,0,0,0,grass_8
18.695,3550,0,0,0,grass_8
18.7,3504,0,0,0,grass_8
18.706,3457,0,0,0,grass_8
18.712,3407,0,0,0,grass_8
18.714,3276,0,0,0,grass_8
18.719,3240,0,0,0,grass_8
18.725,3267,0,0,0,grass_8
18.731,3338,0,0,0,grass_8
18.736,3412,0,0,0,grass_8
18.74,3413,0,0,0,grass_8
18.746,3394,0,0,0,grass_8
18.747,3320,0,0,0,grass_8
18.756,3104,0,0,0,grass_8
18.761,2728,0,0,0,grass_8
18.763,2778,0,0,0,grass_8
18.767,2918,0,0,0,grass_8
18.775,2958,0,0,0,grass_8
18.782,3212,0,0,0,grass_8
18.784,3464,0,0,0,grass_8
18.791,3559,0,0,0,grass_8
18.796,3549,0,0,0,grass_8
18.799,3393,0,0,0,grass_8
18.803,2602,0,0,0,grass_8
18.81,0,0,0,0,grass_8
18.816,0,0,0,0,grass_8
18.817,0,0,0,0,grass_8
18.824,2211,0,0,0,grass_8
18.831,2785,0,0,0,grass_8
18.831,3267,0,0,0,grass_8
18.837,3308,0,0,0,grass_8
18.844,3385,0,0,0,grass_8
18.851,3410,0,1425,0,grass_8
18.852,3552,0,1883,0,grass_8
18.859,3548,0,1904,0,grass_8
18.865,3473,0,1433,0,grass_8
18.869,3407,0,0,0,grass_8
18.874,3296,0,0,0,grass_8
18.88,2549,0,0,0,grass_8
18.886,2192,0,0,0,grass_8
18.892,1224,0,0,0,grass_8
18.894,0,0,0,0,grass_8
18.902,900,0,0,0,grass_8
18.902,1920,0,0,0,grass_8
18.91,2326,0,0,0,grass_8
18.914,1390,0,0,0,grass_8
18.92,0,0,0,0,grass_8
18.926,0,0,0,0,grass_8
18.931,1576,0,0,0,grass_8
18.934,3027,0,0,0,grass_8
18.937,3320,0,0,0,grass_8
18.942,3197,0,0,0,grass_8
18.95,3057,0,0,0,grass_8
18.955,2479,0,0,0,grass_8
18.961,3206,0,0,0,grass_8
18.962,3296,0,0,0,grass_8
18.969,3465,0,0,0,grass_8
18.975,3645,0,0,0,grass_8
18.977,3642,0,0,0,grass_8
18.983,3597,0,0,0,grass_8
18.99,3396,0,0,0,grass_8
18.996,3275,0,0,0,grass_8
18.997,3209,0,0,0,grass_8
19.004,3232,0,0,0,grass_8
19.01,3111,0,0,0,grass_8
19.012,2889,0,0,0,grass_8
19.018,1762,0,0,0,grass_8
19.024,1355,0,0,0,grass_8
19.028,1721,0,0,0,grass_8
19.031,2460,0,0,0,grass_8
19.04,2512,0,0,0,grass_8
19.045,2395,0,0,0,grass_8
19.051,1505,0,0,0,grass_8
19.052,1327,0,0,0,grass_8
19.059,1391,0,0,0,grass_8
19.066,1631,0,0,0,grass_8
19.071,1485,0,0,0,grass_8
19.073,1385,0,0,0,grass_8
19.08,2159,0,0,0,grass_8
19.086,3062,0,0,0,grass_8
19.087,3264,0,0,0,grass_8
19.094,3215,0,0,0,grass_8
19.1,2223,0,0,0,grass_8
19.101,0,0,0,0,grass_8
19.111,0,0,0,0,grass_8
19.114,0,0,0,0,grass_8
19.118,0,0,0,0,grass_8
19.122,0,0,0,0,grass_8
19.129,0,0,0,0,grass_8
19.136,0,0,0,0,grass_8
19.136,0,0,0,0,grass_8
19.142,0,0,0,0,grass_8
19.149,0,0,0,0,grass_8
19.155,0,0,0,0,grass_8
19.16,0,0,0,0,grass_8
19.164,0,0,0,0,grass_8
19.171,0,0,0,0,grass_8
19.175,0,0,0,0,grass_8
19.18,0,0,0,0,grass_8
19.183,0,0,0,0,grass_8
19.19,0,0,0,0,grass_8
19.191,0,0,0,0,grass_8
19.198,0,0,0,0,grass_8
19.205,0,0,0,0,grass_8
19.21,0,0,0,0,grass_8
19.215,0,0,0,0,grass_8
19.219,0,0,0,0,grass_8
19.226,0,0,0,0,grass_8
19.226,0,0,0,0,grass_8
19.235,0,0,0,0,grass_8
19.24,0,0,0,0,grass_8
19.243,0,0,0,0,grass_8
19.247,0,0,0,0,grass_8
19.254,0,0,0,0,grass_8
19.26,0,0,0,0,grass_8
19.261,0,0,0,0,grass_8
19.267,0,0,0,0,grass_8
19.274,0,0,0,0,grass_8
19.281,0,0,0,0,grass_8
19.281,0,0,0,0,grass_8
19.288,0,0,0,0,grass_8
19.295,0,0,0,0,grass_8
19.295,0,0,0,0,grass_8
19.304,0,0,0,0,grass_8
19.309,0,0,0,0,grass_8
19.313,0,0,0,0,grass_8
19.316,0,0,0,0,grass_8
19.323,0,0,0,0,grass_8
19.33,0,0,0,0,grass_8
19.332,0,0,0,0,grass_8
19.34,0,0,0,0,grass_8
19.344,0,0,0,0,grass_8
19.346,0,0,0,0,grass_8
19.355,0,0,0,0,grass_8
19.358,0,0,0,0,grass_8
19.365,0,0,0,0,grass_8
19.365,0,0,0,0,grass_8
19.372,0,0,0,0,grass_8
19.379,0,0,0,0,grass_8
19.384,0,0,0,0,grass_8
19.386,0,0,0,0,grass_8
19.393,0,0,0,0,grass_8
19.4,0,0,0,0,grass_8
19.4,0,0,0,0,grass_8
19.408,0,0,0,0,grass_8
19.413,0,0,0,0,grass_8
19.42,0,0,0,0,grass_8
19.424,0,0,0,0,grass_8
19.429,1213,0,0,0,grass_8
19.434,0,0,0,0,grass_8
19.44,0,0,0,0,grass_8
19.441,0,0,0,0,grass_8
19.448,0,0,0,0,grass_8
19.454,0,0,0,0,grass_8
19.456,0,0,0,0,grass_8
19.464,2681,0,0,0,grass_8
19.468,2785,0,0,0,grass_8
19.475,0,0,0,0,grass_8
19.476,0,0,0,0,grass_8
19.483,0,0,0,0,grass_8
19.489,0,0,0,0,grass_8
19.495,0,0,0,0,grass_8
19.496,0,0,0,0,grass_8
19.503,0,0,0,0,grass_8
19.51,1325,0,0,0,grass_8
19.51,0,0,0,0,grass_8
19.517,0,0,0,0,grass_8
19.524,0,0,0,0,grass_8
19.53,0,0,0,0,grass_8
19.532,1508,0,0,0,grass_8
19.538,2610,0,0,0,grass_8
19.545,2032,0,0,0,grass_8
19.546,996,0,0,0,grass_8
19.552,0,0,0,0,grass_8
19.559,0,0,1869,0,grass_8
19.56,1809,0,1938,0,grass_8
19.568,2596,0,2425,0,grass_8
19.573,2849,0,3066,0,grass_8
19.579,2658,0,3211,0,grass_8
19.584,2700,0,3188,0,grass_8
19.587,2599,0,3191,0,grass_8
19.594,2633,0,3168,0,grass_8
19.6,3067,0,2552,0,grass_8
19.601,3093,0,1889,0,grass_8
19.608,2922,0,2221,0,grass_8
19.614,3106,0,2729,0,grass_8
19.62,3614,0,2764,0,grass_8
19.621,3703,0,3119,0,grass_8
19.628,3724,0,3241,0,grass_8
19.635,3778,0,3162,0,grass_8
19.636,3852,0,3141,0,grass_8
19.642,3880,0,3125,0,grass_8
19.649,3899,0,3363,0,grass_8
19.655,3914,0,3531,0,grass_8
19.656,3920,0,3664,0,grass_8
19.663,3935,0,3649,0,grass_8
19.67,3963,0,3590,0,grass_8
19.67,3969,0,3611,0,grass_8
19.677,3971,0,3595,0,grass_8
19.684,3980,0,3455,0,grass_8
19.684,3968,0,3485,0,grass_8
19.693,3948,0,3448,0,grass_8
19.698,3929,0,3314,0,grass_8
19.705,3928,0,3298,0,grass_8
19.708,3946,0,3391,0,grass_8
19.712,3963,0,3387,0,grass_8
19.718,3963,0,3430,0,grass_8
19.725,3958,0,3456,0,grass_8
19.725,3961,0,3561,0,grass_8
19.733,3974,0,3588,0,grass_8
19.739,3977,0,3616,0,grass_8
19.744,3981,0,3666,0,grass_8
19.747,3977,0,3634,0,grass_8
19.753,3982,0,3663,0,grass_8
19.759,3970,0,3690,0,grass_8
19.76,3974,0,3726,0,grass_8
19.767,3977,0,3681,0,grass_8
19.774,3985,0,3657,0,grass_8
19.775,3987,0,3654,0,grass_8
19.781,3981,0,3680,0,grass_8
19.788,3978,0,3727,0,grass_8
19.795,3976,0,3752,0,grass_8
19.799,3973,0,3760,0,grass_8
19.802,3965,0,3763,0,grass_8
19.809,3956,0,3753,0,grass_8
19.814,3958,0,3720,0,grass_8
19.816,3971,0,3598,0,grass_8
19.822,3974,0,3644,0,grass_8
19.829,3969,0,3610,0,grass_8
19.832,3958,0,3717,0,grass_8
19.838,3914,0,3756,0,grass_8
19.843,3933,0,3682,0,grass_8
19.846,3975,0,3546,0,grass_8
19.85,3973,0,3551,0,grass_8
19.859,3978,0,3538,0,grass_8
19.865,3989,0,3572,0,grass_8
19.865,3975,0,3662,0,grass_8
19.872,3984,0,3690,0,grass_8
19.878,3997,0,3662,0,grass_8
19.88,4007,0,3667,0,grass_8
19.888,4008,0,3603,0,grass_8
19.892,4009,0,3632,0,grass_8
19.899,4001,0,3572,0,grass_8
19.899,3995,0,3643,0,grass_8
19.906,3994,0,3691,0,grass_8
19.913,4000,0,3740,0,grass_8
19.915,3998,0,3710,0,grass_8
19.92,4003,0,3728,0,grass_8
19.927,3999,0,3715,0,grass_8
19.934,4004,0,3598,0,grass_8
19.934,4005,0,3591,0,grass_8
19.943,4011,0,3638,0,grass_8
19.948,4010,0,3614,0,grass_8
19.954,4012,0,3544,0,grass_8
19.955,4015,0,3475,0,grass_8
19.962,4012,0,3440,0,grass_8
19.968,4008,0,3508,0,grass_8
19.97,4011,0,3451,0,grass_8
19.976,4009,0,3230,0,grass_8
19.982,4012,0,3152,0,grass_8
19.985,4010,0,3430,0,grass_8
19.99,4011,0,3613,0,grass_8
19.998,4012,0,3686,0,grass_8
20.003,4019,0,3597,0,grass_8
20.006,4028,0,3543,0,grass_8
20.01,4021,0,3573,0,grass_8
20.018,4027,0,3557,0,grass_8
20.024,4027,0,3507,0,grass_8
20.025,4029,0,3432,0,grass_8
20.033,4026,0,3313,0,grass_8
20.038,4022,0,3174,0,grass_8
20.044,4024,0,2957,0,grass_8
20.045,4022,0,2603,0,grass_8
20.052,4026,0,2646,0,grass_8
20.059,4024,0,2806,0,grass_8
20.06,4016,0,2393,0,grass_8
20.066,4019,0,0,3627,grass_8
20.073,4014,0,0,3791,grass_8
20.079,4009,0,0,3833,grass_8
20.08,3995,0,0,3862,grass_8
20.087,3971,0,0,3929,grass_8
20.094,3950,0,0,3962,grass_8
20.094,3916,0,0,3988,grass_8
20.102,3878,0,0,4009,grass_8
20.107,3853,0,0,4014,grass_8
20.111,3862,0,0,4012,grass_8
20.114,3909,0,0,4012,grass_8
20.122,3953,0,0,3987,grass_8
20.128,3971,0,0,3987,grass_8
20.133,3988,0,0,3982,grass_8
20.135,4000,0,0,3983,grass_8
20.142,4008,0,0,3994,grass_8
20.148,4005,0,0,3988,grass_8
20.149,3998,0,0,3968,grass_8
20.156,3987,0,0,3929,grass_8
20.163,3984,0,0,3849,grass_8
20.164,3988,0,0,3700,grass_8
20.17,3988,0,0,3453,grass_8
20.177,4008,0,0,2427,grass_8
20.184,4011,0,0,0,grass_8
20.184,4019,0,0,0,grass_8
20.191,4025,0,0,0,grass_8
20.198,4029,0,0,0,grass_8
20.203,4029,0,0,0,grass_8
20.205,4028,0,0,0,grass_8
20.212,4037,0,0,0,grass_8
20.218,4031,0,0,0,grass_8
20.22,4025,0,0,0,grass_8
20.226,4027,0,0,0,grass_8
20.232,4016,0,0,0,grass_8
20.239,4019,0,0,0,grass_8
20.24,4020,0,0,0,grass_8
20.246,4025,0,0,0,grass_8
20.254,4021,0,992,0,grass_8
20.254,4017,0,0,0,grass_8
20.262,4011,0,0,0,grass_8
20.268,3999,0,0,0,grass_8
20.27,3985,0,0,0,grass_8
20.279,3977,0,0,0,grass_8
20.282,3970,0,0,0,grass_8
20.288,3976,0,0,0,grass_8
20.289,3982,0,0,0,grass_8
20.295,3987,0,0,0,grass_8
20.302,3986,0,0,0,grass_8
20.309,4000,0,0,0,grass_8
20.309,4003,0,0,0,grass_8
20.316,4004,0,0,0,grass_8
20.323,4009,0,0,1497,grass_8
20.324,4015,0,0,2925,grass_8
20.332,4014,0,0,3222,grass_8
20.337,4024,0,0,3421,grass_8
20.341,4018,0,0,3564,grass_8
20.344,4000,0,0,3526,grass_8
20.351,4008,0,0,3337,grass_8
20.357,4011,0,0,2848,grass_8
20.359,4003,0,0,0,grass_8
20.365,4000,0,0,0,grass_8
20.372,3991,0,0,0,grass_8
20.378,3971,0,0,0,grass_8
20.379,3941,0,0,0,grass_8
20.385,3935,0,0,0,grass_8
20.392,3930,0,0,2761,grass_8
20.398,3939,0,0,3198,grass_8
20.399,3954,0,0,0,grass_8
20.406,3953,0,0,0,grass_8
20.413,3951,0,0,0,grass_8
20.414,3923,0,0,0,grass_8
20.42,3865,0,0,0,grass_8
20.427,3706,0,0,0,grass_8
20.433,3620,0,0,0,grass_8
20.434,3589,0,0,0,grass_8
20.441,3638,0,0,0,grass_8
20.448,3644,0,0,0,grass_8
20.452,3523,0,0,0,grass_8
20.455,3189,0,0,0,grass_8
20.462,3077,0,0,0,grass_8
20.468,2997,0,0,0,grass_8
20.469,2976,0,0,2426,grass_8
20.475,3110,0,0,2835,grass_8
20.482,3123,0,0,3113,grass_8
20.487,3087,0,0,3360,grass_8
20.489,2722,0,0,3574,grass_8
20.496,0,0,0,3729,grass_8
20.503,0,0,0,3839,grass_8
20.504,0,0,0,3897,grass_8
20.512,0,0,0,3902,grass_8
20.517,0,0,0,3910,grass_8
20.52,0,0,0,3816,grass_8
20.524,0,0,0,3632,grass_8
20.533,0,0,0,3524,grass_8
20.538,0,0,0,3832,grass_8
20.539,0,0,0,3925,grass_8
20.545,0,0,0,3959,grass_8
20.552,0,0,0,3968,grass_8
20.558,0,0,0,3966,grass_8
20.559,0,0,0,3928,grass_8
20.566,0,0,0,3858,grass_8
20.572,0,0,0,3850,grass_8
20.574,0,0,0,3897,grass_8
20.58,0,0,0,3955,grass_8
20.586,0,0,0,3971,grass_8
20.589,0,0,0,3972,grass_8
20.594,0,0,0,3985,grass_8
20.6,0,0,0,3993,grass_8
20.608,0,0,0,3992,grass_8
20.608,0,0,0,3982,grass_8
20.614,0,0,0,3979,grass_8
20.621,0,0,0,3976,grass_8
20.624,0,0,0,3985,grass_8
20.633,0,0,0,3983,grass_8
20.635,0,0,0,3967,grass_8
20.642,0,0,0,3952,grass_8
20.642,0,0,0,3980,grass_8
20.651,0,0,0,4004,grass_8
20.656,0,0,0,4014,grass_8
20.659,0,0,0,4017,grass_8
20.667,0,0,0,4023,grass_8
20.67,0,0,0,4012,grass_8
20.677,0,0,0,4010,grass_8
20.683,0,0,0,3973,grass_8
20.684,0,0,0,3965,grass_8
20.69,0,0,0,3967,grass_8
20.698,0,0,0,3971,grass_8
20.698,0,0,0,3993,grass_8
20.705,0,0,0,3981,grass_8
20.712,0,0,0,3937,grass_8
20.712,0,0,0,3872,grass_8
20.72,0,0,0,3684,grass_8
20.726,0,0,0,3452,grass_8
20.733,0,0,0,3812,grass_8
20.736,0,0,0,3934,grass_8
20.74,0,0,0,3948,grass_8
20.746,0,0,0,3956,grass_8
20.753,0,0,0,3955,grass_8
20.753,0,0,0,3932,grass_8
20.761,0,0,0,3915,grass_8
20.767,0,0,0,3910,grass_8
20.768,0,0,0,3966,grass_8
20.774,0,0,0,3988,grass_8
20.781,0,0,0,3998,grass_8
20.788,0,0,0,4003,grass_8
20.788,0,0,0,3995,grass_8
20.795,0,0,0,3981,grass_8
20.802,0,0,0,3980,grass_8
20.803,0,0,0,3998,grass_8
20.812,0,0,0,4016,grass_8
20.816,0,0,0,4019,grass_8
20.823,0,0,0,4027,grass_8
20.823,0,0,0,4017,grass_8
20.83,0,0,0,4008,grass_8
20.836,0,0,0,3987,grass_8
20.838,0,0,0,3972,grass_8
20.844,0,0,0,4000,grass_8
20.851,0,0,0,4014,grass_8
20.857,0,0,0,4024,grass_8
20.857,0,0,0,4015,grass_8
20.864,0,0,0,3979,grass_8
20.871,0,0,0,3920,grass_8
20.873,0,0,0,3899,grass_8
20.878,0,0,0,3930,grass_8
20.885,0,0,0,3980,grass_8
20.892,0,0,0,3984,grass_8
20.893,0,0,0,3982,grass_8
20.899,0,0,0,3974,grass_8
20.906,0,0,0,3981,grass_8
20.912,0,0,0,3973,grass_8
20.913,0,0,0,3977,grass_8
20.92,0,0,0,3970,grass_8
20.927,0,0,0,3951,grass_8
20.928,0,0,0,3936,grass_8
20.934,0,0,0,3944,grass_8
20.941,0,0,0,3944,grass_8
20.943,0,0,0,3962,grass_8
20.948,0,0,0,3977,grass_8
20.956,0,0,0,3977,grass_8
20.961,0,0,0,3973,grass_8
20.965,0,0,0,3977,grass_8
20.97,0,0,0,3986,grass_8
20.976,0,0,0,3981,grass_8
20.982,0,0,0,3990,grass_8
20.986,0,0,0,3996,grass_8
20.991,0,0,0,4004,grass_8
20.997,0,0,0,4004,grass_8
20.999,0,0,0,4010,grass_8
21.003,0,0,0,4007,grass_8
21.011,0,0,0,3993,grass_8
21.016,0,0,0,3971,grass_8
21.018,0,0,0,3949,grass_8
21.025,0,0,0,3960,grass_8
21.031,0,0,0,3981,grass_8
21.033,0,0,0,4002,grass_8
21.041,0,0,0,4014,grass_8
21.045,0,0,0,4020,grass_8
21.052,0,1640,0,4019,grass_8
21.052,0,1560,0,4022,grass_8
21.059,0,0,0,4014,grass_8
21.065,0,0,0,4010,grass_8
21.068,0,0,0,3995,grass_8
21.073,0,0,0,3971,grass_8
21.08,0,0,0,3955,grass_8
21.086,0,0,0,3964,grass_8
21.086,0,0,0,3971,grass_8
21.095,0,0,0,3986,grass_8
21.1,0,0,0,4003,grass_8
21.103,0,0,0,4007,grass_8
21.107,0,0,0,4011,grass_8
21.114,0,0,0,4004,grass_8
21.121,0,0,0,3998,grass_8
21.122,0,0,0,4000,grass_8
21.128,0,0,0,3999,grass_8
21.135,0,0,0,4002,grass_8
21.141,0,0,0,4012,grass_8
21.142,0,0,0,4012,grass_8
21.149,0,0,0,4004,grass_8
21.156,0,0,0,4017,grass_8
21.158,0,0,0,4008,grass_8
21.166,0,0,0,4003,grass_8
21.17,0,0,0,3990,grass_8
21.177,0,0,0,3978,grass_8
21.177,0,0,0,3986,grass_8
21.187,0,0,0,3994,grass_8
21.19,0,0,0,4005,grass_8
21.197,0,0,0,4013,grass_8
21.201,0,0,0,4019,grass_8
21.205,0,0,0,4016,grass_8
21.212,0,0,0,4017,grass_8
21.212,0,0,0,4015,grass_8
21.22,0,0,0,4016,grass_8
21.225,0,0,0,4012,grass_8
21.232,0,0,0,4002,grass_8
21.234,0,0,0,4007,grass_8
21.241,0,0,0,4009,grass_8
21.246,0,0,0,4014,grass_8
21.251,0,0,0,4015,grass_8
21.253,0,0,0,4006,grass_8
21.26,0,0,0,4009,grass_8
21.267,0,0,0,4000,grass_8
21.268,0,0,0,3988,grass_8
21.274,0,0,0,4000,grass_8
21.281,0,0,0,4001,grass_8
21.282,0,0,0,4008,grass_8
21.29,0,0,0,4008,grass_8
21.295,0,0,0,4012,grass_8
21.302,0,0,0,4017,grass_8
21.306,0,0,0,4018,grass_8
21.309,0,0,0,4015,grass_8
21.315,0,0,0,4024,grass_8
21.317,0,0,0,4011,grass_8
21.323,0,0,0,4004,grass_8
21.329,0,0,0,4013,grass_8
21.334,0,0,0,4011,grass_8
21.34,0,0,0,4007,grass_8
21.343,0,0,0,4003,grass_8
21.35,0,0,0,4003,grass_8
21.353,0,0,0,3994,grass_8
21.357,0,0,0,3996,grass_8
21.364,0,0,0,4004,grass_8
21.371,0,0,0,4012,grass_8
21.372,0,0,0,4020,grass_8
21.378,0,0,0,4020,grass_8
21.385,0,0,0,4024,grass_8
21.392,0,0,0,4026,grass_8
21.396,0,0,0,4029,grass_8
21.399,0,0,0,4021,grass_8
21.406,0,0,0,4021,grass_8
21.406,0,0,0,4017,grass_8
21.414,0,0,0,4016,grass_8
21.419,0,0,0,4015,grass_8
21.426,0,0,0,4008,grass_8
21.427,0,0,0,4011,grass_8
21.434,0,0,0,4015,grass_8
21.441,0,0,0,4015,grass_8
21.441,0,0,0,4016,grass_8
21.449,0,0,0,4019,grass_8
21.454,0,0,0,4014,grass_8
21.461,0,0,0,4015,grass_8
21.465,0,0,0,4011,grass_8
21.471,0,0,0,4019,grass_8
21.475,0,0,0,4012,grass_8
21.481,0,0,0,4013,grass_8
21.482,0,0,0,4012,grass_8
21.489,0,0,0,4012,grass_8
21.496,0,0,0,4006,grass_8
21.497,0,0,0,4006,grass_8
21.503,0,0,0,4007,grass_8
21.51,0,0,0,4016,grass_8
21.516,0,0,0,4014,grass_8
21.517,0,0,0,4020,grass_8
21.525,0,0,0,4017,grass_8
21.531,0,0,0,4018,grass_8
21.534,0,0,0,4027,grass_8
21.541,0,0,0,4027,grass_8
21.544,0,0,0,4019,grass_8
21.547,0,0,0,4017,grass_8
21.555,0,0,0,4019,grass_8
21.559,0,0,0,4022,grass_8
21.566,0,0,0,4027,grass_8
21.566,0,0,0,4020,grass_8
21.576,0,0,0,4020,grass_8
21.579,0,0,0,4019,grass_8
21.586,0,0,0,4014,grass_8
21.591,0,0,0,4013,grass_8
21.593,0,0,0,4011,grass_8
21.6,0,0,0,4014,grass_8
21.6,0,1004,0,4017,grass_8
21.607,0,1643,0,4024,grass_8
21.614,0,1611,0,4014,grass_8
21.621,0,0,0,4014,grass_8
21.622,0,0,0,4011,grass_8
21.628,0,0,0,4006,grass_8
21.635,0,0,0,4001,grass_8
21.635,0,0,0,4003,grass_8
21.644,0,0,0,4006,grass_8
21.649,0,0,0,4013,grass_8
21.655,0,0,0,4020,grass_8
21.66,0,0,0,4028,grass_8
21.663,0,0,0,4033,grass_8
21.669,0,0,0,4026,grass_8
21.671,0,0,0,4024,grass_8
21.676,0,0,0,4024,grass_8
21.685,0,0,0,4021,grass_8
21.69,0,0,0,4022,grass_8
21.696,0,0,0,4027,grass_8
21.697,0,0,0,4029,grass_8
21.704,0,0,0,4032,grass_8
21.704,0,0,0,4027,grass_8
21.713,0,0,0,4024,grass_8
21.718,0,0,0,4021,grass_8
21.725,0,0,0,4019,grass_8
21.73,0,0,0,4017,grass_8
21.734,0,0,0,4013,grass_8
21.739,0,0,0,4013,grass_8
21.745,0,0,0,4013,grass_8
21.746,0,0,0,4017,grass_8
21.755,0,0,0,4023,grass_8
21.76,0,0,0,4025,grass_8
21.763,0,0,0,4030,grass_8
21.767,0,0,0,4033,grass_8
21.775,0,0,0,4026,grass_8
21.78,0,0,0,4027,grass_8
21.781,0,0,0,4025,grass_8
21.788,0,0,0,4017,grass_8
21.795,0,0,0,4014,grass_8
21.796,0,0,0,4009,grass_8
21.804,0,0,0,4008,grass_8
21.809,0,0,0,4011,grass_8
21.816,0,0,0,4016,grass_8
21.816,0,0,0,4012,grass_8
21.823,0,0,0,4008,grass_8
21.829,0,0,0,4010,grass_8
21.835,0,0,0,3992,grass_8
21.836,0,0,0,4006,grass_8
21.843,0,0,0,4016,grass_8
21.851,0,0,0,4029,grass_8
21.851,0,0,0,4033,grass_8
21.857,0,0,0,4033,grass_8
21.864,0,702,0,4032,grass_8
21.868,0,691,0,4031,grass_8
21.871,0,0,0,4031,grass_8
21.878,0,0,0,4023,grass_8
21.885,0,0,0,4029,grass_8
21.885,0,0,0,4035,grass_8
21.895,0,0,0,4029,grass_8
21.899,0,0,0,4027,grass_8
21.903,0,0,0,4023,grass_8
21.906,0,0,0,4025,grass_8
21.913,0,0,0,4022,grass_8
21.919,0,0,0,4018,grass_8
21.926,0,0,0,4013,grass_8
21.927,0,0,0,4014,grass_8
21.935,0,0,0,4013,grass_8
21.94,0,0,0,4019,grass_8
21.941,0,0,0,4013,grass_8
21.948,0,0,0,4017,grass_8
21.954,0,0,0,4016,grass_8
21.956,0,0,0,4015,grass_8
21.964,0,0,0,4022,grass_8
21.968,0,0,0,4023,grass_8
21.975,0,0,0,4014,grass_8
21.98,0,0,0,4016,grass_8
21.982,0,0,0,4015,grass_8
21.989,0,0,0,4017,grass_8
21.995,0,0,0,4006,grass_8
21.996,0,0,0,4001,grass_8
22.003,0,0,0,4000,grass_8
22.01,0,0,0,4011,grass_8
22.01,0,0,0,4022,grass_8
22.017,0,2019,0,4030,grass_8
22.024,0,2360,0,4037,grass_8
22.026,0,2566,0,4044,grass_8
22.031,0,2512,0,4042,grass_8
22.038,0,2453,0,4042,grass_8
22.045,0,2250,0,4041,grass_8
22.045,0,2011,0,4048,grass_8
22.053,0,1042,0,4034,grass_8
22.059,0,0,0,4033,grass_8
22.065,0,0,0,4032,grass_8
22.066,0,0,0,4028,grass_8
22.072,0,0,0,4019,grass_8
22.079,0,0,0,4015,grass_8
22.083,0,0,0,4009,grass_8
22.086,0,0,0,4007,grass_8
22.093,0,0,0,3992,grass_8
22.096,0,0,0,3986,grass_8
22.1,0,0,0,3986,grass_8
22.109,0,0,0,3994,grass_8
22.114,0,0,0,4007,grass_8
22.12,0,0,0,4016,grass_8
22.121,0,0,0,4022,grass_8
22.128,0,0,0,4020,grass_8
22.135,0,0,0,4027,grass_8
22.14,0,0,0,4023,grass_8
22.142,0,0,0,4018,grass_8
22.149,0,0,0,4013,grass_8
22.149,0,0,0,4016,grass_8
22.156,0,0,0,4020,grass_8
22.163,0,0,0,4028,grass_8
22.17,0,0,0,4035,grass_8
22.174,0,947,0,4032,grass_8
22.177,0,1044,0,4035,grass_8
22.183,0,478,0,4036,grass_8
22.19,0,889,0,4034,grass_8
22.191,0,0,0,4034,grass_8
22.199,0,0,0,4031,grass_8
22.204,0,0,0,4032,grass_8
22.21,0,0,0,4036,grass_8
22.212,0,0,0,4030,grass_8
22.22,0,0,0,4026,grass_8
22.22,0,0,0,4036,grass_8
22.225,0,0,0,4029,grass_8
22.232,0,0,0,4026,grass_8
22.239,0,0,0,4021,grass_8
22.244,0,0,0,4017,grass_8
22.249,0,0,0,4011,grass_8
22.253,0,0,0,4010,grass_8
22.26,0,0,0,4004,grass_8
22.261,0,0,0,4000,grass_8
22.267,0,0,0,3995,grass_8
22.274,0,0,0,3980,grass_8
22.28,0,0,0,3983,grass_8
22.28,0,0,0,3977,grass_8
22.288,0,0,0,3986,grass_8
22.295,0,0,0,3986,grass_8
22.295,0,0,0,3990,grass_8
22.301,0,0,0,4002,grass_8
22.309,0,0,0,4018,grass_8
22.315,0,0,0,4025,grass_8
22.315,0,0,0,4028,grass_8
22.323,0,0,0,4029,grass_8
22.329,0,0,0,4023,grass_8
22.329,0,0,0,4016,grass_8
22.338,0,0,0,4005,grass_8
22.343,0,0,0,3985,grass_8
22.349,0,0,0,3980,grass_8
22.35,0,0,0,3977,grass_8
22.358,0,0,0,3968,grass_8
22.364,0,0,0,3965,grass_8
22.369,0,0,0,3971,grass_8
22.371,0,0,0,3979,grass_8
22.378,0,0,0,3983,grass_8
22.385,0,0,0,3990,grass_8
22.385,0,0,0,3983,grass_8
22.392,0,0,0,3979,grass_8
22.399,0,0,0,3961,grass_8
22.399,0,0,0,3932,grass_8
22.409,0,0,0,3914,grass_8
22.413,0,0,0,3909,grass_8
22.42,0,0,0,3904,grass_8
22.424,0,0,0,3905,grass_8
22.427,0,0,0,3908,grass_8
22.433,0,0,0,3933,grass_8
22.439,0,0,0,3883,grass_8
22.44,0,0,0,3799,grass_8
22.447,0,0,0,3550,grass_8
22.454,0,0,0,3262,grass_8
22.455,0,0,0,3202,grass_8
22.461,0,0,0,3186,grass_8
22.468,0,0,0,3192,grass_8
22.474,0,0,0,3160,grass_8
22.475,0,0,0,2868,grass_8
22.482,0,0,0,2429,grass_8
22.489,0,0,0,1448,grass_8
22.49,0,0,0,934,grass_8
22.499,0,0,0,2151,grass_8
22.503,0,0,0,2976,grass_8
22.505,0,0,0,3075,grass_8
22.51,0,0,0,3155,grass_8
22.517,0,0,0,3278,grass_8
22.524,0,0,0,3509,grass_8
22.529,0,0,0,3670,grass_8
22.531,0,0,0,3762,grass_8
22.539,0,0,0,3815,grass_8
22.544,0,0,0,3855,grass_8
22.545,0,0,0,3867,grass_8
22.552,0,0,0,3863,grass_8
22.558,0,0,0,3839,grass_8
22.564,0,0,0,3751,grass_8
22.565,0,0,0,3373,grass_8
22.572,0,0,0,3213,grass_8
22.579,0,0,0,3648,grass_8
22.581,0,0,0,3853,grass_8
22.586,0,0,0,3899,grass_8
22.593,0,0,0,3904,grass_8
22.594,0,0,0,3894,grass_8
22.603,0,0,0,3896,grass_8
22.607,0,0,0,3920,grass_8
22.611,0,0,0,3957,grass_8
22.619,0,0,0,3994,grass_8
22.624,0,0,0,3994,grass_8
22.627,0,0,0,4004,grass_8
22.634,0,0,0,4006,grass_8
22.635,0,0,0,4014,grass_8
22.642,0,0,0,4017,grass_8
22.649,0,0,0,4012,grass_8
22.649,0,0,0,4004,grass_8
22.656,0,0,0,4003,grass_8
22.662,0,0,0,4010,grass_8
22.669,0,0,0,4020,grass_8
22.67,0,0,0,4023,grass_8
22.677,0,0,0,4012,grass_8
22.683,0,0,0,4009,grass_8
22.684,0,0,0,4008,grass_8
22.692,0,0,0,4009,grass_8
22.699,0,0,0,4018,grass_8
22.704,0,0,0,4016,grass_8
22.707,0,873,0,4013,grass_8
22.712,0,1871,0,4016,grass_8
22.718,0,2074,0,4009,grass_8
22.722,0,2069,0,4000,grass_8
22.726,0,1237,0,4010,grass_8
22.732,0,0,0,4017,grass_8
22.734,0,0,0,4028,grass_8
22.742,0,0,0,4022,grass_8
22.746,0,2365,0,4025,grass_8
22.754,0,2785,0,4017,grass_8
22.758,0,3028,0,4011,grass_8
22.76,0,2941,0,4022,grass_8
22.767,0,2682,0,4010,grass_8
22.774,0,2493,0,4026,grass_8
22.774,0,2397,0,4038,grass_8
22.784,0,2569,0,4016,grass_8
22.788,0,3073,0,4022,grass_8
22.792,0,3161,0,4019,grass_8
22.795,0,3082,0,4011,grass_8
22.801,0,2970,0,4000,grass_8
22.809,0,2857,0,4010,grass_8
22.809,0,2871,0,4015,grass_8
22.818,0,3081,0,4001,grass_8
22.822,0,3270,0,3981,grass_8
22.828,0,3390,0,3990,grass_8
22.833,0,3371,0,3996,grass_8
22.836,0,3242,0,4019,grass_8
22.843,0,3155,0,4025,grass_8
22.848,0,3217,0,4026,grass_8
22.85,0,3414,0,4024,grass_8
22.857,0,3516,0,4021,grass_8
22.863,0,3471,0,4028,grass_8
22.864,0,3329,0,4034,grass_8
22.873,0,3271,0,4037,grass_8
22.878,0,3409,0,4036,grass_8
22.883,0,3499,0,4024,grass_8
22.885,0,3540,0,4016,grass_8
22.892,0,3507,0,4028,grass_8
22.898,0,3354,0,4032,grass_8
22.899,0,3375,0,4031,grass_8
22.906,0,3421,0,4024,grass_8
22.913,0,3466,0,4022,grass_8
22.917,0,3533,0,4021,grass_8
22.919,0,3496,0,4021,grass_8
22.927,0,3446,0,4017,grass_8
22.929,0,3464,0,4028,grass_8
22.934,0,3425,0,4024,grass_8
22.941,0,3574,0,4022,grass_8
22.948,0,3680,0,4010,grass_8
22.953,0,3671,0,4012,grass_8
22.954,0,3656,0,4011,grass_8
22.962,0,3605,0,4014,grass_8
22.964,0,3590,0,4031,grass_8
22.969,0,3522,0,4011,grass_8
22.977,0,3470,0,4002,grass_8
22.983,0,3600,0,3988,grass_8
22.985,0,3631,0,3997,grass_8
22.99,0,3486,0,4020,grass_8
22.997,0,3479,0,4028,grass_8
23.003,0,3472,0,4032,grass_8
23.004,0,3397,0,4029,grass_8
23.01,0,3554,0,4027,grass_8
23.018,0,3659,0,4031,grass_8
23.018,0,3695,0,4030,grass_8
23.026,0,3629,0,4042,grass_8
23.031,0,3682,0,4035,grass_8
23.038,0,3726,0,4035,grass_8
23.04,0,3715,0,4027,grass_8
23.045,0,3683,0,4022,grass_8
23.052,0,3612,0,4032,grass_8
23.058,0,3485,0,4006,grass_8
23.059,0,3077,0,4035,grass_8
23.066,0,3342,0,4026,grass_8
23.072,0,3559,0,4021,grass_8
23.074,0,3498,0,4029,grass_8
23.082,0,3535,0,4038,grass_8
23.087,0,3616,0,4034,grass_8
23.091,0,3635,0,4036,grass_8
23.094,0,3729,0,4038,grass_8
23.101,0,3735,0,4026,grass_8
23.107,0,3587,0,4023,grass_8
23.109,0,3593,0,4023,grass_8
23.114,0,3645,0,4032,grass_8
23.121,0,3597,0,4021,grass_8
23.128,0,3677,0,4026,grass_8
23.133,0,3707,0,4027,grass_8
23.135,0,3711,0,4045,grass_8
23.142,0,3698,0,4047,grass_8
23.145,0,3714,0,4043,grass_8
23.152,0,3711,0,4041,grass_8
23.156,0,3658,0,4044,grass_8
23.163,0,3670,0,4049,grass_8
23.163,0,3589,0,4047,grass_8
23.169,0,3449,0,4048,grass_8
23.176,0,3621,0,4040,grass_8
23.183,0,3674,0,4035,grass_8
23.188,0,3643,0,4029,grass_8
23.19,0,3411,0,4043,grass_8
23.197,0,2519,0,4045,grass_8
23.197,0,3347,0,4056,grass_8
23.208,0,3674,0,4050,grass_8
23.211,0,3734,0,4050,grass_8
23.213,0,3766,0,4054,grass_8
23.218,0,3742,0,4039,grass_8
23.225,0,3672,0,4047,grass_8
23.232,0,3565,0,4046,grass_8
23.235,0,3546,0,4037,grass_8
23.242,0,3651,0,4041,grass_8
23.246,0,3679,0,4036,grass_8
23.25,0,3704,0,4041,grass_8
23.253,0,3734,0,4043,grass_8
23.261,0,3687,0,4044,grass_8
23.267,0,3658,0,4051,grass_8
23.268,0,3624,0,4032,grass_8
23.274,0,3590,0,4033,grass_8
23.281,0,3538,0,4021,grass_8
23.288,0,3410,0,4027,grass_8
23.292,0,3196,0,4027,grass_8
23.294,0,2917,0,4035,grass_8
23.302,0,2489,0,4032,grass_8
23.308,0,1887,0,4034,grass_8
23.309,0,812,0,4035,grass_8
23.316,0,0,0,4029,grass_8
23.323,0,0,0,4045,grass_8
23.323,0,0,0,4043,grass_8
23.331,0,0,0,4047,grass_8
23.336,0,2019,0,4053,grass_8
23.341,0,3057,0,4047,grass_8
23.344,0,3123,0,4045,grass_8
23.35,0,2746,0,4044,grass_8
23.357,0,1197,0,4040,grass_8
23.357,3729,0,0,4034,grass_8
23.364,0,0,0,4036,grass_8
23.371,3825,0,0,4031,grass_8
23.377,4011,0,0,4016,grass_8
23.381,3860,0,0,4011,grass_8
23.387,3905,0,0,3997,grass_8
23.391,0,0,0,3973,grass_8
23.398,0,0,0,3915,grass_8
23.399,0,0,0,3810,grass_8
23.406,0,0,0,3813,grass_8
23.412,0,0,0,3896,grass_8
23.417,0,0,0,3964,grass_8
23.419,0,0,0,4003,grass_8
23.427,0,0,0,4030,grass_8
23.433,0,0,0,4041,grass_8
23.433,0,0,0,4045,grass_8
23.441,0,0,0,4048,grass_8
23.447,0,0,0,4043,grass_8
23.447,0,0,0,4033,grass_8
23.457,0,0,0,4021,grass_8
23.461,0,0,0,4005,grass_8
23.467,0,0,0,3995,grass_8
23.468,0,0,0,3989,grass_8
23.477,0,0,0,4003,grass_8
23.482,0,0,0,4015,grass_8
23.487,0,0,0,4029,grass_8
23.489,0,0,0,4035,grass_8
23.496,0,0,0,4041,grass_8
23.502,0,0,0,4048,grass_8
23.503,0,0,0,4046,grass_8
23.51,0,0,0,4050,grass_8
23.517,0,0,0,4048,grass_8
23.518,0,0,0,4051,grass_8
23.526,0,0,0,4044,grass_8
23.53,0,0,0,4046,grass_8
23.537,0,0,0,4047,grass_8
23.541,0,0,0,4043,grass_8
23.545,0,0,0,4039,grass_8
23.551,0,0,0,4029,grass_8
23.553,0,0,0,4025,grass_8
23.562,0,0,0,4018,grass_8
23.565,0,0,0,4014,grass_8
23.572,0,0,0,4013,grass_8
23.572,0,0,0,4014,grass_8
23.582,0,0,0,4019,grass_8
23.586,0,0,0,4024,grass_8
23.588,0,0,0,4008,grass_8
23.596,0,0,0,3999,grass_8
23.6,0,0,0,3966,grass_8
23.607,0,0,0,3927,grass_8
23.607,0,0,0,3911,grass_8
23.614,0,0,0,3916,grass_8
23.62,0,0,0,3972,grass_8
23.627,0,0,0,3996,grass_8
23.628,0,0,0,3998,grass_8
23.635,0,0,0,3997,grass_8
23.641,0,0,0,3983,grass_8
23.643,0,0,0,3962,grass_8
23.649,0,0,0,3936,grass_8
23.656,0,0,0,3910,grass_8
23.662,0,0,0,3908,grass_8
23.663,0,0,0,3907,grass_8
23.67,0,0,0,3907,grass_8
23.677,0,0,0,3920,grass_8
23.682,0,0,0,3915,grass_8
23.683,0,0,0,3883,grass_8
23.69,0,0,0,3811,grass_8
23.697,0,0,0,3670,grass_8
23.698,0,0,0,3532,grass_8
23.704,0,0,0,2964,grass_8
23.712,0,0,0,2097,grass_8
23.712,0,0,0,0,grass_8
23.722,0,0,0,0,grass_8
23.726,0,0,0,0,grass_8
23.732,0,0,0,0,grass_8
23.734,0,0,0,0,grass_8
23.741,0,0,0,0,grass_8
23.746,0,0,0,0,grass_8
23.747,0,0,0,0,grass_8
23.757,0,0,0,0,grass_8
23.76,0,0,0,0,grass_8
23.767,0,0,0,0,grass_8
23.767,0,0,0,0,grass_8
23.773,0,0,0,0,grass_8
23.781,0,0,0,0,grass_8
23.781,0,0,0,0,grass_8
23.792,0,0,0,0,grass_8
23.794,0,0,0,0,grass_8
23.802,0,0,0,0,grass_8
23.806,0,0,0,0,grass_8
23.809,0,0,0,0,grass_8
23.815,0,0,0,0,grass_8
23.821,0,0,0,0,grass_8
23.822,0,0,0,0,grass_8
23.829,0,0,0,0,grass_8
23.836,0,0,0,0,grass_8
23.841,0,0,0,0,grass_8
23.843,0,0,0,0,grass_8
23.85,0,0,0,0,grass_8
23.857,0,0,0,0,grass_8
23.857,0,0,0,0,grass_8
23.864,0,0,0,0,grass_8
23.871,0,0,0,0,grass_8
23.872,0,0,0,0,grass_8
23.88,0,0,0,0,grass_8
23.885,0,0,0,0,grass_8
23.889,0,0,0,0,grass_8
23.897,0,0,0,0,grass_8
23.901,0,0,0,0,grass_8
23.905,0,0,0,0,grass_8
23.911,0,0,0,0,grass_8
23.913,0,0,0,0,grass_8
23.921,0,0,0,0,grass_8
23.926,0,0,0,0,grass_8
23.928,0,0,0,0,grass_8
23.933,0,0,0,0,grass_8
23.94,0,0,0,0,grass_8
23.942,0,0,0,0,grass_8
23.951,0,0,0,0,grass_8
23.954,0,0,0,0,grass_8
23.961,0,0,0,0,grass_8
23.962,0,0,0,0,grass_8
23.97,0,0,0,0,grass_8
23.975,0,0,0,0,grass_8
23.981,0,0,0,0,grass_8
23.982,0,0,0,0,grass_8
23.989,0,0,0,0,grass_8
23.996,0,0,0,0,grass_8
23.996,1666,0,2074,0,grass_8
24.005,2966,0,2824,0,grass_8
24.01,2986,0,3085,0,grass_8
24.016,2078,0,1991,0,grass_8
24.017,0,0,0,0,grass_8
24.024,0,0,0,0,grass_8
24.03,0,0,0,0,grass_8
24.032,0,0,0,0,grass_8
24.038,0,0,0,0,grass_8
24.044,0,0,0,0,grass_8
24.05,0,0,0,0,grass_8
24.052,0,0,1867,0,grass_8
24.061,0,0,2685,0,grass_8
24.065,0,0,2888,0,grass_8
24.071,0,0,2604,0,grass_8
24.075,0,0,479,0,grass_8
24.079,0,0,0,0,grass_8
24.086,0,0,0,0,grass_8
24.086,0,0,0,0,grass_8
24.093,0,0,0,0,grass_8
24.1,0,0,0,0,grass_8
24.106,0,0,0,0,grass_8
24.107,0,0,0,0,grass_8
24.115,0,0,0,0,grass_8
24.12,0,0,0,0,grass_8
24.126,0,0,0,0,grass_8
24.128,0,0,660,0,grass_8
24.135,0,0,979,0,grass_8
24.14,0,0,0,0,grass_8
24.142,0,0,0,0,grass_8
24.149,0,0,0,0,grass_8
24.155,0,0,0,0,grass_8
24.161,0,0,0,0,grass_8
24.163,0,0,0,0,grass_8
24.17,0,0,0,0,grass_8
24.176,0,0,0,0,grass_8
24.177,0,0,0,0,grass_8
24.183,0,0,0,0,grass_8
24.19,0,0,1755,0,grass_8
24.191,0,0,2434,0,grass_8
24.201,0,0,2163,0,grass_8
24.204,0,0,1552,0,grass_8
24.208,0,0,0,0,grass_8
24.211,0,0,0,0,grass_8
24.218,0,0,0,0,grass_8
24.225,0,0,0,0,grass_8
24.225,0,0,0,0,grass_8
24.232,0,0,0,0,grass_8
24.239,0,0,0,0,grass_8
24.246,0,0,0,0,grass_8
24.246,0,0,0,0,grass_8
24.253,0,0,0,0,grass_8
24.259,0,0,0,0,grass_8
24.266,0,0,0,0,grass_8
24.271,0,0,0,0,grass_8
24.274,0,0,0,0,grass_8
24.281,0,0,0,0,grass_8
24.281,0,0,0,0,grass_8
24.287,0,0,0,0,grass_8
24.294,0,0,0,0,grass_8
24.301,0,0,0,0,grass_8
24.306,0,0,0,0,grass_8
24.311,0,0,0,0,grass_8
24.315,0,0,0,0,grass_8
24.315,0,0,0,0,grass_8
24.325,0,0,0,0,grass_8
24.329,0,0,0,0,grass_8
24.332,0,0,0,0,grass_8
24.336,0,0,0,0,grass_8
24.343,0,0,0,0,grass_8
24.35,0,0,0,0,grass_8
24.352,0,0,0,0,grass_8
24.36,0,0,0,0,grass_8
24.364,0,0,0,0,grass_8
24.371,0,0,0,0,grass_8
24.372,0,0,0,0,grass_8
24.378,0,0,0,0,grass_8
24.385,0,0,240,0,grass_8
24.391,0,0,460,0,grass_8
24.395,0,0,261,0,grass_8
24.399,0,0,0,0,grass_8
24.405,0,0,0,0,grass_8
24.411,0,0,0,0,grass_8
24.414,0,0,0,0,grass_8
24.42,0,0,0,0,grass_8
24.425,0,0,0,0,grass_8
24.427,0,0,0,0,grass_8
24.435,2365,0,0,0,grass_8
24.44,2771,0,0,0,grass_8
24.443,2290,0,0,0,grass_8
24.447,0,0,0,0,grass_8
24.454,0,0,0,0,grass_8
24.46,0,0,0,0,grass_8
24.461,0,0,0,0,grass_8
24.468,0,0,0,0,grass_8
24.475,0,0,0,0,grass_8
24.475,0,0,0,0,grass_8
24.485,0,0,0,0,grass_8
24.489,0,0,613,0,grass_8
24.494,0,0,0,0,grass_8
24.496,0,0,620,0,grass_8
24.503,0,0,0,0,grass_8
24.509,0,0,805,0,grass_8
24.515,0,0,0,0,grass_8
24.517,2361,0,0,0,grass_8
24.524,3203,0,0,0,grass_8
24.53,3261,0,0,0,grass_8
24.531,3212,0,0,0,grass_8
24.537,3033,0,0,0,grass_8
24.544,2172,0,0,0,grass_8
24.55,0,0,0,0,grass_8
24.555,0,0,0,0,grass_8
24.558,0,0,1701,0,grass_8
24.565,0,0,1789,0,grass_8
24.565,0,0,1406,0,grass_8
24.572,0,0,1419,0,grass_8
24.579,0,0,1633,0,grass_8
24.585,0,0,1682,0,grass_8
24.59,0,0,1634,0,grass_8
24.593,0,0,1549,0,grass_8
24.6,0,0,537,0,grass_8
24.6,1829,0,0,0,grass_8
24.607,2297,0,0,0,grass_8
24.614,2744,0,0,0,grass_8
24.62,2629,0,0,0,grass_8
24.621,2503,0,0,0,grass_8
24.628,2873,0,0,0,grass_8
24.635,2970,0,0,0,grass_8
24.635,2898,0,0,0,grass_8
24.645,2715,0,0,0,grass_8
24.648,2395,0,0,0,grass_8
24.655,2338,0,0,0,grass_8
24.656,2242,0,0,0,grass_8
24.663,2231,0,1553,0,grass_8
24.669,2359,0,2103,0,grass_8
24.675,2379,0,2092,0,grass_8
24.676,2367,0,2020,0,grass_8
24.683,1769,0,1835,0,grass_8
24.686,0,0,1795,0,grass_8
24.69,0,0,1810,0,grass_8
24.699,0,0,1614,0,grass_8
24.704,0,0,1484,0,grass_8
24.71,0,0,866,0,grass_8
24.711,0,0,0,0,grass_8
24.719,0,0,302,0,grass_8
24.725,0,0,1242,0,grass_8
24.727,0,0,1268,0,grass_8
24.732,1448,0,0,0,grass_8
24.739,2325,0,0,0,grass_8
24.745,2550,0,0,0,grass_8
24.745,2896,0,0,0,grass_8
24.753,3004,0,0,0,grass_8
24.76,3173,0,0,0,grass_8
24.76,3309,0,0,0,grass_8
24.769,3355,0,0,0,grass_8
24.773,3302,0,0,0,grass_8
24.78,3278,0,0,0,grass_8
24.781,3092,0,0,0,grass_8
24.79,2962,0,0,0,grass_8
24.794,2871,0,418,0,grass_8
24.8,2333,0,1561,0,grass_8
24.801,2101,0,1590,0,grass_8
24.808,2576,0,1314,0,grass_8
24.814,2247,0,1479,0,grass_8
24.815,2273,0,1549,0,grass_8
24.822,2864,0,1566,0,grass_8
24.829,3023,0,1597,0,grass_8
24.83,3246,0,1634,0,grass_8
24.836,3366,0,1559,0,grass_8
24.843,3478,0,1594,0,grass_8
24.849,3297,0,1264,0,grass_8
24.852,3030,0,789,0,grass_8
24.857,2730,0,854,0,grass_8
24.864,2105,0,1672,0,grass_8
24.864,0,0,1735,0,grass_8
24.875,0,0,1830,0,grass_8
24.878,0,0,1987,0,grass_8
24.885,0,0,1765,0,grass_8
24.889,0,0,1715,0,grass_8
24.895,0,0,1566,0,grass_8
24.9,0,0,0,0,grass_8
24.9,0,0,0,0,grass_8
24.906,2251,0,0,0,grass_8
24.912,3141,0,0,0,grass_8
24.918,3492,0,0,0,grass_8
24.924,3667,0,0,0,grass_8
24.926,3762,0,0,0,grass_8
24.934,3803,0,0,0,grass_8
24.934,3780,0,0,0,grass_8
24.944,3799,0,0,0,grass_8
24.947,3791,0,0,0,grass_8
24.954,3768,0,0,0,grass_8
24.959,3674,0,0,0,grass_8
24.961,3469,0,0,0,grass_8
24.968,3053,0,1677,0,grass_8
24.975,2632,0,1587,0,grass_8
24.979,2063,0,1162,0,grass_8
24.982,0,0,647,0,grass_8
24.988,0,0,1520,0,grass_8
24.994,0,0,2106,0,grass_8
24.996,1481,0,2176,0,grass_8
25.003,2677,0,2247,0,grass_8
25.009,2855,0,2418,0,grass_8
25.01,2655,0,2409,0,grass_8
25.016,0,0,2115,0,grass_8
25.024,0,0,0,0,grass_8
25.025,1110,0,0,0,grass_8
25.033,0,0,0,0,grass_8
25.037,0,0,0,0,grass_8
25.041,2836,0,0,0,grass_8
25.046,3146,0,0,0,grass_8
25.052,3500,0,2305,0,grass_8
25.058,3713,0,2771,0,grass_8
25.064,3800,0,2844,0,grass_8
25.065,3814,0,2838,0,grass_8
25.072,3754,0,2698,0,grass_8
25.079,3605,0,2551,0,grass_8
25.079,3406,0,2045,0,grass_8
25.087,3259,0,1434,0,grass_8
25.093,3186,0,841,0,grass_8
25.095,3215,0,836,0,grass_8
25.1,3262,0,1393,0,grass_8
25.107,3421,0,1984,0,grass_8
25.114,3532,0,2330,0,grass_8
25.114,3629,0,2660,0,grass_8
25.124,3685,0,2771,0,grass_8
25.128,3713,0,2856,0,grass_8
25.132,3670,0,2809,0,grass_8
25.135,3586,0,2592,0,grass_8
25.142,3331,0,0,0,grass_8
25.148,2748,0,0,0,grass_8
25.154,0,0,0,0,grass_8
25.155,0,0,0,0,grass_8
25.162,0,0,0,0,grass_8
25.166,967,0,0,0,grass_8
25.169,3025,0,0,0,grass_8
25.178,3447,0,0,0,grass_8
25.183,3581,0,0,0,grass_8
25.189,3641,0,0,0,grass_8
25.19,3476,0,0,0,grass_8
25.197,3299,0,0,0,grass_8
25.204,3372,0,1412,0,grass_8
25.205,3672,0,2576,0,grass_8
25.211,3788,0,2995,0,grass_8
25.218,3863,0,3270,0,grass_8
25.219,3912,0,3417,0,grass_8
25.229,3911,0,3475,0,grass_8
25.232,3873,0,3553,0,grass_8
25.239,3832,0,3481,0,grass_8
25.24,3800,0,3365,0,grass_8
25.247,3757,0,2787,0,grass_8
25.252,3724,0,0,0,grass_8
25.255,3666,0,0,0,grass_8
25.26,3559,0,0,0,grass_8
25.267,3456,0,0,0,grass_8
25.273,3408,0,0,0,grass_8
25.273,3508,0,542,0,grass_8
25.282,3662,0,1389,0,grass_8
25.287,3726,0,1688,0,grass_8
25.289,3742,0,0,0,grass_8
25.299,3735,0,0,0,grass_8
25.302,3719,0,0,0,grass_8
25.308,3653,0,0,0,grass_8
25.314,3490,0,0,0,grass_8
25.315,3329,0,0,0,grass_8
25.322,3366,0,0,0,grass_8
25.329,3297,0,0,0,grass_8
25.334,3102,0,0,0,grass_8
25.337,2672,0,0,0,grass_8
25.343,3519,0,2454,0,grass_8
25.347,3735,0,3414,0,grass_8
25.353,3866,0,3498,0,grass_8
25.357,3922,0,3516,0,grass_8
25.364,3912,0,3464,0,grass_8
25.369,3914,0,3414,0,grass_8
25.371,3817,0,3032,0,grass_8
25.377,3641,0,0,0,grass_8
25.383,3447,0,0,0,grass_8
25.385,3401,0,0,0,grass_8
25.392,3519,0,0,0,grass_8
25.398,3578,0,0,0,grass_8
25.398,3644,0,0,0,grass_8
25.405,3709,0,0,0,grass_8
25.412,3779,0,0,0,grass_8
25.414,3840,0,1978,0,grass_8
25.419,3845,0,2412,0,grass_8
25.426,3788,0,2446,0,grass_8
25.433,3728,0,1552,0,grass_8
25.433,3713,0,0,0,grass_8
25.44,3731,0,0,0,grass_8
25.447,3692,0,0,0,grass_8
25.453,3672,0,0,0,grass_8
25.454,3675,0,0,0,grass_8
25.463,3658,0,0,0,grass_8
25.468,3588,0,0,0,grass_8
25.473,3605,0,0,0,grass_8
25.475,3579,0,0,0,grass_8
25.482,3389,0,0,0,grass_8
25.489,2802,0,0,0,grass_8
25.492,1502,0,0,0,grass_8
25.496,1270,0,0,0,grass_8
25.502,2005,0,0,0,grass_8
25.506,3206,0,0,0,grass_8
25.51,3387,0,830,0,grass_8
25.517,3471,0,845,0,grass_8
25.523,3444,0,0,0,grass_8
25.528,3510,0,0,0,grass_8
25.53,3394,0,0,0,grass_8
25.537,3196,0,0,0,grass_8
25.543,2697,0,0,0,grass_8
25.547,2736,0,0,0,grass_8
25.551,2520,0,0,0,grass_8
25.558,2575,0,0,0,grass_8
25.558,2519,0,0,0,grass_8
25.568,1994,0,0,0,grass_8
25.572,2252,0,0,0,grass_8
25.575,2583,0,0,0,grass_8
25.579,2653,0,0,0,grass_8
25.586,3027,0,0,0,grass_8
25.592,3328,0,0,0,grass_8
25.598,3138,0,0,0,grass_8
25.6,2384,0,0,0,grass_8
25.607,0,0,0,0,grass_8
25.613,0,0,0,0,grass_8
25.614,0,0,0,0,grass_8
25.621,0,0,0,0,grass_8
25.628,0,0,0,0,grass_8
25.628,0,0,0,0,grass_8
25.638,0,0,0,0,grass_8
25.641,0,0,0,0,grass_8
25.648,0,0,0,0,grass_8
25.649,0,0,0,0,grass_8
25.656,0,0,0,0,grass_8
25.662,0,0,0,0,grass_8
25.664,0,0,0,0,grass_8
25.673,0,0,0,0,grass_8
25.676,0,0,0,0,grass_8
25.683,0,0,0,0,grass_8
25.683,0,0,0,0,grass_8
25.691,0,0,0,0,grass_8
25.697,0,0,0,0,grass_8
25.699,0,0,0,0,grass_8
25.708,0,0,0,0,grass_8
25.711,0,0,0,0,grass_8
25.718,0,0,0,0,grass_8
25.718,0,0,0,0,grass_8
25.728,0,0,0,0,grass_8
25.731,0,0,0,0,grass_8
25.734,0,0,0,0,grass_8
25.739,0,0,0,0,grass_8
25.748,0,0,0,0,grass_8
25.752,0,0,0,0,grass_8
25.758,0,0,0,0,grass_8
25.759,0,0,0,0,grass_8
25.767,0,0,0,0,grass_8
25.773,0,0,0,0,grass_8
25.774,0,0,0,0,grass_8
25.78,0,0,0,0,grass_8
25.787,0,0,0,0,grass_8
25.793,0,0,0,0,grass_8
25.794,0,0,0,0,grass_8
25.802,0,0,0,0,grass_8
25.808,0,0,0,0,grass_8
25.809,0,0,0,0,grass_8
25.815,0,0,0,0,grass_8
25.822,0,0,0,0,grass_8
25.823,0,0,1520,0,grass_8
25.833,0,0,2208,0,grass_8
25.836,0,0,2646,0,grass_8
25.843,1136,0,1619,0,grass_8
25.848,2827,0,0,0,grass_8
25.85,3298,0,0,0,grass_8
25.856,2724,0,0,0,grass_8
25.862,0,0,0,0,grass_8
25.864,0,0,0,0,grass_8
25.871,0,0,0,0,grass_8
25.877,0,0,0,0,grass_8
25.88,0,0,0,0,grass_8
25.885,2223,0,0,0,grass_8
25.892,3139,0,0,0,grass_8
25.898,2274,0,1561,0,grass_8
25.902,1655,0,3018,0,grass_8
25.905,3079,0,3304,0,grass_8
25.913,3647,0,3305,0,grass_8
25.913,3818,0,3250,0,grass_8
25.923,3879,0,3370,0,grass_8
25.926,3890,0,3575,0,grass_8
25.929,3803,0,3723,0,grass_8
25.933,3628,0,3766,0,grass_8
25.94,3599,0,3773,0,grass_8
25.946,3713,0,3741,0,grass_8
25.952,3852,0,3730,0,grass_8
25.954,3811,0,3722,0,grass_8
25.961,3727,0,3723,0,grass_8
25.968,3635,0,3745,0,grass_8
25.972,3525,0,3746,0,grass_8
25.975,3601,0,3712,0,grass_8
25.982,3799,0,3702,0,grass_8
25.983,3862,0,3730,0,grass_8
25.992,3892,0,3743,0,grass_8
25.996,3928,0,3756,0,grass_8
26.003,3953,0,3773,0,grass_8
26.003,3953,0,3733,0,grass_8
26.012,3972,0,3737,0,grass_8
26.016,3978,0,3736,0,grass_8
26.021,3987,0,3738,0,grass_8
26.024,3987,0,3738,0,grass_8
26.03,3992,0,3722,0,grass_8
26.037,3989,0,3699,0,grass_8
26.042,3996,0,3680,0,grass_8
26.044,3995,0,3727,0,grass_8
26.051,3999,0,3719,0,grass_8
26.053,4003,0,3731,0,grass_8
26.061,4004,0,3738,0,grass_8
26.065,4009,0,3722,0,grass_8
26.072,4014,0,3661,0,grass_8
26.077,4014,0,3628,0,grass_8
26.079,4011,0,3708,0,grass_8
26.086,4013,0,3753,0,grass_8
26.092,4015,0,3773,0,grass_8
26.093,4020,0,3764,0,grass_8
26.1,4021,0,3767,0,grass_8
26.106,4021,0,3768,0,grass_8
26.112,4019,0,3735,0,grass_8
26.114,4018,0,3736,0,grass_8
26.121,4015,0,3779,0,grass_8
26.127,4014,0,3780,0,grass_8
26.128,4013,0,3765,0,grass_8
26.134,4017,0,3776,0,grass_8
26.141,4020,0,3770,0,grass_8
26.147,4021,0,3766,0,grass_8
26.152,4027,0,3784,0,grass_8
26.155,4016,0,3783,0,grass_8
26.161,4016,0,3790,0,grass_8
26.165,4011,0,3793,0,grass_8
26.172,4015,0,3772,0,grass_8
26.176,4020,0,3755,0,grass_8
26.182,4018,0,3762,0,grass_8
26.186,4024,0,3757,0,grass_8
26.192,4023,0,3759,0,grass_8
26.197,4028,0,3762,0,grass_8
26.198,4031,0,3757,0,grass_8
26.204,4025,0,3789,0,grass_8
26.211,4022,0,3802,0,grass_8
26.211,4019,0,3802,0,grass_8
26.222,4020,0,3811,0,grass_8
26.225,4024,0,3813,0,grass_8
26.231,4015,0,3804,0,grass_8
26.233,4016,0,3757,0,grass_8
26.238,4023,0,3764,0,grass_8
26.246,4011,0,3801,0,grass_8
26.252,4016,0,3793,0,grass_8
26.253,4017,0,3790,0,grass_8
26.259,4017,0,3805,0,grass_8
26.266,4021,0,3798,0,grass_8
26.272,4016,0,3810,0,grass_8
26.273,4026,0,3775,0,grass_8
26.28,4029,0,3775,0,grass_8
26.287,4034,0,3750,0,grass_8
26.288,4035,0,3728,0,grass_8
26.295,4035,0,3785,0,grass_8
26.301,4030,0,3810,0,grass_8
26.303,4026,0,3799,0,grass_8
26.312,4031,0,3799,0,grass_8
26.315,4034,0,3792,0,grass_8
26.322,4033,0,3746,0,grass_8
26.322,4031,0,3742,0,grass_8
26.332,4026,0,3771,0,grass_8
26.335,4026,0,3762,0,grass_8
26.338,4023,0,3728,0,grass_8
26.346,4031,0,3710,0,grass_8
26.35,4038,0,3698,0,grass_8
26.357,4035,0,3714,0,grass_8
26.357,4039,0,3711,0,grass_8
26.364,4035,0,3761,0,grass_8
26.37,4034,0,3763,0,grass_8
26.377,4034,0,3729,0,grass_8
26.377,4027,0,3678,0,grass_8
26.384,4021,0,3635,0,grass_8
26.391,4010,0,3696,0,grass_8
26.396,4012,0,3725,0,grass_8
26.398,4022,0,3707,0,grass_8
26.406,4021,0,3687,0,grass_8
26.411,4029,0,3694,0,grass_8
26.412,4025,0,3699,0,grass_8
26.419,4028,0,3702,0,grass_8
26.426,4028,0,3673,0,grass_8
26.431,4039,0,3582,0,grass_8
26.436,4027,0,3558,0,grass_8
26.44,4025,0,3516,0,grass_8
26.445,4019,0,3455,0,grass_8
26.448,4016,0,3402,0,grass_8
26.454,4021,0,3226,0,grass_8
26.46,4023,0,2062,0,grass_8
26.466,4026,0,0,0,grass_8
26.468,4024,0,0,0,grass_8
26.475,4025,0,0,0,grass_8
26.481,4032,0,0,0,grass_8
26.484,4030,0,0,0,grass_8
26.488,4034,0,0,0,grass_8
26.497,4029,0,0,0,grass_8
26.497,4031,0,0,2874,grass_8
26.505,4031,0,0,2454,grass_8
26.509,4031,0,0,0,grass_8
26.517,4034,0,0,0,grass_8
26.522,4033,0,0,0,grass_8
26.525,4030,0,0,0,grass_8
26.531,4030,0,0,0,grass_8
26.536,4028,0,0,0,grass_8
26.537,4026,0,0,0,grass_8
26.545,4027,0,0,0,grass_8
26.551,4029,0,0,0,grass_8
26.551,4033,0,0,0,grass_8
26.56,4035,0,0,0,grass_8
26.565,4037,0,0,0,grass_8
26.571,4037,0,0,0,grass_8
26.572,4031,0,0,0,grass_8
26.579,4026,0,0,0,grass_8
26.586,4024,0,0,0,grass_8
26.586,4026,0,0,0,grass_8
26.593,4029,0,0,0,grass_8
26.601,4029,0,0,0,grass_8
26.601,4035,0,0,0,grass_8
26.611,4036,0,2221,0,grass_8
26.613,4036,0,3216,0,grass_8
26.62,4040,0,3378,0,grass_8
26.626,4039,0,3348,0,grass_8
26.627,4035,0,3371,0,grass_8
26.634,4035,0,3421,0,grass_8
26.641,4026,0,3345,0,grass_8
26.641,4030,0,3139,0,grass_8
26.648,4031,0,2535,0,grass_8
26.655,4027,0,0,0,grass_8
26.658,4015,0,0,0,grass_8
26.665,4007,0,0,0,grass_8
26.669,4004,0,0,0,grass_8
26.676,4008,0,0,0,grass_8
26.676,4022,0,0,0,grass_8
26.683,4019,0,0,0,grass_8
26.69,4012,0,0,0,grass_8
26.696,4029,0,2067,0,grass_8
26.697,4032,0,1983,0,grass_8
26.704,4038,0,0,0,grass_8
26.711,4037,0,0,0,grass_8
26.711,4029,0,0,0,grass_8
26.721,4023,0,0,0,grass_8
26.724,4025,0,0,0,grass_8
26.731,4016,0,0,0,grass_8
26.736,4018,0,0,0,grass_8
26.739,4025,0,0,0,grass_8
26.746,4031,0,0,0,grass_8
26.748,4024,0,0,0,grass_8
26.752,4030,0,0,0,grass_8
26.759,4010,0,0,0,grass_8
26.766,4023,0,1004,0,grass_8
26.767,4020,0,0,0,grass_8
26.773,4013,0,0,0,grass_8
26.78,4021,0,0,0,grass_8
26.786,4008,0,0,0,grass_8
26.787,3998,0,0,0,grass_8
26.794,3976,0,0,0,grass_8
26.801,3947,0,0,0,grass_8
26.802,3908,0,0,0,grass_8
26.808,3897,0,0,0,grass_8
26.816,3909,0,0,0,grass_8
26.816,3894,0,0,0,grass_8
26.826,3899,0,0,0,grass_8
26.829,3895,0,0,0,grass_8
26.836,3875,0,0,0,grass_8
26.836,3837,0,0,0,grass_8
26.843,3791,0,0,0,grass_8
26.849,3706,0,0,0,grass_8
26.856,3637,0,0,0,grass_8
26.861,3561,0,0,0,grass_8
26.863,3654,0,0,0,grass_8
26.871,3648,91,0,0,grass_8
26.871,3599,0,0,0,grass_8
26.877,3658,90,0,0,grass_8
26.884,3697,0,0,0,grass_8
26.887,3736,0,0,0,grass_8
26.891,3670,0,0,0,grass_8
26.898,3232,0,0,0,grass_8
26.905,0,0,0,0,grass_8
26.905,0,0,0,0,grass_8
26.916,0,0,0,0,grass_8
26.919,0,0,0,0,grass_8
26.923,0,0,0,0,grass_8
26.93,0,0,0,0,grass_8
26.933,0,0,0,0,grass_8
26.94,0,0,0,0,grass_8
26.94,0,0,0,0,grass_8
26.951,0,0,0,0,grass_8
26.954,0,0,0,0,grass_8
26.961,0,0,0,0,grass_8
26.966,0,0,0,0,grass_8
26.968,0,0,0,2822,grass_8
26.975,0,0,0,2988,grass_8
26.975,0,0,0,3282,grass_8
26.982,0,0,0,3454,grass_8
26.989,0,0,0,3352,grass_8
26.995,0,0,0,3327,grass_8
26.999,0,0,0,3497,grass_8
27.002,0,0,0,3512,grass_8
27.009,0,0,0,3596,grass_8
27.015,0,0,0,3722,grass_8
27.016,0,0,0,3732,grass_8
27.024,0,1640,0,3703,grass_8
27.03,0,1838,0,3647,grass_8
27.035,0,1920,0,3651,grass_8
27.037,0,2321,0,3651,grass_8
27.044,0,2852,0,3582,grass_8
27.051,0,3054,0,3490,grass_8
27.051,0,2880,0,3459,grass_8
27.058,0,2785,0,3744,grass_8
27.065,0,2768,0,3782,grass_8
27.066,0,3054,0,3780,grass_8
27.074,0,3232,0,3805,grass_8
27.079,0,3230,0,3844,grass_8
27.085,0,2965,0,3880,grass_8
27.086,0,2376,0,3863,grass_8
27.093,0,2091,0,3762,grass_8
27.099,0,2429,0,3049,grass_8
27.105,0,2655,0,0,grass_8
27.107,0,2852,0,0,grass_8
27.113,0,2450,0,0,grass_8
27.12,0,1317,0,0,grass_8
27.125,0,0,0,0,grass_8
27.127,0,0,0,0,grass_8
27.134,0,0,0,0,grass_8
27.14,0,0,0,0,grass_8
27.141,0,0,0,0,grass_8
27.148,0,624,0,0,grass_8
27.155,0,2543,0,235,grass_8
27.156,0,2861,0,3202,grass_8
27.162,0,3121,0,3671,grass_8
27.17,0,3176,0,3791,grass_8
27.175,0,3207,0,3840,grass_8
27.177,0,2861,0,3880,grass_8
27.183,0,3055,0,3857,grass_8
27.19,0,3221,0,3783,grass_8
27.191,0,3268,0,3790,grass_8
27.199,0,3239,0,3817,grass_8
27.203,0,3182,0,3850,grass_8
27.21,0,2797,0,3867,grass_8
27.211,0,2355,0,3700,grass_8
27.218,0,2534,0,3293,grass_8
27.224,0,2905,0,2776,grass_8
27.229,0,2909,0,3579,grass_8
27.231,0,970,0,3714,grass_8
27.238,0,0,0,3720,grass_8
27.245,0,0,0,3666,grass_8
27.245,0,0,0,3529,grass_8
27.255,0,0,0,3096,grass_8
27.26,0,0,0,3059,grass_8
27.265,0,1440,0,3523,grass_8
27.266,0,2412,0,3583,grass_8
27.273,0,2666,0,3707,grass_8
27.28,0,2544,0,3713,grass_8
27.285,0,2665,0,3669,grass_8
27.287,0,2565,0,3700,grass_8
27.294,0,2159,0,3685,grass_8
27.3,0,2300,0,3606,grass_8
27.301,0,2603,0,3505,grass_8
27.309,0,2926,0,3548,grass_8
27.315,0,2944,0,3636,grass_8
27.32,0,2947,0,3723,grass_8
27.322,0,2952,0,3764,grass_8
27.329,0,3024,0,3782,grass_8
27.335,0,3071,0,3760,grass_8
27.336,0,3086,0,3726,grass_8
27.343,0,3032,0,3685,grass_8
27.349,0,2898,0,3631,grass_8
27.351,0,2264,0,3610,grass_8
27.356,0,1381,0,3639,grass_8
27.363,0,1613,0,3680,grass_8
27.37,0,2771,0,3655,grass_8
27.37,0,3130,0,3706,grass_8
27.377,0,3338,0,3767,grass_8
27.384,0,3443,0,3771,grass_8
27.39,0,3460,0,3782,grass_8
27.391,0,3402,0,3798,grass_8
27.398,0,3237,0,3789,grass_8
27.405,0,3013,0,3728,grass_8
27.405,0,2698,0,3638,grass_8
27.414,0,1502,0,3598,grass_8
27.419,0,1444,0,3582,grass_8
27.422,0,1797,0,3645,grass_8
27.426,0,2652,0,3795,grass_8
27.433,0,3057,0,3858,grass_8
27.44,0,3390,0,3881,grass_8
27.445,0,3486,0,3908,grass_8
27.447,0,3553,0,3913,grass_8
27.454,0,3555,0,3912,grass_8
27.46,0,3488,0,3900,grass_8
27.461,0,3374,0,3874,grass_8
27.468,0,3003,0,3835,grass_8
27.474,0,1925,0,3783,grass_8
27.476,0,1296,0,3676,grass_8
27.481,0,1256,0,3628,grass_8
27.488,0,1359,0,3678,grass_8
27.495,0,2338,0,3784,grass_8
27.496,0,2955,0,3853,grass_8
27.502,0,3142,0,3878,grass_8
27.509,0,3299,0,3897,grass_8
27.509,0,3376,0,3897,grass_8
27.519,0,3418,0,3898,grass_8
27.523,0,3434,0,3890,grass_8
27.529,0,3429,0,3884,grass_8
27.53,0,3382,0,3871,grass_8
27.538,0,3223,0,3844,grass_8
27.543,0,3102,0,3751,grass_8
27.545,0,2968,0,3643,grass_8
27.551,0,2926,0,3553,grass_8
27.558,0,3071,0,3540,grass_8
27.564,0,3163,0,3599,grass_8
27.566,0,3369,0,3747,grass_8
27.573,0,3406,0,3831,grass_8
27.579,0,3406,0,3867,grass_8
27.58,0,3346,0,3880,grass_8
27.588,0,3104,0,3892,grass_8
27.593,0,2441,0,3879,grass_8
27.6,0,1596,0,3861,grass_8
27.604,0,2209,0,3882,grass_8
27.607,0,2940,0,3906,grass_8
27.613,0,3278,0,3925,grass_8
27.615,0,3446,0,3935,grass_8
27.62,0,3563,0,3931,grass_8
27.628,0,3549,0,3949,grass_8
27.634,0,3505,0,3916,grass_8
27.639,0,3376,0,3878,grass_8
27.642,0,2952,0,3815,grass_8
27.648,0,2273,0,3502,grass_8
27.653,0,1706,0,3016,grass_8
27.655,0,1740,0,3327,grass_8
27.662,0,2299,0,3554,grass_8
27.669,0,3033,0,3768,grass_8
27.674,0,3357,0,3846,grass_8
27.676,0,3465,0,3894,grass_8
27.683,0,3545,0,3920,grass_8
27.689,0,3547,0,3925,grass_8
27.691,0,3468,0,3934,grass_8
27.697,0,3359,0,3923,grass_8
27.704,0,3036,0,3892,grass_8
27.705,0,2647,0,3863,grass_8
27.714,0,2193,0,3833,grass_8
27.718,0,2537,0,3823,grass_8
27.724,0,2849,0,3850,grass_8
27.725,0,3132,0,3872,grass_8
27.734,0,3354,0,3881,grass_8
27.738,0,3449,0,3901,grass_8
27.74,0,3549,0,3893,grass_8
27.748,0,3549,0,3895,grass_8
27.753,0,3522,0,3885,grass_8
27.76,0,3424,0,3881,grass_8
27.76,0,3325,0,3860,grass_8
27.768,0,3126,0,3858,grass_8
27.773,0,3000,0,3854,grass_8
27.775,0,2865,0,3863,grass_8
27.783,0,2896,0,3876,grass_8
27.787,0,3036,0,3887,grass_8
27.794,0,3072,0,3895,grass_8
27.794,0,3087,0,3908,grass_8
27.802,0,3111,0,3907,grass_8
27.808,0,3182,0,3918,grass_8
27.814,0,3358,0,3925,grass_8
27.818,0,3422,0,3934,grass_8
27.822,0,3521,0,3936,grass_8
27.828,0,3551,0,3934,grass_8
27.834,0,3477,0,3918,grass_8
27.836,0,3385,0,3910,grass_8
27.844,0,3175,0,3871,grass_8
27.845,0,2966,0,3847,grass_8
27.853,0,2688,0,3813,grass_8
27.857,0,2541,0,3788,grass_8
27.863,0,2779,0,3825,grass_8
27.863,0,3045,0,3849,grass_8
27.87,0,3213,0,3888,grass_8
27.877,0,3351,0,3920,grass_8
27.883,0,3378,0,3925,grass_8
27.888,0,3372,0,3920,grass_8
27.891,0,3401,0,3926,grass_8
27.898,0,3406,0,3933,grass_8
27.9,0,3449,0,3930,grass_8
27.905,0,3498,0,3936,grass_8
27.913,0,3524,0,3929,grass_8
27.919,0,3433,0,3917,grass_8
27.924,0,3348,0,3895,grass_8
27.926,0,3215,0,3857,grass_8
27.933,0,3113,0,3842,grass_8
27.933,0,3177,0,3837,grass_8
27.94,0,3183,0,3840,grass_8
27.947,0,3263,0,3873,grass_8
27.954,0,3347,0,3891,grass_8
27.954,0,3341,0,3914,grass_8
27.961,0,3152,0,3923,grass_8
27.968,0,2876,0,3924,grass_8
27.974,0,2170,0,3909,grass_8
27.974,0,2475,0,3920,grass_8
27.981,0,3000,0,3929,grass_8
27.988,0,3290,0,3930,grass_8
27.993,0,3464,0,3954,grass_8
27.995,0,3564,0,3964,grass_8
28.002,0,3554,0,3968,grass_8
28.002,0,3538,0,3952,grass_8
28.014,0,3485,0,3918,grass_8
28.016,0,3388,0,3883,grass_8
28.023,0,3240,0,3822,grass_8
28.023,0,3150,0,3709,grass_8
28.033,0,3008,0,3697,grass_8
28.037,0,2880,0,3760,grass_8
28.043,0,3039,0,3841,grass_8
28.047,0,3127,0,3877,grass_8
28.053,0,3224,0,3917,grass_8
28.058,0,3386,0,3944,grass_8
28.058,0,3438,0,3959,grass_8
28.065,0,3456,0,3975,grass_8
28.072,0,3443,0,3970,grass_8
28.079,0,3435,0,3971,grass_8
28.083,0,3352,0,3958,grass_8
28.086,0,3132,0,3955,grass_8
28.092,0,3078,0,3937,grass_8
28.094,0,2785,0,3910,grass_8
28.099,0,2554,0,3911,grass_8
28.108,0,2543,0,3900,grass_8
28.114,0,2810,0,3901,grass_8
28.116,0,2987,0,3907,grass_8
28.121,0,3080,0,3920,grass_8
28.127,0,3145,0,3923,grass_8
28.133,0,3142,0,3937,grass_8
28.134,0,3181,0,3940,grass_8
28.141,0,3221,0,3949,grass_8
28.148,0,3303,0,3952,grass_8
28.154,0,3332,0,3951,grass_8
28.158,0,3369,0,3957,grass_8
28.162,0,3378,0,3946,grass_8
28.164,0,3378,0,3937,grass_8
28.173,0,3360,0,3927,grass_8
28.176,0,3312,0,3911,grass_8
28.183,0,3309,0,3873,grass_8
28.187,0,3314,0,3852,grass_8
28.19,0,3360,0,3863,grass_8
28.197,0,3394,0,3869,grass_8
28.199,0,3424,0,3887,grass_8
28.204,0,3361,0,3895,grass_8
28.211,0,3112,0,3880,grass_8
28.218,0,2961,0,3872,grass_8
28.219,0,2978,0,3868,grass_8
28.225,0,3031,0,3893,grass_8
28.232,0,3059,0,3917,grass_8
28.238,0,3171,0,3937,grass_8
28.239,0,3327,0,3955,grass_8
28.246,0,3375,0,3954,grass_8
28.252,0,3388,0,3947,grass_8
28.254,0,3345,0,3936,grass_8
28.263,0,3188,0,3922,grass_8
28.266,0,3049,0,3918,grass_8
28.273,0,2982,0,3917,grass_8
28.273,0,3018,0,3911,grass_8
28.28,0,3075,0,3928,grass_8
28.287,0,3171,0,3934,grass_8
28.289,0,3311,0,3949,grass_8
28.297,0,3342,0,3955,grass_8
28.301,0,3366,0,3949,grass_8
28.308,0,3375,0,3953,grass_8
28.308,0,3377,0,3938,grass_8
28.315,0,3385,0,3938,grass_8
28.322,0,3365,0,3933,grass_8
28.324,0,3087,0,3911,grass_8
28.329,0,1567,0,3880,grass_8
28.336,0,0,0,3820,grass_8
28.343,0,0,0,3780,grass_8
28.343,0,0,0,3776,grass_8
28.35,0,1532,0,3835,grass_8
28.357,0,2533,0,3891,grass_8
28.359,0,2861,0,3884,grass_8
28.367,0,2615,0,3889,grass_8
28.371,0,1564,0,3881,grass_8
28.377,0,1622,0,3883,grass_8
28.377,0,2802,0,3894,grass_8
28.384,0,3143,0,3903,grass_8
28.391,0,3432,0,3934,grass_8
28.394,0,3540,0,3953,grass_8
28.402,0,3567,0,3973,grass_8
28.405,0,3637,0,3985,grass_8
28.412,0,3640,0,3996,grass_8
28.417,0,3617,0,3998,grass_8
28.419,0,3581,0,3990,grass_8
28.426,0,3499,0,3977,grass_8
28.433,0,3441,0,3967,grass_8
28.435,0,3359,0,3943,grass_8
28.44,0,3114,0,3934,grass_8
28.447,0,2974,0,3927,grass_8
28.453,0,2853,0,3915,grass_8
28.454,0,2853,0,3920,grass_8
28.461,0,2943,0,3914,grass_8
28.468,0,3054,0,3914,grass_8
28.468,0,3049,0,3912,grass_8
28.476,0,1572,0,3905,grass_8
28.481,0,0,0,3854,grass_8
28.484,0,0,0,3769,grass_8
28.489,0,0,0,3674,grass_8
28.495,0,1482,0,3748,grass_8
28.502,0,2962,0,3838,grass_8
28.504,0,2680,0,3905,grass_8
28.509,0,1870,0,3919,grass_8
28.516,0,0,0,3925,grass_8
28.522,0,0,0,3922,grass_8
28.523,0,1848,0,3903,grass_8
28.53,0,2615,0,3907,grass_8
28.537,0,3212,0,3928,grass_8
28.538,0,3277,0,3958,grass_8
28.544,0,3317,0,3971,grass_8
28.551,0,3363,0,3972,grass_8
28.558,0,3393,0,3979,grass_8
28.559,0,3446,0,3963,grass_8
28.565,0,3445,0,3966,grass_8
28.572,0,3363,0,3967,grass_8
28.573,0,3298,0,3971,grass_8
28.581,0,3208,0,3975,grass_8
28.586,0,3156,0,3969,grass_8
28.593,0,3177,0,3965,grass_8
28.593,0,3192,0,3974,grass_8
28.601,0,3090,0,3972,grass_8
28.606,0,2798,0,3967,grass_8
28.613,0,2664,0,3974,grass_8
28.617,0,2576,0,3959,grass_8
28.62,0,2335,0,3948,grass_8
28.627,0,0,0,3906,grass_8
28.632,0,0,0,3843,grass_8
28.634,0,0,0,3781,grass_8
28.641,0,0,0,3761,grass_8
28.648,0,0,0,3742,grass_8
28.648,0,0,0,3743,grass_8
28.655,0,864,0,3813,grass_8
28.662,0,2427,0,3825,grass_8
28.662,0,2677,0,3849,grass_8
28.671,0,2469,0,3862,grass_8
28.676,0,628,0,3870,grass_8
28.682,0,0,0,3863,grass_8
28.683,0,0,0,3897,grass_8
28.69,0,2238,0,3930,grass_8
28.696,0,3210,0,3929,grass_8
28.698,0,3383,0,3954,grass_8
28.704,0,3337,0,3954,grass_8
28.712,0,3184,0,3940,grass_8
28.717,0,2871,0,3884,grass_8
28.717,0,2286,0,3764,grass_8
28.724,0,0,0,3592,grass_8
28.731,0,0,0,3373,grass_8
28.733,0,0,0,3331,grass_8
28.742,0,0,0,3438,grass_8
28.745,0,0,0,3589,grass_8
28.75,0,0,0,3658,grass_8
28.755,0,0,0,3738,grass_8
28.759,0,0,0,3809,grass_8
28.766,0,0,0,3809,grass_8
28.766,0,0,0,3774,grass_8
28.774,0,0,0,3711,grass_8
28.782,0,0,0,3531,grass_8
28.787,0,0,0,3090,grass_8
28.791,0,0,0,2451,grass_8
28.794,0,0,0,1299,grass_8
28.801,0,0,0,0,grass_8
28.807,0,0,0,1381,grass_8
28.808,0,0,0,0,grass_8
28.815,0,0,0,0,grass_8
28.822,0,0,0,0,grass_8
28.822,0,0,0,0,grass_8
28.832,0,0,0,0,grass_8
28.835,0,0,0,0,grass_8
28.842,0,0,0,0,grass_8
28.843,0,0,0,0,grass_8
28.849,0,0,0,0,grass_8
28.856,0,0,0,0,grass_8
28.861,0,0,0,0,grass_8
28.863,0,0,0,0,grass_8
28.87,0,0,0,0,grass_8
28.877,0,0,0,0,grass_8
28.882,0,0,0,0,grass_8
28.884,0,0,0,0,grass_8
28.891,0,0,0,0,grass_8
28.897,0,0,0,0,grass_8
28.898,0,0,0,0,grass_8
28.905,0,0,0,0,grass_8
28.912,0,0,0,0,grass_8
28.912,0,0,0,0,grass_8
28.919,0,0,0,0,grass_8
28.927,0,0,0,0,grass_8
28.927,0,0,0,0,grass_8
28.935,0,0,0,0,grass_8
28.94,0,0,0,0,grass_8
28.946,0,0,0,0,grass_8
28.952,0,0,0,0,grass_8
28.955,0,0,0,0,grass_8
28.96,0,0,0,0,grass_8
28.967,0,0,0,0,grass_8
28.968,0,0,0,0,grass_8
28.974,0,0,0,0,grass_8
28.981,0,0,0,0,grass_8
28.987,0,522,0,0,grass_8
28.988,0,2053,0,0,grass_8
28.995,0,2385,0,0,grass_8
29.002,0,2217,0,0,grass_8
29.002,0,1450,0,0,grass_8
29.009,0,520,0,0,grass_8
29.016,0,1499,0,2154,grass_8
29.017,0,2340,0,2099,grass_8
29.025,0,2687,0,2973,grass_8
29.03,0,2859,0,3607,grass_8
29.036,0,3198,0,3798,grass_8
29.037,0,3307,0,3879,grass_8
29.044,0,3315,0,3916,grass_8
29.05,0,3327,0,3925,grass_8
29.055,0,3367,0,3938,grass_8
29.058,0,3402,0,3947,grass_8
29.065,0,3461,0,3966,grass_8
29.071,0,3483,0,3976,grass_8
29.076,0,3508,0,3976,grass_8
29.079,0,3524,0,3961,grass_8
29.086,0,3546,0,3960,grass_8
29.091,0,3542,0,3977,grass_8
29.093,0,3521,0,3993,grass_8
29.1,0,3477,0,3992,grass_8
29.106,0,3516,0,3972,grass_8
29.107,0,3524,0,3948,grass_8
29.116,0,3550,0,3948,grass_8
29.12,0,3552,0,3979,grass_8
29.124,0,3577,0,3978,grass_8
29.127,0,3638,0,3931,grass_8
29.134,0,3693,0,3789,grass_8
29.141,0,3681,0,3706,grass_8
29.146,0,3606,0,3818,grass_8
29.148,0,3540,0,3916,grass_8
29.156,0,3558,0,3981,grass_8
29.162,0,3610,0,3982,grass_8
29.163,0,3679,0,3972,grass_8
29.169,0,3723,0,3967,grass_8
29.176,0,3743,0,3969,grass_8
29.176,0,3741,0,3985,grass_8
29.186,0,3734,0,3986,grass_8
29.19,0,3706,0,3984,grass_8
29.197,0,3704,0,3975,grass_8
29.2,0,3719,0,3898,grass_8
29.204,0,3723,0,3849,grass_8
29.21,0,3718,0,3883,grass_8
29.216,0,3699,0,3904,grass_8
29.217,0,3644,0,3902,grass_8
29.224,0,3601,0,3916,grass_8
29.231,0,3587,0,3910,grass_8
29.236,0,3643,0,3913,grass_8
29.238,0,3697,0,3938,grass_8
29.245,0,3688,0,3968,grass_8
29.251,0,3667,0,3988,grass_8
29.255,0,3687,0,3969,grass_8
29.259,0,3713,0,3984,grass_8
29.266,0,3715,0,3976,grass_8
29.266,0,3690,0,3967,grass_8
29.276,0,3681,0,3977,grass_8
29.28,0,3675,0,3983,grass_8
29.286,0,3659,0,3982,grass_8
29.287,0,3697,0,3966,grass_8
29.294,0,3699,0,3926,grass_8
29.3,0,3723,0,3943,grass_8
29.306,0,3711,0,3974,grass_8
29.308,0,3676,0,3991,grass_8
29.315,0,3657,0,4002,grass_8
29.321,0,3668,0,3993,grass_8
29.322,0,3706,0,3994,grass_8
29.329,0,3708,0,3977,grass_8
29.335,0,3711,0,3948,grass_8
29.337,0,3701,0,3927,grass_8
29.345,0,3646,0,3911,grass_8
29.349,0,3621,0,3917,grass_8
29.356,0,3587,0,3918,grass_8
29.361,0,3544,0,3919,grass_8
29.364,0,3535,0,3935,grass_8
29.37,0,3620,0,3909,grass_8
29.372,0,3688,0,3897,grass_8
29.377,0,3621,0,3974,grass_8
29.386,0,3640,0,3995,grass_8
29.391,0,3684,0,3994,grass_8
29.393,0,3696,0,3994,grass_8
29.398,0,3746,0,3974,grass_8
29.405,0,3754,0,3964,grass_8
29.411,0,3661,0,3976,grass_8
29.412,0,3615,0,3990,grass_8
29.419,0,3666,0,3955,grass_8
29.426,0,3573,0,3964,grass_8
29.426,0,3590,0,3970,grass_8
29.433,0,3526,0,3984,grass_8
29.44,0,3632,0,3970,grass_8
29.44,0,3713,0,3980,grass_8
29.448,0,3700,0,3995,grass_8
29.456,0,3707,0,3997,grass_8
29.46,0,3705,0,4017,grass_8
29.466,0,3657,0,3995,grass_8
29.467,0,3676,0,4004,grass_8
29.475,0,3684,0,4006,grass_8
29.48,0,3671,0,4016,grass_8
29.481,0,3687,0,4013,grass_8
29.488,0,3680,0,4024,grass_8
29.495,0,3579,0,4021,grass_8
29.495,0,3682,0,4028,grass_8
29.504,0,3722,0,4017,grass_8
29.509,0,3685,0,4023,grass_8
29.516,0,3684,0,4032,grass_8
29.516,0,3658,0,4031,grass_8
29.523,0,3688,0,4036,grass_8
29.529,0,3705,0,4027,grass_8
29.535,0,3656,0,4029,grass_8
29.54,0,3631,0,4027,grass_8
29.544,0,3498,0,4032,grass_8
29.551,0,3514,0,4027,grass_8
29.556,0,3668,0,4025,grass_8
29.559,0,3687,0,4023,grass_8
29.564,0,3683,0,4032,grass_8
29.571,0,3671,0,4041,grass_8
29.575,0,3657,0,4041,grass_8
29.579,0,3634,0,4040,grass_8
29.585,0,3671,0,4038,grass_8
29.59,0,3676,0,4033,grass_8
29.593,0,3669,0,4029,grass_8
29.601,0,3650,0,4028,grass_8
29.601,0,3647,0,4026,grass_8
29.608,0,3626,0,4030,grass_8
29.614,0,3516,0,4029,grass_8
29.62,0,3541,0,4031,grass_8
29.625,0,3651,0,4029,grass_8
29.628,0,3681,0,4025,grass_8
29.634,0,3713,0,4022,grass_8
29.636,0,3731,0,4009,grass_8
29.641,0,3737,0,4009,grass_8
29.649,0,3694,0,4012,grass_8
29.655,0,3625,0,4020,grass_8
29.656,0,3581,0,4009,grass_8
29.662,0,3589,0,3993,grass_8
29.669,0,3573,0,3987,grass_8
29.675,0,3428,0,3976,grass_8
29.676,0,3082,0,3972,grass_8
29.685,0,2231,0,4001,grass_8
29.69,0,0,0,4002,grass_8
29.691,0,0,0,3991,grass_8
29.699,0,0,0,3978,grass_8
29.703,0,1998,0,3964,grass_8
29.711,0,0,0,3974,grass_8
29.711,0,0,0,4008,grass_8
29.717,4025,0,0,3994,grass_8
29.724,3997,0,0,3989,grass_8
29.73,3915,0,0,3973,grass_8
29.731,3147,0,0,3949,grass_8
29.738,0,0,0,3842,grass_8
29.745,0,0,0,3042,grass_8
29.746,0,0,0,689,grass_8
29.752,0,0,0,0,grass_8
29.759,0,0,0,0,grass_8
29.765,0,0,0,2286,grass_8
29.766,0,0,0,3932,grass_8
29.774,0,0,0,4016,grass_8
29.78,0,0,0,4038,grass_8
29.781,0,0,0,4043,grass_8
29.787,0,0,0,4045,grass_8
29.794,0,0,0,4047,grass_8
29.8,0,0,0,4042,grass_8
29.805,0,0,0,4037,grass_8
29.808,0,0,0,4029,grass_8
29.815,0,0,0,4002,grass_8
29.816,0,0,0,3982,grass_8
29.824,0,0,0,3966,grass_8
29.828,0,0,0,3958,grass_8
29.832,0,0,0,3971,grass_8
29.836,0,0,0,3984,grass_8
29.843,0,0,0,4009,grass_8
29.85,0,0,0,4019,grass_8
29.851,0,0,0,4028,grass_8
29.857,0,0,0,4036,grass_8
29.863,0,0,0,4035,grass_8
29.87,0,0,0,4029,grass_8
29.874,0,0,0,4031,grass_8
29.877,0,0,0,4029,grass_8
29.884,0,0,0,4021,grass_8
29.884,0,0,0,4021,grass_8
29.891,0,0,0,4010,grass_8
29.898,0,0,0,4001,grass_8
29.905,0,0,0,3996,grass_8
29.909,0,0,0,3991,grass_8
29.912,0,1783,0,3998,grass_8
29.919,0,3039,0,4015,grass_8
29.925,0,3338,0,4020,grass_8
29.926,0,3299,0,4027,grass_8
29.933,0,2962,0,4022,grass_8
29.939,0,1222,0,4005,grass_8
29.94,0,0,0,3966,grass_8
29.947,0,0,0,3912,grass_8
29.953,0,0,0,3881,grass_8
29.96,0,0,0,3843,grass_8
29.961,0,0,0,3833,grass_8
29.967,0,0,0,3845,grass_8
29.974,0,0,0,3848,grass_8
29.976,0,0,0,3848,grass_8
29.984,0,0,0,3865,grass_8
29.988,0,0,0,3855,grass_8
29.992,0,0,0,3859,grass_8
29.995,0,0,0,3852,grass_8
30.002,0,0,0,3851,grass_8
30.009,0,0,0,3894,grass_8
30.009,0,0,0,3937,grass_8
30.016,0,0,0,3958,grass_8
30.023,0,0,0,3943,grass_8
30.03,0,0,0,3912,grass_8
30.033,0,0,0,3884,grass_8
30.037,0,0,0,3842,grass_8
30.044,0,0,0,3827,grass_8
30.044,0,0,0,3755,grass_8
30.051,0,0,0,3603,grass_8
30.057,0,0,0,3314,grass_8
30.064,0,0,0,2630,grass_8
30.069,0,0,0,1758,grass_8
30.072,0,0,0,1892,grass_8
30.078,0,0,0,2350,grass_8
30.08,0,0,0,2404,grass_8
30.085,0,0,0,2349,grass_8
30.094,0,0,0,1905,grass_8
30.099,0,0,0,0,grass_8
30.102,0,0,0,0,grass_8
30.106,0,0,0,0,grass_8
30.113,0,0,0,0,grass_8
30.119,0,0,0,0,grass_8
30.12,0,0,0,0,grass_8
30.127,0,0,0,0,grass_8
30.134,0,0,0,0,grass_8
30.135,0,0,0,0,grass_8
30.143,0,0,0,0,grass_8
30.148,0,0,0,0,grass_8
30.152,0,0,0,0,grass_8
30.156,0,0,0,0,grass_8
30.162,0,0,0,0,grass_8
30.168,0,0,0,0,grass_8
30.17,0,0,0,0,grass_8
30.176,0,0,0,0,grass_8
30.182,0,0,0,0,grass_8
30.189,0,0,0,0,grass_8
30.19,0,0,0,0,grass_8
30.196,0,0,0,0,grass_8
30.204,0,0,1342,0,grass_8
30.205,0,0,2264,0,grass_8
30.213,0,0,2665,0,grass_8
30.217,0,0,2228,0,grass_8
30.224,0,0,2034,0,grass_8
30.229,0,0,2140,0,grass_8
30.231,0,0,2726,0,grass_8
30.238,0,0,2732,0,grass_8
30.24,0,0,2510,0,grass_8
30.245,0,0,0,0,grass_8
30.252,0,0,0,0,grass_8
30.259,0,0,0,0,grass_8
30.259,0,0,1182,0,grass_8
30.266,0,0,3167,0,grass_8
30.273,0,0,3553,0,grass_8
30.275,0,0,3571,0,grass_8
30.283,0,0,3276,0,grass_8
30.287,0,0,2675,0,grass_8
30.294,0,0,850,0,grass_8
30.294,0,0,0,0,grass_8
30.301,0,0,0,0,grass_8
30.307,0,0,0,0,grass_8
30.31,0,0,0,0,grass_8
30.318,0,0,0,0,grass_8
30.321,0,0,0,0,grass_8
30.328,0,0,0,0,grass_8
30.328,0,0,0,0,grass_8
30.335,0,0,0,0,grass_8
30.342,0,0,2457,0,grass_8
30.345,0,0,2798,0,grass_8
30.353,0,0,2727,0,grass_8
30.357,0,0,2498,0,grass_8
30.363,0,0,2516,0,grass_8
30.365,0,0,2470,0,grass_8
30.37,0,0,2270,0,grass_8
30.377,0,0,2986,0,grass_8
30.384,0,0,3400,0,grass_8
30.386,0,0,3545,0,grass_8
30.394,0,0,3616,0,grass_8
30.398,3205,0,3636,0,grass_8
30.404,3198,0,3616,0,grass_8
30.404,1476,0,3476,0,grass_8
30.412,0,0,3403,0,grass_8
30.418,0,0,3158,0,grass_8
30.42,0,0,0,0,grass_8
30.426,0,0,0,0,grass_8
30.433,0,0,0,0,grass_8
30.439,0,0,0,0,grass_8
30.44,0,0,2348,0,grass_8
30.446,0,0,2851,0,grass_8
30.453,0,0,3258,0,grass_8
30.457,0,0,3251,0,grass_8
30.463,0,0,3267,0,grass_8
30.467,0,0,3156,0,grass_8
30.471,0,0,3010,0,grass_8
30.474,0,0,2007,0,grass_8
30.481,0,0,0,0,grass_8
30.488,0,0,0,0,grass_8
30.49,0,0,0,0,grass_8
30.495,0,0,1889,0,grass_8
30.502,0,0,2875,0,grass_8
30.509,0,0,3066,0,grass_8
30.509,0,0,3199,0,grass_8
30.516,0,0,3318,0,grass_8
30.522,0,0,3428,0,grass_8
30.529,0,0,3450,0,grass_8
30.53,0,0,3453,0,grass_8
30.537,0,0,3412,0,grass_8
30.543,0,0,3257,0,grass_8
30.544,0,0,3183,0,grass_8
30.551,0,0,3107,0,grass_8
30.557,0,0,3012,0,grass_8
30.563,0,0,3031,0,grass_8
30.565,0,0,3127,0,grass_8
30.572,0,0,3236,0,grass_8
30.579,0,0,3395,0,grass_8
30.579,0,0,3448,0,grass_8
30.587,0,0,3458,0,grass_8
30.592,0,0,3432,0,grass_8
30.595,0,0,3417,0,grass_8
30.599,0,0,3390,0,grass_8
30.606,0,0,3333,0,grass_8
30.613,0,0,3237,0,grass_8
30.614,0,0,3203,0,grass_8
30.62,0,0,3205,0,grass_8
30.627,0,0,3190,0,grass_8
30.634,0,0,3262,0,grass_8
30.634,0,0,3386,0,grass_8
30.641,0,0,3423,0,grass_8
30.648,0,0,3433,0,grass_8
30.649,0,0,3416,0,grass_8
30.657,0,0,3335,0,grass_8
30.662,0,0,3349,0,grass_8
30.669,0,0,3312,0,grass_8
30.669,0,0,3235,0,grass_8
30.675,0,0,3203,0,grass_8
30.682,0,0,3188,0,grass_8
30.684,0,0,3215,0,grass_8
30.689,0,0,3309,0,grass_8
30.697,0,0,3327,0,grass_8
30.704,0,0,3359,0,grass_8
30.704,0,0,3390,0,grass_8
30.71,0,0,3460,0,grass_8
30.717,0,0,3471,0,grass_8
30.719,0,0,3433,0,grass_8
30.724,0,0,3447,0,grass_8
30.731,0,0,3436,0,grass_8
30.738,0,0,3404,0,grass_8
30.739,0,0,3388,0,grass_8
30.745,0,0,3402,0,grass_8
30.752,0,0,3423,0,grass_8
30.758,0,0,3428,0,grass_8
30.759,0,0,3462,0,grass_8
30.766,0,0,3483,0,grass_8
30.772,0,0,3491,0,grass_8
30.774,0,0,3502,0,grass_8
30.78,0,0,3497,0,grass_8
30.786,0,0,3496,0,grass_8
30.789,0,0,3493,0,grass_8
30.794,0,0,3501,0,grass_8
30.802,0,0,3431,0,grass_8
30.807,0,0,3430,0,grass_8
30.807,0,0,3403,0,grass_8
30.814,0,0,3313,0,grass_8
30.821,0,0,3325,0,grass_8
30.828,1107,0,3331,0,grass_8
30.829,2635,0,3350,0,grass_8
30.835,2835,0,3437,0,grass_8
30.842,3176,0,3444,0,grass_8
30.848,3333,0,3450,0,grass_8
30.849,3343,0,3301,0,grass_8
30.858,2818,0,3307,0,grass_8
30.863,1883,0,3287,0,grass_8
30.864,0,0,3462,0,grass_8
30.87,0,0,3511,0,grass_8
30.877,0,0,3530,0,grass_8
30.883,0,0,3512,0,grass_8
30.884,0,0,3516,0,grass_8
30.891,0,0,3503,0,grass_8
30.898,0,0,3494,0,grass_8
30.898,0,0,3482,0,grass_8
30.906,0,0,3480,0,grass_8
30.912,0,0,3458,0,grass_8
30.918,0,0,3443,0,grass_8
30.919,0,0,3453,0,grass_8
30.926,0,0,3463,0,grass_8
30.933,2154,0,3466,0,grass_8
30.933,2521,0,3494,0,grass_8
30.939,2883,0,3484,0,grass_8
30.946,2888,0,3476,0,grass_8
30.953,2934,0,3390,0,grass_8
30.958,2593,0,3290,0,grass_8
30.96,0,0,3254,0,grass_8
30.967,0,0,3316,0,grass_8
30.972,0,0,3442,0,grass_8
30.974,0,0,3502,0,grass_8
30.981,0,0,3485,0,grass_8
30.988,0,0,3504,0,grass_8
30.988,0,0,3494,0,grass_8
30.995,0,0,3505,0,grass_8
31.002,0,0,3489,0,grass_8
31.008,0,0,3497,0,grass_8
31.009,2758,0,3453,0,grass_8
31.016,3076,0,3439,0,grass_8
31.023,3419,0,3468,0,grass_8
31.023,3571,0,3451,0,grass_8
31.031,3537,0,3457,0,grass_8
31.036,3350,0,3469,0,grass_8
31.04,3051,0,3478,0,grass_8
31.044,2574,0,3492,0,grass_8
31.051,0,0,3496,0,grass_8
31.057,0,0,3492,0,grass_8
31.058,0,0,3485,0,grass_8
31.064,0,0,3478,0,grass_8
31.071,0,0,3462,0,grass_8
31.077,0,0,3511,0,grass_8
31.079,0,0,3554,0,grass_8
31.085,0,0,3534,0,grass_8
31.092,0,0,3514,0,grass_8
31.092,2206,0,3468,0,grass_8
31.101,2873,0,3519,0,grass_8
31.106,3009,0,3491,0,grass_8
31.109,3118,0,3474,0,grass_8
31.117,3257,0,3480,0,grass_8
31.12,3458,0,3452,0,grass_8
31.127,3484,0,3437,0,grass_8
31.128,3471,0,3414,0,grass_8
31.134,3438,0,3356,0,grass_8
31.142,3132,0,3386,0,grass_8
31.148,2909,0,3425,0,grass_8
31.15,2464,0,3469,0,grass_8
31.157,0,0,3481,0,grass_8
31.162,0,0,3545,0,grass_8
31.163,0,0,3561,0,grass_8
31.172,0,0,3599,0,grass_8
31.175,0,0,3608,0,grass_8
31.183,0,0,3584,0,grass_8
31.183,0,0,3544,0,grass_8
31.189,0,0,3508,0,grass_8
31.196,1989,0,3492,0,grass_8
31.201,2731,0,3479,0,grass_8
31.206,3003,0,3442,0,grass_8
31.21,3144,0,3431,0,grass_8
31.217,3317,0,3434,0,grass_8
31.217,3420,0,3429,0,grass_8
31.224,3395,0,3450,0,grass_8
31.231,3443,0,3462,0,grass_8
31.237,3496,0,3459,0,grass_8
31.238,3498,0,3457,0,grass_8
31.245,3470,0,3467,0,grass_8
31.252,3334,0,3418,0,grass_8
31.252,3045,0,3421,0,grass_8
31.262,3027,0,3464,0,grass_8
31.265,2933,0,3456,0,grass_8
31.272,2695,0,3475,0,grass_8
31.273,2057,0,3491,0,grass_8
31.28,0,0,3468,0,grass_8
31.286,0,0,3472,0,grass_8
31.288,2695,0,3444,0,grass_8
31.293,3200,0,3454,0,grass_8
31.302,3408,0,3440,0,grass_8
31.308,3534,0,3388,0,grass_8
31.308,3612,0,3390,0,grass_8
31.315,3700,0,3405,0,grass_8
31.321,3724,0,3400,0,grass_8
31.323,3714,0,3432,0,grass_8
31.328,3631,0,3424,0,grass_8
31.337,3533,0,3475,0,grass_8
31.342,3464,0,3494,0,grass_8
31.343,3032,0,3509,0,grass_8
31.349,2682,0,3545,0,grass_8
31.357,313,0,3539,0,grass_8
31.361,0,0,3502,0,grass_8
31.367,0,0,3473,0,grass_8
31.371,128,0,3476,0,grass_8
31.376,90,0,3476,0,grass_8
31.382,274,0,3513,0,grass_8
31.387,1924,0,3531,0,grass_8
31.391,2876,0,3575,0,grass_8
31.397,3123,0,3598,0,grass_8
31.4,3259,0,3564,0,grass_8
31.405,2953,0,3507,0,grass_8
31.412,2677,0,3192,0,grass_8
31.413,2205,0,2298,0,grass_8
31.419,2000,0,1418,0,grass_8
31.426,2106,0,2195,0,grass_8
31.428,2602,0,3018,0,grass_8
31.433,3090,0,3439,0,grass_8
31.441,3592,0,3562,0,grass_8
31.446,3809,0,3606,0,grass_8
31.449,3851,0,3648,0,grass_8
31.453,3833,0,3675,0,grass_8
31.46,3764,0,3692,0,grass_8
31.467,3609,0,3665,0,grass_8
31.468,3476,0,3625,0,grass_8
31.474,3330,0,3538,0,grass_8
31.481,3185,0,3447,0,grass_8
31.482,3043,0,3422,0,grass_8
31.49,2909,0,3449,0,grass_8
31.495,2809,0,3529,0,grass_8
31.502,2888,0,3590,0,grass_8
31.507,2918,0,3629,0,grass_8
31.509,3078,0,3582,0,grass_8
31.515,3043,0,3442,0,grass_8
31.518,2933,0,3238,0,grass_8
31.523,2656,0,2732,0,grass_8
31.53,2711,0,2616,0,grass_8
31.537,3025,0,2488,0,grass_8
31.537,3419,0,3215,0,grass_8
31.544,3587,0,3461,0,grass_8
31.55,3641,0,3613,0,grass_8
31.552,3513,0,3695,0,grass_8
31.559,3583,0,3684,0,grass_8
31.564,3609,0,3540,0,grass_8
31.571,3494,0,2832,0,grass_8
31.572,3424,0,1614,0,grass_8
31.578,2655,0,1465,0,grass_8
31.585,0,0,2901,0,grass_8
31.591,0,0,3423,0,grass_8
31.592,2853,0,3554,0,grass_8
31.599,3591,0,3565,0,grass_8
31.606,3747,0,3630,0,grass_8
31.607,3852,0,3710,0,grass_8
31.613,3882,0,3757,0,grass_8
31.62,3880,0,3781,0,grass_8
31.627,3889,0,3796,0,grass_8
31.627,3888,0,3802,0,grass_8
31.634,3858,0,3731,0,grass_8
31.641,3777,0,3605,0,grass_8
31.642,3674,0,3414,0,grass_8
31.651,3545,0,3117,0,grass_8
31.655,3390,0,3164,0,grass_8
31.661,3241,0,2799,0,grass_8
31.661,3181,0,1775,0,grass_8
31.669,2967,0,804,0,grass_8
31.675,2813,0,302,0,grass_8
31.677,2904,0,2069,0,grass_8
31.682,3299,0,3326,0,grass_8
31.689,3529,0,3548,0,grass_8
31.696,3687,0,3652,0,grass_8
31.697,3761,0,3764,0,grass_8
31.703,3833,0,3799,0,grass_8
31.71,3859,0,3797,0,grass_8
31.716,3849,0,3713,0,grass_8
31.717,3755,0,3530,0,grass_8
31.724,3630,0,3365,0,grass_8
31.731,3327,0,3362,0,grass_8
31.731,3120,0,3393,0,grass_8
31.74,3448,0,3412,0,grass_8
31.745,3739,0,3449,0,grass_8
31.747,3851,0,3559,0,grass_8
31.755,3878,0,3671,0,grass_8
31.76,3840,0,3708,0,grass_8
31.765,3812,0,3699,0,grass_8
31.772,3822,0,3643,0,grass_8
31.773,3851,0,3485,0,grass_8
31.78,3829,0,3259,0,grass_8
31.786,3799,0,3151,0,grass_8
31.787,3771,0,3223,0,grass_8
31.793,3785,0,3322,0,grass_8
31.801,3817,0,3451,0,grass_8
31.806,3864,0,3525,0,grass_8
31.807,3870,0,3559,0,grass_8
31.814,3823,0,3636,0,grass_8
31.821,3728,0,3625,0,grass_8
31.822,3626,0,3528,0,grass_8
31.828,3519,0,3162,0,grass_8
31.835,3408,0,2428,0,grass_8
31.837,3275,0,926,0,grass_8
31.842,3307,0,1089,0,grass_8
31.849,3358,0,2814,0,grass_8
31.856,3300,0,3367,0,grass_8
31.86,3375,0,3395,0,grass_8
31.863,3492,0,2902,0,grass_8
31.87,3620,0,1601,0,grass_8
31.872,3623,0,1327,0,grass_8
31.877,3615,0,2829,0,grass_8
31.884,3477,0,3387,0,grass_8
31.89,3495,0,3641,0,grass_8
31.892,3606,0,3693,0,grass_8
31.898,3735,0,3700,0,grass_8
31.905,3829,0,3697,0,grass_8
31.911,3837,0,3662,0,grass_8
31.912,3770,0,3587,0,grass_8
31.918,3527,0,3536,0,grass_8
31.925,3095,0,3422,0,grass_8
31.927,2948,0,3056,0,grass_8
31.935,3156,0,2049,0,grass_8
31.939,3167,0,710,0,grass_8
31.943,3192,0,0,0,grass_8
31.946,3149,0,611,0,grass_8
31.953,3236,0,863,0,grass_8
31.96,3327,0,1623,0,grass_8
31.962,3386,0,2384,0,grass_8
31.967,3495,0,2703,0,grass_8
31.974,3636,0,2666,0,grass_8
31.981,3703,0,760,0,grass_8
31.981,3711,0,0,0,grass_8
31.988,3599,0,0,0,grass_8
31.994,3211,0,0,0,grass_8
31.997,0,0,0,0,grass_8
32.002,0,0,0,0,grass_8
32.009,0,0,0,0,grass_8
32.016,0,0,0,0,grass_8
32.016,0,0,0,0,grass_8
32.024,0,0,0,0,grass_8
32.029,0,0,0,0,grass_8
32.032,0,0,0,0,grass_8
32.037,0,0,0,0,grass_8
32.044,2354,0,0,0,grass_8
32.05,2843,0,0,0,grass_8
32.051,2842,0,0,0,grass_8
32.06,115,0,0,0,grass_8
32.064,0,0,0,0,grass_8
32.071,0,0,0,0,grass_8
32.071,0,0,0,0,grass_8
32.078,0,0,0,0,grass_8
32.085,0,0,0,0,grass_8
32.086,0,0,0,0,grass_8
32.094,0,0,0,0,grass_8
32.099,0,0,0,0,grass_8
32.106,0,0,0,0,grass_8
32.111,0,0,0,0,grass_8
32.113,0,0,0,0,grass_8
32.12,1344,0,619,0,grass_8
32.12,0,0,1506,0,grass_8
32.126,0,0,564,0,grass_8
32.134,0,0,1616,0,grass_8
32.136,0,0,1514,0,grass_8
32.145,0,0,1110,0,grass_8
32.148,0,0,378,0,grass_8
32.154,0,0,0,0,grass_8
32.16,0,0,0,0,grass_8
32.162,0,0,1464,0,grass_8
32.17,0,0,2025,0,grass_8
32.176,0,0,2536,0,grass_8
32.178,0,0,2893,0,grass_8
32.182,0,0,2379,0,grass_8
32.189,0,0,2205,0,grass_8
32.194,0,0,998,0,grass_8
32.196,2696,0,2193,0,grass_8
32.203,2711,0,3250,0,grass_8
32.21,2808,0,3556,0,grass_8
32.211,3142,0,3623,0,grass_8
32.217,3173,0,3634,0,grass_8
32.224,2339,0,3470,0,grass_8
32.231,2640,0,3305,0,grass_8
32.231,2918,0,2554,0,grass_8
32.238,2965,0,0,0,grass_8
32.245,3076,0,522,0,grass_8
32.246,3176,0,1843,0,grass_8
32.254,3223,0,2718,0,grass_8
32.26,3310,0,3224,0,grass_8
32.262,3481,0,3308,0,grass_8
32.27,3718,0,3208,0,grass_8
32.273,3851,0,3071,0,grass_8
32.279,3877,0,3130,0,grass_8
32.281,3856,0,3372,0,grass_8
32.286,3835,0,3516,0,grass_8
32.294,3863,0,3531,0,grass_8
32.3,3891,0,3501,0,grass_8
32.301,3917,0,3455,0,grass_8
32.307,3913,0,3508,0,grass_8
32.314,3864,0,3654,0,grass_8
32.316,3757,0,3753,0,grass_8
32.324,3558,0,3790,0,grass_8
32.328,3614,0,3788,0,grass_8
32.335,3746,0,3773,0,grass_8
32.335,3854,0,3767,0,grass_8
32.342,3857,0,3755,0,grass_8
32.349,3816,0,3800,0,grass_8
32.351,3820,0,3805,0,grass_8
32.36,3829,0,3799,0,grass_8
32.363,3853,0,3742,0,grass_8
32.37,3898,0,3714,0,grass_8
32.37,3925,0,3731,0,grass_8
32.378,3922,0,3739,0,grass_8
32.384,3908,0,3776,0,grass_8
32.386,3918,0,3808,0,grass_8
32.391,3952,0,3796,0,grass_8
32.398,3981,0,3750,0,grass_8
32.404,4000,0,3767,0,grass_8
32.406,4000,0,3820,0,grass_8
32.411,3996,0,3839,0,grass_8
32.418,3997,0,3837,0,grass_8
32.425,3996,0,3832,0,grass_8
32.426,4002,0,3817,0,grass_8
32.432,4006,0,3799,0,grass_8
32.439,4011,0,3779,0,grass_8
32.441,4016,0,3781,0,grass_8
32.449,4013,0,3782,0,grass_8
32.453,4017,0,3754,0,grass_8
32.46,4018,0,3751,0,grass_8
32.46,4016,0,3747,0,grass_8
32.468,4014,0,3780,0,grass_8
32.474,4008,0,3791,0,grass_8
32.476,4009,0,3762,0,grass_8
32.481,4017,0,3755,0,grass_8
32.488,4020,0,3736,0,grass_8
32.495,4021,0,3722,0,grass_8
32.495,4024,0,3719,0,grass_8
32.502,4027,0,3706,0,grass_8
32.508,4018,0,3713,0,grass_8
32.511,4023,0,3748,0,grass_8
32.516,4021,0,3783,0,grass_8
32.523,4025,0,3799,0,grass_8
32.529,4024,0,3826,0,grass_8
32.529,4024,0,3812,0,grass_8
32.538,4024,0,3831,0,grass_8
32.543,4018,0,3832,0,grass_8
32.545,4019,0,3840,0,grass_8
32.55,4020,0,3830,0,grass_8
32.56,4016,0,3818,0,grass_8
32.564,4011,0,3807,0,grass_8
32.565,4005,0,3808,0,grass_8
32.571,3997,0,3786,0,grass_8
32.578,3994,0,3780,0,grass_8
32.585,4011,0,3775,0,grass_8
32.585,4016,0,3779,0,grass_8
32.592,4021,0,3793,0,grass_8
32.599,4032,0,3802,0,grass_8
32.6,4033,0,3813,0,grass_8
32.609,4030,0,3826,0,grass_8
32.613,4040,0,3822,0,grass_8
32.62,4033,0,3822,0,grass_8
32.62,4032,0,3802,0,grass_8
32.627,4033,0,3769,0,grass_8
32.633,4026,0,3770,0,grass_8
32.635,4025,0,3750,0,grass_8
32.641,4031,0,3730,0,grass_8
32.648,4029,0,3736,0,grass_8
32.654,4024,0,3733,0,grass_8
32.655,4020,0,3753,0,grass_8
32.662,4019,0,3670,0,grass_8
32.662,4027,0,3743,0,grass_8
32.671,4030,0,3793,0,grass_8
32.679,4036,0,3800,0,grass_8
32.682,4039,0,3832,0,grass_8
32.689,4039,0,3844,0,grass_8
32.689,4033,0,3849,0,grass_8
32.697,4039,0,3837,0,grass_8
32.703,4041,0,3797,0,grass_8
32.705,4039,0,3755,0,grass_8
32.71,4032,0,3734,0,grass_8
32.717,4026,0,3740,0,grass_8
32.724,4026,0,3731,0,grass_8
32.725,4033,0,3645,0,grass_8
32.731,4035,0,3591,0,grass_8
32.738,4034,0,3646,0,grass_8
32.744,4033,0,3677,0,grass_8
32.745,4033,0,3697,0,grass_8
32.752,4033,0,3750,0,grass_8
32.759,4029,0,3782,0,grass_8
32.76,4034,0,3780,0,grass_8
32.769,4032,0,3725,0,grass_8
32.773,4030,0,3686,0,grass_8
32.78,4033,0,3716,0,grass_8
32.78,4029,0,3776,0,grass_8
32.787,4035,0,3782,0,grass_8
32.793,4034,0,3760,0,grass_8
32.795,4035,0,3722,0,grass_8
32.8,4035,0,3725,0,grass_8
32.807,4029,0,3648,0,grass_8
32.814,4027,0,3720,0,grass_8
32.815,4034,0,3677,0,grass_8
32.821,4038,0,3622,0,grass_8
32.828,4034,0,3544,0,grass_8
32.834,4026,0,3530,0,grass_8
32.835,4021,0,3521,0,grass_8
32.842,4020,0,3510,0,grass_8
32.849,4019,0,3046,0,grass_8
32.85,4023,0,0,0,grass_8
32.856,4024,0,0,0,grass_8
32.863,4019,0,0,0,grass_8
32.869,4019,0,0,0,grass_8
32.87,4021,0,0,0,grass_8
32.877,4029,0,0,0,grass_8
32.884,4029,0,0,0,grass_8
32.884,4038,0,0,3902,grass_8
32.892,4041,0,0,3962,grass_8
32.897,4041,0,0,4016,grass_8
32.9,4037,0,0,4030,grass_8
32.908,4033,0,0,4019,grass_8
32.912,4017,0,0,3946,grass_8
32.919,4005,0,0,3789,grass_8
32.92,3968,0,0,2963,grass_8
32.925,3927,0,0,0,grass_8
32.932,3814,0,0,0,grass_8
32.939,3684,0,0,0,grass_8
32.941,3819,0,0,2206,grass_8
32.946,3949,0,0,2508,grass_8
32.953,4022,0,0,0,grass_8
32.959,4037,0,2002,0,grass_8
32.961,4046,0,2723,0,grass_8
32.967,4045,0,2096,0,grass_8
32.974,4044,0,0,0,grass_8
32.974,4035,0,0,0,grass_8
32.982,4019,0,0,0,grass_8
32.987,4005,0,0,0,grass_8
32.991,3979,0,0,0,grass_8
32.995,3980,0,0,0,grass_8
33.002,3974,0,0,0,grass_8
33.008,3992,0,1739,0,grass_8
33.01,4016,0,2521,0,grass_8
33.016,4029,0,3057,0,grass_8
33.023,4038,0,3340,0,grass_8
33.029,4044,0,3422,0,grass_8
33.029,4046,0,3506,0,grass_8
33.036,4042,0,3524,0,grass_8
33.043,4038,0,3406,0,grass_8
33.045,4035,0,3283,0,grass_8
33.05,4036,0,3073,0,grass_8
33.057,4039,0,3109,0,grass_8
33.061,4039,0,3112,0,grass_8
33.064,4040,0,3278,0,grass_8
33.073,4042,0,3464,0,grass_8
33.078,4043,0,3589,0,grass_8
33.081,4041,0,3614,0,grass_8
33.085,4042,0,3617,0,grass_8
33.092,4041,0,3633,0,grass_8
33.099,4039,0,3645,0,grass_8
33.104,4034,0,3611,0,grass_8
33.106,4032,0,3580,0,grass_8
33.113,4028,0,3498,0,grass_8
33.119,4031,0,3390,0,grass_8
33.121,4016,0,3239,0,grass_8
33.128,4009,0,2696,0,grass_8
33.134,3996,0,2044,0,grass_8
33.136,3994,0,0,0,grass_8
33.141,3987,0,0,0,grass_8
33.148,3981,0,0,0,grass_8
33.154,3982,0,2445,0,grass_8
33.155,3988,0,3294,0,grass_8
33.162,4002,0,3363,0,grass_8
33.168,4013,0,3328,0,grass_8
33.168,4029,0,3081,0,grass_8
33.177,4027,0,3047,0,grass_8
33.182,4023,0,2883,0,grass_8
33.184,4020,0,2073,0,grass_8
33.189,4011,0,1203,0,grass_8
33.196,4006,0,0,0,grass_8
33.203,3997,0,0,0,grass_8
33.204,3986,0,0,0,grass_8
33.21,3971,0,0,0,grass_8
33.218,3959,0,0,0,grass_8
33.223,3949,0,0,0,grass_8
33.224,3957,0,0,0,grass_8
33.231,3955,0,0,0,grass_8
33.238,3959,0,942,0,grass_8
33.239,3962,0,2184,0,grass_8
33.247,3958,0,3054,0,grass_8
33.252,3971,0,3038,0,grass_8
33.256,3980,0,2778,0,grass_8
33.261,3959,0,3180,0,grass_8
33.266,3956,0,3288,0,grass_8
33.272,3940,0,3215,0,grass_8
33.274,3895,0,774,0,grass_8
33.279,3761,0,0,0,grass_8
33.286,3059,0,0,0,grass_8
33.293,0,0,0,0,grass_8
33.293,0,0,0,0,grass_8
33.3,0,0,1934,1214,grass_8
33.307,0,0,1926,1945,grass_8
33.309,0,0,0,0,grass_8
33.314,0,0,0,0,grass_8
33.321,0,0,0,0,grass_8
33.328,0,0,0,0,grass_8
33.328,0,0,0,0,grass_8
33.336,0,0,0,0,grass_8
33.342,0,0,0,0,grass_8
33.344,0,0,0,0,grass_8
33.349,0,0,0,2683,grass_8
33.356,0,0,0,3499,grass_8
33.362,0,0,0,3671,grass_8
33.364,0,0,0,3807,grass_8
33.37,0,0,0,3878,grass_8
33.377,0,0,0,3928,grass_8
33.382,0,0,0,3944,grass_8
33.384,0,0,0,3952,grass_8
33.391,0,0,0,3942,grass_8
33.397,0,0,0,3934,grass_8
33.399,0,0,0,3908,grass_8
33.404,0,0,0,3890,grass_8
33.411,0,0,0,3897,grass_8
33.418,0,0,0,3966,grass_8
33.419,0,0,0,3985,grass_8
33.425,0,0,0,3987,grass_8
33.432,0,0,0,3970,grass_8
33.433,0,0,0,3921,grass_8
33.442,0,0,0,3828,grass_8
33.446,0,0,0,3869,grass_8
33.452,0,0,0,3876,grass_8
33.454,0,0,0,3884,grass_8
33.461,0,0,0,3866,grass_8
33.467,0,0,0,3882,grass_8
33.469,0,0,0,3892,grass_8
33.474,0,1372,0,3870,grass_8
33.481,0,1470,0,3797,grass_8
33.488,0,1468,0,3660,grass_8
33.488,0,1447,0,3343,grass_8
33.495,0,1205,0,3074,grass_8
33.502,0,0,0,3234,grass_8
33.504,0,0,0,3440,grass_8
33.509,0,0,0,3461,grass_8
33.516,0,0,0,3380,grass_8
33.522,0,0,0,3356,grass_8
33.524,0,0,0,3374,grass_8
33.529,0,0,0,3453,grass_8
33.536,0,581,0,3706,grass_8
33.542,0,2134,0,3852,grass_8
33.544,0,1915,0,3920,grass_8
33.551,0,0,0,3945,grass_8
33.557,0,0,0,3915,grass_8
33.562,0,0,0,3885,grass_8
33.564,0,0,0,3878,grass_8
33.571,0,0,0,3902,grass_8
33.578,0,0,0,3938,grass_8
33.579,0,0,0,3976,grass_8
33.585,0,0,0,3981,grass_8
33.592,0,1045,0,3990,grass_8
33.593,0,0,0,3991,grass_8
33.602,0,0,0,3995,grass_8
33.606,0,0,0,3975,grass_8
33.61,0,0,0,3968,grass_8
33.613,0,0,0,3939,grass_8
33.62,0,0,0,3888,grass_8
33.627,0,0,0,3739,grass_8
33.628,0,0,0,3204,grass_8
33.637,0,0,0,3442,grass_8
33.641,0,0,0,3579,grass_8
33.648,0,0,0,3725,grass_8
33.648,0,0,0,3823,grass_8
33.655,0,0,0,3879,grass_8
33.662,0,0,0,3918,grass_8
33.663,0,0,0,3930,grass_8
33.668,0,0,0,3916,grass_8
33.675,0,0,0,3900,grass_8
33.682,0,0,0,3906,grass_8
33.682,0,0,0,3894,grass_8
33.69,0,0,0,3887,grass_8
33.696,0,0,0,3892,grass_8
33.698,0,0,0,3912,grass_8
33.703,0,0,0,3915,grass_8
33.71,0,0,0,3918,grass_8
33.717,0,0,0,3920,grass_8
33.717,0,0,0,3909,grass_8
33.724,0,0,0,3906,grass_8
33.731,0,0,0,3914,grass_8
33.733,0,0,0,3913,grass_8
33.742,0,0,0,3900,grass_8
33.745,0,0,0,3932,grass_8
33.751,0,1316,0,3953,grass_8
33.753,0,1817,0,3966,grass_8
33.762,0,1549,0,3969,grass_8
33.766,0,1232,0,3952,grass_8
33.772,0,0,0,3906,grass_8
33.774,0,0,0,3867,grass_8
33.779,0,0,0,3808,grass_8
33.786,0,0,0,3843,grass_8
33.792,0,0,0,3904,grass_8
33.793,0,0,0,3938,grass_8
33.8,0,0,0,3972,grass_8
33.807,0,2180,0,3978,grass_8
33.807,0,2699,0,3981,grass_8
33.816,0,2690,0,3976,grass_8
33.821,0,1546,0,3976,grass_8
33.824,0,0,0,3967,grass_8
33.828,0,0,0,3917,grass_8
33.835,0,0,0,3887,grass_8
33.842,0,0,0,3889,grass_8
33.842,0,0,0,3898,grass_8
33.849,0,0,0,3914,grass_8
33.855,0,0,0,3928,grass_8
33.862,0,0,0,3957,grass_8
33.863,0,1060,0,3964,grass_8
33.87,0,1178,0,3967,grass_8
33.877,0,0,0,3969,grass_8
33.877,0,0,0,3974,grass_8
33.884,0,0,0,3972,grass_8
33.89,0,0,0,3965,grass_8
33.893,0,0,0,3963,grass_8
33.898,0,0,0,3961,grass_8
33.904,0,0,0,3960,grass_8
33.911,0,0,0,3950,grass_8
33.913,0,0,0,3963,grass_8
33.918,0,0,0,3958,grass_8
33.925,0,1176,0,3959,grass_8
33.931,0,1422,0,3961,grass_8
33.932,0,1530,0,3953,grass_8
33.939,0,1384,0,3948,grass_8
33.946,0,265,0,3941,grass_8
33.948,0,0,0,3925,grass_8
33.956,0,0,0,3925,grass_8
33.962,0,0,0,3928,grass_8
33.967,0,0,0,3923,grass_8
33.967,0,0,0,3952,grass_8
33.974,0,0,0,3962,grass_8
33.98,0,1169,0,3978,grass_8
33.983,0,1492,0,3981,grass_8
33.988,0,1563,0,3983,grass_8
33.995,0,1432,0,3985,grass_8
34.001,0,920,0,3986,grass_8
34.002,0,0,0,3978,grass_8
34.008,0,0,0,3973,grass_8
34.015,0,0,0,3968,grass_8
34.021,0,0,0,3971,grass_8
34.022,0,0,0,3966,grass_8
34.029,0,0,0,3970,grass_8
34.036,0,0,0,3973,grass_8
34.037,0,0,0,3975,grass_8
34.043,0,0,0,3969,grass_8
34.05,0,1024,0,3974,grass_8
34.057,0,1433,0,3972,grass_8
34.062,0,1726,0,3967,grass_8
34.064,0,2127,0,3970,grass_8
34.071,0,1847,0,3965,grass_8
34.072,0,1493,0,3949,grass_8
34.081,0,861,0,3921,grass_8
34.085,0,0,0,3909,grass_8
34.092,0,0,0,3896,grass_8
34.092,0,898,0,3907,grass_8
34.099,0,1155,0,3915,grass_8
34.105,0,1245,0,3930,grass_8
34.107,0,1269,0,3944,grass_8
34.113,0,1168,0,3962,grass_8
34.12,0,1046,0,3967,grass_8
34.126,0,1056,0,3972,grass_8
34.127,0,1336,0,3979,grass_8
34.134,0,1416,0,3983,grass_8
34.141,0,1394,0,3990,grass_8
34.147,0,1131,0,3990,grass_8
34.147,0,0,0,3991,grass_8
34.154,0,0,0,3987,grass_8
34.161,0,0,0,3984,grass_8
34.162,0,0,0,3967,grass_8
34.168,0,0,0,3971,grass_8
34.175,0,0,0,3977,grass_8
34.182,0,0,0,3985,grass_8
34.182,0,859,0,3994,grass_8
34.189,0,2172,0,4003,grass_8
34.196,0,2882,0,4004,grass_8
34.197,0,3130,0,3994,grass_8
34.206,0,2983,0,3985,grass_8
34.21,0,2377,0,3975,grass_8
34.216,0,1300,0,3938,grass_8
34.217,0,0,0,3872,grass_8
34.224,0,0,0,3817,grass_8
34.23,0,0,0,3792,grass_8
34.232,0,0,0,3841,grass_8
34.238,0,1174,0,3892,grass_8
34.245,0,1731,0,3939,grass_8
34.252,0,2454,0,3965,grass_8
34.252,0,2534,0,3970,grass_8
34.258,0,1775,0,3981,grass_8
34.265,0,1243,0,3981,grass_8
34.267,0,0,0,3980,grass_8
34.275,0,0,0,3980,grass_8
34.279,0,0,0,3974,grass_8
34.286,0,0,0,3968,grass_8
34.286,0,0,0,3980,grass_8
34.293,0,0,0,3993,grass_8
34.3,0,1484,0,4003,grass_8
34.302,0,2568,0,4013,grass_8
34.307,0,2788,0,4010,grass_8
34.314,0,2685,0,3996,grass_8
34.321,0,1484,0,3985,grass_8
34.322,0,0,0,3975,grass_8
34.328,0,0,0,3959,grass_8
34.335,0,0,0,3937,grass_8
34.341,0,0,0,3937,grass_8
34.342,0,0,0,3954,grass_8
34.349,0,0,0,3973,grass_8
34.355,0,981,0,3984,grass_8
34.357,0,1712,0,3984,grass_8
34.363,0,2170,0,3991,grass_8
34.37,0,1968,0,3994,grass_8
34.376,0,1644,0,3984,grass_8
34.378,0,1587,0,3987,grass_8
34.384,0,1682,0,3984,grass_8
34.39,0,1713,0,3986,grass_8
34.392,0,2057,0,3978,grass_8
34.397,0,2191,0,3982,grass_8
34.405,0,1743,0,3978,grass_8
34.411,0,1227,0,3974,grass_8
34.412,0,0,0,3957,grass_8
34.419,0,0,0,3953,grass_8
34.425,0,0,0,3941,grass_8
34.427,0,0,0,3957,grass_8
34.435,0,0,0,3966,grass_8
34.439,0,0,0,3983,grass_8
34.446,0,0,0,3993,grass_8
34.446,0,0,0,4004,grass_8
34.453,0,1605,0,4010,grass_8
34.459,0,2281,0,4016,grass_8
34.462,0,2617,0,4018,grass_8
34.467,0,2448,0,4017,grass_8
34.474,0,1855,0,4011,grass_8
34.481,0,1297,0,4000,grass_8
34.481,0,0,0,3986,grass_8
34.488,0,0,0,3968,grass_8
34.494,0,0,0,3963,grass_8
34.497,0,0,0,3948,grass_8
34.502,0,0,0,3947,grass_8
34.508,0,0,0,3959,grass_8
34.516,0,0,0,3971,grass_8
34.516,0,1371,0,3979,grass_8
34.524,0,1497,0,3993,grass_8
34.529,0,1628,0,3994,grass_8
34.533,0,1636,0,4001,grass_8
34.537,0,1460,0,3997,grass_8
34.543,0,1353,0,3997,grass_8
34.55,0,888,0,3994,grass_8
34.55,0,0,0,3995,grass_8
34.557,0,0,0,3989,grass_8
34.564,0,0,0,3988,grass_8
34.571,0,0,0,3987,grass_8
34.575,0,0,0,3985,grass_8
34.579,0,864,0,3982,grass_8
34.585,0,1149,0,3985,grass_8
34.591,0,1387,0,3983,grass_8
34.595,0,1358,0,3992,grass_8
34.6,0,0,0,3973,grass_8
34.602,0,0,0,3967,grass_8
34.607,0,0,0,3961,grass_8
34.613,0,0,0,3968,grass_8
34.62,0,0,0,3981,grass_8
34.626,0,0,0,3995,grass_8
34.627,0,0,0,3998,grass_8
34.634,0,1980,0,4003,grass_8
34.641,0,2636,0,4000,grass_8
34.642,0,2829,0,3996,grass_8
34.648,0,2170,0,3982,grass_8
34.655,0,0,0,3970,grass_8
34.66,0,0,0,3963,grass_8
34.662,0,0,0,3947,grass_8
34.669,0,0,0,3932,grass_8
34.675,0,0,0,3947,grass_8
34.675,0,0,0,3956,grass_8
34.684,0,0,0,3965,grass_8
34.689,0,0,0,3972,grass_8
34.692,0,0,0,3974,grass_8
34.696,0,0,0,3970,grass_8
34.703,0,0,0,3962,grass_8
34.71,0,0,0,3956,grass_8
34.711,0,0,0,3946,grass_8
34.717,0,0,0,3957,grass_8
34.724,0,0,0,3979,grass_8
34.731,0,0,0,3984,grass_8
34.731,0,0,0,3984,grass_8
34.738,0,0,0,4001,grass_8
34.745,0,1271,0,4007,grass_8
34.751,0,0,0,4002,grass_8
34.752,0,0,0,3984,grass_8
34.759,0,0,0,3965,grass_8
34.765,0,0,0,3973,grass_8
34.766,0,0,0,3977,grass_8
34.773,0,0,0,3984,grass_8
34.779,0,0,0,3996,grass_8
34.785,0,1370,0,4008,grass_8
34.786,0,2723,0,4010,grass_8
34.794,0,3199,0,4013,grass_8
34.8,0,3160,0,4008,grass_8
34.805,0,2677,0,3988,grass_8
34.808,0,1405,0,3985,grass_8
34.815,0,786,0,3978,grass_8
34.82,0,0,0,3967,grass_8
34.82,0,0,0,3974,grass_8
34.829,0,0,0,3973,grass_8
34.835,0,0,0,3976,grass_8
34.835,0,0,0,3972,grass_8
34.843,0,0,0,3967,grass_8
34.849,0,0,0,3970,grass_8
34.855,0,0,0,3971,grass_8
34.859,0,0,0,3966,grass_8
34.863,0,0,0,3951,grass_8
34.87,0,0,0,3939,grass_8
34.87,0,0,0,3909,grass_8
34.876,0,0,0,3905,grass_8
34.884,0,0,0,3942,grass_8
34.889,0,0,0,3972,grass_8
34.894,0,0,0,3988,grass_8
34.898,0,0,0,3990,grass_8
34.904,0,0,0,3978,grass_8
34.904,0,0,0,3968,grass_8
34.911,0,0,0,3945,grass_8
34.918,0,0,0,3950,grass_8
34.925,0,0,0,3969,grass_8
34.929,0,0,0,3973,grass_8
34.932,0,0,0,3981,grass_8
34.939,0,0,0,3988,grass_8
34.939,0,0,0,3989,grass_8
34.946,0,0,0,4002,grass_8
34.953,0,0,0,4000,grass_8
34.96,0,0,0,4002,grass_8
34.964,0,0,0,4002,grass_8
34.967,0,0,0,3999,grass_8
34.974,0,0,0,3996,grass_8
34.974,0,0,0,3994,grass_8
34.981,0,0,0,3992,grass_8
34.988,0,0,0,3992,grass_8
34.995,0,0,0,4003,grass_8
34.999,0,0,0,3999,grass_8
35.002,0,0,0,3999,grass_8
35.01,0,0,0,4006,grass_8
35.01,0,0,0,3999,grass_8
35.019,0,0,0,3979,grass_8
35.023,0,0,0,3944,grass_8
35.029,0,0,0,3915,grass_8
35.031,0,0,0,3907,grass_8
35.036,0,0,0,3917,grass_8
35.043,0,0,0,3932,grass_8
35.049,0,0,0,3928,grass_8
35.05,0,0,0,3871,grass_8
35.057,0,0,0,3754,grass_8
35.064,0,0,0,3736,grass_8
35.066,0,0,0,3881,grass_8
35.071,0,0,0,3931,grass_8
35.078,0,0,0,3970,grass_8
35.085,0,0,0,3969,grass_8
35.086,0,0,0,3954,grass_8
35.092,0,0,0,3923,grass_8
35.099,0,0,0,3832,grass_8
35.105,0,0,0,3578,grass_8
35.106,0,0,0,2422,grass_8
35.113,0,0,0,1239,grass_8
35.12,0,0,0,1803,grass_8
35.12,0,0,0,3218,grass_8
35.128,0,0,0,3623,grass_8
35.134,0,0,0,3694,grass_8
35.137,0,0,0,3757,grass_8
35.141,0,0,0,3782,grass_8
35.148,0,0,0,3810,grass_8
35.155,0,0,0,3807,grass_8
35.155,0,0,0,3805,grass_8
35.163,0,0,0,3742,grass_8
35.169,0,0,0,3587,grass_8
35.171,0,0,0,3348,grass_8
35.175,0,0,0,3213,grass_8
35.182,0,0,0,2924,grass_8
35.189,0,0,0,1148,grass_8
35.19,0,0,0,0,grass_8
35.199,0,0,0,0,grass_8
35.203,0,0,0,0,grass_8
35.209,0,0,0,0,grass_8
35.21,0,0,0,0,grass_8
35.217,0,0,0,0,grass_8
35.224,0,0,0,0,grass_8
35.225,0,0,2144,0,grass_8
35.233,0,0,2793,0,grass_8
35.238,0,0,3307,0,grass_8
35.241,0,0,3444,0,grass_8
35.25,0,0,3469,0,grass_8
35.252,0,0,3470,0,grass_8
35.258,0,0,3451,0,grass_8
35.263,0,0,3366,0,grass_8
35.266,0,0,3388,0,grass_8
35.272,0,0,3287,0,grass_8
35.279,0,0,3156,0,grass_8
35.28,0,0,2570,0,grass_8
35.286,0,0,0,0,grass_8
35.293,0,0,0,0,grass_8
35.295,0,0,0,0,grass_8
35.303,0,0,0,0,grass_8
35.307,0,0,0,0,grass_8
35.314,0,0,0,0,grass_8
35.314,0,0,0,0,grass_8
35.321,0,0,0,0,grass_8
35.328,0,0,2477,0,grass_8
35.33,0,0,2915,0,grass_8
35.335,0,0,3031,0,grass_8
35.342,0,0,3060,0,grass_8
35.349,0,0,2893,0,grass_8
35.349,0,0,1710,0,grass_8
35.356,0,0,1146,0,grass_8
35.363,0,0,1182,0,grass_8
35.365,0,0,1133,0,grass_8
35.37,0,0,0,0,grass_8
35.377,0,0,0,2225,grass_8
35.383,0,0,0,3608,grass_8
35.383,0,0,2537,3432,grass_8
35.392,0,0,1605,2403,grass_8
35.398,0,0,0,3248,grass_8
35.4,0,0,0,3638,grass_8
35.408,0,0,0,3661,grass_8
35.411,0,0,0,3653,grass_8
35.418,0,0,0,3802,grass_8
35.42,0,0,0,3889,grass_8
35.425,0,0,0,3944,grass_8
35.432,0,0,0,3970,grass_8
35.439,0,0,0,3978,grass_8
35.44,0,0,0,3970,grass_8
35.446,0,0,0,3967,grass_8
35.453,0,0,0,3981,grass_8
35.459,0,0,0,3990,grass_8
35.463,0,0,0,3989,grass_8
35.467,0,0,0,4005,grass_8
35.474,0,1358,0,4000,grass_8
35.474,0,2453,0,4000,grass_8
35.482,0,2861,0,3998,grass_8
35.488,0,2939,0,4002,grass_8
35.49,0,2727,0,3999,grass_8
35.495,0,2392,0,4014,grass_8
35.502,0,2332,0,4002,grass_8
35.508,0,2391,0,4019,grass_8
35.51,0,2665,0,4010,grass_8
35.516,0,2576,0,4002,grass_8
35.523,0,2579,0,3996,grass_8
35.528,0,1874,0,3994,grass_8
35.53,0,0,0,4005,grass_8
35.536,0,0,0,3996,grass_8
35.543,0,0,0,3996,grass_8
35.544,0,846,0,3977,grass_8
35.553,0,2001,0,3953,grass_8
35.558,0,2527,0,3948,grass_8
35.563,0,2453,0,3973,grass_8
35.564,0,1901,0,3989,grass_8
35.571,0,1668,0,3979,grass_8
35.578,0,2235,0,3968,grass_8
35.578,0,2434,0,3950,grass_8
35.585,0,2789,0,3970,grass_8
35.592,0,3129,0,3975,grass_8
35.594,0,3341,0,3975,grass_8
35.599,0,3411,0,3974,grass_8
35.606,0,3354,0,3969,grass_8
35.613,0,3392,0,3973,grass_8
35.613,0,3369,0,3997,grass_8
35.621,0,3427,0,3999,grass_8
35.627,0,3432,0,4006,grass_8
35.633,0,3407,0,3996,grass_8
35.633,0,3376,0,4002,grass_8
35.64,0,3146,0,3998,grass_8
35.647,0,3390,0,3992,grass_8
35.649,0,3465,0,3989,grass_8
35.654,0,3343,0,4004,grass_8
35.663,0,3394,0,4012,grass_8
35.668,0,3466,0,4013,grass_8
35.669,0,3527,0,4007,grass_8
35.675,0,3576,0,4003,grass_8
35.682,0,3562,0,4013,grass_8
35.688,0,3582,0,4017,grass_8
35.689,0,3540,0,4022,grass_8
35.696,0,3550,0,4025,grass_8
35.703,0,3553,0,4022,grass_8
35.704,0,3558,0,4013,grass_8
35.71,0,3618,0,3987,grass_8
35.717,0,3608,0,4009,grass_8
35.723,0,3586,0,4014,grass_8
35.724,0,3560,0,4018,grass_8
35.73,0,3521,0,4013,grass_8
35.737,0,3507,0,4018,grass_8
35.739,0,3554,0,4016,grass_8
35.745,0,3559,0,4002,grass_8
35.751,0,3520,0,4003,grass_8
35.758,0,3442,0,3989,grass_8
35.763,0,3398,0,4017,grass_8
35.765,0,3635,0,4009,grass_8
35.772,0,3639,0,4027,grass_8
35.774,0,3662,0,4021,grass_8
35.779,0,3688,0,4025,grass_8
35.786,0,3664,0,4023,grass_8
35.793,0,3672,0,4020,grass_8
35.794,0,3629,0,3991,grass_8
35.8,0,3632,0,4015,grass_8
35.807,0,3619,0,4021,grass_8
35.812,0,3520,0,4034,grass_8
35.814,0,3555,0,4027,grass_8
35.821,0,3606,0,4029,grass_8
35.828,0,3594,0,4031,grass_8
35.829,0,3584,0,4028,grass_8
35.835,0,3635,0,4030,grass_8
35.842,0,3620,0,4034,grass_8
35.847,0,3542,0,4037,grass_8
35.849,0,3561,0,4034,grass_8
35.856,0,3647,0,4032,grass_8
35.863,0,3684,0,4030,grass_8
35.867,0,3657,0,4027,grass_8
35.869,0,3651,0,4016,grass_8
35.876,0,3659,0,4028,grass_8
35.879,0,3649,0,4007,grass_8
35.883,0,3623,0,4030,grass_8
35.892,0,3614,0,4029,grass_8
35.898,0,3692,0,4022,grass_8
35.903,0,3663,0,4023,grass_8
35.904,0,3496,0,3998,grass_8
35.911,0,3574,0,4026,grass_8
35.918,0,3685,0,4011,grass_8
35.919,0,3632,0,4030,grass_8
35.925,0,3627,0,4033,grass_8
35.932,0,3684,0,4029,grass_8
35.934,0,3633,0,4030,grass_8
35.942,0,3619,0,4035,grass_8
35.946,0,3686,0,4033,grass_8
35.953,0,3701,0,4040,grass_8
35.953,0,3687,0,4037,grass_8
35.96,0,3728,0,4030,grass_8
35.967,0,3700,0,4039,grass_8
35.969,0,3565,0,4014,grass_8
35.977,0,3574,0,4023,grass_8
35.981,0,3676,0,4007,grass_8
35.988,0,3704,0,4023,grass_8
35.988,0,3742,0,4025,grass_8
35.995,0,3739,0,4031,grass_8
36.002,0,3722,0,4036,grass_8
36.004,0,3753,0,4042,grass_8
36.009,0,3782,0,4030,grass_8
36.015,0,3797,0,4034,grass_8
36.023,0,3796,0,4019,grass_8
36.023,0,3755,0,4036,grass_8
36.031,0,3701,0,4031,grass_8
36.036,0,3707,0,4028,grass_8
36.039,0,3759,0,4012,grass_8
36.047,0,3751,0,4018,grass_8
36.05,0,3693,0,4028,grass_8
36.057,0,3626,0,4034,grass_8
36.057,0,3540,0,4040,grass_8
36.064,0,3491,0,4037,grass_8
36.071,0,3479,0,4032,grass_8
36.078,0,3276,0,4028,grass_8
36.078,0,0,0,4029,grass_8
36.085,0,0,0,4040,grass_8
36.092,0,0,0,4039,grass_8
36.092,0,0,0,4043,grass_8
36.1,0,2304,0,4045,grass_8
36.106,0,3156,0,4046,grass_8
36.113,0,3007,0,4048,grass_8
36.114,0,2663,0,4049,grass_8
36.119,0,0,0,4047,grass_8
36.126,0,0,0,4045,grass_8
36.132,0,0,0,4040,grass_8
36.133,0,0,0,4039,grass_8
36.141,0,0,0,4037,grass_8
36.147,3950,0,0,4042,grass_8
36.148,3935,0,0,4028,grass_8
36.154,3648,0,0,4026,grass_8
36.161,1783,0,0,4014,grass_8
36.168,0,0,0,3971,grass_8
36.168,0,0,0,3915,grass_8
36.175,0,0,0,3833,grass_8
36.182,0,0,0,3786,grass_8
36.186,0,0,0,3940,grass_8
36.189,0,0,0,3993,grass_8
36.196,2444,0,0,4028,grass_8
36.203,3204,0,0,4044,grass_8
36.203,2945,0,0,4052,grass_8
36.211,0,0,0,4050,grass_8
36.216,0,0,0,4051,grass_8
36.223,0,0,0,4040,grass_8
36.224,0,0,0,4028,grass_8
36.231,0,0,0,4020,grass_8
36.237,0,0,0,4015,grass_8
36.238,0,0,0,3999,grass_8
36.245,0,0,0,4004,grass_8
36.251,0,0,0,4008,grass_8
36.257,0,0,0,4022,grass_8
36.258,0,0,0,4026,grass_8
36.265,0,0,0,4027,grass_8
36.272,0,0,0,4028,grass_8
36.273,0,0,0,4030,grass_8
36.279,0,0,0,4036,grass_8
36.286,0,0,0,4031,grass_8
36.288,0,0,0,4030,grass_8
36.293,0,0,0,4029,grass_8
36.3,0,0,0,4023,grass_8
36.307,0,0,0,4026,grass_8
36.307,0,0,0,4027,grass_8
36.314,0,0,0,4026,grass_8
36.321,0,0,0,4025,grass_8
36.323,0,0,0,4023,grass_8
36.328,0,0,0,4011,grass_8
36.335,0,0,0,4002,grass_8
36.342,0,0,0,3990,grass_8
36.343,0,0,0,3996,grass_8
36.349,0,0,0,3997,grass_8
36.356,0,0,0,3992,grass_8
36.361,0,0,0,3986,grass_8
36.364,0,0,0,3974,grass_8
36.369,0,0,0,3961,grass_8
36.376,0,0,0,3957,grass_8
36.378,0,0,0,3946,grass_8
36.383,0,0,0,3938,grass_8
36.39,0,0,0,3936,grass_8
36.397,0,0,0,3916,grass_8
36.398,0,0,0,3900,grass_8
36.404,0,0,0,3885,grass_8
36.411,0,0,0,3879,grass_8
36.417,0,0,0,3879,grass_8
36.418,0,0,0,3864,grass_8
36.425,0,0,0,3855,grass_8
36.432,0,0,0,3821,grass_8
36.433,0,0,0,3811,grass_8
36.439,0,0,0,3794,grass_8
36.446,0,0,0,3707,grass_8
36.452,0,0,0,3467,grass_8
36.453,0,0,0,3189,grass_8
36.46,0,0,0,1993,grass_8
36.467,0,0,0,0,grass_8
36.467,0,0,0,0,grass_8
36.475,0,0,0,0,grass_8
36.481,0,0,0,0,grass_8
36.483,0,0,0,0,grass_8
36.488,0,0,0,0,grass_8
36.495,1807,0,0,0,grass_8
36.501,2705,0,0,0,grass_8
36.503,3076,0,0,0,grass_8
36.508,3177,0,0,0,grass_8
36.515,3372,0,0,0,grass_8
36.521,3490,0,0,0,grass_8
36.523,3593,0,0,0,grass_8
36.529,3520,0,0,0,grass_8
36.536,1514,0,0,0,grass_8
36.537,0,0,0,0,grass_8
36.543,0,0,0,0,grass_8
36.55,0,0,0,0,grass_8
36.557,0,0,0,0,grass_8
36.558,0,0,0,0,grass_8
36.565,0,0,0,0,grass_8
36.571,0,0,0,0,grass_8
36.572,0,0,0,0,grass_8
36.581,0,0,0,0,grass_8
36.585,0,0,0,0,grass_8
36.592,0,0,0,0,grass_8
36.592,2416,0,0,0,grass_8
36.599,3183,0,0,0,grass_8
36.605,3572,0,0,0,grass_8
36.608,3766,0,0,0,grass_8
36.613,3442,0,0,0,grass_8
36.619,0,0,0,0,grass_8
36.626,0,0,0,0,grass_8
36.631,0,0,0,0,grass_8
36.636,0,0,0,0,grass_8
36.641,3082,0,0,0,grass_8
36.646,3497,0,0,0,grass_8
36.651,3601,0,0,0,grass_8
36.655,3622,0,0,0,grass_8
36.661,3487,0,0,0,grass_8
36.665,3455,0,0,0,grass_8
36.668,3219,0,0,0,grass_8
36.675,0,0,0,0,grass_8
36.675,0,0,0,0,grass_8
36.683,0,0,0,0,grass_8
36.689,0,0,0,0,grass_8
36.696,0,0,0,0,grass_8
36.702,0,0,0,0,grass_8
36.703,0,0,0,0,grass_8
36.71,0,0,0,0,grass_8
36.717,0,0,0,0,grass_8
36.718,0,0,0,0,grass_8
36.726,0,0,0,0,grass_8
36.73,2623,0,0,0,grass_8
36.735,3152,0,0,0,grass_8
36.737,3296,0,0,0,grass_8
36.744,3088,0,0,0,grass_8
36.751,2545,0,0,0,grass_8
36.752,2927,0,0,0,grass_8
36.758,3287,0,0,0,grass_8
36.765,3291,0,0,0,grass_8
36.771,3273,0,0,0,grass_8
36.772,3167,0,0,0,grass_8
36.779,2185,0,0,0,grass_8
36.786,3254,0,0,0,grass_8
36.788,3768,0,0,0,grass_8
36.796,3668,0,0,0,grass_8
36.8,2837,0,0,0,grass_8
36.805,0,0,0,0,grass_8
36.807,0,0,0,0,grass_8
36.814,0,0,0,0,grass_8
36.821,0,0,0,0,grass_8
36.822,0,0,0,0,grass_8
36.828,0,0,0,0,grass_8
36.835,0,0,0,0,grass_8
36.841,0,0,0,0,grass_8
36.842,0,0,0,0,grass_8
36.849,0,0,0,0,grass_8
36.856,0,0,0,0,grass_8
36.86,0,0,0,0,grass_8
36.866,0,0,0,0,grass_8
36.869,0,0,0,0,grass_8
36.872,0,0,0,0,grass_8
36.876,0,0,0,0,grass_8
36.885,0,0,0,0,grass_8
36.89,0,0,0,0,grass_8
36.896,2271,0,0,0,grass_8
36.897,2451,0,0,0,grass_8
36.904,2447,0,0,0,grass_8
36.911,2456,0,0,0,grass_8
36.911,2384,0,0,0,grass_8
36.918,2395,0,0,0,grass_8
36.925,2430,0,0,0,grass_8
36.927,2398,0,0,0,grass_8
36.932,2365,0,0,0,grass_8
36.939,2352,0,0,0,grass_8
36.946,2397,0,0,0,grass_8
36.947,2458,0,0,0,grass_8
36.953,2523,0,0,0,grass_8
36.96,2519,0,0,0,grass_8
36.966,2293,0,0,0,grass_8
36.967,0,0,0,0,grass_8
36.974,0,0,0,0,grass_8
36.98,0,0,0,0,grass_8
36.982,0,0,0,0,grass_8
36.988,0,0,0,0,grass_8
36.995,0,0,0,0,grass_8
37.0,0,0,0,0,grass_8
37.002,0,0,0,0,grass_8
37.009,0,0,0,0,grass_8
37.015,0,0,0,0,grass_8
37.02,0,0,0,0,grass_8
37.022,0,0,0,0,grass_8
37.029,2198,0,0,0,grass_8
37.036,2985,0,0,0,grass_8
37.036,3178,0,0,0,grass_8
37.045,3252,0,0,0,grass_8
37.05,3308,0,0,0,grass_8
37.053,3333,0,0,0,grass_8
37.057,3364,0,0,0,grass_8
37.066,3404,0,0,0,grass_8
37.071,3428,0,0,0,grass_8
37.071,3464,0,0,0,grass_8
37.078,3433,0,0,0,grass_8
37.085,3371,0,0,0,grass_8
37.087,3314,0,0,0,grass_8
37.092,3226,0,0,0,grass_8
37.099,3199,0,0,0,grass_8
37.105,3118,0,0,0,grass_8
37.105,3060,0,0,0,grass_8
37.114,3006,0,0,0,grass_8
37.12,2977,0,0,0,grass_8
37.122,2934,0,0,0,grass_8
37.127,2826,0,0,0,grass_8
37.134,2442,0,0,0,grass_8
37.14,1639,0,0,0,grass_8
37.141,0,0,0,0,grass_8
37.147,0,0,0,0,grass_8
37.154,0,0,0,0,grass_8
37.154,0,0,0,0,grass_8
37.161,0,0,0,0,grass_8
37.168,0,0,0,0,grass_8
37.175,0,0,0,0,grass_8
37.181,0,0,0,0,grass_8
37.182,1629,0,0,0,grass_8
37.189,2605,0,0,0,grass_8
37.191,3094,0,0,0,grass_8
37.196,3259,0,0,0,grass_8
37.204,3433,0,0,0,grass_8
37.21,3481,0,0,0,grass_8
37.213,3527,0,0,0,grass_8
37.217,3585,0,0,0,grass_8
37.224,3646,0,0,0,grass_8
37.23,3660,0,0,0,grass_8
37.231,3680,0,0,0,grass_8
37.237,3689,0,0,0,grass_8
37.244,3696,0,0,0,grass_8
37.25,3700,0,0,0,grass_8
37.251,3695,0,0,0,grass_8
37.258,3688,0,0,0,grass_8
37.265,3691,0,0,0,grass_8
37.266,3710,0,0,0,grass_8
37.272,3706,0,0,0,grass_8
37.279,3657,0,0,0,grass_8
37.285,3549,0,0,0,grass_8
37.286,3364,0,0,0,grass_8
37.293,2725,0,0,0,grass_8
37.3,2427,0,0,0,grass_8
37.305,1556,0,0,0,grass_8
37.307,1027,0,0,0,grass_8
37.314,1448,0,0,0,grass_8
37.316,2283,0,0,0,grass_8
37.321,2136,0,0,0,grass_8
37.329,2160,0,0,0,grass_8
37.335,2538,0,0,0,grass_8
37.335,2966,0,0,0,grass_8
37.342,3478,0,0,0,grass_8
37.349,3689,0,0,0,grass_8
37.355,3743,0,0,0,grass_8
37.356,3777,0,0,0,grass_8
37.362,3791,0,0,0,grass_8
37.37,3811,0,0,0,grass_8
37.375,3821,0,0,0,grass_8
37.376,3823,0,0,0,grass_8
37.383,3820,0,0,0,grass_8
37.39,3774,0,0,0,grass_8
37.391,3697,0,0,0,grass_8
37.397,3614,0,0,0,grass_8
37.404,3421,0,0,0,grass_8
37.41,3266,0,0,0,grass_8
37.411,3182,0,0,0,grass_8
37.418,3195,0,0,0,grass_8
37.425,3268,0,0,0,grass_8
37.427,3368,0,0,0,grass_8
37.435,3200,0,0,0,grass_8
37.438,3308,0,0,0,grass_8
37.443,3413,0,0,0,grass_8
37.446,3485,0,0,0,grass_8
37.453,3577,0,0,0,grass_8
37.459,3615,0,0,0,grass_8
37.461,3630,0,0,0,grass_8
37.467,3635,0,0,0,grass_8
37.473,3602,0,0,0,grass_8
37.48,3604,0,0,0,grass_8
37.481,3648,0,0,0,grass_8
37.488,3672,0,0,0,grass_8
37.494,3699,0,0,0,grass_8
37.496,3741,0,0,0,grass_8
37.505,3767,0,0,0,grass_8
37.508,3796,0,0,0,grass_8
37.515,3808,0,0,0,grass_8
37.516,3813,0,0,0,grass_8
37.522,3831,0,0,0,grass_8
37.529,3798,0,0,0,grass_8
37.535,3813,0,0,0,grass_8
37.536,3821,0,0,0,grass_8
37.543,3803,0,0,0,grass_8
37.55,3770,0,0,0,grass_8
37.55,3719,0,0,0,grass_8
37.559,3566,0,0,0,grass_8
37.564,3516,0,0,0,grass_8
37.57,3427,0,0,0,grass_8
37.571,3160,0,0,0,grass_8
37.578,3273,0,0,0,grass_8
37.585,3496,0,0,0,grass_8
37.589,3527,0,0,0,grass_8
37.591,3534,0,0,0,grass_8
37.599,3487,0,0,0,grass_8
37.599,3523,0,0,0,grass_8
37.606,3602,0,0,0,grass_8
37.613,3700,0,0,0,grass_8
37.619,3741,0,0,0,grass_8
37.624,3778,0,0,0,grass_8
37.626,3824,0,0,0,grass_8
37.633,3824,0,0,0,grass_8
37.636,3827,0,0,0,grass_8
37.64,3822,0,0,0,grass_8
37.647,3818,0,0,0,grass_8
37.654,3820,0,0,0,grass_8
37.659,3827,0,0,0,grass_8
37.661,3815,0,0,0,grass_8
37.668,3798,0,0,0,grass_8
37.675,3778,0,0,0,grass_8
37.675,3719,0,0,0,grass_8
37.683,3690,0,0,0,grass_8
37.689,3782,0,0,0,grass_8
37.691,3825,0,0,0,grass_8
37.696,3847,0,0,0,grass_8
37.703,3883,0,0,0,grass_8
37.705,3894,0,0,0,grass_8
37.71,3902,0,0,0,grass_8
37.718,3899,0,0,0,grass_8
37.723,3877,0,0,0,grass_8
37.727,3853,0,0,0,grass_8
37.73,3842,0,0,0,grass_8
37.738,3803,0,0,0,grass_8
37.744,3753,0,0,0,grass_8
37.745,3666,0,0,0,grass_8
37.751,3563,0,0,0,grass_8
37.758,3419,0,0,0,grass_8
37.764,3151,0,0,0,grass_8
37.767,3110,0,0,0,grass_8
37.773,3251,0,0,0,grass_8
37.779,3148,0,0,0,grass_8
37.78,2883,0,0,0,grass_8
37.786,2875,0,0,0,grass_8
37.793,2887,0,0,0,grass_8
37.799,3336,0,0,0,grass_8
37.8,3572,0,0,0,grass_8
37.807,3730,0,0,0,grass_8
37.814,3832,0,0,0,grass_8
37.814,3886,0,0,0,grass_8
37.822,3905,0,0,0,grass_8
37.828,3898,0,0,0,grass_8
37.835,3910,0,0,0,grass_8
37.838,3897,0,0,0,grass_8
37.842,3847,0,0,0,grass_8
37.848,3692,0,0,0,grass_8
37.85,3622,0,0,0,grass_8
37.855,3688,0,0,0,grass_8
37.864,3732,0,0,0,grass_8
37.869,3802,0,0,0,grass_8
37.872,3831,0,0,0,grass_8
37.876,3838,0,0,0,grass_8
37.883,3869,0,0,0,grass_8
37.889,3906,0,0,0,grass_8
37.89,3894,0,0,0,grass_8
37.897,3862,0,0,0,grass_8
37.904,3792,0,0,0,grass_8
37.905,3650,0,0,0,grass_8
37.913,3513,0,0,0,grass_8
37.918,3331,0,0,0,grass_8
37.922,3655,0,0,0,grass_8
37.925,3784,0,0,0,grass_8
37.932,3815,0,0,0,grass_8
37.938,3864,0,0,0,grass_8
37.94,3823,0,0,0,grass_8
37.946,3784,0,0,0,grass_8
37.953,3754,0,0,0,grass_8
37.959,3790,0,0,0,grass_8
37.96,3853,0,0,0,grass_8
37.967,3927,0,0,0,grass_8
37.973,3957,0,0,0,grass_8
37.975,3961,0,528,0,grass_8
37.983,3957,0,1089,0,grass_8
37.987,3950,0,1474,0,grass_8
37.994,3918,0,1493,0,grass_8
37.994,3899,0,1376,0,grass_8
38.001,3860,0,0,0,grass_8
38.008,3767,0,0,0,grass_8
38.012,3639,0,0,0,grass_8
38.015,3337,0,0,0,grass_8
38.022,2300,0,0,0,grass_8
38.029,2170,0,0,0,grass_8
38.03,2319,0,0,0,grass_8
38.036,2840,0,0,0,grass_8
38.043,3555,0,0,0,grass_8
38.049,3686,0,0,0,grass_8
38.05,3734,0,0,0,grass_8
38.057,3780,0,0,0,grass_8
38.06,3792,0,0,0,grass_8
38.068,3808,0,0,0,grass_8
38.073,3816,0,0,0,grass_8
38.078,3822,0,0,0,grass_8
38.081,3842,0,0,0,grass_8
38.085,3874,0,0,0,grass_8
38.091,3871,0,0,0,grass_8
38.098,3862,0,860,0,grass_8
38.1,3840,0,1823,0,grass_8
38.106,3884,0,2084,0,grass_8
38.113,3927,0,1843,0,grass_8
38.118,3964,0,1322,0,grass_8
38.119,3983,0,1334,0,grass_8
38.126,3985,0,1982,0,grass_8
38.134,3972,0,2180,0,grass_8
38.134,3962,0,2270,0,grass_8
38.142,3960,0,2184,0,grass_8
38.148,3961,0,1644,0,grass_8
38.151,3954,0,0,0,grass_8
38.155,3938,0,0,0,grass_8
38.161,3896,0,0,0,grass_8
38.168,3856,0,0,0,grass_8
38.169,3794,0,0,0,grass_8
38.175,3803,0,0,0,grass_8
38.182,3838,0,0,0,grass_8
38.189,3860,0,0,0,grass_8
38.189,3848,0,0,0,grass_8
38.196,3815,0,0,0,grass_8
38.202,3810,0,0,0,grass_8
38.204,3760,0,0,0,grass_8
38.209,3615,0,0,0,grass_8
38.217,3299,0,0,0,grass_8
38.223,2719,0,0,0,grass_8
38.225,3411,0,0,0,grass_8
38.23,3741,0,0,0,grass_8
38.237,3857,0,564,0,grass_8
38.243,3889,0,1442,0,grass_8
38.244,3859,0,0,0,grass_8
38.253,3821,0,0,0,grass_8
38.253,3690,0,0,0,grass_8
38.262,3413,0,0,0,grass_8
38.268,2919,0,0,0,grass_8
38.27,3030,0,0,0,grass_8
38.278,3617,0,0,0,grass_8
38.278,3849,0,0,0,grass_8
38.286,3905,0,2218,0,grass_8
38.286,3919,0,2506,0,grass_8
38.294,3921,0,2301,0,grass_8
38.302,3889,0,1450,0,grass_8
38.302,3846,0,0,0,grass_8
38.313,3750,0,0,0,grass_8
38.314,3503,0,0,0,grass_8
38.321,3465,0,0,0,grass_8
38.328,3481,0,0,0,grass_8
38.328,3568,0,0,0,grass_8
38.337,3583,0,0,0,grass_8
38.342,3654,0,0,0,grass_8
38.348,3736,0,0,0,grass_8
38.353,3755,0,0,0,grass_8
38.357,3591,0,0,0,grass_8
38.363,2436,0,0,0,grass_8
38.368,0,0,0,0,grass_8
38.37,0,0,0,0,grass_8
38.377,934,0,0,0,grass_8
38.383,2631,0,0,0,grass_8
38.383,3352,0,0,0,grass_8
38.391,2463,0,0,0,grass_8
38.397,2105,0,0,0,grass_8
38.399,2472,0,0,0,grass_8
38.404,0,0,0,0,grass_8
38.411,0,0,0,0,grass_8
38.418,0,0,0,0,grass_8
38.418,0,0,0,0,grass_8
38.425,0,0,0,0,grass_8
38.432,0,0,0,0,grass_8
38.434,0,0,0,0,grass_8
38.439,0,0,0,0,grass_8
38.446,0,0,0,0,grass_8
38.453,0,0,0,0,grass_8
38.453,0,0,0,0,grass_8
38.461,0,0,0,0,grass_8
38.466,0,0,0,0,grass_8
38.47,0,0,0,0,grass_8
38.478,0,0,0,0,grass_8
38.48,0,0,0,0,grass_8
38.487,0,0,0,0,grass_8
38.489,0,0,0,0,grass_8
38.494,0,0,0,0,grass_8
38.503,0,0,0,0,grass_8
38.508,0,0,0,0,grass_8
38.511,0,0,0,0,grass_8
38.515,0,0,0,0,grass_8
38.522,0,0,0,0,grass_8
38.528,0,0,0,0,grass_8
38.529,0,0,0,0,grass_8
38.536,0,0,0,0,grass_8
38.543,0,0,0,0,grass_8
38.543,0,0,0,0,grass_8
38.55,0,0,0,0,grass_8
38.557,0,0,0,0,grass_8
38.557,1528,0,0,0,grass_8
38.566,1506,0,0,0,grass_8
38.571,2703,0,0,0,grass_8
38.578,3377,0,0,0,grass_8
38.582,3610,0,0,0,grass_8
38.584,3569,0,0,0,grass_8
38.591,3579,0,0,0,grass_8
38.594,3266,0,0,0,grass_8
38.598,2803,0,0,0,grass_8
38.606,2725,0,0,0,grass_8
38.612,3239,0,0,0,grass_8
38.615,3539,0,0,0,grass_8
38.619,3550,0,0,0,grass_8
38.626,3314,0,0,0,grass_8
38.626,3068,0,0,0,grass_8
38.633,2267,0,0,0,grass_8
38.64,2233,0,0,0,grass_8
38.648,3274,0,0,0,grass_8
38.653,3762,0,0,0,grass_8
38.654,3865,0,0,0,grass_8
38.661,3849,0,0,0,grass_8
38.668,3816,0,0,0,grass_8
38.669,3833,0,1519,0,grass_8
38.676,3897,0,1667,0,grass_8
38.681,3954,0,1267,0,grass_8
38.684,3968,0,1420,0,grass_8
38.689,3963,0,2644,0,grass_8
38.695,3940,0,3234,0,grass_8
38.702,3936,0,3455,0,grass_8
38.703,3945,0,3465,0,grass_8
38.709,3949,0,3432,0,grass_8
38.716,3963,0,3493,0,grass_8
38.722,3957,0,3626,0,grass_8
38.724,3943,0,3662,0,grass_8
38.73,3929,0,3689,0,grass_8
38.737,3944,0,3705,0,grass_8
38.738,3954,0,3679,0,grass_8
38.744,3962,0,3666,0,grass_8
38.751,3961,0,3657,0,grass_8
38.757,3957,0,3657,0,grass_8
38.759,3964,0,3669,0,grass_8
38.765,3977,0,3633,0,grass_8
38.772,3981,0,3588,0,grass_8
38.773,3988,0,3662,0,grass_8
38.779,3993,0,3692,0,grass_8
38.787,3996,0,3685,0,grass_8
38.792,4002,0,3669,0,grass_8
38.793,4003,0,3643,0,grass_8
38.8,4007,0,3704,0,grass_8
38.807,4008,0,3713,0,grass_8
38.808,4011,0,3728,0,grass_8
38.816,4005,0,3760,0,grass_8
38.821,4015,0,3747,0,grass_8
38.825,4016,0,3753,0,grass_8
38.828,4015,0,3746,0,grass_8
38.835,4021,0,3752,0,grass_8
38.842,4017,0,3761,0,grass_8
38.843,4015,0,3780,0,grass_8
38.848,4016,0,3746,0,grass_8
38.855,4017,0,3732,0,grass_8
38.862,4016,0,3760,0,grass_8
38.863,4011,0,3767,0,grass_8
38.869,4013,0,3754,0,grass_8
38.876,4017,0,3775,0,grass_8
38.877,4015,0,3771,0,grass_8
38.885,4020,0,3735,0,grass_8
38.89,4025,0,3731,0,grass_8
38.897,4017,0,3753,0,grass_8
38.902,4018,0,3766,0,grass_8
38.904,4019,0,3793,0,grass_8
38.911,4015,0,3816,0,grass_8
38.913,4026,0,3797,0,grass_8
38.918,4024,0,3811,0,grass_8
38.925,4026,0,3813,0,grass_8
38.932,4028,0,3814,0,grass_8
38.932,4029,0,3813,0,grass_8
38.939,4027,0,3813,0,grass_8
38.946,4031,0,3807,0,grass_8
38.948,4024,0,3794,0,grass_8
38.956,4025,0,3773,0,grass_8
38.959,4022,0,3770,0,grass_8
38.966,4020,0,3731,0,grass_8
38.969,4015,0,3778,0,grass_8
38.973,4015,0,3810,0,grass_8
38.98,4025,0,3822,0,grass_8
38.987,4024,0,3837,0,grass_8
38.988,4022,0,3836,0,grass_8
38.994,4022,0,3831,0,grass_8
39.001,4026,0,3812,0,grass_8
39.006,4031,0,3815,0,grass_8
39.008,4025,0,3803,0,grass_8
39.015,4011,0,3819,0,grass_8
39.018,4008,0,3822,0,grass_8
39.023,4001,0,3842,0,grass_8
39.032,4008,0,3832,0,grass_8
39.036,4020,0,3803,0,grass_8
39.04,4027,0,3773,0,grass_8
39.043,4029,0,3784,0,grass_8
39.05,4024,0,3798,0,grass_8
39.056,4023,0,3823,0,grass_8
39.058,4024,0,3832,0,grass_8
39.064,4026,0,3824,0,grass_8
39.07,4034,0,3770,0,grass_8
39.077,4036,0,3749,0,grass_8
39.077,4036,0,3766,0,grass_8
39.085,4034,0,3780,0,grass_8
39.091,4037,0,3772,0,grass_8
39.092,4042,0,3737,0,grass_8
39.098,4039,0,3721,0,grass_8
39.106,4040,0,3728,0,grass_8
39.112,4036,0,3715,0,grass_8
39.112,4038,0,3686,0,grass_8
39.119,4030,0,3743,0,grass_8
39.126,4033,0,3722,0,grass_8
39.127,4041,0,3646,0,grass_8
39.133,4039,0,3653,0,grass_8
39.14,4038,0,3706,0,grass_8
39.14,4037,0,3721,0,grass_8
39.147,4041,0,3653,0,grass_8
39.154,4035,0,3642,0,grass_8
39.161,4034,0,3645,0,grass_8
39.167,4035,0,3649,0,grass_8
39.17,4034,0,3676,0,grass_8
39.175,4034,0,3684,0,grass_8
39.181,4032,0,3683,0,grass_8
39.181,4032,0,3642,0,grass_8
39.19,4032,0,3675,0,grass_8
39.196,4038,0,3586,0,grass_8
39.197,4039,0,3527,0,grass_8
39.203,4037,0,3571,0,grass_8
39.209,4033,0,3571,0,grass_8
39.216,4036,0,3495,0,grass_8
39.217,4036,0,3436,0,grass_8
39.223,4028,0,3360,0,grass_8
39.23,4027,0,2935,0,grass_8
39.236,4025,0,0,0,grass_8
39.237,4019,0,0,0,grass_8
39.244,4012,0,0,0,grass_8
39.251,4018,0,0,0,grass_8
39.251,4025,0,0,0,grass_8
39.26,4027,0,0,3954,grass_8
39.265,4026,0,0,3980,grass_8
39.27,4027,0,0,3995,grass_8
39.276,4019,0,0,4007,grass_8
39.279,4016,0,0,3974,grass_8
39.286,4000,0,0,3967,grass_8
39.286,3976,0,0,3956,grass_8
39.293,3958,0,0,3942,grass_8
39.3,3949,0,0,3886,grass_8
39.302,3941,0,0,3820,grass_8
39.311,3955,0,0,3861,grass_8
39.313,3981,0,0,3865,grass_8
39.32,4007,0,0,3711,grass_8
39.322,4017,0,0,2812,grass_8
39.327,4024,0,0,0,grass_8
39.336,4037,0,0,0,grass_8
39.341,4035,0,0,0,grass_8
39.344,4040,0,0,0,grass_8
39.348,4035,0,0,0,grass_8
39.355,4040,0,0,0,grass_8
39.361,4035,0,0,0,grass_8
39.362,4031,0,0,0,grass_8
39.37,4034,0,0,0,grass_8
39.372,4030,0,0,0,grass_8
39.377,4034,0,0,0,grass_8
39.386,4016,0,0,0,grass_8
39.39,4037,0,2784,0,grass_8
39.394,4035,0,3099,0,grass_8
39.397,4041,0,3102,0,grass_8
39.404,4048,0,2826,0,grass_8
39.411,4041,0,2712,0,grass_8
39.412,4032,0,2563,0,grass_8
39.417,4022,0,1607,0,grass_8
39.425,4017,0,0,0,grass_8
39.431,4010,0,0,0,grass_8
39.432,4015,0,0,0,grass_8
39.439,4010,0,0,0,grass_8
39.445,4014,0,0,0,grass_8
39.447,4002,0,0,0,grass_8
39.453,4008,0,0,0,grass_8
39.459,4009,0,0,0,grass_8
39.462,4017,0,0,0,grass_8
39.47,4021,0,0,0,grass_8
39.475,4018,0,0,0,grass_8
39.48,4022,0,0,0,grass_8
39.483,4025,0,0,0,grass_8
39.487,4021,0,0,0,grass_8
39.494,4020,0,0,0,grass_8
39.501,4015,0,0,0,grass_8
39.502,4003,0,0,0,grass_8
39.508,4007,0,0,0,grass_8
39.515,3999,0,0,0,grass_8
39.521,3989,0,0,0,grass_8
39.522,3995,0,0,0,grass_8
39.529,3999,91,0,0,grass_8
39.535,4003,0,0,0,grass_8
39.538,4008,0,422,0,grass_8
39.543,4014,0,1865,0,grass_8
39.55,4018,0,0,0,grass_8
39.555,4016,0,0,0,grass_8
39.557,4016,0,0,0,grass_8
39.563,4007,0,0,0,grass_8
39.57,3993,0,0,0,grass_8
39.572,3966,0,0,0,grass_8
39.578,3945,0,0,0,grass_8
39.585,3933,0,0,0,grass_8
39.59,3899,0,0,0,grass_8
39.592,3880,0,0,0,grass_8
39.598,3875,0,0,0,grass_8
39.605,3884,0,0,0,grass_8
39.606,3920,0,0,0,grass_8
39.612,3933,0,0,0,grass_8
39.619,3959,0,0,0,grass_8
39.625,3957,0,0,0,grass_8
39.626,3944,0,0,0,grass_8
39.633,3923,0,0,0,grass_8
39.64,3891,0,0,0,grass_8
39.642,3810,0,0,0,grass_8
39.65,3739,0,0,0,grass_8
39.654,3673,0,0,0,grass_8
39.658,3533,0,0,0,grass_8
39.661,2348,0,0,0,grass_8
39.67,0,0,0,0,grass_8
39.674,0,0,0,0,grass_8
39.676,0,0,0,0,grass_8
39.681,0,0,0,0,grass_8
39.688,0,0,0,0,grass_8
39.695,0,0,0,0,grass_8
39.695,0,0,0,0,grass_8
39.702,0,0,0,0,grass_8
39.709,0,0,0,0,grass_8
39.711,0,0,0,0,grass_8
39.716,0,0,0,0,grass_8
39.723,0,0,0,0,grass_8
39.73,0,0,0,0,grass_8
39.73,0,0,0,0,grass_8
39.738,0,0,0,2765,grass_8
39.744,0,0,0,3088,grass_8
39.746,0,0,0,3113,grass_8
39.752,0,0,0,3130,grass_8
39.758,0,0,0,3240,grass_8
39.765,0,0,0,3176,grass_8
39.765,0,0,0,3185,grass_8
39.772,0,0,0,3275,grass_8
39.779,0,0,0,3645,grass_8
39.781,0,0,0,3806,grass_8
39.789,0,0,0,3809,grass_8
39.792,0,0,0,3780,grass_8
39.8,0,0,0,3748,grass_8
39.8,0,0,0,3796,grass_8
39.806,0,0,0,3904,grass_8
39.813,0,0,0,3963,grass_8
39.82,0,0,0,3973,grass_8
39.825,0,0,0,3971,grass_8
39.828,0,0,0,3937,grass_8
39.834,0,0,0,3831,grass_8
39.836,0,0,0,3873,grass_8
39.841,0,0,0,3934,grass_8
39.848,0,0,0,3949,grass_8
39.855,0,0,0,3919,grass_8
39.855,0,0,0,3676,grass_8
39.862,0,0,0,953,grass_8
39.869,0,0,0,0,grass_8
39.875,0,0,0,0,grass_8
39.876,0,0,0,0,grass_8
39.883,0,0,0,0,grass_8
39.89,0,0,0,2313,grass_8
39.894,0,0,0,3703,grass_8
39.897,0,0,0,3769,grass_8
39.904,0,0,0,3901,grass_8
39.904,0,0,0,3909,grass_8
39.911,0,0,0,3852,grass_8
39.917,0,1638,0,3773,grass_8
39.924,0,1787,0,3836,grass_8
39.926,0,1154,0,3884,grass_8
39.931,0,0,0,3895,grass_8
39.938,0,0,0,3882,grass_8
39.945,0,0,0,3808,grass_8
39.947,0,0,0,3715,grass_8
39.952,0,0,0,3742,grass_8
39.959,0,0,0,3821,grass_8
39.964,0,0,0,3908,grass_8
39.966,0,0,0,3935,grass_8
39.974,0,0,0,3926,grass_8
39.98,0,0,0,3922,grass_8
39.981,0,0,0,3943,grass_8
39.987,0,0,0,3962,grass_8
39.994,0,0,0,3965,grass_8
40.0,0,0,0,3978,grass_8
40.001,0,0,0,3973,grass_8
